rank-number,rank-year,index-name_en-US,capitalist-gender,XY-parent_en-US,XX-parent_en-Us,given-name_native-tongue,friend-name,capitalist_consort-name,firstseen-city,firstseen-country,capitalist_born-spacetime,capitalist_origin-story,mother-tongues,capitalist_schooling,written-hands,job-titles,award-names,capitalist-background,lastseen_city,lastseen-country,capitalist-type,rank-metric,rank-value,stock-shareprice,evolution-value_descendant-count,datacollected-yearmonth,firstseen-year,privedge-granted_year,priveledge-rank,privedge-lost_year,lastseen-year,deathnote,capitalist-currentage,person_age-group,archetype.childhood,archetype.student,archetype.householder,archetype.teacher,archetype.advisor,archetype.phantasim,patron-source,patron-industry,claim-to-fame,data-notes
167,12024,CVS Health,XX-XY,,,CVS Health,CVS,,,,,,,,,,,,,United States,company.public,USD-marketcap,"$99,950,000,000",$79.43,,12024.03,,,B.lion,,,,12026,phantasim,,,,,,,,,,
168,12024,Sinopec,XX-XY,,,Sinopec,600028.SS,,,,,,,,,,,,,China,company.public,USD-marketcap,"$97,740,000,000",$0.86,,,,,B.lion,,,,12026,phantasim,,,,,,,,,,
169,12024,Mitsubishi Corporation,XX-XY,,,Mitsubishi Corporation,8058.T,,,,,,,,,,,,,Japan,company.public,USD-marketcap,"$96,650,000,000",$23.38,,12024.03,,,B.lion,,,,12026,phantasim,,,,,,,,,,
170,12024,Petrobras,XX-XY,,,Petrobras,PBR,,,,,,,,,,,,,Brazil,company.public,USD-marketcap,"$96,480,000,000",$14.93,,12024.03,,,B.lion,,,,12026,phantasim,,,,,,,,,,
171,12024,Analog Devices,XX-XY,,,Analog Devices,ADI,,,,,,,,,,,,,United States,company.public,USD-marketcap,"$95,870,000,000",$193.33,,12024.03,,,B.lion,,,,12026,phantasim,,,,,,,,,,
172,12024,Fast Retailing,XX-XY,,,Fast Retailing,9983.T,,,,,,,,,,,,,Japan,company.public,USD-marketcap,"$95,100,000,000",$310.09,,12024.03,,,B.lion,,,,12026,phantasim,,,,,,,,,,
174,12024,Blackstone Group,XX-XY,,,Blackstone Group,BX,,,,,,,,,,,,,United States,company.public,USD-marketcap,"$94,500,000,000",$130.89,,12024.03,,,B.lion,,,,12026,phantasim,,,,,,,,,,
175,12024,Mondelez,XX-XY,,,Mondelez,MDLZ,,,,,,,,,,,,,United States,company.public,USD-marketcap,"$94,380,000,000",$70.10,,12024.03,,,B.lion,,,,12026,phantasim,,,,,,,,,,
176,12024,KLA,XX-XY,,,KLA,KLAC,,,,,,,,,,,,,United States,company.public,USD-marketcap,"$94,240,000,000",$696.87,,12024.03,,,B.lion,,,,12026,phantasim,,,,,,,,,,
177,12024,Fiserv,XX-XY,,,Fiserv,FI,,,,,,,,,,,,,United States,company.public,USD-marketcap,"$94,060,000,000",$159.33,,12024.03,,,B.lion,,,,12026,phantasim,,,,,,,,,,
178,12024,Safran,XX-XY,,,Safran,SAF.PA,,,,,,,,,,,,,France,company.public,USD-marketcap,"$93,590,000,000",$226.77,,,,,B.lion,,,,12026,phantasim,,,,,,,,,,
180,12024,SK Hynix,XX-XY,,,SK Hynix,000660.KS,,,,,,,,,,,,,South Korea,company.public,USD-marketcap,"$92,440,000,000",$134.24,,,,,B.lion,,,,12026,phantasim,,,,,,,,,,
181,12024,Porsche,XX-XY,,,Porsche,P911.DE,,,,,,,,,,,,,Germany,company.public,USD-marketcap,"$92,330,000,000",$101.36,,,,,B.lion,,,,12026,phantasim,,,,,,,,,,
182,12024,American Tower,XX-XY,,,American Tower,AMT,,,,,,,,,,,,,United States,company.public,USD-marketcap,"$92,040,000,000",$197.38,,12024.03,,,B.lion,,,,12026,phantasim,,,,,,,,,,
183,12024,Ping An Insurance,XX-XY,,,Ping An Insurance,601318.SS,,,,,,,,,,,,,China,company.public,USD-marketcap,"$91,700,000,000",$5.63,,,,,B.lion,,,,12026,phantasim,,,,,,,,,,
184,12024,ICICI Bank,XX-XY,,,ICICI Bank,IBN,,,,,,,,,,,,,India,company.public,USD-marketcap,"$91,460,000,000",$25.97,,12024.03,,,B.lion,,,,12026,phantasim,,,,,,,,,,
185,12024,Palo Alto Networks,XX-XY,,,Palo Alto Networks,PANW,,,,,,,,,,,,,United States,company.public,USD-marketcap,"$91,190,000,000",$282.26,,12024.03,,,B.lion,,,,12026,phantasim,,,,,,,,,,
186,12024,Gilead Sciences,XX-XY,,,Gilead Sciences,GILD,,,,,,,,,,,,,United States,company.public,USD-marketcap,"$90,950,000,000",$73.01,,12024.03,,,B.lion,,,,12026,phantasim,,,,,,,,,,
187,12024,CSL,XX-XY,,,CSL,CSL.AX,,,,,,,,,,,,,Australia,company.public,USD-marketcap,"$90,430,000,000",$187.13,,,,,B.lion,,,,12026,phantasim,,,,,,,,,,
188,12024,Arista Networks,XX-XY,,,Arista Networks,ANET,,,,,,,,,,,,,United States,company.public,USD-marketcap,"$90,160,000,000",$288.41,,12024.03,,,B.lion,,,,12026,phantasim,,,,,,,,,,
189,12024,Al Rajhi Bank,XX-XY,,,Al Rajhi Bank,1120.SR,,,,,,,,,,,,,Saudi Arabia,company.public,USD-marketcap,"$89,950,000,000",$22.49,,,,,B.lion,,,,12026,phantasim,,,,,,,,,,
190,12024,Shin-Etsu Chemical,XX-XY,,,Shin-Etsu Chemical,4063.T,,,,,,,,,,,,,Japan,company.public,USD-marketcap,"$89,900,000,000",$45.06,,12024.03,,,B.lion,,,,12026,phantasim,,,,,,,,,,
191,12024,Stellantis,XX-XY,,,Stellantis,STLA,,,,,,,,,,,,,Netherlands,company.public,USD-marketcap,"$89,670,000,000",$28.99,,12024.03,,,B.lion,,,,12026,phantasim,,,,,,,,,,
192,12024,China Life Insurance,XX-XY,,,China Life Insurance,601628.SS,,,,,,,,,,,,,China,company.public,USD-marketcap,"$89,580,000,000",$3.89,,,,,B.lion,,,,12026,phantasim,,,,,,,,,,
193,12024,KKR & Co.,XX-XY,,,KKR & Co.,KKR,,,,,,,,,,,,,United States,company.public,USD-marketcap,"$89,400,000,000",$100.51,,12024.03,,,B.lion,,,,12026,phantasim,,,,,,,,,,
194,12024,Compagnie Financière Richemont,XX-XY,,,Compagnie Financière Richemont,CFR.SW,,,,,,,,,,,,,Switzerland,company.public,USD-marketcap,"$88,620,000,000",$150.89,,,,,B.lion,,,,12026,phantasim,,,,,,,,,,
195,12024,Sherwin-Williams,XX-XY,,,Sherwin-Williams,SHW,,,,,,,,,,,,,United States,company.public,USD-marketcap,"$88,140,000,000",$346.89,,12024.03,,,B.lion,,,,12026,phantasim,,,,,,,,,,
196,12024,GlaxoSmithKline,XX-XY,,,GlaxoSmithKline,GSK,,,,,,,,,,,,,United Kingdom,company.public,USD-marketcap,"$87,820,000,000",$42.99,,12024.03,,,B.lion,,,,12026,phantasim,,,,,,,,,,
197,12024,HCA Healthcare,XX-XY,,,HCA Healthcare,HCA,,,,,,,,,,,,,United States,company.public,USD-marketcap,"$87,720,000,000",$331.69,,12024.03,,,B.lion,,,,12026,phantasim,,,,,,,,,,
198,12024,SoftBank,XX-XY,,,SoftBank,9984.T,,,,,,,,,,,,,Japan,company.public,USD-marketcap,"$87,640,000,000",$59.79,,12024.03,,,B.lion,,,,12026,phantasim,,,,,,,,,,
199,12024,Synopsys,XX-XY,,,Synopsys,SNPS,,,,,,,,,,,,,United States,company.public,USD-marketcap,"$87,460,000,000",$573.35,,12024.03,,,B.lion,,,,12026,phantasim,,,,,,,,,,
200,12024,Bharti Airtel,XX-XY,,,Bharti Airtel,BHARTIARTL.NS,,,,,,,,,,,,,India,company.public,USD-marketcap,"$86,970,000,000",$14.71,,,,,B.lion,,,,12026,phantasim,,,,,,,,,,
201,12024,Waste Management,XX-XY,,,Waste Management,WM,,,,,,,,,,,,,United States,company.public,USD-marketcap,"$85,920,000,000",$213.97,,12024.03,,,B.lion,,,,12026,phantasim,,,,,,,,,,
202,12024,Hitachi,XX-XY,,,Hitachi,6501.T,,,,,,,,,,,,,Japan,company.public,USD-marketcap,"$85,830,000,000",$92.64,,12024.03,,,B.lion,,,,12026,phantasim,,,,,,,,,,
203,12024,ABB,XX-XY,,,ABB,ABBN.SW,,,,,,,,,,,,,Switzerland,company.public,USD-marketcap,"$85,250,000,000",$46.46,,,,,B.lion,,,,12026,phantasim,,,,,,,,,,
204,12024,Mercedes-Benz,XX-XY,,,Mercedes-Benz,MBG.DE,,,,,,,,,,,,,Germany,company.public,USD-marketcap,"$85,190,000,000",$79.64,,,,,B.lion,,,,12026,phantasim,,,,,,,,,,
205,12024,Cadence Design Systems,XX-XY,,,Cadence Design Systems,CDNS,,,,,,,,,,,,,United States,company.public,USD-marketcap,"$84,870,000,000",$311.34,,12024.03,,,B.lion,,,,12026,phantasim,,,,,,,,,,
206,12024,AXA,XX-XY,,,AXA,CS.PA,,,,,,,,,,,,,France,company.public,USD-marketcap,"$84,620,000,000",$37.58,,12024.03,,,B.lion,,,,12026,phantasim,,,,,,,,,,
207,12024,Canadian National Railway,XX-XY,,,Canadian National Railway,CNI,,,,,,,,,,,,,Canada,company.public,USD-marketcap,"$84,280,000,000",$131.65,,12024.03,,,B.lion,,,,12026,phantasim,,,,,,,,,,
208,12024,China Yangtze Power,XX-XY,,,China Yangtze Power,600900.SS,,,,,,,,,,,,,China,company.public,USD-marketcap,"$84,070,000,000",$3.44,,,,,B.lion,,,,12026,phantasim,,,,,,,,,,
210,12024,Diageo,XX-XY,,,Diageo,DEO,,,,,,,,,,,,,United Kingdom,company.public,USD-marketcap,"$83,250,000,000",$149.42,,12024.03,,,B.lion,,,,12026,phantasim,,,,,,,,,,
211,12024,Canadian Pacific Railway,XX-XY,,,Canadian Pacific Railway,CP,,,,,,,,,,,,,Canada,company.public,USD-marketcap,"$82,490,000,000",$88.46,,12024.03,,,B.lion,,,,12026,phantasim,,,,,,,,,,
212,12024,BYD,XX-XY,,,BYD,002594.SZ,,,,,,,,,,,,,China,company.public,USD-marketcap,"$82,390,000,000",$29.33,,,,,B.lion,,,,12026,phantasim,,,,,,,,,,
213,12024,Wuliangye Yibin,XX-XY,,,Wuliangye Yibin,000858.SZ,,,,,,,,,,,,,China,company.public,USD-marketcap,"$81,990,000,000",$21.13,,,,,B.lion,,,,12026,phantasim,,,,,,,,,,
214,12024,RELX,XX-XY,,,RELX,RELX,,,,,,,,,,,,,United Kingdom,company.public,USD-marketcap,"$81,450,000,000",$43.41,,12024.03,,,B.lion,,,,12026,phantasim,,,,,,,,,,
215,12024,Canadian Natural Resources,XX-XY,,,Canadian Natural Resources,CNQ,,,,,,,,,,,,,Canada,company.public,USD-marketcap,"$80,820,000,000",$75.47,,12024.03,,,B.lion,,,,12026,phantasim,,,,,,,,,,
217,12024,Southern Copper,XX-XY,,,Southern Copper,SCCO,,,,,,,,,,,,,United States,company.public,USD-marketcap,"$80,650,000,000",$104.32,,12024.03,,,B.lion,,,,12026,phantasim,,,,,,,,,,
218,12024,Target,XX-XY,,,Target,TGT,,,,,,,,,,,,,United States,company.public,USD-marketcap,"$80,640,000,000",$174.67,,12024.03,,,B.lion,,,,12026,phantasim,,,,,,,,,,
220,12024,Atlas Copco,XX-XY,,,Atlas Copco,ATCO-B.ST,,,,,,,,,,,,,Sweden,company.public,USD-marketcap,"$80,250,000,000",$15.11,,,,,B.lion,,,,12026,phantasim,,,,,,,,,,
221,12024,BNP Paribas,XX-XY,,,BNP Paribas,BNP.PA,,,,,,,,,,,,,France,company.public,USD-marketcap,"$80,210,000,000",$70.05,,12024.03,,,B.lion,,,,12026,phantasim,,,,,,,,,,
222,12024,Chipotle Mexican Grill,XX-XY,,,Chipotle Mexican Grill,CMG,,,,,,,,,,,,,United States,company.public,USD-marketcap,"$80,160,000,000","$2,923.00",,12024.03,,,B.lion,,,,12026,phantasim,,,,,,,,,,
223,12024,Illinois Tool Works,XX-XY,,,Illinois Tool Works,ITW,,,,,,,,,,,,,United States,company.public,USD-marketcap,"$80,120,000,000",$268.21,,12024.03,,,B.lion,,,,12026,phantasim,,,,,,,,,,
224,12024,Dell,XX-XY,,,Dell,DELL,,,,,,,,,,,,,United States,company.public,USD-marketcap,"$79,710,000,000",$111.68,,12024.03,,,B.lion,,,,12026,phantasim,,,,,,,,,,
225,12024,Ferrari,XX-XY,,,Ferrari,RACE,,,,,,,,,,,,,Italy,company.public,USD-marketcap,"$79,640,000,000",$439.16,,12024.03,,,B.lion,,,,12026,phantasim,,,,,,,,,,
227,12024,Iberdrola,XX-XY,,,Iberdrola,IBE.MC,,,,,,,,,,,,,Spain,company.public,USD-marketcap,"$79,130,000,000",$12.58,,,,,B.lion,,,,12026,phantasim,,,,,,,,,,
228,12024,Equinor,XX-XY,,,Equinor,EQNR,,,,,,,,,,,,,Norway,company.public,USD-marketcap,"$79,050,000,000",$26.90,,12024.03,,,B.lion,,,,12026,phantasim,,,,,,,,,,
229,12024,Schlumberger,XX-XY,,,Schlumberger,SLB,,,,,,,,,,,,,United States,company.public,USD-marketcap,"$78,630,000,000",$54.90,,12024.03,,,B.lion,,,,12026,phantasim,,,,,,,,,,
230,12024,State Bank of India,XX-XY,,,State Bank of India,SBIN.NS,,,,,,,,,,,,,India,company.public,USD-marketcap,"$78,580,000,000",$8.81,,,,,B.lion,,,,12026,phantasim,,,,,,,,,,
231,12024,Intercontinental Exchange,XX-XY,,,Intercontinental Exchange,ICE,,,,,,,,,,,,,United States,company.public,USD-marketcap,"$78,430,000,000",$136.98,,12024.03,,,B.lion,,,,12026,phantasim,,,,,,,,,,
232,12024,Bank Central Asia,XX-XY,,,Bank Central Asia,BBCA.JK,,,,,,,,,,,,,Indonesia,company.public,USD-marketcap,"$78,360,000,000",$0.64,,,,,B.lion,,,,12026,phantasim,,,,,,,,,,
233,12024,CrowdStrike,XX-XY,,,CrowdStrike,CRWD,,,,,,,,,,,,,United States,company.public,USD-marketcap,"$77,940,000,000",$322.25,,12024.03,,,B.lion,,,,12026,phantasim,,,,,,,,,,
234,12024,Sumitomo Mitsui Financial Group,XX-XY,,,Sumitomo Mitsui Financial Group,SMFG,,,,,,,,,,,,,Japan,company.public,USD-marketcap,"$77,740,000,000",$11.81,,12024.03,,,B.lion,,,,12026,phantasim,,,,,,,,,,
235,12024,CME Group,XX-XY,,,CME Group,CME,,,,,,,,,,,,,United States,company.public,USD-marketcap,"$77,620,000,000",$215.60,,12024.03,,,B.lion,,,,12026,phantasim,,,,,,,,,,
236,12024,Investor AB,XX-XY,,,Investor AB,INVE-B.ST,,,,,,,,,,,,,Sweden,company.public,USD-marketcap,"$77,520,000,000",$25.41,,,,,B.lion,,,,12026,phantasim,,,,,,,,,,
237,12024,Southern Company,XX-XY,,,Southern Company,SO,,,,,,,,,,,,,United States,company.public,USD-marketcap,"$77,510,000,000",$71.05,,12024.03,,,B.lion,,,,12026,phantasim,,,,,,,,,,
238,12024,General Dynamics,XX-XY,,,General Dynamics,GD,,,,,,,,,,,,,United States,company.public,USD-marketcap,"$77,340,000,000",$281.90,,12024.03,,,B.lion,,,,12026,phantasim,,,,,,,,,,
240,12024,MercadoLibre,XX-XY,,,MercadoLibre,MELI,,,,,,,,,,,,,Argentina,company.public,USD-marketcap,"$77,190,000,000","$1,523.00",,12024.03,,,B.lion,,,,12026,phantasim,,,,,,,,,,
241,12024,Zurich Insurance Group,XX-XY,,,Zurich Insurance Group,ZURN.SW,,,,,,,,,,,,,Switzerland,company.public,USD-marketcap,"$77,190,000,000",$536.14,,,,,B.lion,,,,12026,phantasim,,,,,,,,,,
242,12024,Zoetis,XX-XY,,,Zoetis,ZTS,,,,,,,,,,,,,United States,company.public,USD-marketcap,"$77,150,000,000",$168.51,,12024.03,,,B.lion,,,,12026,phantasim,,,,,,,,,,
243,12024,Equinix,XX-XY,,,Equinix,EQIX,,,,,,,,,,,,,United States,company.public,USD-marketcap,"$77,140,000,000",$815.31,,12024.03,,,B.lion,,,,12026,phantasim,,,,,,,,,,
244,12024,Santander,XX-XY,,,Santander,SAN,,,,,,,,,,,,,Spain,company.public,USD-marketcap,"$77,080,000,000",$4.84,,12024.03,,,B.lion,,,,12026,phantasim,,,,,,,,,,
245,12024,Altria Group,XX-XY,,,Altria Group,MO,,,,,,,,,,,,,United States,company.public,USD-marketcap,"$76,990,000,000",$43.66,,12024.03,,,B.lion,,,,12026,phantasim,,,,,,,,,,
246,12024,Enbridge,XX-XY,,,Enbridge,ENB,,,,,,,,,,,,,Canada,company.public,USD-marketcap,"$76,490,000,000",$35.99,,12024.03,,,B.lion,,,,12026,phantasim,,,,,,,,,,
248,12024,BMW,XX-XY,,,BMW,BMW.DE,,,,,,,,,,,,,Germany,company.public,USD-marketcap,"$75,770,000,000",$114.99,,12024.03,,,B.lion,,,,12026,phantasim,,,,,,,,,,
249,12024,AIA,XX-XY,,,AIA,1299.HK,,,,,,,,,,,,,Hong Kong,company.public,USD-marketcap,"$75,560,000,000",$6.72,,,,,B.lion,,,,12026,phantasim,,,,,,,,,,
250,12024,Merck KGaA,XX-XY,,,Merck KGaA,MRK.DE,,,,,,,,,,,,,Germany,company.public,USD-marketcap,"$75,440,000,000",$173.53,,,,,B.lion,,,,12026,phantasim,,,,,,,,,,
251,12024,Infosys,XX-XY,,,Infosys,INFY,,,,,,,,,,,,,India,company.public,USD-marketcap,"$74,230,000,000",$17.79,,12024.03,,,B.lion,,,,12026,phantasim,,,,,,,,,,
252,12024,Vinci,XX-XY,,,Vinci,DG.PA,,,,,,,,,,,,,France,company.public,USD-marketcap,"$74,190,000,000",$130.05,,12024.03,,,B.lion,,,,12026,phantasim,,,,,,,,,,
253,12024,Duke Energy,XX-XY,,,Duke Energy,DUK,,,,,,,,,,,,,United States,company.public,USD-marketcap,"$74,120,000,000",$96.09,,12024.03,,,B.lion,,,,12026,phantasim,,,,,,,,,,
254,12024,Colgate-Palmolive,XX-XY,,,Colgate-Palmolive,CL,,,,,,,,,,,,,United States,company.public,USD-marketcap,"$74,040,000,000",$89.95,,12024.03,,,B.lion,,,,12026,phantasim,,,,,,,,,,
255,12024,Marriott International,XX-XY,,,Marriott International,MAR,,,,,,,,,,,,,United States,company.public,USD-marketcap,"$73,400,000,000",$253.56,,12024.03,,,B.lion,,,,12026,phantasim,,,,,,,,,,
256,12024,EOG Resources,XX-XY,,,EOG Resources,EOG,,,,,,,,,,,,,United States,company.public,USD-marketcap,"$73,300,000,000",$126.39,,12024.03,,,B.lion,,,,12026,phantasim,,,,,,,,,,
257,12024,Meituan,XX-XY,,,Meituan,3690.HK,,,,,,,,,,,,,China,company.public,USD-marketcap,"$72,600,000,000",$11.64,,,,,B.lion,,,,12026,phantasim,,,,,,,,,,
258,12024,Volkswagen,XX-XY,,,Volkswagen,VOW3.DE,,,,,,,,,,,,,Germany,company.public,USD-marketcap,"$72,320,000,000",$131.89,,,,,B.lion,,,,12026,phantasim,,,,,,,,,,
259,12024,Workday,XX-XY,,,Workday,WDAY,,,,,,,,,,,,,United States,company.public,USD-marketcap,"$72,280,000,000",$273.62,,12024.03,,,B.lion,,,,12026,phantasim,,,,,,,,,,
260,12024,CSX Corporation,XX-XY,,,CSX Corporation,CSX,,,,,,,,,,,,,United States,company.public,USD-marketcap,"$72,170,000,000",$36.84,,12024.03,,,B.lion,,,,12026,phantasim,,,,,,,,,,
261,12024,Walmex,XX-XY,,,Walmex,WMMVF,,,,,,,,,,,,,Mexico,company.public,USD-marketcap,"$71,870,000,000",$4.07,,12024.03,,,B.lion,,,,12026,phantasim,,,,,,,,,,
262,12024,Parker-Hannifin,XX-XY,,,Parker-Hannifin,PH,,,,,,,,,,,,,United States,company.public,USD-marketcap,"$71,650,000,000",$558.05,,12024.03,,,B.lion,,,,12026,phantasim,,,,,,,,,,
263,12024,Northrop Grumman,XX-XY,,,Northrop Grumman,NOC,,,,,,,,,,,,,United States,company.public,USD-marketcap,"$71,620,000,000",$477.36,,12024.03,,,B.lion,,,,12026,phantasim,,,,,,,,,,
264,12024,PayPal,XX-XY,,,PayPal,PYPL,,,,,,,,,,,,,United States,company.public,USD-marketcap,"$71,340,000,000",$66.57,,12024.03,,,B.lion,,,,12026,phantasim,,,,,,,,,,
265,12024,Moody's,XX-XY,,,Moody's,MCO,,,,,,,,,,,,,United States,company.public,USD-marketcap,"$71,240,000,000",$390.24,,12024.03,,,B.lion,,,,12026,phantasim,,,,,,,,,,
266,12024,Becton Dickinson,XX-XY,,,Becton Dickinson,BDX,,,,,,,,,,,,,United States,company.public,USD-marketcap,"$71,220,000,000",$246.53,,12024.03,,,B.lion,,,,12026,phantasim,,,,,,,,,,
267,12024,Marathon Petroleum,XX-XY,,,Marathon Petroleum,MPC,,,,,,,,,,,,,United States,company.public,USD-marketcap,"$70,980,000,000",$196.99,,12024.03,,,B.lion,,,,12026,phantasim,,,,,,,,,,
268,12024,LG Energy Solution,XX-XY,,,LG Energy Solution,373220.KS,,,,,,,,,,,,,South Korea,company.public,USD-marketcap,"$70,900,000,000",$303.01,,,,,B.lion,,,,12026,phantasim,,,,,,,,,,
269,12024,McKesson,XX-XY,,,McKesson,MCK,,,,,,,,,,,,,United States,company.public,USD-marketcap,"$70,860,000,000",$539.26,,12024.03,,,B.lion,,,,12026,phantasim,,,,,,,,,,
270,12024,FedEx,XX-XY,,,FedEx,FDX,,,,,,,,,,,,,United States,company.public,USD-marketcap,"$70,840,000,000",$287.88,,12024.03,,,B.lion,,,,12026,phantasim,,,,,,,,,,
271,12024,National Australia Bank,XX-XY,,,National Australia Bank,NAB.AX,,,,,,,,,,,,,Australia,company.public,USD-marketcap,"$70,740,000,000",$22.67,,,,,B.lion,,,,12026,phantasim,,,,,,,,,,
272,12024,Mitsui Bussan,XX-XY,,,Mitsui Bussan,8031.T,,,,,,,,,,,,,Japan,company.public,USD-marketcap,"$70,510,000,000",$47.09,,12024.03,,,B.lion,,,,12026,phantasim,,,,,,,,,,
273,12024,China Telecom,XX-XY,,,China Telecom,0728.HK,,,,,,,,,,,,,China,company.public,USD-marketcap,"$70,450,000,000",$0.52,,,,,B.lion,,,,12026,phantasim,,,,,,,,,,
274,12024,Thomson Reuters,XX-XY,,,Thomson Reuters,TRI,,,,,,,,,,,,,Canada,company.public,USD-marketcap,"$70,410,000,000",$155.95,,12024.03,,,B.lion,,,,12026,phantasim,,,,,,,,,,
275,12024,DBS Group,XX-XY,,,DBS Group,D05.SI,,,,,,,,,,,,,Singapore,company.public,USD-marketcap,"$70,280,000,000",$27.18,,,,,B.lion,,,,12026,phantasim,,,,,,,,,,
276,12024,Bank of Montreal,XX-XY,,,Bank of Montreal,BMO,,,,,,,,,,,,,Canada,company.public,USD-marketcap,"$69,910,000,000",$96.38,,12024.03,,,B.lion,,,,12026,phantasim,,,,,,,,,,
277,12024,Cintas,XX-XY,,,Cintas,CTAS,,,,,,,,,,,,,United States,company.public,USD-marketcap,"$69,500,000,000",$685.64,,12024.03,,,B.lion,,,,12026,phantasim,,,,,,,,,,
278,12024,Amphenol,XX-XY,,,Amphenol,APH,,,,,,,,,,,,,United States,company.public,USD-marketcap,"$69,160,000,000",$115.30,,12024.03,,,B.lion,,,,12026,phantasim,,,,,,,,,,
279,12024,Sberbank,XX-XY,,,Sberbank,SBER.ME,,,,,,,,,,,,,Russia,company.public,USD-marketcap,"$68,910,000,000",$3.19,,,,,B.lion,,,,12026,phantasim,,,,,,,,,,
280,12024,Banco Bilbao Vizcaya Argentaria,XX-XY,,,Banco Bilbao Vizcaya Argentaria,BBVA,,,,,,,,,,,,,Spain,company.public,USD-marketcap,"$68,830,000,000",$11.85,,12024.03,,,B.lion,,,,12026,phantasim,,,,,,,,,,
281,12024,TransDigm,XX-XY,,,TransDigm,TDG,,,,,,,,,,,,,United States,company.public,USD-marketcap,"$68,600,000,000","$1,234.00",,12024.03,,,B.lion,,,,12026,phantasim,,,,,,,,,,
282,12024,U.S. Bancorp,XX-XY,,,U.S. Bancorp,USB,,,,,,,,,,,,,United States,company.public,USD-marketcap,"$68,560,000,000",$44.00,,12024.03,,,B.lion,,,,12026,phantasim,,,,,,,,,,
283,12024,Recruit,XX-XY,,,Recruit,6098.T,,,,,,,,,,,,,Japan,company.public,USD-marketcap,"$68,340,000,000",$44.16,,12024.03,,,B.lion,,,,12026,phantasim,,,,,,,,,,
284,12024,Siemens Healthineers,XX-XY,,,Siemens Healthineers,SHL.DE,,,,,,,,,,,,,Germany,company.public,USD-marketcap,"$68,160,000,000",$61.07,,,,,B.lion,,,,12026,phantasim,,,,,,,,,,
285,12024,Trane Technologies,XX-XY,,,Trane Technologies,TT,,,,,,,,,,,,,Ireland,company.public,USD-marketcap,"$68,050,000,000",$299.71,,12024.03,,,B.lion,,,,12026,phantasim,,,,,,,,,,
287,12024,Phillips 66,XX-XY,,,Phillips 66,PSX,,,,,,,,,,,,,United States,company.public,USD-marketcap,"$68,000,000,000",$158.96,,12024.03,,,B.lion,,,,12026,phantasim,,,,,,,,,,
288,12024,British American Tobacco,XX-XY,,,British American Tobacco,BTI,,,,,,,,,,,,,United Kingdom,company.public,USD-marketcap,"$67,910,000,000",$30.34,,12024.03,,,B.lion,,,,12026,phantasim,,,,,,,,,,
289,12024,Itaú Unibanco,XX-XY,,,Itaú Unibanco,ITUB,,,,,,,,,,,,,Brazil,company.public,USD-marketcap,"$67,850,000,000",$6.94,,12024.03,,,B.lion,,,,12026,phantasim,,,,,,,,,,
290,12024,Enel,XX-XY,,,Enel,ENEL.MI,,,,,,,,,,,,,Italy,company.public,USD-marketcap,"$67,850,000,000",$6.68,,,,,B.lion,,,,12026,phantasim,,,,,,,,,,
291,12024,Life Insurance Corporation of India (LIC),XX-XY,,,Life Insurance Corporation of India (LIC),LICI.NS,,,,,,,,,,,,,India,company.public,USD-marketcap,"$67,800,000,000",$10.72,,,,,B.lion,,,,12026,phantasim,,,,,,,,,,
292,12024,ACWA POWER Company,XX-XY,,,ACWA POWER Company,2082.SR,,,,,,,,,,,,,Saudi Arabia,company.public,USD-marketcap,"$67,170,000,000",$91.88,,,,,B.lion,,,,12026,phantasim,,,,,,,,,,
293,12024,O'Reilly Automotive,XX-XY,,,O'Reilly Automotive,ORLY,,,,,,,,,,,,,United States,company.public,USD-marketcap,"$67,030,000,000","$1,136.00",,12024.03,,,B.lion,,,,12026,phantasim,,,,,,,,,,
294,12024,NetEase,XX-XY,,,NetEase,NTES,,,,,,,,,,,,,China,company.public,USD-marketcap,"$66,870,000,000",$103.69,,12024.03,,,B.lion,,,,12026,phantasim,,,,,,,,,,
295,12024,Ecolab,XX-XY,,,Ecolab,ECL,,,,,,,,,,,,,United States,company.public,USD-marketcap,"$66,260,000,000",$231.76,,12024.03,,,B.lion,,,,12026,phantasim,,,,,,,,,,
296,12024,Glencore,XX-XY,,,Glencore,GLCNF,,,,,,,,,,,,,Switzerland,company.public,USD-marketcap,"$66,240,000,000",$5.45,,12024.03,,,B.lion,,,,12026,phantasim,,,,,,,,,,
297,12024,Intesa Sanpaolo,XX-XY,,,Intesa Sanpaolo,ISP.MI,,,,,,,,,,,,,Italy,company.public,USD-marketcap,"$66,200,000,000",$3.63,,,,,B.lion,,,,12026,phantasim,,,,,,,,,,
298,12024,Aon,XX-XY,,,Aon,AON,,,,,,,,,,,,,United Kingdom,company.public,USD-marketcap,"$66,180,000,000",$333.79,,12024.03,,,B.lion,,,,12026,phantasim,,,,,,,,,,
299,12024,ADNOC Gas,XX-XY,,,ADNOC Gas,ADNOCGAS.AE,,,,,,,,,,,,,United Arab Emirates,company.public,USD-marketcap,"$66,040,000,000",$0.86,,,,,B.lion,,,,12026,phantasim,,,,,,,,,,
300,12024,Freeport-McMoRan,XX-XY,,,Freeport-McMoRan,FCX,,,,,,,,,,,,,United States,company.public,USD-marketcap,"$65,810,000,000",$45.88,,12024.03,,,B.lion,,,,12026,phantasim,,,,,,,,,,
301,12024,Munich RE (Münchener Rück),XX-XY,,,Munich RE (Münchener Rück),MUV2.DE,,,,,,,,,,,,,Germany,company.public,USD-marketcap,"$65,650,000,000",$487.76,,,,,B.lion,,,,12026,phantasim,,,,,,,,,,
302,12024,Foxconn Industrial Internet,XX-XY,,,Foxconn Industrial Internet,601138.SS,,,,,,,,,,,,,China,company.public,USD-marketcap,"$65,220,000,000",$3.10,,,,,B.lion,,,,12026,phantasim,,,,,,,,,,
303,12024,Paccar,XX-XY,,,Paccar,PCAR,,,,,,,,,,,,,United States,company.public,USD-marketcap,"$65,210,000,000",$124.46,,12024.03,,,B.lion,,,,12026,phantasim,,,,,,,,,,
304,12024,London Stock Exchange,XX-XY,,,London Stock Exchange,LSEG.L,,,,,,,,,,,,,United Kingdom,company.public,USD-marketcap,"$64,930,000,000",$121.24,,,,,B.lion,,,,12026,phantasim,,,,,,,,,,
305,12024,Nintendo,XX-XY,,,Nintendo,7974.T,,,,,,,,,,,,,Japan,company.public,USD-marketcap,"$64,910,000,000",$55.57,,12024.03,,,B.lion,,,,12026,phantasim,,,,,,,,,,
306,12024,Emerson,XX-XY,,,Emerson,EMR,,,,,,,,,,,,,United States,company.public,USD-marketcap,"$64,850,000,000",$113.45,,12024.03,,,B.lion,,,,12026,phantasim,,,,,,,,,,
307,12024,Apollo Global Management,XX-XY,,,Apollo Global Management,APO,,,,,,,,,,,,,United States,company.public,USD-marketcap,"$64,530,000,000",$113.58,,12024.03,,,B.lion,,,,12026,phantasim,,,,,,,,,,
308,12024,Chugai Pharmaceutical,XX-XY,,,Chugai Pharmaceutical,4519.T,,,,,,,,,,,,,Japan,company.public,USD-marketcap,"$64,430,000,000",$39.16,,12024.03,,,B.lion,,,,12026,phantasim,,,,,,,,,,
310,12024,Foxconn (Hon Hai Precision Industry),XX-XY,,,Foxconn (Hon Hai Precision Industry),2317.TW,,,,,,,,,,,,,Taiwan,company.public,USD-marketcap,"$64,370,000,000",$4.64,,,,,B.lion,,,,12026,phantasim,,,,,,,,,,
311,12024,ITC,XX-XY,,,ITC,ITC.NS,,,,,,,,,,,,,India,company.public,USD-marketcap,"$64,160,000,000",$5.14,,,,,B.lion,,,,12026,phantasim,,,,,,,,,,
312,12024,Postal Savings Bank of China,XX-XY,,,Postal Savings Bank of China,601658.SS,,,,,,,,,,,,,China,company.public,USD-marketcap,"$63,720,000,000",$0.67,,,,,B.lion,,,,12026,phantasim,,,,,,,,,,
313,12024,PNC Financial Services,XX-XY,,,PNC Financial Services,PNC,,,,,,,,,,,,,United States,company.public,USD-marketcap,"$63,640,000,000",$159.97,,12024.03,,,B.lion,,,,12026,phantasim,,,,,,,,,,
314,12024,Rosneft,XX-XY,,,Rosneft,ROSN.ME,,,,,,,,,,,,,Russia,company.public,USD-marketcap,"$63,580,000,000",$6.02,,,,,B.lion,,,,12026,phantasim,,,,,,,,,,
315,12024,Hindustan Unilever,XX-XY,,,Hindustan Unilever,HINDUNILVR.NS,,,,,,,,,,,,,India,company.public,USD-marketcap,"$63,210,000,000",$26.90,,,,,B.lion,,,,12026,phantasim,,,,,,,,,,
316,12024,KDDI,XX-XY,,,KDDI,9433.T,,,,,,,,,,,,,Japan,company.public,USD-marketcap,"$63,090,000,000",$30.20,,12024.03,,,B.lion,,,,12026,phantasim,,,,,,,,,,
317,12024,Itōchū Shōji,XX-XY,,,Itōchū Shōji,8001.T,,,,,,,,,,,,,Japan,company.public,USD-marketcap,"$63,050,000,000",$43.73,,12024.03,,,B.lion,,,,12026,phantasim,,,,,,,,,,
318,12024,Enterprise Products,XX-XY,,,Enterprise Products,EPD,,,,,,,,,,,,,United States,company.public,USD-marketcap,"$62,980,000,000",$29.05,,12024.03,,,B.lion,,,,12026,phantasim,,,,,,,,,,
319,12024,Daiichi Sankyō,XX-XY,,,Daiichi Sankyō,4568.T,,,,,,,,,,,,,Japan,company.public,USD-marketcap,"$62,980,000,000",$32.85,,12024.03,,,B.lion,,,,12026,phantasim,,,,,,,,,,
320,12024,Brookfield Corporation,XX-XY,,,Brookfield Corporation,BN,,,,,,,,,,,,,Canada,company.public,USD-marketcap,"$62,950,000,000",$41.58,,12024.03,,,B.lion,,,,12026,phantasim,,,,,,,,,,
321,12024,NXP Semiconductors,XX-XY,,,NXP Semiconductors,NXPI,,,,,,,,,,,,,Netherlands,company.public,USD-marketcap,"$62,940,000,000",$245.44,,12024.03,,,B.lion,,,,12026,phantasim,,,,,,,,,,
322,12024,Marvell Technology Group,XX-XY,,,Marvell Technology Group,MRVL,,,,,,,,,,,,,United States,company.public,USD-marketcap,"$62,620,000,000",$72.31,,12024.03,,,B.lion,,,,12026,phantasim,,,,,,,,,,
323,12024,Scotiabank,XX-XY,,,Scotiabank,BNS,,,,,,,,,,,,,Canada,company.public,USD-marketcap,"$62,520,000,000",$51.16,,12024.03,,,B.lion,,,,12026,phantasim,,,,,,,,,,
324,12024,UniCredit,XX-XY,,,UniCredit,UCG.MI,,,,,,,,,,,,,Italy,company.public,USD-marketcap,"$62,340,000,000",$37.28,,,,,B.lion,,,,12026,phantasim,,,,,,,,,,
325,12024,Coinbase,XX-XY,,,Coinbase,COIN,,,,,,,,,,,,,United States,company.public,USD-marketcap,"$62,190,000,000",$256.70,,12024.03,,,B.lion,,,,12026,phantasim,,,,,,,,,,
326,12024,Tokio Marine,XX-XY,,,Tokio Marine,8766.T,,,,,,,,,,,,,Japan,company.public,USD-marketcap,"$62,130,000,000",$31.45,,12024.03,,,B.lion,,,,12026,phantasim,,,,,,,,,,
327,12024,Volvo Group,XX-XY,,,Volvo Group,VOLVF,,,,,,,,,,,,,Sweden,company.public,USD-marketcap,"$62,110,000,000",$30.10,,12024.03,,,B.lion,,,,12026,phantasim,,,,,,,,,,
328,12024,Monster Beverage,XX-XY,,,Monster Beverage,MNST,,,,,,,,,,,,,United States,company.public,USD-marketcap,"$62,000,000,000",$59.20,,12024.03,,,B.lion,,,,12026,phantasim,,,,,,,,,,
329,12024,The Saudi National Bank,XX-XY,,,The Saudi National Bank,1180.SR,,,,,,,,,,,,,Saudi Arabia,company.public,USD-marketcap,"$61,680,000,000",$10.38,,,,,B.lion,,,,12026,phantasim,,,,,,,,,,
330,12024,SABIC,XX-XY,,,SABIC,2010.SR,,,,,,,,,,,,,Saudi Arabia,company.public,USD-marketcap,"$61,620,000,000",$20.54,,,,,B.lion,,,,12026,phantasim,,,,,,,,,,
331,12024,Midea,XX-XY,,,Midea,000333.SZ,,,,,,,,,,,,,China,company.public,USD-marketcap,"$61,400,000,000",$8.81,,,,,B.lion,,,,12026,phantasim,,,,,,,,,,
332,12024,Larsen & Toubro,XX-XY,,,Larsen & Toubro,LT.NS,,,,,,,,,,,,,India,company.public,USD-marketcap,"$61,180,000,000",$44.51,,12024.03,,,B.lion,,,,12026,phantasim,,,,,,,,,,
333,12024,Pioneer Natural Resources,XX-XY,,,Pioneer Natural Resources,PXD,,,,,,,,,,,,,United States,company.public,USD-marketcap,"$60,740,000,000",$260.00,,12024.03,,,B.lion,,,,12026,phantasim,,,,,,,,,,
334,12024,Honda,XX-XY,,,Honda,HMC,,,,,,,,,,,,,Japan,company.public,USD-marketcap,"$60,330,000,000",$37.32,,12024.03,,,B.lion,,,,12026,phantasim,,,,,,,,,,
335,12024,Republic Services,XX-XY,,,Republic Services,RSG,,,,,,,,,,,,,United States,company.public,USD-marketcap,"$60,250,000,000",$191.52,,12024.03,,,B.lion,,,,12026,phantasim,,,,,,,,,,
336,12024,Supermicro,XX-XY,,,Supermicro,SMCI,,,,,,,,,,,,,United States,company.public,USD-marketcap,"$59,910,000,000","$1,023.00",,12024.03,,,B.lion,,,,12026,phantasim,,,,,,,,,,
337,12024,Roper Technologies,XX-XY,,,Roper Technologies,ROP,,,,,,,,,,,,,United States,company.public,USD-marketcap,"$59,840,000,000",$559.18,,12024.03,,,B.lion,,,,12026,phantasim,,,,,,,,,,
338,12024,Westpac Banking,XX-XY,,,Westpac Banking,WBC.AX,,,,,,,,,,,,,Australia,company.public,USD-marketcap,"$59,530,000,000",$16.99,,,,,B.lion,,,,12026,phantasim,,,,,,,,,,
339,12024,Bank Rakyat Indonesia,XX-XY,,,Bank Rakyat Indonesia,BBRI.JK,,,,,,,,,,,,,Indonesia,company.public,USD-marketcap,"$59,460,000,000",$0.39,,,,,B.lion,,,,12026,phantasim,,,,,,,,,,
340,12024,Nongfu Spring,XX-XY,,,Nongfu Spring,9633.HK,,,,,,,,,,,,,China,company.public,USD-marketcap,"$59,290,000,000",$5.27,,,,,B.lion,,,,12026,phantasim,,,,,,,,,,
341,12024,Cement Roadstone Holding,XX-XY,,,Cement Roadstone Holding,CRH,,,,,,,,,,,,,Ireland,company.public,USD-marketcap,"$59,220,000,000",$86.02,,12024.03,,,B.lion,,,,12026,phantasim,,,,,,,,,,
342,12024,Bank of Communications,XX-XY,,,Bank of Communications,601328.SS,,,,,,,,,,,,,China,company.public,USD-marketcap,"$58,980,000,000",$0.89,,,,,B.lion,,,,12026,phantasim,,,,,,,,,,
344,12024,Motorola Solutions,XX-XY,,,Motorola Solutions,MSI,,,,,,,,,,,,,United States,company.public,USD-marketcap,"$58,710,000,000",$353.41,,12024.03,,,B.lion,,,,12026,phantasim,,,,,,,,,,
345,12024,Dassault Systèmes,XX-XY,,,Dassault Systèmes,DSY.PA,,,,,,,,,,,,,France,company.public,USD-marketcap,"$58,640,000,000",$44.65,,,,,B.lion,,,,12026,phantasim,,,,,,,,,,
346,12024,America Movil,XX-XY,,,America Movil,AMX,,,,,,,,,,,,,Mexico,company.public,USD-marketcap,"$58,390,000,000",$18.79,,12024.03,,,B.lion,,,,12026,phantasim,,,,,,,,,,
347,12024,Constellation Energy,XX-XY,,,Constellation Energy,CEG,,,,,,,,,,,,,United States,company.public,USD-marketcap,"$58,260,000,000",$184.89,,12024.03,,,B.lion,,,,12026,phantasim,,,,,,,,,,
348,12024,Constellation Software,XX-XY,,,Constellation Software,CSU.TO,,,,,,,,,,,,,Canada,company.public,USD-marketcap,"$58,260,000,000","$2,749.00",,,,,B.lion,,,,12026,phantasim,,,,,,,,,,
349,12024,MediaTek,XX-XY,,,MediaTek,2454.TW,,,,,,,,,,,,,Taiwan,company.public,USD-marketcap,"$57,990,000,000",$36.43,,,,,B.lion,,,,12026,phantasim,,,,,,,,,,
350,12024,Simon Property Group,XX-XY,,,Simon Property Group,SPG,,,,,,,,,,,,,United States,company.public,USD-marketcap,"$57,840,000,000",$154.33,,12024.03,,,B.lion,,,,12026,phantasim,,,,,,,,,,
351,12024,3M,XX-XY,,,3M,MMM,,,,,,,,,,,,,United States,company.public,USD-marketcap,"$57,800,000,000",$104.59,,12024.03,,,B.lion,,,,12026,phantasim,,,,,,,,,,
353,12024,ANZ Bank,XX-XY,,,ANZ Bank,ANZ.AX,,,,,,,,,,,,,Australia,company.public,USD-marketcap,"$57,380,000,000",$19.12,,12024.03,,,B.lion,,,,12026,phantasim,,,,,,,,,,
354,12024,Edwards Lifesciences,XX-XY,,,Edwards Lifesciences,EW,,,,,,,,,,,,,United States,company.public,USD-marketcap,"$57,210,000,000",$95.15,,12024.03,,,B.lion,,,,12026,phantasim,,,,,,,,,,
355,12024,Nu Holdings,XX-XY,,,Nu Holdings,NU,,,,,,,,,,,,,Brazil,company.public,USD-marketcap,"$56,950,000,000",$11.95,,12024.03,,,B.lion,,,,12026,phantasim,,,,,,,,,,
356,12024,Occidental Petroleum,XX-XY,,,Occidental Petroleum,OXY,,,,,,,,,,,,,United States,company.public,USD-marketcap,"$56,910,000,000",$64.20,,12024.03,,,B.lion,,,,12026,phantasim,,,,,,,,,,
357,12024,Norfolk Southern,XX-XY,,,Norfolk Southern,NSC,,,,,,,,,,,,,United States,company.public,USD-marketcap,"$56,860,000,000",$251.72,,12024.03,,,B.lion,,,,12026,phantasim,,,,,,,,,,
358,12024,Denso,XX-XY,,,Denso,6902.T,,,,,,,,,,,,,Japan,company.public,USD-marketcap,"$56,710,000,000",$19.49,,12024.03,,,B.lion,,,,12026,phantasim,,,,,,,,,,
360,12024,DoorDash,XX-XY,,,DoorDash,DASH,,,,,,,,,,,,,United States,company.public,USD-marketcap,"$56,100,000,000",$138.88,,12024.03,,,B.lion,,,,12026,phantasim,,,,,,,,,,
361,12024,Lukoil,XX-XY,,,Lukoil,LKOH.ME,,,,,,,,,,,,,Russia,company.public,USD-marketcap,"$56,040,000,000",$80.27,,,,,B.lion,,,,12026,phantasim,,,,,,,,,,
362,12024,Zijin Mining,XX-XY,,,Zijin Mining,601899.SS,,,,,,,,,,,,,China,company.public,USD-marketcap,"$55,920,000,000",$2.18,,,,,B.lion,,,,12026,phantasim,,,,,,,,,,
363,12024,Autodesk,XX-XY,,,Autodesk,ADSK,,,,,,,,,,,,,United States,company.public,USD-marketcap,"$55,820,000,000",$260.97,,12024.03,,,B.lion,,,,12026,phantasim,,,,,,,,,,
364,12024,Valero Energy,XX-XY,,,Valero Energy,VLO,,,,,,,,,,,,,United States,company.public,USD-marketcap,"$55,790,000,000",$167.81,,12024.03,,,B.lion,,,,12026,phantasim,,,,,,,,,,
365,12024,AutoZone,XX-XY,,,AutoZone,AZO,,,,,,,,,,,,,United States,company.public,USD-marketcap,"$55,240,000,000","$3,193.00",,12024.03,,,B.lion,,,,12026,phantasim,,,,,,,,,,
366,12024,Copart,XX-XY,,,Copart,CPRT,,,,,,,,,,,,,United States,company.public,USD-marketcap,"$55,030,000,000",$57.24,,12024.03,,,B.lion,,,,12026,phantasim,,,,,,,,,,
367,12024,Capital One,XX-XY,,,Capital One,COF,,,,,,,,,,,,,United States,company.public,USD-marketcap,"$54,970,000,000",$144.51,,12024.03,,,B.lion,,,,12026,phantasim,,,,,,,,,,
368,12024,Alimentation Couche-Tard,XX-XY,,,Alimentation Couche-Tard,ATD.TO,,,,,,,,,,,,,Canada,company.public,USD-marketcap,"$54,760,000,000",$56.94,,12024.03,,,B.lion,,,,12026,phantasim,,,,,,,,,,
369,12024,Heineken,XX-XY,,,Heineken,HEIA.AS,,,,,,,,,,,,,Netherlands,company.public,USD-marketcap,"$54,740,000,000",$97.16,,,,,B.lion,,,,12026,phantasim,,,,,,,,,,
371,12024,Palantir,XX-XY,,,Palantir,PLTR,,,,,,,,,,,,,United States,company.public,USD-marketcap,"$54,230,000,000",$24.51,,12024.03,,,B.lion,,,,12026,phantasim,,,,,,,,,,
372,12024,Arthur J. Gallagher & Co.,XX-XY,,,Arthur J. Gallagher & Co.,AJG,,,,,,,,,,,,,United States,company.public,USD-marketcap,"$54,090,000,000",$247.79,,12024.03,,,B.lion,,,,12026,phantasim,,,,,,,,,,
373,12024,Air Products and Chemicals,XX-XY,,,Air Products and Chemicals,APD,,,,,,,,,,,,,United States,company.public,USD-marketcap,"$54,040,000,000",$243.10,,12024.03,,,B.lion,,,,12026,phantasim,,,,,,,,,,
374,12024,Hilton Worldwide,XX-XY,,,Hilton Worldwide,HLT,,,,,,,,,,,,,United States,company.public,USD-marketcap,"$54,040,000,000",$214.34,,12024.03,,,B.lion,,,,12026,phantasim,,,,,,,,,,
375,12024,D. R. Horton,XX-XY,,,D. R. Horton,DHI,,,,,,,,,,,,,United States,company.public,USD-marketcap,"$53,770,000,000",$162.05,,12024.03,,,B.lion,,,,12026,phantasim,,,,,,,,,,
376,12024,DexCom,XX-XY,,,DexCom,DXCM,,,,,,,,,,,,,United States,company.public,USD-marketcap,"$53,770,000,000",$139.48,,12024.03,,,B.lion,,,,12026,phantasim,,,,,,,,,,
377,12024,Universal Music Group,XX-XY,,,Universal Music Group,UMG.AS,,,,,,,,,,,,,Netherlands,company.public,USD-marketcap,"$53,650,000,000",$29.44,,,,,B.lion,,,,12026,phantasim,,,,,,,,,,
378,12024,ING,XX-XY,,,ING,ING,,,,,,,,,,,,,Netherlands,company.public,USD-marketcap,"$53,640,000,000",$16.26,,12024.03,,,B.lion,,,,12026,phantasim,,,,,,,,,,
379,12024,Oriental Land,XX-XY,,,Oriental Land,4661.T,,,,,,,,,,,,,Japan,company.public,USD-marketcap,"$53,580,000,000",$32.71,,12024.03,,,B.lion,,,,12026,phantasim,,,,,,,,,,
380,12024,MetLife,XX-XY,,,MetLife,MET,,,,,,,,,,,,,United States,company.public,USD-marketcap,"$53,440,000,000",$73.92,,12024.03,,,B.lion,,,,12026,phantasim,,,,,,,,,,
381,12024,American International Group,XX-XY,,,American International Group,AIG,,,,,,,,,,,,,United States,company.public,USD-marketcap,"$53,340,000,000",$78.34,,12024.03,,,B.lion,,,,12026,phantasim,,,,,,,,,,
382,12024,Saudi Telecom Company,XX-XY,,,Saudi Telecom Company,7010.SR,,,,,,,,,,,,,Saudi Arabia,company.public,USD-marketcap,"$52,850,000,000",$10.60,,,,,B.lion,,,,12026,phantasim,,,,,,,,,,
383,12024,Welltower,XX-XY,,,Welltower,WELL,,,,,,,,,,,,,United States,company.public,USD-marketcap,"$52,790,000,000",$92.80,,12024.03,,,B.lion,,,,12026,phantasim,,,,,,,,,,
384,12024,Adyen,XX-XY,,,Adyen,ADYEN.AS,,,,,,,,,,,,,Netherlands,company.public,USD-marketcap,"$52,770,000,000","$1,701.00",,,,,B.lion,,,,12026,phantasim,,,,,,,,,,
385,12024,Snowflake,XX-XY,,,Snowflake,SNOW,,,,,,,,,,,,,United States,company.public,USD-marketcap,"$52,620,000,000",$160.04,,12024.03,,,B.lion,,,,12026,phantasim,,,,,,,,,,
386,12024,The Travelers Companies,XX-XY,,,The Travelers Companies,TRV,,,,,,,,,,,,,United States,company.public,USD-marketcap,"$52,430,000,000",$228.83,,12024.03,,,B.lion,,,,12026,phantasim,,,,,,,,,,
387,12024,Energy Transfer Partners,XX-XY,,,Energy Transfer Partners,ET,,,,,,,,,,,,,United States,company.public,USD-marketcap,"$52,330,000,000",$15.54,,12024.03,,,B.lion,,,,12026,phantasim,,,,,,,,,,
388,12024,Vale,XX-XY,,,Vale,VALE,,,,,,,,,,,,,Brazil,company.public,USD-marketcap,"$52,300,000,000",$12.17,,12024.03,,,B.lion,,,,12026,phantasim,,,,,,,,,,
389,12024,DHL Group (Deutsche Post),XX-XY,,,DHL Group (Deutsche Post),DHL.DE,,,,,,,,,,,,,Germany,company.public,USD-marketcap,"$52,250,000,000",$43.86,,,,,B.lion,,,,12026,phantasim,,,,,,,,,,
390,12024,Bajaj Finance,XX-XY,,,Bajaj Finance,BAJFINANCE.NS,,,,,,,,,,,,,India,company.public,USD-marketcap,"$52,090,000,000",$84.33,,,,,B.lion,,,,12026,phantasim,,,,,,,,,,
391,12024,Estee Lauder,XX-XY,,,Estee Lauder,EL,,,,,,,,,,,,,United States,company.public,USD-marketcap,"$51,990,000,000",$145.04,,12024.03,,,B.lion,,,,12026,phantasim,,,,,,,,,,
392,12024,Carrier,XX-XY,,,Carrier,CARR,,,,,,,,,,,,,United States,company.public,USD-marketcap,"$51,910,000,000",$57.68,,12024.03,,,B.lion,,,,12026,phantasim,,,,,,,,,,
393,12024,Ford,XX-XY,,,Ford,F,,,,,,,,,,,,,United States,company.public,USD-marketcap,"$51,890,000,000",$13.06,,12024.03,,,B.lion,,,,12026,phantasim,,,,,,,,,,
394,12024,BAE Systems,XX-XY,,,BAE Systems,BA.L,,,,,,,,,,,,,United Kingdom,company.public,USD-marketcap,"$51,750,000,000",$17.11,,12024.03,,,B.lion,,,,12026,phantasim,,,,,,,,,,
395,12024,Spotify,XX-XY,,,Spotify,SPOT,,,,,,,,,,,,,Sweden,company.public,USD-marketcap,"$51,600,000,000",$260.20,,12024.03,,,B.lion,,,,12026,phantasim,,,,,,,,,,
396,12024,Truist Financial,XX-XY,,,Truist Financial,TFC,,,,,,,,,,,,,United States,company.public,USD-marketcap,"$51,500,000,000",$38.59,,12024.03,,,B.lion,,,,12026,phantasim,,,,,,,,,,
397,12024,BASF,XX-XY,,,BASF,BAS.DE,,,,,,,,,,,,,Germany,company.public,USD-marketcap,"$51,480,000,000",$57.68,,12024.03,,,B.lion,,,,12026,phantasim,,,,,,,,,,
398,12024,General Motors,XX-XY,,,General Motors,GM,,,,,,,,,,,,,United States,company.public,USD-marketcap,"$51,470,000,000",$44.59,,12024.03,,,B.lion,,,,12026,phantasim,,,,,,,,,,
399,12024,Fortinet,XX-XY,,,Fortinet,FTNT,,,,,,,,,,,,,United States,company.public,USD-marketcap,"$51,320,000,000",$67.27,,12024.03,,,B.lion,,,,12026,phantasim,,,,,,,,,,
400,12024,Block,XX-XY,,,Block,SQ,,,,,,,,,,,,,United States,company.public,USD-marketcap,"$51,210,000,000",$83.18,,12024.03,,,B.lion,,,,12026,phantasim,,,,,,,,,,
401,12024,Public Storage,XX-XY,,,Public Storage,PSA,,,,,,,,,,,,,United States,company.public,USD-marketcap,"$50,760,000,000",$288.10,,12024.03,,,B.lion,,,,12026,phantasim,,,,,,,,,,
402,12024,ENI,XX-XY,,,ENI,E,,,,,,,,,,,,,Italy,company.public,USD-marketcap,"$50,740,000,000",$31.47,,12024.03,,,B.lion,,,,12026,phantasim,,,,,,,,,,
403,12024,Maaden,XX-XY,,,Maaden,1211.SR,,,,,,,,,,,,,Saudi Arabia,company.public,USD-marketcap,"$50,720,000,000",$13.74,,,,,B.lion,,,,12026,phantasim,,,,,,,,,,
404,12024,Fortescue,XX-XY,,,Fortescue,FMG.AX,,,,,,,,,,,,,Australia,company.public,USD-marketcap,"$50,680,000,000",$16.46,,,,,B.lion,,,,12026,phantasim,,,,,,,,,,
405,12024,National Grid,XX-XY,,,National Grid,NGG,,,,,,,,,,,,,United Kingdom,company.public,USD-marketcap,"$50,620,000,000",$67.83,,12024.03,,,B.lion,,,,12026,phantasim,,,,,,,,,,
406,12024,Mizuho Financial Group,XX-XY,,,Mizuho Financial Group,MFG,,,,,,,,,,,,,Japan,company.public,USD-marketcap,"$50,440,000,000",$3.98,,12024.03,,,B.lion,,,,12026,phantasim,,,,,,,,,,
407,12024,HCL Technologies,XX-XY,,,HCL Technologies,HCLTECH.NS,,,,,,,,,,,,,India,company.public,USD-marketcap,"$50,280,000,000",$18.57,,,,,B.lion,,,,12026,phantasim,,,,,,,,,,
408,12024,Holcim Group,XX-XY,,,Holcim Group,HOLN.SW,,,,,,,,,,,,,Switzerland,company.public,USD-marketcap,"$50,210,000,000",$89.39,,,,,B.lion,,,,12026,phantasim,,,,,,,,,,
410,12024,W. W. Grainger,XX-XY,,,W. W. Grainger,GWW,,,,,,,,,,,,,United States,company.public,USD-marketcap,"$50,120,000,000","$1,020.00",,12024.03,,,B.lion,,,,12026,phantasim,,,,,,,,,,
411,12024,Wesfarmers,XX-XY,,,Wesfarmers,WES.AX,,,,,,,,,,,,,Australia,company.public,USD-marketcap,"$50,110,000,000",$44.16,,,,,B.lion,,,,12026,phantasim,,,,,,,,,,
413,12024,Atlassian,XX-XY,,,Atlassian,TEAM,,,,,,,,,,,,,Australia,company.public,USD-marketcap,"$50,100,000,000",$193.14,,12024.03,,,B.lion,,,,12026,phantasim,,,,,,,,,,
414,12024,Macquarie,XX-XY,,,Macquarie,MQG.AX,,,,,,,,,,,,,Australia,company.public,USD-marketcap,"$49,810,000,000",$129.33,,,,,B.lion,,,,12026,phantasim,,,,,,,,,,
415,12024,Constellation Brands,XX-XY,,,Constellation Brands,STZ,,,,,,,,,,,,,United States,company.public,USD-marketcap,"$49,730,000,000",$272.04,,12024.03,,,B.lion,,,,12026,phantasim,,,,,,,,,,
416,12024,Compass Group,XX-XY,,,Compass Group,CPG.L,,,,,,,,,,,,,United Kingdom,company.public,USD-marketcap,"$49,630,000,000",$29.12,,12024.03,,,B.lion,,,,12026,phantasim,,,,,,,,,,
417,12024,Ross Stores,XX-XY,,,Ross Stores,ROST,,,,,,,,,,,,,United States,company.public,USD-marketcap,"$49,550,000,000",$147.19,,12024.03,,,B.lion,,,,12026,phantasim,,,,,,,,,,
418,12024,Aflac,XX-XY,,,Aflac,AFL,,,,,,,,,,,,,United States,company.public,USD-marketcap,"$49,260,000,000",$85.62,,12024.03,,,B.lion,,,,12026,phantasim,,,,,,,,,,
419,12024,lululemon athletica,XX-XY,,,lululemon athletica,LULU,,,,,,,,,,,,,Canada,company.public,USD-marketcap,"$49,070,000,000",$389.46,,12024.03,,,B.lion,,,,12026,phantasim,,,,,,,,,,
420,12024,Cencora,XX-XY,,,Cencora,COR,,,,,,,,,,,,,United States,company.public,USD-marketcap,"$48,740,000,000",$244.64,,12024.03,,,B.lion,,,,12026,phantasim,,,,,,,,,,
421,12024,Kering,XX-XY,,,Kering,KER.PA,,,,,,,,,,,,,France,company.public,USD-marketcap,"$48,670,000,000",$397.10,,,,,B.lion,,,,12026,phantasim,,,,,,,,,,
422,12024,United Rentals,XX-XY,,,United Rentals,URI,,,,,,,,,,,,,United States,company.public,USD-marketcap,"$48,380,000,000",$720.15,,12024.03,,,B.lion,,,,12026,phantasim,,,,,,,,,,
423,12024,Microchip Technology,XX-XY,,,Microchip Technology,MCHP,,,,,,,,,,,,,United States,company.public,USD-marketcap,"$48,190,000,000",$89.19,,12024.03,,,B.lion,,,,12026,phantasim,,,,,,,,,,
424,12024,Mindray,XX-XY,,,Mindray,300760.SZ,,,,,,,,,,,,,China,company.public,USD-marketcap,"$48,010,000,000",$39.21,,,,,B.lion,,,,12026,phantasim,,,,,,,,,,
425,12024,Industrial Bank,XX-XY,,,Industrial Bank,601166.SS,,,,,,,,,,,,,China,company.public,USD-marketcap,"$47,690,000,000",$2.30,,,,,B.lion,,,,12026,phantasim,,,,,,,,,,
426,12024,Nucor,XX-XY,,,Nucor,NUE,,,,,,,,,,,,,United States,company.public,USD-marketcap,"$47,650,000,000",$198.56,,12024.03,,,B.lion,,,,12026,phantasim,,,,,,,,,,
427,12024,Xiaomi,XX-XY,,,Xiaomi,XIACF,,,,,,,,,,,,,China,company.public,USD-marketcap,"$47,600,000,000",$1.90,,12024.03,,,B.lion,,,,12026,phantasim,,,,,,,,,,
428,12024,Sika,XX-XY,,,Sika,SIKA.SW,,,,,,,,,,,,,Switzerland,company.public,USD-marketcap,"$47,360,000,000",$295.26,,,,,B.lion,,,,12026,phantasim,,,,,,,,,,
429,12024,Maruti Suzuki India,XX-XY,,,Maruti Suzuki India,MARUTI.NS,,,,,,,,,,,,,India,company.public,USD-marketcap,"$47,230,000,000",$150.23,,,,,B.lion,,,,12026,phantasim,,,,,,,,,,
431,12024,QNB Finansleasing,XX-XY,,,QNB Finansleasing,QNBFL.IS,,,,,,,,,,,,,Turkey,company.public,USD-marketcap,"$46,960,000,000",$5.40,,,,,B.lion,,,,12026,phantasim,,,,,,,,,,
432,12024,Suncor Energy,XX-XY,,,Suncor Energy,SU,,,,,,,,,,,,,Canada,company.public,USD-marketcap,"$46,950,000,000",$36.48,,12024.03,,,B.lion,,,,12026,phantasim,,,,,,,,,,
433,12024,Williams Companies,XX-XY,,,Williams Companies,WMB,,,,,,,,,,,,,United States,company.public,USD-marketcap,"$46,950,000,000",$38.54,,12024.03,,,B.lion,,,,12026,phantasim,,,,,,,,,,
434,12024,CIBC,XX-XY,,,CIBC,CM,,,,,,,,,,,,,Canada,company.public,USD-marketcap,"$46,920,000,000",$50.07,,12024.03,,,B.lion,,,,12026,phantasim,,,,,,,,,,
435,12024,Japan Tobacco,XX-XY,,,Japan Tobacco,2914.T,,,,,,,,,,,,,Japan,company.public,USD-marketcap,"$46,890,000,000",$26.42,,12024.03,,,B.lion,,,,12026,phantasim,,,,,,,,,,
436,12024,Fomento Económico Mexicano,XX-XY,,,Fomento Económico Mexicano,FMX,,,,,,,,,,,,,Mexico,company.public,USD-marketcap,"$46,600,000,000",$130.25,,12024.03,,,B.lion,,,,12026,phantasim,,,,,,,,,,
437,12024,Old Dominion Freight Line,XX-XY,,,Old Dominion Freight Line,ODFL,,,,,,,,,,,,,United States,company.public,USD-marketcap,"$46,570,000,000",$427.95,,12024.03,,,B.lion,,,,12026,phantasim,,,,,,,,,,
438,12024,Lennar,XX-XY,,,Lennar,LEN,,,,,,,,,,,,,United States,company.public,USD-marketcap,"$46,440,000,000",$168.50,,12024.03,,,B.lion,,,,12026,phantasim,,,,,,,,,,
439,12024,Interactive Brokers,XX-XY,,,Interactive Brokers,IBKR,,,,,,,,,,,,,United States,company.public,USD-marketcap,"$46,440,000,000",$111.43,,12024.03,,,B.lion,,,,12026,phantasim,,,,,,,,,,
440,12024,Oneok,XX-XY,,,Oneok,OKE,,,,,,,,,,,,,United States,company.public,USD-marketcap,"$46,410,000,000",$79.60,,12024.03,,,B.lion,,,,12026,phantasim,,,,,,,,,,
441,12024,Grupo México,XX-XY,,,Grupo México,GMBXF,,,,,,,,,,,,,Mexico,company.public,USD-marketcap,"$46,310,000,000",$5.95,,12024.03,,,B.lion,,,,12026,phantasim,,,,,,,,,,
442,12024,Realty Income,XX-XY,,,Realty Income,O,,,,,,,,,,,,,United States,company.public,USD-marketcap,"$46,300,000,000",$53.77,,12024.03,,,B.lion,,,,12026,phantasim,,,,,,,,,,
443,12024,Hess,XX-XY,,,Hess,HES,,,,,,,,,,,,,United States,company.public,USD-marketcap,"$46,240,000,000",$150.55,,12024.03,,,B.lion,,,,12026,phantasim,,,,,,,,,,
444,12024,Sun Pharmaceutical,XX-XY,,,Sun Pharmaceutical,SUNPHARMA.NS,,,,,,,,,,,,,India,company.public,USD-marketcap,"$46,210,000,000",$19.26,,,,,B.lion,,,,12026,phantasim,,,,,,,,,,
445,12024,IQVIA,XX-XY,,,IQVIA,IQV,,,,,,,,,,,,,United States,company.public,USD-marketcap,"$45,970,000,000",$252.57,,12024.03,,,B.lion,,,,12026,phantasim,,,,,,,,,,
446,12024,Crown Castle,XX-XY,,,Crown Castle,CCI,,,,,,,,,,,,,United States,company.public,USD-marketcap,"$45,880,000,000",$105.59,,12024.03,,,B.lion,,,,12026,phantasim,,,,,,,,,,
447,12024,OCBC Bank,XX-XY,,,OCBC Bank,O39.SI,,,,,,,,,,,,,Singapore,company.public,USD-marketcap,"$45,840,000,000",$10.20,,,,,B.lion,,,,12026,phantasim,,,,,,,,,,
448,12024,Digital Realty,XX-XY,,,Digital Realty,DLR,,,,,,,,,,,,,United States,company.public,USD-marketcap,"$45,810,000,000",$143.74,,12024.03,,,B.lion,,,,12026,phantasim,,,,,,,,,,
449,12024,Kaspi.kz Joint Stock Company,XX-XY,,,Kaspi.kz Joint Stock Company,KKS.F,,,,,,,,,,,,,Kazakhstan,company.public,USD-marketcap,"$45,750,000,000",$124.57,,12024.03,,,B.lion,,,,12026,phantasim,,,,,,,,,,
451,12024,Sempra Energy,XX-XY,,,Sempra Energy,SRE,,,,,,,,,,,,,United States,company.public,USD-marketcap,"$45,040,000,000",$71.25,,12024.03,,,B.lion,,,,12026,phantasim,,,,,,,,,,
453,12024,IDEXX Laboratories,XX-XY,,,IDEXX Laboratories,IDXX,,,,,,,,,,,,,United States,company.public,USD-marketcap,"$44,830,000,000",$539.57,,12024.03,,,B.lion,,,,12026,phantasim,,,,,,,,,,
454,12024,Takeda Pharmaceutical,XX-XY,,,Takeda Pharmaceutical,TAK,,,,,,,,,,,,,Japan,company.public,USD-marketcap,"$44,780,000,000",$14.19,,12024.03,,,B.lion,,,,12026,phantasim,,,,,,,,,,
455,12024,TE Connectivity,XX-XY,,,TE Connectivity,TEL,,,,,,,,,,,,,Switzerland,company.public,USD-marketcap,"$44,750,000,000",$144.93,,12024.03,,,B.lion,,,,12026,phantasim,,,,,,,,,,
456,12024,Allstate,XX-XY,,,Allstate,ALL,,,,,,,,,,,,,United States,company.public,USD-marketcap,"$44,670,000,000",$169.84,,12024.03,,,B.lion,,,,12026,phantasim,,,,,,,,,,
457,12024,American Electric Power,XX-XY,,,American Electric Power,AEP,,,,,,,,,,,,,United States,company.public,USD-marketcap,"$44,650,000,000",$84.80,,12024.03,,,B.lion,,,,12026,phantasim,,,,,,,,,,
458,12024,Rolls-Royce Holdings,XX-XY,,,Rolls-Royce Holdings,RR.L,,,,,,,,,,,,,United Kingdom,company.public,USD-marketcap,"$44,630,000,000",$5.33,,12024.03,,,B.lion,,,,12026,phantasim,,,,,,,,,,
459,12024,Manulife Financial,XX-XY,,,Manulife Financial,MFC,,,,,,,,,,,,,Canada,company.public,USD-marketcap,"$44,530,000,000",$24.66,,12024.03,,,B.lion,,,,12026,phantasim,,,,,,,,,,
460,12024,Crédit Agricole,XX-XY,,,Crédit Agricole,ACA.PA,,,,,,,,,,,,,France,company.public,USD-marketcap,"$44,490,000,000",$14.71,,12024.03,,,B.lion,,,,12026,phantasim,,,,,,,,,,
461,12024,Infineon,XX-XY,,,Infineon,IFX.DE,,,,,,,,,,,,,Germany,company.public,USD-marketcap,"$44,440,000,000",$34.09,,,,,B.lion,,,,12026,phantasim,,,,,,,,,,
462,12024,Kraft Heinz,XX-XY,,,Kraft Heinz,KHC,,,,,,,,,,,,,United States,company.public,USD-marketcap,"$44,400,000,000",$36.53,,12024.03,,,B.lion,,,,12026,phantasim,,,,,,,,,,
463,12024,Ferguson,XX-XY,,,Ferguson,FERG,,,,,,,,,,,,,United Kingdom,company.public,USD-marketcap,"$44,370,000,000",$218.95,,12024.03,,,B.lion,,,,12026,phantasim,,,,,,,,,,
464,12024,Waste Connections,XX-XY,,,Waste Connections,WCN,,,,,,,,,,,,,United States,company.public,USD-marketcap,"$44,240,000,000",$171.69,,12024.03,,,B.lion,,,,12026,phantasim,,,,,,,,,,
465,12024,Fastenal,XX-XY,,,Fastenal,FAST,,,,,,,,,,,,,United States,company.public,USD-marketcap,"$44,230,000,000",$77.28,,12024.03,,,B.lion,,,,12026,phantasim,,,,,,,,,,
466,12024,Hoya,XX-XY,,,Hoya,7741.T,,,,,,,,,,,,,Japan,company.public,USD-marketcap,"$44,220,000,000",$126.17,,12024.03,,,B.lion,,,,12026,phantasim,,,,,,,,,,
467,12024,Johnson Controls,XX-XY,,,Johnson Controls,JCI,,,,,,,,,,,,,Ireland,company.public,USD-marketcap,"$44,200,000,000",$64.87,,12024.03,,,B.lion,,,,12026,phantasim,,,,,,,,,,
468,12024,MSCI,XX-XY,,,MSCI,MSCI,,,,,,,,,,,,,United States,company.public,USD-marketcap,"$44,120,000,000",$557.00,,12024.03,,,B.lion,,,,12026,phantasim,,,,,,,,,,
469,12024,Samsung Biologics,XX-XY,,,Samsung Biologics,207940.KS,,,,,,,,,,,,,South Korea,company.public,USD-marketcap,"$44,080,000,000",$619.36,,,,,B.lion,,,,12026,phantasim,,,,,,,,,,
470,12024,Lonza,XX-XY,,,Lonza,LONN.SW,,,,,,,,,,,,,Switzerland,company.public,USD-marketcap,"$43,960,000,000",$591.85,,,,,B.lion,,,,12026,phantasim,,,,,,,,,,
471,12024,Hyundai,XX-XY,,,Hyundai,HYMTF,,,,,,,,,,,,,South Korea,company.public,USD-marketcap,"$43,770,000,000",$57.55,,12024.03,,,B.lion,,,,12026,phantasim,,,,,,,,,,
472,12024,Paychex,XX-XY,,,Paychex,PAYX,,,,,,,,,,,,,United States,company.public,USD-marketcap,"$43,720,000,000",$121.53,,12024.03,,,B.lion,,,,12026,phantasim,,,,,,,,,,
473,12024,Pacific Gas and Electric,XX-XY,,,Pacific Gas and Electric,PCG,,,,,,,,,,,,,United States,company.public,USD-marketcap,"$43,710,000,000",$16.74,,12024.03,,,B.lion,,,,12026,phantasim,,,,,,,,,,
474,12024,Ameriprise Financial,XX-XY,,,Ameriprise Financial,AMP,,,,,,,,,,,,,United States,company.public,USD-marketcap,"$43,680,000,000",$435.98,,12024.03,,,B.lion,,,,12026,phantasim,,,,,,,,,,
475,12024,Jingdong Mall,XX-XY,,,Jingdong Mall,JD,,,,,,,,,,,,,China,company.public,USD-marketcap,"$43,520,000,000",$27.23,,12024.03,,,B.lion,,,,12026,phantasim,,,,,,,,,,
476,12024,Alpha Dhabi,XX-XY,,,Alpha Dhabi,ALPHADHABI.AE,,,,,,,,,,,,,United Arab Emirates,company.public,USD-marketcap,"$43,400,000,000",$4.34,,,,,B.lion,,,,12026,phantasim,,,,,,,,,,
477,12024,Emirates Telecom (Etisalat Group),XX-XY,,,Emirates Telecom (Etisalat Group),EAND.AE,,,,,,,,,,,,,United Arab Emirates,company.public,USD-marketcap,"$43,240,000,000",$4.97,,,,,B.lion,,,,12026,phantasim,,,,,,,,,,
478,12024,Agilent Technologies,XX-XY,,Hewlett-Packard Company,Agilent Technologies,A,,,United States,,,,,,,,,,United States,company.public,USD-marketcap,"$43,180,000,000",$147.37,,12024.03,11999,11999,B.lion,,,,27,householder,,,,,,,,Healthcare,,
480,12024,Tata Motors,XX-XY,,,Tata Motors,TATAMOTORS.NS,,,,,,,,,,,,,India,company.public,USD-marketcap,"$43,000,000,000",$11.75,,,,,B.lion,,,,12026,phantasim,,,,,,,,,,
481,12024,Novatek,XX-XY,,,Novatek,NVTK.ME,,,,,,,,,,,,,Russia,company.public,USD-marketcap,"$42,940,000,000",$14.32,,,,,B.lion,,,,12026,phantasim,,,,,,,,,,
483,12024,Kimberly-Clark,XX-XY,,,Kimberly-Clark,KMB,,,,,,,,,,,,,United States,company.public,USD-marketcap,"$42,870,000,000",$127.27,,12024.03,,,B.lion,,,,12026,phantasim,,,,,,,,,,
484,12024,Bank of New York Mellon,XX-XY,,,Bank of New York Mellon,BK,,,,,,,,,,,,,United States,company.public,USD-marketcap,"$42,860,000,000",$56.93,,12024.03,,,B.lion,,,,12026,phantasim,,,,,,,,,,
486,12024,Adani Enterprises,XX-XY,,,Adani Enterprises,ADANIENT.NS,,,,,,,,,,,,,India,company.public,USD-marketcap,"$42,740,000,000",$37.49,,,,,B.lion,,,,12026,phantasim,,,,,,,,,,
487,12024,The Trade Desk,XX-XY,,,The Trade Desk,TTD,,,,,,,,,,,,,United States,company.public,USD-marketcap,"$42,640,000,000",$87.21,,12024.03,,,B.lion,,,,12026,phantasim,,,,,,,,,,
488,12024,Ametek,XX-XY,,,Ametek,AME,,,,,,,,,,,,,United States,company.public,USD-marketcap,"$42,470,000,000",$183.72,,12024.03,,,B.lion,,,,12026,phantasim,,,,,,,,,,
489,12024,Banco Santander Brasil,XX-XY,,,Banco Santander Brasil,BSBR,,,,,,,,,,,,,Brazil,company.public,USD-marketcap,"$42,430,000,000",$5.68,,12024.03,,,B.lion,,,,12026,phantasim,,,,,,,,,,
490,12024,Kotak Mahindra Bank,XX-XY,,,Kotak Mahindra Bank,KOTAKBANK.NS,,,,,,,,,,,,,India,company.public,USD-marketcap,"$42,380,000,000",$21.32,,,,,B.lion,,,,12026,phantasim,,,,,,,,,,
491,12024,Charter Communications,XX-XY,,,Charter Communications,CHTR,,,,,,,,,,,,,United States,company.public,USD-marketcap,"$42,370,000,000",$293.51,,12024.03,,,B.lion,,,,12026,phantasim,,,,,,,,,,
492,12024,Grayscale Bitcoin Trust,XX-XY,,,Grayscale Bitcoin Trust,GBTC,,,,,,,,,,,,,United States,company.public,USD-marketcap,"$42,360,000,000",$61.19,,12024.03,,,B.lion,,,,12026,phantasim,,,,,,,,,,
493,12024,Fidelity National Information Services,XX-XY,,,Fidelity National Information Services,FIS,,,,,,,,,,,,,United States,company.public,USD-marketcap,"$42,340,000,000",$73.46,,12024.03,,,B.lion,,,,12026,phantasim,,,,,,,,,,
494,12024,Moderna,XX-XY,,,Moderna,MRNA,,,,,,,,,,,,,United States,company.public,USD-marketcap,"$42,340,000,000",$110.59,,12024.03,,,B.lion,,,,12026,phantasim,,,,,,,,,,
495,12024,Lloyds Banking Group,XX-XY,,,Lloyds Banking Group,LYG,,,,,,,,,,,,,United Kingdom,company.public,USD-marketcap,"$42,310,000,000",$2.63,,12024.03,,,B.lion,,,,12026,phantasim,,,,,,,,,,
496,12024,Bank Mandiri,XX-XY,,,Bank Mandiri,BMRI.JK,,,,,,,,,,,,,Indonesia,company.public,USD-marketcap,"$42,250,000,000",$0.45,,,,,B.lion,,,,12026,phantasim,,,,,,,,,,
497,12024,Humana,XX-XY,,,Humana,HUM,,,,,,,,,,,,,United States,company.public,USD-marketcap,"$42,130,000,000",$349.50,,12024.03,,,B.lion,,,,12026,phantasim,,,,,,,,,,
498,12024,Prudential Financial,XX-XY,,,Prudential Financial,PRU,,,,,,,,,,,,,United States,company.public,USD-marketcap,"$42,030,000,000",$117.02,,12024.03,,,B.lion,,,,12026,phantasim,,,,,,,,,,
499,12024,Centene,XX-XY,,,Centene,CNC,,,,,,,,,,,,,United States,company.public,USD-marketcap,"$41,900,000,000",$78.35,,12024.03,,,B.lion,,,,12026,phantasim,,,,,,,,,,
500,12024,Hikvision,XX-XY,,,Hikvision,002415.SZ,,,,,,,,,,,,,China,company.public,USD-marketcap,"$41,890,000,000",$4.49,,,,,B.lion,,,,12026,phantasim,,,,,,,,,,
501,12024,MPLX,XX-XY,,,MPLX,MPLX,,,,,,,,,,,,,United States,company.public,USD-marketcap,"$41,750,000,000",$41.31,,12024.03,,,B.lion,,,,12026,phantasim,,,,,,,,,,
502,12024,Danone,XX-XY,,,Danone,BN.PA,,,,,,,,,,,,,France,company.public,USD-marketcap,"$41,520,000,000",$64.70,,12024.03,,,B.lion,,,,12026,phantasim,,,,,,,,,,
503,12024,Ares Management,XX-XY,,,Ares Management,ARES,,,,,,,,,,,,,United States,company.public,USD-marketcap,"$41,510,000,000",$133.28,,12024.03,,,B.lion,,,,12026,phantasim,,,,,,,,,,
504,12024,Keurig Dr Pepper,XX-XY,,,Keurig Dr Pepper,KDP,,,,,,,,,,,,,United States,company.public,USD-marketcap,"$41,370,000,000",$30.59,,12024.03,,,B.lion,,,,12026,phantasim,,,,,,,,,,
505,12024,Alcon,XX-XY,,,Alcon,ALC,,,,,,,,,,,,,Switzerland,company.public,USD-marketcap,"$41,300,000,000",$83.28,,12024.03,,,B.lion,,,,12026,phantasim,,,,,,,,,,
506,12024,Dow,XX-XY,,,Dow,DOW,,,,,,,,,,,,,United States,company.public,USD-marketcap,"$41,160,000,000",$58.14,,12024.03,,,B.lion,,,,12026,phantasim,,,,,,,,,,
507,12024,Goodman Group,XX-XY,,,Goodman Group,GMG.AX,,,,,,,,,,,,,Australia,company.public,USD-marketcap,"$41,160,000,000",$21.68,,,,,B.lion,,,,12026,phantasim,,,,,,,,,,
508,12024,TC Energy,XX-XY,,,TC Energy,TRP,,,,,,,,,,,,,Canada,company.public,USD-marketcap,"$41,120,000,000",$39.64,,12024.03,,,B.lion,,,,12026,phantasim,,,,,,,,,,
509,12024,GE HealthCare Technologies,XX-XY,,,GE HealthCare Technologies,GEHC,,,,,,,,,,,,,United States,company.public,USD-marketcap,"$41,120,000,000",$90.31,,12024.03,,,B.lion,,,,12026,phantasim,,,,,,,,,,
510,12024,Kenvue,XX-XY,,,Kenvue,KVUE,,,,,,,,,,,,,United States,company.public,USD-marketcap,"$41,060,000,000",$21.45,,12024.03,,,B.lion,,,,12026,phantasim,,,,,,,,,,
511,12024,ENGIE,XX-XY,,,ENGIE,ENGI.PA,,,,,,,,,,,,,France,company.public,USD-marketcap,"$41,000,000,000",$16.93,,,,,B.lion,,,,12026,phantasim,,,,,,,,,,
512,12024,Datadog,XX-XY,,,Datadog,DDOG,,,,,,,,,,,,,United States,company.public,USD-marketcap,"$40,980,000,000",$123.51,,12024.03,,,B.lion,,,,12026,phantasim,,,,,,,,,,
513,12024,Kroger,XX-XY,,,Kroger,KR,,,,,,,,,,,,,United States,company.public,USD-marketcap,"$40,960,000,000",$56.90,,12024.03,,,B.lion,,,,12026,phantasim,,,,,,,,,,
514,12024,Givaudan,XX-XY,,,Givaudan,GIVN.SW,,,,,,,,,,,,,Switzerland,company.public,USD-marketcap,"$40,950,000,000","$4,438.00",,,,,B.lion,,,,12026,phantasim,,,,,,,,,,
515,12024,Japan Post Bank,XX-XY,,,Japan Post Bank,7182.T,,,,,,,,,,,,,Japan,company.public,USD-marketcap,"$40,900,000,000",$11.31,,12024.03,,,B.lion,,,,12026,phantasim,,,,,,,,,,
516,12024,Pernod Ricard,XX-XY,,,Pernod Ricard,RI.PA,,,,,,,,,,,,,France,company.public,USD-marketcap,"$40,820,000,000",$161.77,,12024.03,,,B.lion,,,,12026,phantasim,,,,,,,,,,
517,12024,Sysco,XX-XY,,,Sysco,SYY,,,,,,,,,,,,,United States,company.public,USD-marketcap,"$40,790,000,000",$81.94,,12024.03,,,B.lion,,,,12026,phantasim,,,,,,,,,,
518,12024,Experian,XX-XY,,,Experian,EXPGF,,,,,,,,,,,,,Ireland,company.public,USD-marketcap,"$40,790,000,000",$43.92,,12024.03,,,B.lion,,,,12026,phantasim,,,,,,,,,,
519,12024,Dominion Energy,XX-XY,,,Dominion Energy,D,,,,,,,,,,,,,United States,company.public,USD-marketcap,"$40,640,000,000",$48.52,,12024.03,,,B.lion,,,,12026,phantasim,,,,,,,,,,
520,12024,Newmont,XX-XY,,,Newmont,NEM,,,,,,,,,,,,,United States,company.public,USD-marketcap,"$40,630,000,000",$35.25,,12024.03,,,B.lion,,,,12026,phantasim,,,,,,,,,,
521,12024,Daimler Truck,XX-XY,,,Daimler Truck,DTG.F,,,,,,,,,,,,,Germany,company.public,USD-marketcap,"$40,610,000,000",$50.43,,12024.03,,,B.lion,,,,12026,phantasim,,,,,,,,,,
522,12024,First Abu Dhabi Bank,XX-XY,,,First Abu Dhabi Bank,FAB.AE,,,,,,,,,,,,,United Arab Emirates,company.public,USD-marketcap,"$40,550,000,000",$3.67,,,,,B.lion,,,,12026,phantasim,,,,,,,,,,
523,12024,Jiangsu Hengrui Medicine,XX-XY,,,Jiangsu Hengrui Medicine,600276.SS,,,,,,,,,,,,,China,company.public,USD-marketcap,"$40,520,000,000",$6.35,,,,,B.lion,,,,12026,phantasim,,,,,,,,,,
524,12024,Otis Worldwide,XX-XY,,,Otis Worldwide,OTIS,,,,,,,,,,,,,United States,company.public,USD-marketcap,"$40,480,000,000",$99.86,,12024.03,,,B.lion,,,,12026,phantasim,,,,,,,,,,
525,12024,L3Harris Technologies,XX-XY,,,L3Harris Technologies,LHX,,,,,,,,,,,,,United States,company.public,USD-marketcap,"$40,390,000,000",$212.50,,12024.03,,,B.lion,,,,12026,phantasim,,,,,,,,,,
526,12024,Gazprom,XX-XY,,,Gazprom,GAZP.ME,,,,,,,,,,,,,Russia,company.public,USD-marketcap,"$40,370,000,000",$1.71,,,,,B.lion,,,,12026,phantasim,,,,,,,,,,
527,12024,Kinder Morgan,XX-XY,,,Kinder Morgan,KMI,,,,,,,,,,,,,United States,company.public,USD-marketcap,"$40,280,000,000",$18.15,,12024.03,,,B.lion,,,,12026,phantasim,,,,,,,,,,
528,12024,Daikin,XX-XY,,,Daikin,6367.T,,,,,,,,,,,,,Japan,company.public,USD-marketcap,"$40,240,000,000",$137.47,,12024.03,,,B.lion,,,,12026,phantasim,,,,,,,,,,
529,12024,Cummins,XX-XY,,,Cummins,CMI,,,,,,,,,,,,,United States,company.public,USD-marketcap,"$40,160,000,000",$294.69,,12024.03,,,B.lion,,,,12026,phantasim,,,,,,,,,,
531,12024,Titan Company,XX-XY,,,Titan Company,TITAN.NS,,,,,,,,,,,,,India,company.public,USD-marketcap,"$40,070,000,000",$45.14,,,,,B.lion,,,,12026,phantasim,,,,,,,,,,
532,12024,Bayan Resources,XX-XY,,,Bayan Resources,BYAN.JK,,,,,,,,,,,,,Indonesia,company.public,USD-marketcap,"$40,000,000,000",$1.20,,,,,B.lion,,,,12026,phantasim,,,,,,,,,,
533,12024,STMicroelectronics,XX-XY,,,STMicroelectronics,STM,,,,,,,,,,,,,Switzerland,company.public,USD-marketcap,"$39,890,000,000",$43.97,,12024.03,,,B.lion,,,,12026,phantasim,,,,,,,,,,
534,12024,Corteva,XX-XY,,,Corteva,CTVA,,,,,,,,,,,,,United States,company.public,USD-marketcap,"$39,830,000,000",$57.00,,12024.03,,,B.lion,,,,12026,phantasim,,,,,,,,,,
535,12024,Kuwait Finance House,XX-XY,,,Kuwait Finance House,KFH.KW,,,,,,,,,,,,,Kuwait,company.public,USD-marketcap,"$39,810,000,000","$2,612.00",,,,,B.lion,,,,12026,phantasim,,,,,,,,,,
536,12024,Reckitt Benckiser,XX-XY,,,Reckitt Benckiser,RKT.L,,,,,,,,,,,,,United Kingdom,company.public,USD-marketcap,"$39,750,000,000",$56.09,,12024.03,,,B.lion,,,,12026,phantasim,,,,,,,,,,
537,12024,Nordea Bank,XX-XY,,,Nordea Bank,NDA-FI.HE,,,,,,,,,,,,,Finland,company.public,USD-marketcap,"$39,630,000,000",$11.32,,,,,B.lion,,,,12026,phantasim,,,,,,,,,,
538,12024,Adidas,XX-XY,,,Adidas,ADS.DE,,,,,,,,,,,,,Germany,company.public,USD-marketcap,"$39,580,000,000",$221.73,,12024.03,,,B.lion,,,,12026,phantasim,,,,,,,,,,
539,12024,Disco Corp.,XX-XY,,,Disco Corp.,6146.T,,,,,,,,,,,,,Japan,company.public,USD-marketcap,"$39,570,000,000",$365.32,,12024.03,,,B.lion,,,,12026,phantasim,,,,,,,,,,
540,12024,Generali,XX-XY,,,Generali,G.MI,,,,,,,,,,,,,Italy,company.public,USD-marketcap,"$39,540,000,000",$25.64,,12024.03,,,B.lion,,,,12026,phantasim,,,,,,,,,,
541,12024,Oil & Natural Gas,XX-XY,,,Oil & Natural Gas,ONGC.NS,,,,,,,,,,,,,India,company.public,USD-marketcap,"$39,540,000,000",$3.14,,,,,B.lion,,,,12026,phantasim,,,,,,,,,,
542,12024,The Hershey Company,XX-XY,,,The Hershey Company,HSY,,,,,,,,,,,,,United States,company.public,USD-marketcap,"$39,500,000,000",$193.71,,12024.03,,,B.lion,,,,12026,phantasim,,,,,,,,,,
543,12024,Ambev,XX-XY,,,Ambev,ABEV,,,,,,,,,,,,,Brazil,company.public,USD-marketcap,"$39,440,000,000",$2.48,,12024.03,,,B.lion,,,,12026,phantasim,,,,,,,,,,
544,12024,General Mills,XX-XY,,,General Mills,GIS,,,,,,,,,,,,,United States,company.public,USD-marketcap,"$39,320,000,000",$69.66,,12024.03,,,B.lion,,,,12026,phantasim,,,,,,,,,,
545,12024,CoStar Group,XX-XY,,,CoStar Group,CSGP,,,,,,,,,,,,,United States,company.public,USD-marketcap,"$39,290,000,000",$96.22,,12024.03,,,B.lion,,,,12026,phantasim,,,,,,,,,,
546,12024,Compagnie de Saint-Gobain,XX-XY,,,Compagnie de Saint-Gobain,SGO.PA,,,,,,,,,,,,,France,company.public,USD-marketcap,"$39,240,000,000",$78.17,,,,,B.lion,,,,12026,phantasim,,,,,,,,,,
548,12024,Exor,XX-XY,,,Exor,EXO.AS,,,,,,,,,,,,,Netherlands,company.public,USD-marketcap,"$39,070,000,000",$111.62,,,,,B.lion,,,,12026,phantasim,,,,,,,,,,
549,12024,Axis Bank,XX-XY,,,Axis Bank,AXISBANK.BO,,,,,,,,,,,,,India,company.public,USD-marketcap,"$39,040,000,000",$12.65,,,,,B.lion,,,,12026,phantasim,,,,,,,,,,
550,12024,Haleon,XX-XY,,,Haleon,HLN,,,,,,,,,,,,,United Kingdom,company.public,USD-marketcap,"$38,940,000,000",$8.53,,12024.03,,,B.lion,,,,12026,phantasim,,,,,,,,,,
552,12024,Las Vegas Sands,XX-XY,,,Las Vegas Sands,LVS,,,,,,,,,,,,,United States,company.public,USD-marketcap,"$38,790,000,000",$51.48,,12024.03,,,B.lion,,,,12026,phantasim,,,,,,,,,,
553,12024,CaixaBank,XX-XY,,,CaixaBank,CABK.MC,,,,,,,,,,,,,Spain,company.public,USD-marketcap,"$38,770,000,000",$5.27,,,,,B.lion,,,,12026,phantasim,,,,,,,,,,
554,12024,Capgemini,XX-XY,,,Capgemini,CAP.PA,,,,,,,,,,,,,France,company.public,USD-marketcap,"$38,750,000,000",$232.56,,12024.03,,,B.lion,,,,12026,phantasim,,,,,,,,,,
555,12024,Yum! Brands,XX-XY,,,Yum! Brands,YUM,,,,,,,,,,,,,United States,company.public,USD-marketcap,"$38,630,000,000",$137.32,,12024.03,,,B.lion,,,,12026,phantasim,,,,,,,,,,
556,12024,NTPC Limited,XX-XY,,,NTPC Limited,NTPC.NS,,,,,,,,,,,,,India,company.public,USD-marketcap,"$38,620,000,000",$3.98,,,,,B.lion,,,,12026,phantasim,,,,,,,,,,
557,12024,Ingersoll Rand,XX-XY,,,Ingersoll Rand,IR,,,,,,,,,,,,,Ireland,company.public,USD-marketcap,"$38,430,000,000",$95.26,,12024.03,,,B.lion,,,,12026,phantasim,,,,,,,,,,
558,12024,Woodside Energy,XX-XY,,,Woodside Energy,WDS,,,,,,,,,,,,,Australia,company.public,USD-marketcap,"$38,270,000,000",$19.99,,12024.03,,,B.lion,,,,12026,phantasim,,,,,,,,,,
559,12024,EQT,XX-XY,,,EQT,EQT.ST,,,,,,,,,,,,,Sweden,company.public,USD-marketcap,"$38,200,000,000",$32.28,,,,,B.lion,,,,12026,phantasim,,,,,,,,,,
560,12024,Luzhou Laojiao,XX-XY,,,Luzhou Laojiao,000568.SZ,,,,,,,,,,,,,China,company.public,USD-marketcap,"$38,150,000,000",$25.52,,,,,B.lion,,,,12026,phantasim,,,,,,,,,,
562,12024,Baidu,XX-XY,,,Baidu,BIDU,,,,,,,,,,,,,China,company.public,USD-marketcap,"$37,920,000,000",$104.99,,12024.03,,,B.lion,,,,12026,phantasim,,,,,,,,,,
563,12024,Quanta Services,XX-XY,,,Quanta Services,PWR,,,,,,,,,,,,,United States,company.public,USD-marketcap,"$37,850,000,000",$259.75,,12024.03,,,B.lion,,,,12026,phantasim,,,,,,,,,,
564,12024,7-Eleven,XX-XY,,,7-Eleven,3382.T,,,,,,,,,,,,,Japan,company.public,USD-marketcap,"$37,850,000,000",$14.39,,12024.03,,,B.lion,,,,12026,phantasim,,,,,,,,,,
565,12024,Martin Marietta,XX-XY,,,Martin Marietta,MLM,,,,,,,,,,,,,United States,company.public,USD-marketcap,"$37,820,000,000",$611.86,,12024.03,,,B.lion,,,,12026,phantasim,,,,,,,,,,
566,12024,Cheniere Energy,XX-XY,,,Cheniere Energy,LNG,,,,,,,,,,,,,United States,company.public,USD-marketcap,"$37,810,000,000",$161.14,,12024.03,,,B.lion,,,,12026,phantasim,,,,,,,,,,
567,12024,Wolters Kluwer,XX-XY,,,Wolters Kluwer,WKL.AS,,,,,,,,,,,,,Netherlands,company.public,USD-marketcap,"$37,710,000,000",$157.44,,,,,B.lion,,,,12026,phantasim,,,,,,,,,,
568,12024,Veeva Systems,XX-XY,,,Veeva Systems,VEEV,,,,,,,,,,,,,United States,company.public,USD-marketcap,"$37,640,000,000",$233.39,,12024.03,,,B.lion,,,,12026,phantasim,,,,,,,,,,
569,12024,Gartner,XX-XY,,,Gartner,IT,,,,,,,,,,,,,United States,company.public,USD-marketcap,"$37,490,000,000",$480.84,,12024.03,,,B.lion,,,,12026,phantasim,,,,,,,,,,
570,12024,Swiss Re,XX-XY,,,Swiss Re,SREN.SW,,,,,,,,,,,,,Switzerland,company.public,USD-marketcap,"$37,470,000,000",$129.06,,,,,B.lion,,,,12026,phantasim,,,,,,,,,,
571,12024,Deutsche Börse,XX-XY,,,Deutsche Börse,DB1.DE,,,,,,,,,,,,,Germany,company.public,USD-marketcap,"$37,460,000,000",$203.91,,,,,B.lion,,,,12026,phantasim,,,,,,,,,,
572,12024,CITIC Bank,XX-XY,,,CITIC Bank,601998.SS,,,,,,,,,,,,,China,company.public,USD-marketcap,"$37,380,000,000",$0.87,,,,,B.lion,,,,12026,phantasim,,,,,,,,,,
573,12024,Exelon Corporation,XX-XY,,,Exelon Corporation,EXC,,,,,,,,,,,,,United States,company.public,USD-marketcap,"$37,300,000,000",$37.31,,12024.03,,,B.lion,,,,12026,phantasim,,,,,,,,,,
575,12024,Hong Kong Exchanges & Clearing,XX-XY,,,Hong Kong Exchanges & Clearing,0388.HK,,,,,,,,,,,,,Hong Kong,company.public,USD-marketcap,"$37,070,000,000",$29.25,,,,,B.lion,,,,12026,phantasim,,,,,,,,,,
576,12024,Cenovus Energy,XX-XY,,,Cenovus Energy,CVE,,,,,,,,,,,,,Canada,company.public,USD-marketcap,"$37,060,000,000",$19.84,,12024.03,,,B.lion,,,,12026,phantasim,,,,,,,,,,
577,12024,CITIC Securities,XX-XY,,,CITIC Securities,600030.SS,,,,,,,,,,,,,China,company.public,USD-marketcap,"$37,030,000,000",$2.68,,,,,B.lion,,,,12026,phantasim,,,,,,,,,,
578,12024,UOB,XX-XY,,,UOB,U11.SI,,,,,,,,,,,,,Singapore,company.public,USD-marketcap,"$36,880,000,000",$22.03,,,,,B.lion,,,,12026,phantasim,,,,,,,,,,
579,12024,Imperial Oil,XX-XY,,,Imperial Oil,IMO,,,,,,,,,,,,,Canada,company.public,USD-marketcap,"$36,780,000,000",$68.65,,12024.03,,,B.lion,,,,12026,phantasim,,,,,,,,,,
580,12024,Flutter Entertainment,XX-XY,,,Flutter Entertainment,PPBA.F,,,,,,,,,,,,,Ireland,company.public,USD-marketcap,"$36,760,000,000",$76.01,,,,,B.lion,,,,12026,phantasim,,,,,,,,,,
581,12024,Partners Group,XX-XY,,,Partners Group,PGHN.SW,,,,,,,,,,,,,Switzerland,company.public,USD-marketcap,"$36,750,000,000","$1,417.00",,,,,B.lion,,,,12026,phantasim,,,,,,,,,,
582,12024,BTG Pactual,XX-XY,,,BTG Pactual,BPAC3.SA,,,,,,,,,,,,,Brazil,company.public,USD-marketcap,"$36,690,000,000",$3.65,,,,,B.lion,,,,12026,phantasim,,,,,,,,,,
583,12024,Cognizant Technology Solutions,XX-XY,,,Cognizant Technology Solutions,CTSH,,,,,,,,,,,,,United States,company.public,USD-marketcap,"$36,650,000,000",$73.62,,12024.03,,,B.lion,,,,12026,phantasim,,,,,,,,,,
584,12024,E.ON,XX-XY,,,E.ON,EOAN.DE,,,,,,,,,,,,,Germany,company.public,USD-marketcap,"$36,350,000,000",$13.92,,,,,B.lion,,,,12026,phantasim,,,,,,,,,,
585,12024,Nasdaq,XX-XY,,,Nasdaq,NDAQ,,,,,,,,,,,,,United States,company.public,USD-marketcap,"$36,270,000,000",$63.00,,12024.03,,,B.lion,,,,12026,phantasim,,,,,,,,,,
586,12024,SMC corp,XX-XY,,,SMC corp,6273.T,,,,,,,,,,,,,Japan,company.public,USD-marketcap,"$36,140,000,000",$562.82,,12024.03,,,B.lion,,,,12026,phantasim,,,,,,,,,,
587,12024,Vulcan Materials,XX-XY,,,Vulcan Materials,VMC,,,,,,,,,,,,,United States,company.public,USD-marketcap,"$36,070,000,000",$272.79,,12024.03,,,B.lion,,,,12026,phantasim,,,,,,,,,,
588,12024,QNB (Qatar National Bank),XX-XY,,,QNB (Qatar National Bank),QNBK.QA,,,,,,,,,,,,,Qatar,company.public,USD-marketcap,"$36,070,000,000",$3.91,,,,,B.lion,,,,12026,phantasim,,,,,,,,,,
589,12024,Murata Manufacturing (Murata Seisakusho),XX-XY,,,Murata Manufacturing (Murata Seisakusho),6981.T,,,,,,,,,,,,,Japan,company.public,USD-marketcap,"$35,880,000,000",$19.00,,12024.03,,,B.lion,,,,12026,phantasim,,,,,,,,,,
590,12024,Royal Caribbean,XX-XY,,,Royal Caribbean,RCL,,,,,,,,,,,,,United States,company.public,USD-marketcap,"$35,850,000,000",$139.72,,12024.03,,,B.lion,,,,12026,phantasim,,,,,,,,,,
591,12024,Barclays,XX-XY,,,Barclays,BCS,,,,,,,,,,,,,United Kingdom,company.public,USD-marketcap,"$35,560,000,000",$9.42,,12024.03,,,B.lion,,,,12026,phantasim,,,,,,,,,,
592,12024,Mitsubishi Electric,XX-XY,,,Mitsubishi Electric,6503.T,,,,,,,,,,,,,Japan,company.public,USD-marketcap,"$35,560,000,000",$17.01,,12024.03,,,B.lion,,,,12026,phantasim,,,,,,,,,,
593,12024,Thales,XX-XY,,,Thales,HO.PA,,,,,,,,,,,,,France,company.public,USD-marketcap,"$35,470,000,000",$171.79,,12024.03,,,B.lion,,,,12026,phantasim,,,,,,,,,,
594,12024,Restaurant Brands International,XX-XY,,,Restaurant Brands International,QSR,,,,,,,,,,,,,Canada,company.public,USD-marketcap,"$35,350,000,000",$79.11,,12024.03,,,B.lion,,,,12026,phantasim,,,,,,,,,,
596,12024,Electronic Arts,XX-XY,,,Electronic Arts,EA,,,,,,,,,,,,,United States,company.public,USD-marketcap,"$35,250,000,000",$131.87,,12024.03,,,B.lion,,,,12026,phantasim,,,,,,,,,,
597,12024,Diamondback Energy,XX-XY,,,Diamondback Energy,FANG,,,,,,,,,,,,,United States,company.public,USD-marketcap,"$35,070,000,000",$196.53,,12024.03,,,B.lion,,,,12026,phantasim,,,,,,,,,,
601,12024,Adani Green Energy,XX-XY,,,Adani Green Energy,ADANIGREEN.NS,,,,,,,,,,,,,India,company.public,USD-marketcap,"$34,660,000,000",$21.89,,,,,B.lion,,,,12026,phantasim,,,,,,,,,,
602,12024,Wanhua Chemical,XX-XY,,,Wanhua Chemical,600309.SS,,,,,,,,,,,,,China,company.public,USD-marketcap,"$34,640,000,000",$11.03,,,,,B.lion,,,,12026,phantasim,,,,,,,,,,
603,12024,CDW Corporation,XX-XY,,,CDW Corporation,CDW,,,,,,,,,,,,,United States,company.public,USD-marketcap,"$34,610,000,000",$257.87,,12024.03,,,B.lion,,,,12026,phantasim,,,,,,,,,,
604,12024,DMart,XX-XY,,,DMart,DMART.NS,,,,,,,,,,,,,India,company.public,USD-marketcap,"$34,600,000,000",$53.08,,,,,B.lion,,,,12026,phantasim,,,,,,,,,,
605,12024,Halliburton,XX-XY,,,Halliburton,HAL,,,,,,,,,,,,,United States,company.public,USD-marketcap,"$34,560,000,000",$38.83,,12024.03,,,B.lion,,,,12026,phantasim,,,,,,,,,,
606,12024,Loblaw Companies,XX-XY,,,Loblaw Companies,L.TO,,,,,,,,,,,,,Canada,company.public,USD-marketcap,"$34,530,000,000",$111.66,,12024.03,,,B.lion,,,,12026,phantasim,,,,,,,,,,
607,12024,3i Group,XX-XY,,,3i Group,III.L,,,,,,,,,,,,,United Kingdom,company.public,USD-marketcap,"$34,470,000,000",$35.42,,12024.03,,,B.lion,,,,12026,phantasim,,,,,,,,,,
608,12024,Adani Ports & SEZ,XX-XY,,,Adani Ports & SEZ,ADANIPORTS.NS,,,,,,,,,,,,,India,company.public,USD-marketcap,"$34,310,000,000",$15.88,,,,,B.lion,,,,12026,phantasim,,,,,,,,,,
609,12024,Arch Capital,XX-XY,,,Arch Capital,ACGL,,,,,,,,,,,,,Bermuda,company.public,USD-marketcap,"$34,220,000,000",$91.48,,12024.03,,,B.lion,,,,12026,phantasim,,,,,,,,,,
610,12024,PPG Industries,XX-XY,,,PPG Industries,PPG,,,,,,,,,,,,,United States,company.public,USD-marketcap,"$34,010,000,000",$144.54,,12024.03,,,B.lion,,,,12026,phantasim,,,,,,,,,,
611,12024,DSV,XX-XY,,,DSV,DSV.VI,,,,,,,,,,,,,Denmark,company.public,USD-marketcap,"$33,950,000,000",$162.97,,,,,B.lion,,,,12026,phantasim,,,,,,,,,,
612,12024,Dollar General,XX-XY,,,Dollar General,DG,,,,,,,,,,,,,United States,company.public,USD-marketcap,"$33,870,000,000",$154.21,,12024.03,,,B.lion,,,,12026,phantasim,,,,,,,,,,
613,12024,Dubai Electricity and Water Authority (DEWA),XX-XY,,,Dubai Electricity and Water Authority (DEWA),DEWA.AE,,,,,,,,,,,,,United Arab Emirates,company.public,USD-marketcap,"$33,620,000,000",$0.67,,,,,B.lion,,,,12026,phantasim,,,,,,,,,,
614,12024,Global Payments,XX-XY,,,Global Payments,GPN,,,,,,,,,,,,,United States,company.public,USD-marketcap,"$33,610,000,000",$131.77,,12024.03,,,B.lion,,,,12026,phantasim,,,,,,,,,,
615,12024,Verisk Analytics,XX-XY,,,Verisk Analytics,VRSK,,,,,,,,,,,,,United States,company.public,USD-marketcap,"$33,540,000,000",$233.93,,12024.03,,,B.lion,,,,12026,phantasim,,,,,,,,,,
617,12024,LyondellBasell,XX-XY,,,LyondellBasell,LYB,,,,,,,,,,,,,United States,company.public,USD-marketcap,"$33,400,000,000",$102.95,,12024.03,,,B.lion,,,,12026,phantasim,,,,,,,,,,
618,12024,Rockwell Automation,XX-XY,,,Rockwell Automation,ROK,,,,,,,,,,,,,United States,company.public,USD-marketcap,"$33,370,000,000",$291.21,,12024.03,,,B.lion,,,,12026,phantasim,,,,,,,,,,
619,12024,Baker Hughes,XX-XY,,,Baker Hughes,BKR,,,,,,,,,,,,,United States,company.public,USD-marketcap,"$33,350,000,000",$33.09,,12024.03,,,B.lion,,,,12026,phantasim,,,,,,,,,,
620,12024,Beiersdorf,XX-XY,,,Beiersdorf,BEI.DE,,,,,,,,,,,,,Germany,company.public,USD-marketcap,"$33,320,000,000",$146.93,,12024.03,,,B.lion,,,,12026,phantasim,,,,,,,,,,
621,12024,UltraTech Cement,XX-XY,,,UltraTech Cement,ULTRACEMCO.NS,,,,,,,,,,,,,India,company.public,USD-marketcap,"$33,300,000,000",$115.56,,,,,B.lion,,,,12026,phantasim,,,,,,,,,,
622,12024,Ryanair,XX-XY,,,Ryanair,RYAAY,,,,,,,,,,,,,Ireland,company.public,USD-marketcap,"$33,280,000,000",$146.02,,12024.03,,,B.lion,,,,12026,phantasim,,,,,,,,,,
623,12024,Kia,XX-XY,,,Kia,000270.KS,,,,,,,,,,,,,South Korea,company.public,USD-marketcap,"$33,240,000,000",$84.16,,,,,B.lion,,,,12026,phantasim,,,,,,,,,,
624,12024,PSEG,XX-XY,,,PSEG,PEG,,,,,,,,,,,,,United States,company.public,USD-marketcap,"$33,230,000,000",$66.65,,12024.03,,,B.lion,,,,12026,phantasim,,,,,,,,,,
625,12024,Advantest,XX-XY,,,Advantest,6857.T,,,,,,,,,,,,,Japan,company.public,USD-marketcap,"$33,190,000,000",$44.96,,12024.03,,,B.lion,,,,12026,phantasim,,,,,,,,,,
626,12024,Hannover Rück,XX-XY,,,Hannover Rück,HNR1.DE,,,,,,,,,,,,,Germany,company.public,USD-marketcap,"$33,100,000,000",$274.48,,,,,B.lion,,,,12026,phantasim,,,,,,,,,,
627,12024,Assa Abloy,XX-XY,,,Assa Abloy,ASAZF,,,,,,,,,,,,,Sweden,company.public,USD-marketcap,"$32,960,000,000",$28.36,,12024.03,,,B.lion,,,,12026,phantasim,,,,,,,,,,
628,12024,Japan Post Holdings,XX-XY,,,Japan Post Holdings,6178.T,,,,,,,,,,,,,Japan,company.public,USD-marketcap,"$32,860,000,000",$10.22,,12024.03,,,B.lion,,,,12026,phantasim,,,,,,,,,,
629,12024,Coca-Cola European Partners,XX-XY,,,Coca-Cola European Partners,CCEP,,,,,,,,,,,,,United Kingdom,company.public,USD-marketcap,"$32,840,000,000",$71.50,,12024.03,,,B.lion,,,,12026,phantasim,,,,,,,,,,
630,12024,Monolithic Power Systems,XX-XY,,,Monolithic Power Systems,MPWR,,,,,,,,,,,,,United States,company.public,USD-marketcap,"$32,750,000,000",$673.14,,12024.03,,,B.lion,,,,12026,phantasim,,,,,,,,,,
631,12024,Anglo American,XX-XY,,,Anglo American,AAL.L,,,,,,,,,,,,,United Kingdom,company.public,USD-marketcap,"$32,730,000,000",$24.30,,12024.03,,,B.lion,,,,12026,phantasim,,,,,,,,,,
632,12024,Kühne + Nagel,XX-XY,,,Kühne + Nagel,KNIN.SW,,,,,,,,,,,,,Switzerland,company.public,USD-marketcap,"$32,720,000,000",$276.58,,,,,B.lion,,,,12026,phantasim,,,,,,,,,,
634,12024,Cloudflare,XX-XY,,,Cloudflare,NET,,,,,,,,,,,,,United States,company.public,USD-marketcap,"$32,600,000,000",$96.55,,12024.03,,,B.lion,,,,12026,phantasim,,,,,,,,,,
635,12024,Equifax,XX-XY,,,Equifax,EFX,,,,,,,,,,,,,United States,company.public,USD-marketcap,"$32,590,000,000",$262.40,,12024.03,,,B.lion,,,,12026,phantasim,,,,,,,,,,
636,12024,Asian Paints,XX-XY,,,Asian Paints,ASIANPAINT.NS,,,,,,,,,,,,,India,company.public,USD-marketcap,"$32,590,000,000",$33.99,,,,,B.lion,,,,12026,phantasim,,,,,,,,,,
637,12024,MicroStrategy,XX-XY,,,MicroStrategy,MSTR,,,,,,,,,,,,,United States,company.public,USD-marketcap,"$32,560,000,000","$1,919.00",,12024.03,,,B.lion,,,,12026,phantasim,,,,,,,,,,
638,12024,Hexagon,XX-XY,,,Hexagon,HXGBF,,,,,,,,,,,,,Sweden,company.public,USD-marketcap,"$32,490,000,000",$12.20,,12024.03,,,B.lion,,,,12026,phantasim,,,,,,,,,,
639,12024,WEG ON,XX-XY,,,WEG ON,WEGE3.SA,,,,,,,,,,,,,Brazil,company.public,USD-marketcap,"$32,470,000,000",$7.74,,,,,B.lion,,,,12026,phantasim,,,,,,,,,,
640,12024,Toyota Industries,XX-XY,,,Toyota Industries,6201.T,,,,,,,,,,,,,Japan,company.public,USD-marketcap,"$32,380,000,000",$104.30,,12024.03,,,B.lion,,,,12026,phantasim,,,,,,,,,,
641,12024,ON Semiconductor,XX-XY,,,ON Semiconductor,ON,,,,,,,,,,,,,United States,company.public,USD-marketcap,"$32,310,000,000",$75.61,,12024.03,,,B.lion,,,,12026,phantasim,,,,,,,,,,
642,12024,Invest Bank,XX-XY,,,Invest Bank,INVESTB.AE,,,,,,,,,,,,,United Arab Emirates,company.public,USD-marketcap,"$32,240,000,000",$0.12,,,,,B.lion,,,,12026,phantasim,,,,,,,,,,
643,12024,Archer Daniels Midland (ADM),XX-XY,,,Archer Daniels Midland (ADM),ADM,,,,,,,,,,,,,United States,company.public,USD-marketcap,"$32,110,000,000",$62.99,,12024.03,,,B.lion,,,,12026,phantasim,,,,,,,,,,
645,12024,Extra Space Storage,XX-XY,,,Extra Space Storage,EXR,,,,,,,,,,,,,United States,company.public,USD-marketcap,"$32,100,000,000",$146.75,,12024.03,,,B.lion,,,,12026,phantasim,,,,,,,,,,
646,12024,Discover Financial Services,XX-XY,,,Discover Financial Services,DFS,,,,,,,,,,,,,United States,company.public,USD-marketcap,"$32,070,000,000",$128.00,,12024.03,,,B.lion,,,,12026,phantasim,,,,,,,,,,
647,12024,Banco do Brasil,XX-XY,,,Banco do Brasil,BBAS3.SA,,,,,,,,,,,,,Brazil,company.public,USD-marketcap,"$32,070,000,000",$11.24,,,,,B.lion,,,,12026,phantasim,,,,,,,,,,
648,12024,Muyuan Foods,XX-XY,,,Muyuan Foods,002714.SZ,,,,,,,,,,,,,China,company.public,USD-marketcap,"$31,960,000,000",$5.85,,,,,B.lion,,,,12026,phantasim,,,,,,,,,,
649,12024,Dupont De Nemours,XX-XY,,,Dupont De Nemours,DD,,,,,,,,,,,,,United States,company.public,USD-marketcap,"$31,940,000,000",$76.50,,12024.03,,,B.lion,,,,12026,phantasim,,,,,,,,,,
650,12024,Henkel,XX-XY,,,Henkel,HEN3.DE,,,,,,,,,,,,,Germany,company.public,USD-marketcap,"$31,910,000,000",$80.89,,,,,B.lion,,,,12026,phantasim,,,,,,,,,,
651,12024,Deutsche Bank,XX-XY,,,Deutsche Bank,DB,,,,,,,,,,,,,Germany,company.public,USD-marketcap,"$31,800,000,000",$15.96,,12024.03,,,B.lion,,,,12026,phantasim,,,,,,,,,,
652,12024,Swisscom,XX-XY,,,Swisscom,SCMN.SW,,,,,,,,,,,,,Switzerland,company.public,USD-marketcap,"$31,790,000,000",$613.74,,,,,B.lion,,,,12026,phantasim,,,,,,,,,,
653,12024,Coal India,XX-XY,,,Coal India,COALINDIA.NS,,,,,,,,,,,,,India,company.public,USD-marketcap,"$31,780,000,000",$5.16,,,,,B.lion,,,,12026,phantasim,,,,,,,,,,
654,12024,Naspers,XX-XY,,,Naspers,NPSNY,,,,,,,,,,,,,South Africa,company.public,USD-marketcap,"$31,770,000,000",$34.91,,12024.03,,,B.lion,,,,12026,phantasim,,,,,,,,,,
655,12024,Sun Life Financial,XX-XY,,,Sun Life Financial,SLF,,,,,,,,,,,,,Canada,company.public,USD-marketcap,"$31,740,000,000",$54.38,,12024.03,,,B.lion,,,,12026,phantasim,,,,,,,,,,
658,12024,Coupang,XX-XY,,,Coupang,CPNG,,,,,,,,,,,,,South Korea,company.public,USD-marketcap,"$31,580,000,000",$17.61,,12024.03,,,B.lion,,,,12026,phantasim,,,,,,,,,,
659,12024,HubSpot,XX-XY,,,HubSpot,HUBS,,,,,,,,,,,,,United States,company.public,USD-marketcap,"$31,580,000,000",$623.33,,12024.03,,,B.lion,,,,12026,phantasim,,,,,,,,,,
660,12024,Foshan Haitian Flavouring and Food,XX-XY,,,Foshan Haitian Flavouring and Food,603288.SS,,,,,,,,,,,,,China,company.public,USD-marketcap,"$31,540,000,000",$5.54,,,,,B.lion,,,,12026,phantasim,,,,,,,,,,
662,12024,Biogen,XX-XY,,,Biogen,BIIB,,,,,,,,,,,,,United States,company.public,USD-marketcap,"$31,440,000,000",$216.34,,12024.03,,,B.lion,,,,12026,phantasim,,,,,,,,,,
663,12024,Devon Energy,XX-XY,,,Devon Energy,DVN,,,,,,,,,,,,,United States,company.public,USD-marketcap,"$31,400,000,000",$49.46,,12024.03,,,B.lion,,,,12026,phantasim,,,,,,,,,,
664,12024,Orange,XX-XY,,,Orange,ORAN,,,,,,,,,,,,,France,company.public,USD-marketcap,"$31,360,000,000",$11.66,,12024.03,,,B.lion,,,,12026,phantasim,,,,,,,,,,
665,12024,Xylem,XX-XY,,,Xylem,XYL,,,,,,,,,,,,,United States,company.public,USD-marketcap,"$31,280,000,000",$129.38,,12024.03,,,B.lion,,,,12026,phantasim,,,,,,,,,,
666,12024,Renesas Electronics,XX-XY,,,Renesas Electronics,6723.T,,,,,,,,,,,,,Japan,company.public,USD-marketcap,"$31,280,000,000",$17.61,,12024.03,,,B.lion,,,,12026,phantasim,,,,,,,,,,
667,12024,FICO,XX-XY,,,FICO,FICO,,,,,,,,,,,,,United States,company.public,USD-marketcap,"$31,270,000,000","$1,259.00",,12024.03,,,B.lion,,,,12026,phantasim,,,,,,,,,,
668,12024,BCE,XX-XY,,,BCE,BCE,,,,,,,,,,,,,Canada,company.public,USD-marketcap,"$31,250,000,000",$34.26,,12024.03,,,B.lion,,,,12026,phantasim,,,,,,,,,,
669,12024,Chandra Asri Petrochemical,XX-XY,,,Chandra Asri Petrochemical,TPIA.JK,,,,,,,,,,,,,Indonesia,company.public,USD-marketcap,"$31,250,000,000",$0.36,,,,,B.lion,,,,12026,phantasim,,,,,,,,,,
672,12024,Bajaj Auto,XX-XY,,,Bajaj Auto,BAJAJ-AUTO.NS,,,,,,,,,,,,,India,company.public,USD-marketcap,"$31,160,000,000",$110.03,,,,,B.lion,,,,12026,phantasim,,,,,,,,,,
673,12024,Consolidated Edison,XX-XY,,,Consolidated Edison,ED,,,,,,,,,,,,,United States,company.public,USD-marketcap,"$31,110,000,000",$90.05,,12024.03,,,B.lion,,,,12026,phantasim,,,,,,,,,,
674,12024,Singtel,XX-XY,,,Singtel,Z74.SI,,,,,,,,,,,,,Singapore,company.public,USD-marketcap,"$31,100,000,000",$1.89,,,,,B.lion,,,,12026,phantasim,,,,,,,,,,
675,12024,Quanta Computer,XX-XY,,,Quanta Computer,2382.TW,,,,,,,,,,,,,Taiwan,company.public,USD-marketcap,"$31,040,000,000",$8.05,,,,,B.lion,,,,12026,phantasim,,,,,,,,,,
676,12024,VICI Properties,XX-XY,,,VICI Properties,VICI,,,,,,,,,,,,,United States,company.public,USD-marketcap,"$31,030,000,000",$29.75,,12024.03,,,B.lion,,,,12026,phantasim,,,,,,,,,,
677,12024,Vertiv Holdings,XX-XY,,,Vertiv Holdings,VRT,,,,,,,,,,,,,United States,company.public,USD-marketcap,"$30,940,000,000",$81.01,,12024.03,,,B.lion,,,,12026,phantasim,,,,,,,,,,
678,12024,Banco Bradesco,XX-XY,,,Banco Bradesco,BBD,,,,,,,,,,,,,Brazil,company.public,USD-marketcap,"$30,900,000,000",$2.91,,12024.03,,,B.lion,,,,12026,phantasim,,,,,,,,,,
679,12024,QNB Finansbank,XX-XY,,,QNB Finansbank,QNBFB.IS,,,,,,,,,,,,,Turkey,company.public,USD-marketcap,"$30,870,000,000",$9.22,,,,,B.lion,,,,12026,phantasim,,,,,,,,,,
680,12024,DSM-Firmenich,XX-XY,,,DSM-Firmenich,DSFIR.AS,,,,,,,,,,,,,Switzerland,company.public,USD-marketcap,"$30,840,000,000",$114.93,,,,,B.lion,,,,12026,phantasim,,,,,,,,,,
681,12024,Ashtead,XX-XY,,,Ashtead,AHT.L,,,,,,,,,,,,,United Kingdom,company.public,USD-marketcap,"$30,750,000,000",$70.33,,12024.03,,,B.lion,,,,12026,phantasim,,,,,,,,,,
682,12024,Li Auto,XX-XY,,,Li Auto,LI,,,,,,,,,,,,,China,company.public,USD-marketcap,"$30,740,000,000",$30.18,,12024.03,,,B.lion,,,,12026,phantasim,,,,,,,,,,
683,12024,Banorte,XX-XY,,,Banorte,GFNORTEO.MX,,,,,,,,,,,,,Mexico,company.public,USD-marketcap,"$30,710,000,000",$10.65,,,,,B.lion,,,,12026,phantasim,,,,,,,,,,
684,12024,Chunghwa Telecom,XX-XY,,,Chunghwa Telecom,CHT,,,,,,,,,,,,,Taiwan,company.public,USD-marketcap,"$30,650,000,000",$39.33,,12024.03,,,B.lion,,,,12026,phantasim,,,,,,,,,,
685,12024,ASM International,XX-XY,,,ASM International,ASM.AS,,,,,,,,,,,,,Netherlands,company.public,USD-marketcap,"$30,610,000,000",$621.64,,12024.03,,,B.lion,,,,12026,phantasim,,,,,,,,,,
686,12024,Sea (Garena),XX-XY,,,Sea (Garena),SE,,,,,,,,,,,,,Singapore,company.public,USD-marketcap,"$30,460,000,000",$53.57,,12024.03,,,B.lion,,,,12026,phantasim,,,,,,,,,,
687,12024,Delta Air Lines,XX-XY,,,Delta Air Lines,DAL,,,,,,,,,,,,,United States,company.public,USD-marketcap,"$30,430,000,000",$47.31,,12024.03,,,B.lion,,,,12026,phantasim,,,,,,,,,,
688,12024,Coloplast,XX-XY,,,Coloplast,COLO-B.CO,,,,,,,,,,,,,Denmark,company.public,USD-marketcap,"$30,430,000,000",$135.38,,,,,B.lion,,,,12026,phantasim,,,,,,,,,,
689,12024,Bridgestone,XX-XY,,,Bridgestone,5108.T,,,,,,,,,,,,,Japan,company.public,USD-marketcap,"$30,420,000,000",$44.43,,12024.03,,,B.lion,,,,12026,phantasim,,,,,,,,,,
690,12024,Fujitsu,XX-XY,,,Fujitsu,6702.T,,,,,,,,,,,,,Japan,company.public,USD-marketcap,"$30,420,000,000",$163.73,,12024.03,,,B.lion,,,,12026,phantasim,,,,,,,,,,
691,12024,The Hartford,XX-XY,,,The Hartford,HIG,,,,,,,,,,,,,United States,company.public,USD-marketcap,"$30,410,000,000",$102.30,,12024.03,,,B.lion,,,,12026,phantasim,,,,,,,,,,
692,12024,Ansys,XX-XY,,,Ansys,ANSS,,,,,,,,,,,,,United States,company.public,USD-marketcap,"$30,270,000,000",$347.93,,12024.03,,,B.lion,,,,12026,phantasim,,,,,,,,,,
693,12024,Bajaj Finserv,XX-XY,,,Bajaj Finserv,BAJAJFINSV.NS,,,,,,,,,,,,,India,company.public,USD-marketcap,"$30,250,000,000",$19.01,,,,,B.lion,,,,12026,phantasim,,,,,,,,,,
694,12024,Bayer,XX-XY,,,Bayer,BAYN.DE,,,,,,,,,,,,,Germany,company.public,USD-marketcap,"$30,240,000,000",$30.78,,,,,B.lion,,,,12026,phantasim,,,,,,,,,,
695,12024,Fortive,XX-XY,,,Fortive,FTV,,,,,,,,,,,,,United States,company.public,USD-marketcap,"$30,220,000,000",$86.02,,12024.03,,,B.lion,,,,12026,phantasim,,,,,,,,,,
696,12024,Wipro,XX-XY,,,Wipro,WIT,,,,,,,,,,,,,India,company.public,USD-marketcap,"$30,220,000,000",$5.70,,12024.03,,,B.lion,,,,12026,phantasim,,,,,,,,,,
698,12024,KBC,XX-XY,,,KBC,KBCSF,,,,,,,,,,,,,Belgium,company.public,USD-marketcap,"$30,180,000,000",$74.35,,12024.03,,,B.lion,,,,12026,phantasim,,,,,,,,,,
699,12024,Powergrid Corporation of India,XX-XY,,,Powergrid Corporation of India,POWERGRID.NS,,,,,,,,,,,,,India,company.public,USD-marketcap,"$30,180,000,000",$3.25,,,,,B.lion,,,,12026,phantasim,,,,,,,,,,
700,12024,China State Construction Engineering,XX-XY,,,China State Construction Engineering,601668.SS,,,,,,,,,,,,,China,company.public,USD-marketcap,"$30,170,000,000",$0.72,,,,,B.lion,,,,12026,phantasim,,,,,,,,,,
701,12024,Mitsui Fudosan,XX-XY,,,Mitsui Fudosan,8801.T,,,,,,,,,,,,,Japan,company.public,USD-marketcap,"$30,130,000,000",$32.27,,12024.03,,,B.lion,,,,12026,phantasim,,,,,,,,,,
702,12024,Gree Electric Appliances,XX-XY,,,Gree Electric Appliances,000651.SZ,,,,,,,,,,,,,China,company.public,USD-marketcap,"$30,130,000,000",$5.35,,,,,B.lion,,,,12026,phantasim,,,,,,,,,,
703,12024,DNB,XX-XY,,,DNB,DNB.OL,,,,,,,,,,,,,Norway,company.public,USD-marketcap,"$30,120,000,000",$19.96,,,,,B.lion,,,,12026,phantasim,,,,,,,,,,
704,12024,Sumitomo,XX-XY,,,Sumitomo,8053.T,,,,,,,,,,,,,Japan,company.public,USD-marketcap,"$30,080,000,000",$24.62,,12024.03,,,B.lion,,,,12026,phantasim,,,,,,,,,,
706,12024,Mitsubishi Heavy Industries,XX-XY,,,Mitsubishi Heavy Industries,7011.T,,,,,,,,,,,,,Japan,company.public,USD-marketcap,"$29,890,000,000",$88.97,,12024.03,,,B.lion,,,,12026,phantasim,,,,,,,,,,
707,12024,Nestlé India,XX-XY,,,Nestlé India,NESTLEIND.NS,,,,,,,,,,,,,India,company.public,USD-marketcap,"$29,710,000,000",$30.82,,,,,B.lion,,,,12026,phantasim,,,,,,,,,,
709,12024,Anta Sports,XX-XY,,,Anta Sports,2020.HK,,,,,,,,,,,,,China,company.public,USD-marketcap,"$29,680,000,000",$10.48,,,,,B.lion,,,,12026,phantasim,,,,,,,,,,
710,12024,Emirates NBD Bank PJSC,XX-XY,,,Emirates NBD Bank PJSC,EMIRATESNBD.AE,,,,,,,,,,,,,United Arab Emirates,company.public,USD-marketcap,"$29,670,000,000",$4.70,,,,,B.lion,,,,12026,phantasim,,,,,,,,,,
711,12024,Xcel Energy,XX-XY,,,Xcel Energy,XEL,,,,,,,,,,,,,United States,company.public,USD-marketcap,"$29,630,000,000",$53.38,,12024.03,,,B.lion,,,,12026,phantasim,,,,,,,,,,
712,12024,NatWest Group,XX-XY,,,NatWest Group,NWG,,,,,,,,,,,,,United Kingdom,company.public,USD-marketcap,"$29,620,000,000",$6.78,,12024.03,,,B.lion,,,,12026,phantasim,,,,,,,,,,
713,12024,CBRE Group,XX-XY,,,CBRE Group,CBRE,,,,,,,,,,,,,United States,company.public,USD-marketcap,"$29,600,000,000",$96.84,,12024.03,,,B.lion,,,,12026,phantasim,,,,,,,,,,
714,12024,Aena,XX-XY,,,Aena,AENA.MC,,,,,,,,,,,,,Spain,company.public,USD-marketcap,"$29,570,000,000",$197.14,,,,,B.lion,,,,12026,phantasim,,,,,,,,,,
718,12024,Great-West Lifeco,XX-XY,,,Great-West Lifeco,GWO.TO,,,,,,,,,,,,,Canada,company.public,USD-marketcap,"$29,490,000,000",$31.63,,,,,B.lion,,,,12026,phantasim,,,,,,,,,,
719,12024,HP,XX-XY,,Hewlett-Packard Company,HP Inc.,HPQ,,,,,,,,,,,,,United States,company.public,USD-marketcap,"$29,470,000,000",$30.12,,12024.03,,,B.lion,,,,12026,phantasim,,,,,,,,,,
720,12024,Canon,XX-XY,,,Canon,7751.T,,,,,,,,,,,,,Japan,company.public,USD-marketcap,"$29,440,000,000",$29.81,,12024.03,,,B.lion,,,,12026,phantasim,,,,,,,,,,
721,12024,Ferrovial,XX-XY,,,Ferrovial,FER.MC,,,,,,,,,,,,,Spain,company.public,USD-marketcap,"$29,370,000,000",$40.19,,,,,B.lion,,,,12026,phantasim,,,,,,,,,,
722,12024,Dr. Sulaiman Al Habib Medical Services Group Company,XX-XY,,,Dr. Sulaiman Al Habib Medical Services Group Company,4013.SR,,,,,,,,,,,,,Saudi Arabia,company.public,USD-marketcap,"$29,330,000,000",$83.82,,,,,B.lion,,,,12026,phantasim,,,,,,,,,,
723,12024,Marubeni,XX-XY,,,Marubeni,8002.T,,,,,,,,,,,,,Japan,company.public,USD-marketcap,"$29,240,000,000",$17.47,,12024.03,,,B.lion,,,,12026,phantasim,,,,,,,,,,
724,12024,Luxshare Precision,XX-XY,,,Luxshare Precision,002475.SZ,,,,,,,,,,,,,China,company.public,USD-marketcap,"$29,180,000,000",$4.07,,,,,B.lion,,,,12026,phantasim,,,,,,,,,,
725,12024,Shanghai Pudong Development Bank,XX-XY,,,Shanghai Pudong Development Bank,600000.SS,,,,,,,,,,,,,China,company.public,USD-marketcap,"$29,120,000,000",$0.99,,,,,B.lion,,,,12026,phantasim,,,,,,,,,,
726,12024,Haier Smart Home,XX-XY,,,Haier Smart Home,600690.SS,,,,,,,,,,,,,China,company.public,USD-marketcap,"$29,120,000,000",$3.29,,,,,B.lion,,,,12026,phantasim,,,,,,,,,,
727,12024,Zscaler,XX-XY,,,Zscaler,ZS,,,,,,,,,,,,,United States,company.public,USD-marketcap,"$28,990,000,000",$193.48,,12024.03,,,B.lion,,,,12026,phantasim,,,,,,,,,,
728,12024,Intact Financial,XX-XY,,,Intact Financial,IFC.TO,,,,,,,,,,,,,Canada,company.public,USD-marketcap,"$28,970,000,000",$162.51,,,,,B.lion,,,,12026,phantasim,,,,,,,,,,
729,12024,Rocket Companies,XX-XY,,,Rocket Companies,RKT,,,,,,,,,,,,,United States,company.public,USD-marketcap,"$28,950,000,000",$14.57,,12024.03,,,B.lion,,,,12026,phantasim,,,,,,,,,,
730,12024,Dollar Tree,XX-XY,,,Dollar Tree,DLTR,,,,,,,,,,,,,United States,company.public,USD-marketcap,"$28,880,000,000",$132.50,,12024.03,,,B.lion,,,,12026,phantasim,,,,,,,,,,
731,12024,ResMed,XX-XY,,,ResMed,RMD,,,,,,,,,,,,,United States,company.public,USD-marketcap,"$28,870,000,000",$196.33,,12024.03,,,B.lion,,,,12026,phantasim,,,,,,,,,,
732,12024,West Pharmaceutical,XX-XY,,,West Pharmaceutical,WST,,,,,,,,,,,,,United States,company.public,USD-marketcap,"$28,850,000,000",$394.10,,12024.03,,,B.lion,,,,12026,phantasim,,,,,,,,,,
733,12024,East Money Information,XX-XY,,,East Money Information,300059.SZ,,,,,,,,,,,,,China,company.public,USD-marketcap,"$28,830,000,000",$1.77,,,,,B.lion,,,,12026,phantasim,,,,,,,,,,
734,12024,Agnico Eagle Mines,XX-XY,,,Agnico Eagle Mines,AEM,,,,,,,,,,,,,Canada,company.public,USD-marketcap,"$28,820,000,000",$57.85,,12024.03,,,B.lion,,,,12026,phantasim,,,,,,,,,,
735,12024,National Bank of Canada,XX-XY,,,National Bank of Canada,NA.TO,,,,,,,,,,,,,Canada,company.public,USD-marketcap,"$28,640,000,000",$84.44,,12024.03,,,B.lion,,,,12026,phantasim,,,,,,,,,,
736,12024,Celltrion,XX-XY,,,Celltrion,068270.KS,,,,,,,,,,,,,South Korea,company.public,USD-marketcap,"$28,620,000,000",$136.47,,,,,B.lion,,,,12026,phantasim,,,,,,,,,,
737,12024,GlobalFoundries,XX-XY,,,GlobalFoundries,GFS,,,,,,,,,,,,,United States,company.public,USD-marketcap,"$28,610,000,000",$51.73,,12024.03,,,B.lion,,,,12026,phantasim,,,,,,,,,,
738,12024,Mettler-Toledo,XX-XY,,,Mettler-Toledo,MTD,,,,,,,,,,,,,United States,company.public,USD-marketcap,"$28,570,000,000","$1,336.00",,12024.03,,,B.lion,,,,12026,phantasim,,,,,,,,,,
739,12024,Trip.com,XX-XY,,,Trip.com,TCOM,,,,,,,,,,,,,China,company.public,USD-marketcap,"$28,560,000,000",$43.64,,12024.03,,,B.lion,,,,12026,phantasim,,,,,,,,,,
740,12024,Telstra,XX-XY,,,Telstra,TLS.AX,,,,,,,,,,,,,Australia,company.public,USD-marketcap,"$28,540,000,000",$2.47,,,,,B.lion,,,,12026,phantasim,,,,,,,,,,
741,12024,MS&AD Insurance,XX-XY,,,MS&AD Insurance,8725.T,,,,,,,,,,,,,Japan,company.public,USD-marketcap,"$28,530,000,000",$54.00,,12024.03,,,B.lion,,,,12026,phantasim,,,,,,,,,,
743,12024,Barrick Gold,XX-XY,,,Barrick Gold,GOLD,,,,,,,,,,,,,Canada,company.public,USD-marketcap,"$28,470,000,000",$16.21,,12024.03,,,B.lion,,,,12026,phantasim,,,,,,,,,,
744,12024,Skandinaviska Enskilda Banken,XX-XY,,,Skandinaviska Enskilda Banken,SEB-A.ST,,,,,,,,,,,,,Sweden,company.public,USD-marketcap,"$28,470,000,000",$13.73,,,,,B.lion,,,,12026,phantasim,,,,,,,,,,
745,12024,Ping An Bank,XX-XY,,,Ping An Bank,000001.SZ,,,,,,,,,,,,,China,company.public,USD-marketcap,"$28,460,000,000",$1.46,,,,,B.lion,,,,12026,phantasim,,,,,,,,,,
746,12024,Bank of China (Hong Kong),XX-XY,,,Bank of China (Hong Kong),2388.HK,,,,,,,,,,,,,Hong Kong,company.public,USD-marketcap,"$28,440,000,000",$2.69,,,,,B.lion,,,,12026,phantasim,,,,,,,,,,
747,12024,Sandvik,XX-XY,,,Sandvik,SAND.ST,,,,,,,,,,,,,Sweden,company.public,USD-marketcap,"$28,440,000,000",$22.67,,,,,B.lion,,,,12026,phantasim,,,,,,,,,,
748,12024,Fubon Financial,XX-XY,,,Fubon Financial,2881.TW,,,,,,,,,,,,,Taiwan,company.public,USD-marketcap,"$28,410,000,000",$2.18,,,,,B.lion,,,,12026,phantasim,,,,,,,,,,
749,12024,Garmin,XX-XY,,,Garmin,GRMN,,,,,,,,,,,,,Switzerland,company.public,USD-marketcap,"$28,370,000,000",$147.98,,12024.03,,,B.lion,,,,12026,phantasim,,,,,,,,,,
750,12024,Ahold Delhaize,XX-XY,,,Ahold Delhaize,AD.AS,,,,,,,,,,,,,Netherlands,company.public,USD-marketcap,"$28,310,000,000",$29.93,,12024.03,,,B.lion,,,,12026,phantasim,,,,,,,,,,
751,12024,Willis Towers Watson,XX-XY,,,Willis Towers Watson,WTW,,,,,,,,,,,,,United Kingdom,company.public,USD-marketcap,"$28,270,000,000",$275.92,,12024.03,,,B.lion,,,,12026,phantasim,,,,,,,,,,
752,12024,Corning,XX-XY,,,Corning,GLW,,,,,,,,,,,,,United States,company.public,USD-marketcap,"$28,240,000,000",$33.02,,12024.03,,,B.lion,,,,12026,phantasim,,,,,,,,,,
753,12024,Vestas Wind Systems,XX-XY,,,Vestas Wind Systems,VWS.CO,,,,,,,,,,,,,Denmark,company.public,USD-marketcap,"$28,200,000,000",$28.02,,,,,B.lion,,,,12026,phantasim,,,,,,,,,,
754,12024,CITIC limited,XX-XY,,,CITIC limited,0267.HK,,,,,,,,,,,,,China,company.public,USD-marketcap,"$28,180,000,000",$0.97,,,,,B.lion,,,,12026,phantasim,,,,,,,,,,
755,12024,Sun Hung Kai Properties,XX-XY,,,Sun Hung Kai Properties,0016.HK,,,,,,,,,,,,,Hong Kong,company.public,USD-marketcap,"$28,170,000,000",$9.72,,,,,B.lion,,,,12026,phantasim,,,,,,,,,,
756,12024,Komatsu,XX-XY,,,Komatsu,6301.T,,,,,,,,,,,,,Japan,company.public,USD-marketcap,"$28,160,000,000",$29.77,,12024.03,,,B.lion,,,,12026,phantasim,,,,,,,,,,
758,12024,Tractor Supply,XX-XY,,,Tractor Supply,TSCO,,,,,,,,,,,,,United States,company.public,USD-marketcap,"$28,100,000,000",$260.44,,12024.03,,,B.lion,,,,12026,phantasim,,,,,,,,,,
759,12024,Mahindra & Mahindra,XX-XY,,,Mahindra & Mahindra,M&M.NS,,,,,,,,,,,,,India,company.public,USD-marketcap,"$28,090,000,000",$22.59,,,,,B.lion,,,,12026,phantasim,,,,,,,,,,
760,12024,Amadeus IT Group,XX-XY,,,Amadeus IT Group,AMS.MC,,,,,,,,,,,,,Spain,company.public,USD-marketcap,"$28,030,000,000",$64.36,,12024.03,,,B.lion,,,,12026,phantasim,,,,,,,,,,
762,12024,Howmet Aerospace,XX-XY,,,Howmet Aerospace,HWM,,,,,,,,,,,,,United States,company.public,USD-marketcap,"$27,930,000,000",$68.08,,12024.03,,,B.lion,,,,12026,phantasim,,,,,,,,,,
763,12024,The People's Insurance Company (PICC),XX-XY,,,The People's Insurance Company (PICC),601319.SS,,,,,,,,,,,,,China,company.public,USD-marketcap,"$27,910,000,000",$0.71,,,,,B.lion,,,,12026,phantasim,,,,,,,,,,
764,12024,Delta Electronics,XX-XY,,,Delta Electronics,2308.TW,,,,,,,,,,,,,Taiwan,company.public,USD-marketcap,"$27,900,000,000",$10.68,,,,,B.lion,,,,12026,phantasim,,,,,,,,,,
766,12024,Chocoladefabriken Lindt & Sprüngli,XX-XY,,,Chocoladefabriken Lindt & Sprüngli,LISP.SW,,,,,,,,,,,,,Switzerland,company.public,USD-marketcap,"$27,700,000,000","$11,762.00",,,,,B.lion,,,,12026,phantasim,,,,,,,,,,
767,12024,Terumo,XX-XY,,,Terumo,4543.T,,,,,,,,,,,,,Japan,company.public,USD-marketcap,"$27,620,000,000",$37.21,,12024.03,,,B.lion,,,,12026,phantasim,,,,,,,,,,
768,12024,Michelin,XX-XY,,,Michelin,ML.PA,,,,,,,,,,,,,France,company.public,USD-marketcap,"$27,560,000,000",$38.65,,12024.03,,,B.lion,,,,12026,phantasim,,,,,,,,,,
769,12024,Indian Oil,XX-XY,,,Indian Oil,IOC.NS,,,,,,,,,,,,,India,company.public,USD-marketcap,"$27,480,000,000",$2.00,,,,,B.lion,,,,12026,phantasim,,,,,,,,,,
771,12024,Cardinal Health,XX-XY,,,Cardinal Health,CAH,,,,,,,,,,,,,United States,company.public,USD-marketcap,"$27,370,000,000",$112.54,,12024.03,,,B.lion,,,,12026,phantasim,,,,,,,,,,
772,12024,Legrand,XX-XY,,,Legrand,LR.PA,,,,,,,,,,,,,France,company.public,USD-marketcap,"$27,350,000,000",$104.59,,12024.03,,,B.lion,,,,12026,phantasim,,,,,,,,,,
773,12024,Keysight,XX-XY,,,Keysight,KEYS,,,,,,,,,,,,,United States,company.public,USD-marketcap,"$27,200,000,000",$155.84,,12024.03,,,B.lion,,,,12026,phantasim,,,,,,,,,,
774,12024,Zimmer Biomet,XX-XY,,,Zimmer Biomet,ZBH,,,,,,,,,,,,,United States,company.public,USD-marketcap,"$27,190,000,000",$132.61,,12024.03,,,B.lion,,,,12026,phantasim,,,,,,,,,,
775,12024,ICON plc,XX-XY,,,ICON plc,ICLR,,,,,,,,,,,,,Ireland,company.public,USD-marketcap,"$27,180,000,000",$329.50,,12024.03,,,B.lion,,,,12026,phantasim,,,,,,,,,,
776,12024,Novozymes,XX-XY,,,Novozymes,NZYM.VI,,,,,,,,,,,,,Denmark,company.public,USD-marketcap,"$27,100,000,000",$58.84,,,,,B.lion,,,,12026,phantasim,,,,,,,,,,
778,12024,T. Rowe Price,XX-XY,,,T. Rowe Price,TROW,,,,,,,,,,,,,United States,company.public,USD-marketcap,"$27,020,000,000",$120.86,,12024.03,,,B.lion,,,,12026,phantasim,,,,,,,,,,
780,12024,Publicis Groupe,XX-XY,,,Publicis Groupe,PUB.PA,,,,,,,,,,,,,France,company.public,USD-marketcap,"$27,000,000,000",$108.21,,,,,B.lion,,,,12026,phantasim,,,,,,,,,,
781,12024,H&M,XX-XY,,,H&M,HM-B.ST,,,,,,,,,,,,,Sweden,company.public,USD-marketcap,"$26,950,000,000",$16.74,,,,,B.lion,,,,12026,phantasim,,,,,,,,,,
782,12024,Prudential,XX-XY,,,Prudential,PUK,,,,,,,,,,,,,United Kingdom,company.public,USD-marketcap,"$26,940,000,000",$19.30,,12024.03,,,B.lion,,,,12026,phantasim,,,,,,,,,,
783,12024,eBay,XX-XY,,,eBay,EBAY,,,,,,,,,,,,,United States,company.public,USD-marketcap,"$26,890,000,000",$51.92,,12024.03,,,B.lion,,,,12026,phantasim,,,,,,,,,,
784,12024,Blue Owl Capital,XX-XY,,,Blue Owl Capital,OWL,,,,,,,,,,,,,United States,company.public,USD-marketcap,"$26,830,000,000",$18.78,,12024.03,,,B.lion,,,,12026,phantasim,,,,,,,,,,
785,12024,Jio Financial Services,XX-XY,,,Jio Financial Services,JIOFIN.NS,,,,,,,,,,,,,India,company.public,USD-marketcap,"$26,760,000,000",$4.21,,,,,B.lion,,,,12026,phantasim,,,,,,,,,,
786,12024,Fujifilm,XX-XY,,,Fujifilm,4901.T,,,,,,,,,,,,,Japan,company.public,USD-marketcap,"$26,730,000,000",$66.60,,12024.03,,,B.lion,,,,12026,phantasim,,,,,,,,,,
788,12024,Edison International,XX-XY,,,Edison International,EIX,,,,,,,,,,,,,United States,company.public,USD-marketcap,"$26,690,000,000",$69.40,,12024.03,,,B.lion,,,,12026,phantasim,,,,,,,,,,
789,12024,Raymond James,XX-XY,,,Raymond James,RJF,,,,,,,,,,,,,United States,company.public,USD-marketcap,"$26,630,000,000",$127.40,,12024.03,,,B.lion,,,,12026,phantasim,,,,,,,,,,
790,12024,Symbotic,XX-XY,,,Symbotic,SYM,,,,,,,,,,,,,United States,company.public,USD-marketcap,"$26,620,000,000",$45.23,,12024.03,,,B.lion,,,,12026,phantasim,,,,,,,,,,
791,12024,Transurban,XX-XY,,,Transurban,TCL.AX,,,,,,,,,,,,,Australia,company.public,USD-marketcap,"$26,610,000,000",$8.61,,,,,B.lion,,,,12026,phantasim,,,,,,,,,,
793,12024,Jardine Matheson,XX-XY,,,Jardine Matheson,J36.SI,,,,,,,,,,,,,Hong Kong,company.public,USD-marketcap,"$26,600,000,000",$36.90,,,,,B.lion,,,,12026,phantasim,,,,,,,,,,
794,12024,Kuaishou Technology,XX-XY,,,Kuaishou Technology,1024.HK,,,,,,,,,,,,,China,company.public,USD-marketcap,"$26,600,000,000",$6.13,,,,,B.lion,,,,12026,phantasim,,,,,,,,,,
795,12024,Tesco,XX-XY,,,Tesco,TSCDF,,,,,,,,,,,,,United Kingdom,company.public,USD-marketcap,"$26,570,000,000",$3.78,,12024.03,,,B.lion,,,,12026,phantasim,,,,,,,,,,
796,12024,Schindler Group,XX-XY,,,Schindler Group,SCHN.SW,,,,,,,,,,,,,Switzerland,company.public,USD-marketcap,"$26,560,000,000",$244.52,,,,,B.lion,,,,12026,phantasim,,,,,,,,,,
797,12024,Nutrien,XX-XY,,,Nutrien,NTR,,,,,,,,,,,,,Canada,company.public,USD-marketcap,"$26,520,000,000",$53.63,,12024.03,,,B.lion,,,,12026,phantasim,,,,,,,,,,
798,12024,PTT PCL,XX-XY,,,PTT PCL,PTT-R.BK,,,,,,,,,,,,,Thailand,company.public,USD-marketcap,"$26,520,000,000",$0.93,,,,,B.lion,,,,12026,phantasim,,,,,,,,,,
799,12024,Fanuc,XX-XY,,,Fanuc,6954.T,,,,,,,,,,,,,Japan,company.public,USD-marketcap,"$26,470,000,000",$28.00,,12024.03,,,B.lion,,,,12026,phantasim,,,,,,,,,,
800,12024,Splunk,XX-XY,,,Splunk,SPLK,,,,,,,,,,,,,United States,company.public,USD-marketcap,"$26,440,000,000",$156.90,,12024.03,,,B.lion,,,,12026,phantasim,,,,,,,,,,
801,12024,Klabin,XX-XY,,,Klabin,KLBN11.SA,,,,,,,,,,,,,Brazil,company.public,USD-marketcap,"$26,400,000,000",$5.05,,,,,B.lion,,,,12026,phantasim,,,,,,,,,,
802,12024,Mobileye,XX-XY,,,Mobileye,MBLY,,,,,,,,,,,,,Israel,company.public,USD-marketcap,"$26,360,000,000",$32.70,,12024.03,,,B.lion,,,,12026,phantasim,,,,,,,,,,
803,12024,Hindustan Aeronautics,XX-XY,,,Hindustan Aeronautics,HAL.NS,,,,,,,,,,,,,India,company.public,USD-marketcap,"$26,350,000,000",$39.40,,,,,B.lion,,,,12026,phantasim,,,,,,,,,,
804,12024,Woolworths Group,XX-XY,,,Woolworths Group,WOW.AX,,,,,,,,,,,,,Australia,company.public,USD-marketcap,"$26,350,000,000",$21.57,,,,,B.lion,,,,12026,phantasim,,,,,,,,,,
805,12024,China Pacific Insurance,XX-XY,,,China Pacific Insurance,601601.SS,,,,,,,,,,,,,China,company.public,USD-marketcap,"$26,250,000,000",$3.13,,,,,B.lion,,,,12026,phantasim,,,,,,,,,,
806,12024,Weyerhaeuser,XX-XY,,,Weyerhaeuser,WY,,,,,,,,,,,,,United States,company.public,USD-marketcap,"$26,210,000,000",$35.93,,12024.03,,,B.lion,,,,12026,phantasim,,,,,,,,,,
807,12024,DLF,XX-XY,,,DLF,DLF.NS,,,,,,,,,,,,,India,company.public,USD-marketcap,"$26,170,000,000",$10.57,,,,,B.lion,,,,12026,phantasim,,,,,,,,,,
808,12024,Hapag-Lloyd,XX-XY,,,Hapag-Lloyd,HLAG.DE,,,,,,,,,,,,,Germany,company.public,USD-marketcap,"$26,150,000,000",$148.83,,,,,B.lion,,,,12026,phantasim,,,,,,,,,,
809,12024,MongoDB,XX-XY,,,MongoDB,MDB,,,,,,,,,,,,,United States,company.public,USD-marketcap,"$26,130,000,000",$358.80,,12024.03,,,B.lion,,,,12026,phantasim,,,,,,,,,,
810,12024,AvalonBay Communities,XX-XY,,,AvalonBay Communities,AVB,,,,,,,,,,,,,United States,company.public,USD-marketcap,"$26,080,000,000",$183.69,,12024.03,,,B.lion,,,,12026,phantasim,,,,,,,,,,
811,12024,Verbund AG,XX-XY,,,Verbund AG,OEWA.F,,,,,,,,,,,,,Austria,company.public,USD-marketcap,"$25,850,000,000",$75.06,,,,,B.lion,,,,12026,phantasim,,,,,,,,,,
812,12024,Wabtec,XX-XY,,,Wabtec,WAB,,,,,,,,,,,,,United States,company.public,USD-marketcap,"$25,820,000,000",$145.87,,12024.03,,,B.lion,,,,12026,phantasim,,,,,,,,,,
813,12024,Evolution Gaming,XX-XY,,,Evolution Gaming,EVO.ST,,,,,,,,,,,,,Sweden,company.public,USD-marketcap,"$25,780,000,000",$122.54,,,,,B.lion,,,,12026,phantasim,,,,,,,,,,
814,12024,Airports of Thailand,XX-XY,,,Airports of Thailand,AOT.BK,,,,,,,,,,,,,Thailand,company.public,USD-marketcap,"$25,740,000,000",$1.80,,12024.03,,,B.lion,,,,12026,phantasim,,,,,,,,,,
815,12024,China Everbright Bank,XX-XY,,,China Everbright Bank,601818.SS,,,,,,,,,,,,,China,company.public,USD-marketcap,"$25,700,000,000",$0.46,,,,,B.lion,,,,12026,phantasim,,,,,,,,,,
816,12024,Danske Bank,XX-XY,,,Danske Bank,DANS.VI,,,,,,,,,,,,,Denmark,company.public,USD-marketcap,"$25,680,000,000",$29.99,,,,,B.lion,,,,12026,phantasim,,,,,,,,,,
817,12024,Fairfax Financial,XX-XY,,,Fairfax Financial,FFH.TO,,,,,,,,,,,,,Canada,company.public,USD-marketcap,"$25,630,000,000","$1,082.00",,,,,B.lion,,,,12026,phantasim,,,,,,,,,,
818,12024,WEC Energy Group,XX-XY,,,WEC Energy Group,WEC,,,,,,,,,,,,,United States,company.public,USD-marketcap,"$25,610,000,000",$81.18,,12024.03,,,B.lion,,,,12026,phantasim,,,,,,,,,,
820,12024,Techtronic Industries,XX-XY,,,Techtronic Industries,0669.HK,,,,,,,,,,,,,Hong Kong,company.public,USD-marketcap,"$25,580,000,000",$13.95,,,,,B.lion,,,,12026,phantasim,,,,,,,,,,
821,12024,CGI,XX-XY,,,CGI,GIB,,,,,,,,,,,,,Canada,company.public,USD-marketcap,"$25,570,000,000",$109.94,,12024.03,,,B.lion,,,,12026,phantasim,,,,,,,,,,
822,12024,Builders FirstSource,XX-XY,,,Builders FirstSource,BLDR,,,,,,,,,,,,,United States,company.public,USD-marketcap,"$25,560,000,000",$209.68,,12024.03,,,B.lion,,,,12026,phantasim,,,,,,,,,,
823,12024,Central Japan Railway,XX-XY,,,Central Japan Railway,9022.T,,,,,,,,,,,,,Japan,company.public,USD-marketcap,"$25,560,000,000",$25.98,,12024.03,,,B.lion,,,,12026,phantasim,,,,,,,,,,
824,12024,Telefónica,XX-XY,,,Telefónica,TEF,,,,,,,,,,,,,Spain,company.public,USD-marketcap,"$25,550,000,000",$4.41,,12024.03,,,B.lion,,,,12026,phantasim,,,,,,,,,,
825,12024,Straumann,XX-XY,,,Straumann,STMN.SW,,,,,,,,,,,,,Switzerland,company.public,USD-marketcap,"$25,550,000,000",$160.29,,,,,B.lion,,,,12026,phantasim,,,,,,,,,,
826,12024,Lasertec,XX-XY,,,Lasertec,6920.T,,,,,,,,,,,,,Japan,company.public,USD-marketcap,"$25,540,000,000",$283.26,,12024.03,,,B.lion,,,,12026,phantasim,,,,,,,,,,
827,12024,NVR,XX-XY,,,NVR,NVR,,,,,,,,,,,,,United States,company.public,USD-marketcap,"$25,520,000,000","$7,981.00",,12024.03,,,B.lion,,,,12026,phantasim,,,,,,,,,,
829,12024,ORIX,XX-XY,,,ORIX,IX,,,,,,,,,,,,,Japan,company.public,USD-marketcap,"$25,450,000,000",$110.26,,12024.03,,,B.lion,,,,12026,phantasim,,,,,,,,,,
830,12024,Church & Dwight,XX-XY,,,Church & Dwight,CHD,,,,,,,,,,,,,United States,company.public,USD-marketcap,"$25,410,000,000",$104.21,,12024.03,,,B.lion,,,,12026,phantasim,,,,,,,,,,
831,12024,RWE,XX-XY,,,RWE,RWE.DE,,,,,,,,,,,,,Germany,company.public,USD-marketcap,"$25,370,000,000",$34.11,,,,,B.lion,,,,12026,phantasim,,,,,,,,,,
833,12024,Nornickel,XX-XY,,,Nornickel,GMKN.ME,,,,,,,,,,,,,Russia,company.public,USD-marketcap,"$25,250,000,000",$164.04,,,,,B.lion,,,,12026,phantasim,,,,,,,,,,
834,12024,LG Chem,XX-XY,,,LG Chem,051910.KS,,,,,,,,,,,,,South Korea,company.public,USD-marketcap,"$25,240,000,000",$328.94,,,,,B.lion,,,,12026,phantasim,,,,,,,,,,
835,12024,Delta Electronics (Thailand),XX-XY,,,Delta Electronics (Thailand),DELTA.BK,,,,,,,,,,,,,Thailand,company.public,USD-marketcap,"$25,220,000,000",$2.02,,,,,B.lion,,,,12026,phantasim,,,,,,,,,,
837,12024,Fifth Third Bank,XX-XY,,,Fifth Third Bank,FITB,,,,,,,,,,,,,United States,company.public,USD-marketcap,"$25,110,000,000",$36.74,,12024.03,,,B.lion,,,,12026,phantasim,,,,,,,,,,
838,12024,Cellnex Telecom,XX-XY,,,Cellnex Telecom,CLNX.MC,,,,,,,,,,,,,Spain,company.public,USD-marketcap,"$25,110,000,000",$35.59,,,,,B.lion,,,,12026,phantasim,,,,,,,,,,
839,12024,Maybank,XX-XY,,,Maybank,MLYBY,,,,,,,,,,,,,Malaysia,company.public,USD-marketcap,"$25,090,000,000",$4.16,,12024.03,,,B.lion,,,,12026,phantasim,,,,,,,,,,
840,12024,Take 2 Interactive,XX-XY,,,Take 2 Interactive,TTWO,,,,,,,,,,,,,United States,company.public,USD-marketcap,"$25,060,000,000",$146.92,,12024.03,,,B.lion,,,,12026,phantasim,,,,,,,,,,
841,12024,Brown & Brown,XX-XY,,,Brown & Brown,BRO,,,,,,,,,,,,,United States,company.public,USD-marketcap,"$24,930,000,000",$87.26,,12024.03,,,B.lion,,,,12026,phantasim,,,,,,,,,,
842,12024,ULTA Beauty,XX-XY,,,ULTA Beauty,ULTA,,,,,,,,,,,,,United States,company.public,USD-marketcap,"$24,930,000,000",$513.52,,12024.03,,,B.lion,,,,12026,phantasim,,,,,,,,,,
843,12024,Dai-ichi Life Holdings,XX-XY,,,Dai-ichi Life Holdings,8750.T,,,,,,,,,,,,,Japan,company.public,USD-marketcap,"$24,900,000,000",$26.29,,12024.03,,,B.lion,,,,12026,phantasim,,,,,,,,,,
844,12024,PulteGroup,XX-XY,,,PulteGroup,PHM,,,,,,,,,,,,,United States,company.public,USD-marketcap,"$24,890,000,000",$118.01,,12024.03,,,B.lion,,,,12026,phantasim,,,,,,,,,,
845,12024,National Bank of Kuwait,XX-XY,,,National Bank of Kuwait,NBK.KW,,,,,,,,,,,,,Kuwait,company.public,USD-marketcap,"$24,860,000,000","$3,136.00",,,,,B.lion,,,,12026,phantasim,,,,,,,,,,
846,12024,Yili Group,XX-XY,,,Yili Group,600887.SS,,,,,,,,,,,,,China,company.public,USD-marketcap,"$24,780,000,000",$3.89,,,,,B.lion,,,,12026,phantasim,,,,,,,,,,
847,12024,Antofagasta,XX-XY,,,Antofagasta,ANTO.L,,,,,,,,,,,,,United Kingdom,company.public,USD-marketcap,"$24,750,000,000",$25.09,,12024.03,,,B.lion,,,,12026,phantasim,,,,,,,,,,
848,12024,Brown Forman,XX-XY,,,Brown Forman,BF-A,,,,,,,,,,,,,United States,company.public,USD-marketcap,"$24,740,000,000",$53.07,,12024.03,,,B.lion,,,,12026,phantasim,,,,,,,,,,
849,12024,Targa Resources,XX-XY,,,Targa Resources,TRGP,,,,,,,,,,,,,United States,company.public,USD-marketcap,"$24,710,000,000",$111.05,,12024.03,,,B.lion,,,,12026,phantasim,,,,,,,,,,
850,12024,Live Nation,XX-XY,,,Live Nation,LYV,,,,,,,,,,,,,United States,company.public,USD-marketcap,"$24,650,000,000",$106.81,,12024.03,,,B.lion,,,,12026,phantasim,,,,,,,,,,
851,12024,S.F. Express,XX-XY,,,S.F. Express,002352.SZ,,,,,,,,,,,,,China,company.public,USD-marketcap,"$24,640,000,000",$5.03,,,,,B.lion,,,,12026,phantasim,,,,,,,,,,
852,12024,Align Technology,XX-XY,,,Align Technology,ALGN,,,,,,,,,,,,,United States,company.public,USD-marketcap,"$24,620,000,000",$327.90,,12024.03,,,B.lion,,,,12026,phantasim,,,,,,,,,,
854,12024,Molina Healthcare,XX-XY,,,Molina Healthcare,MOH,,,,,,,,,,,,,United States,company.public,USD-marketcap,"$24,520,000,000",$418.60,,12024.03,,,B.lion,,,,12026,phantasim,,,,,,,,,,
855,12024,POSCO,XX-XY,,,POSCO,PKX,,,,,,,,,,,,,South Korea,company.public,USD-marketcap,"$24,440,000,000",$80.16,,12024.03,,,B.lion,,,,12026,phantasim,,,,,,,,,,
857,12024,Toyota Tsusho,XX-XY,,,Toyota Tsusho,8015.T,,,,,,,,,,,,,Japan,company.public,USD-marketcap,"$24,370,000,000",$69.28,,12024.03,,,B.lion,,,,12026,phantasim,,,,,,,,,,
858,12024,Dover,XX-XY,,,Dover,DOV,,,,,,,,,,,,,United States,company.public,USD-marketcap,"$24,340,000,000",$177.22,,12024.03,,,B.lion,,,,12026,phantasim,,,,,,,,,,
860,12024,CRRC,XX-XY,,,CRRC,1766.HK,,,,,,,,,,,,,China,company.public,USD-marketcap,"$24,140,000,000",$0.54,,,,,B.lion,,,,12026,phantasim,,,,,,,,,,
861,12024,M&T Bank,XX-XY,,,M&T Bank,MTB,,,,,,,,,,,,,United States,company.public,USD-marketcap,"$24,120,000,000",$144.80,,12024.03,,,B.lion,,,,12026,phantasim,,,,,,,,,,
862,12024,China Tourism Group Duty Free,XX-XY,,,China Tourism Group Duty Free,601888.SS,,,,,,,,,,,,,China,company.public,USD-marketcap,"$24,100,000,000",$11.51,,,,,B.lion,,,,12026,phantasim,,,,,,,,,,
863,12024,Deckers Brands,XX-XY,,,Deckers Brands,DECK,,,,,,,,,,,,,United States,company.public,USD-marketcap,"$24,070,000,000",$937.90,,12024.03,,,B.lion,,,,12026,phantasim,,,,,,,,,,
864,12024,Vonovia,XX-XY,,,Vonovia,VNA.DE,,,,,,,,,,,,,Germany,company.public,USD-marketcap,"$24,050,000,000",$29.52,,,,,B.lion,,,,12026,phantasim,,,,,,,,,,
865,12024,Rheinmetall,XX-XY,,,Rheinmetall,RHM.F,,,,,,,,,,,,,Germany,company.public,USD-marketcap,"$24,030,000,000",$553.51,,12024.03,,,B.lion,,,,12026,phantasim,,,,,,,,,,
866,12024,KONE,XX-XY,,,KONE,KNEBV.HE,,,,,,,,,,,,,Finland,company.public,USD-marketcap,"$24,020,000,000",$46.41,,,,,B.lion,,,,12026,phantasim,,,,,,,,,,
867,12024,Broadridge Financial Solutions,XX-XY,,,Broadridge Financial Solutions,BR,,,,,,,,,,,,,United States,company.public,USD-marketcap,"$24,000,000,000",$203.84,,12024.03,,,B.lion,,,,12026,phantasim,,,,,,,,,,
869,12024,SAIC Motor,XX-XY,,,SAIC Motor,600104.SS,,,,,,,,,,,,,China,company.public,USD-marketcap,"$23,970,000,000",$2.07,,,,,B.lion,,,,12026,phantasim,,,,,,,,,,
870,12024,Associated British Foods,XX-XY,,,Associated British Foods,ABF.L,,,,,,,,,,,,,United Kingdom,company.public,USD-marketcap,"$23,940,000,000",$31.78,,12024.03,,,B.lion,,,,12026,phantasim,,,,,,,,,,
871,12024,SMIC,XX-XY,,,SMIC,0981.HK,,,,,,,,,,,,,China,company.public,USD-marketcap,"$23,940,000,000",$1.91,,,,,B.lion,,,,12026,phantasim,,,,,,,,,,
872,12024,Roblox,XX-XY,,,Roblox,RBLX,,,,,,,,,,,,,United States,company.public,USD-marketcap,"$23,920,000,000",$37.88,,12024.03,,,B.lion,,,,12026,phantasim,,,,,,,,,,
873,12024,JSW Steel,XX-XY,,,JSW Steel,JSWSTEEL.NS,,,,,,,,,,,,,India,company.public,USD-marketcap,"$23,920,000,000",$9.82,,,,,B.lion,,,,12026,phantasim,,,,,,,,,,
874,12024,Adani Power,XX-XY,,,Adani Power,ADANIPOWER.NS,,,,,,,,,,,,,India,company.public,USD-marketcap,"$23,920,000,000",$6.20,,,,,B.lion,,,,12026,phantasim,,,,,,,,,,
875,12024,Vodafone,XX-XY,,,Vodafone,VOD,,,,,,,,,,,,,United Kingdom,company.public,USD-marketcap,"$23,910,000,000",$8.83,,12024.03,,,B.lion,,,,12026,phantasim,,,,,,,,,,
876,12024,Telkom Indonesia,XX-XY,,,Telkom Indonesia,TLK,,,,,,,,,,,,,Indonesia,company.public,USD-marketcap,"$23,900,000,000",$22.27,,12024.03,,,B.lion,,,,12026,phantasim,,,,,,,,,,
877,12024,Cheniere Energy,XX-XY,,,Cheniere Energy,CQP,,,,,,,,,,,,,United States,company.public,USD-marketcap,"$23,760,000,000",$49.10,,12024.03,,,B.lion,,,,12026,phantasim,,,,,,,,,,
878,12024,HEICO,XX-XY,,,HEICO,HEI,,,,,,,,,,,,,United States,company.public,USD-marketcap,"$23,760,000,000",$194.43,,12024.03,,,B.lion,,,,12026,phantasim,,,,,,,,,,
879,12024,Vistra,XX-XY,,,Vistra,VST,,,,,,,,,,,,,United States,company.public,USD-marketcap,"$23,760,000,000",$68.30,,12024.03,,,B.lion,,,,12026,phantasim,,,,,,,,,,
880,12024,Axon Enterprise,XX-XY,,,Axon Enterprise,AXON,,,,,,,,,,,,,United States,company.public,USD-marketcap,"$23,760,000,000",$315.64,,12024.03,,,B.lion,,,,12026,phantasim,,,,,,,,,,
881,12024,Equity Residential,XX-XY,,,Equity Residential,EQR,,,,,,,,,,,,,United States,company.public,USD-marketcap,"$23,740,000,000",$62.57,,12024.03,,,B.lion,,,,12026,phantasim,,,,,,,,,,
882,12024,UCB,XX-XY,,,UCB,UCB.VI,,,,,,,,,,,,,Belgium,company.public,USD-marketcap,"$23,730,000,000",$123.65,,,,,B.lion,,,,12026,phantasim,,,,,,,,,,
883,12024,ASE Group,XX-XY,,,ASE Group,ASX,,,,,,,,,,,,,Taiwan,company.public,USD-marketcap,"$23,710,000,000",$11.00,,12024.03,,,B.lion,,,,12026,phantasim,,,,,,,,,,
885,12024,Pinterest,XX-XY,,,Pinterest,PINS,,,,,,,,,,,,,United States,company.public,USD-marketcap,"$23,680,000,000",$34.88,,12024.03,,,B.lion,,,,12026,phantasim,,,,,,,,,,
886,12024,American Water Works,XX-XY,,,American Water Works,AWK,,,,,,,,,,,,,United States,company.public,USD-marketcap,"$23,660,000,000",$121.50,,12024.03,,,B.lion,,,,12026,phantasim,,,,,,,,,,
887,12024,Argenx,XX-XY,,,Argenx,ARGX,,,,,,,,,,,,,Netherlands,company.public,USD-marketcap,"$23,660,000,000",$398.59,,12024.03,,,B.lion,,,,12026,phantasim,,,,,,,,,,
888,12024,SBA Communications,XX-XY,,,SBA Communications,SBAC,,,,,,,,,,,,,United States,company.public,USD-marketcap,"$23,570,000,000",$218.08,,12024.03,,,B.lion,,,,12026,phantasim,,,,,,,,,,
889,12024,Nidec,XX-XY,,,Nidec,6594.T,,,,,,,,,,,,,Japan,company.public,USD-marketcap,"$23,560,000,000",$40.99,,12024.03,,,B.lion,,,,12026,phantasim,,,,,,,,,,
890,12024,Veolia,XX-XY,,,Veolia,VIE.PA,,,,,,,,,,,,,France,company.public,USD-marketcap,"$23,520,000,000",$32.90,,,,,B.lion,,,,12026,phantasim,,,,,,,,,,
892,12024,Telus,XX-XY,,,Telus,TU,,,,,,,,,,,,,Canada,company.public,USD-marketcap,"$23,480,000,000",$15.91,,12024.03,,,B.lion,,,,12026,phantasim,,,,,,,,,,
893,12024,Iron Mountain,XX-XY,,,Iron Mountain,IRM,,,,,,,,,,,,,United States,company.public,USD-marketcap,"$23,420,000,000",$80.14,,12024.03,,,B.lion,,,,12026,phantasim,,,,,,,,,,
894,12024,Riyad Bank,XX-XY,,,Riyad Bank,1010.SR,,,,,,,,,,,,,Saudi Arabia,company.public,USD-marketcap,"$23,410,000,000",$7.82,,,,,B.lion,,,,12026,phantasim,,,,,,,,,,
896,12024,First Citizens BancShares,XX-XY,,,First Citizens BancShares,FCNCA,,,,,,,,,,,,,United States,company.public,USD-marketcap,"$23,390,000,000","$1,617.00",,12024.03,,,B.lion,,,,12026,phantasim,,,,,,,,,,
897,12024,Uniper,XX-XY,,,Uniper,UN0.DE,,,,,,,,,,,,,Germany,company.public,USD-marketcap,"$23,350,000,000",$56.09,,,,,B.lion,,,,12026,phantasim,,,,,,,,,,
898,12024,Ørsted,XX-XY,,,Ørsted,DOGEF,,,,,,,,,,,,,Denmark,company.public,USD-marketcap,"$23,340,000,000",$55.55,,12024.03,,,B.lion,,,,12026,phantasim,,,,,,,,,,
899,12024,Sartorius,XX-XY,,,Sartorius,SRT.DE,,,,,,,,,,,,,Germany,company.public,USD-marketcap,"$23,330,000,000",$292.46,,,,,B.lion,,,,12026,phantasim,,,,,,,,,,
900,12024,Ecopetrol,XX-XY,,,Ecopetrol,EC,,,,,,,,,,,,,Colombia,company.public,USD-marketcap,"$23,290,000,000",$11.33,,12024.03,,,B.lion,,,,12026,phantasim,,,,,,,,,,
901,12024,Steel Dynamics,XX-XY,,,Steel Dynamics,STLD,,,,,,,,,,,,,United States,company.public,USD-marketcap,"$23,240,000,000",$146.99,,12024.03,,,B.lion,,,,12026,phantasim,,,,,,,,,,
902,12024,State Street Corporation,XX-XY,,,State Street Corporation,STT,,,,,,,,,,,,,United States,company.public,USD-marketcap,"$23,210,000,000",$76.88,,12024.03,,,B.lion,,,,12026,phantasim,,,,,,,,,,
903,12024,Samsung SDI,XX-XY,,,Samsung SDI,006405.KS,,,,,,,,,,,,,South Korea,company.public,USD-marketcap,"$23,210,000,000",$204.48,,,,,B.lion,,,,12026,phantasim,,,,,,,,,,
904,12024,Alinma Bank,XX-XY,,,Alinma Bank,1150.SR,,,,,,,,,,,,,Saudi Arabia,company.public,USD-marketcap,"$23,110,000,000",$11.63,,,,,B.lion,,,,12026,phantasim,,,,,,,,,,
907,12024,SSE,XX-XY,,,SSE,SSE.L,,,,,,,,,,,,,United Kingdom,company.public,USD-marketcap,"$23,040,000,000",$20.96,,12024.03,,,B.lion,,,,12026,phantasim,,,,,,,,,,
908,12024,DTE Energy,XX-XY,,,DTE Energy,DTE,,,,,,,,,,,,,United States,company.public,USD-marketcap,"$23,030,000,000",$111.30,,12024.03,,,B.lion,,,,12026,phantasim,,,,,,,,,,
909,12024,Tenaris,XX-XY,,,Tenaris,TS,,,,,,,,,,,,,Luxembourg,company.public,USD-marketcap,"$23,000,000,000",$39.75,,12024.03,,,B.lion,,,,12026,phantasim,,,,,,,,,,
910,12024,Mitsubishi Estate,XX-XY,,,Mitsubishi Estate,8802.T,,,,,,,,,,,,,Japan,company.public,USD-marketcap,"$22,990,000,000",$18.16,,12024.03,,,B.lion,,,,12026,phantasim,,,,,,,,,,
911,12024,The Saudi British Bank,XX-XY,,,The Saudi British Bank,1060.SR,,,,,,,,,,,,,Saudi Arabia,company.public,USD-marketcap,"$22,990,000,000",$11.19,,,,,B.lion,,,,12026,phantasim,,,,,,,,,,
912,12024,Hewlett Packard Enterprise,XX-XY,,,Hewlett Packard Enterprise,HPE,,,,,,,,,,,,,United States,company.public,USD-marketcap,"$22,960,000,000",$17.67,,12024.03,,,B.lion,,,,12026,phantasim,,,,,,,,,,
913,12024,ArcelorMittal,XX-XY,,,ArcelorMittal,MT,,,,,,,,,,,,,Luxembourg,company.public,USD-marketcap,"$22,910,000,000",$27.81,,12024.03,,,B.lion,,,,12026,phantasim,,,,,,,,,,
914,12024,China Minsheng Bank,XX-XY,,,China Minsheng Bank,600016.SS,,,,,,,,,,,,,China,company.public,USD-marketcap,"$22,910,000,000",$0.56,,,,,B.lion,,,,12026,phantasim,,,,,,,,,,
916,12024,Nippon Steel,XX-XY,,,Nippon Steel,5401.T,,,,,,,,,,,,,Japan,company.public,USD-marketcap,"$22,900,000,000",$24.87,,12024.03,,,B.lion,,,,12026,phantasim,,,,,,,,,,
917,12024,Tata Steel,XX-XY,,,Tata Steel,TATASTEEL.NS,,,,,,,,,,,,,India,company.public,USD-marketcap,"$22,890,000,000",$1.83,,,,,B.lion,,,,12026,phantasim,,,,,,,,,,
918,12024,Otsuka Holdings,XX-XY,,,Otsuka Holdings,4578.T,,,,,,,,,,,,,Japan,company.public,USD-marketcap,"$22,880,000,000",$42.17,,12024.03,,,B.lion,,,,12026,phantasim,,,,,,,,,,
919,12024,NTT Data,XX-XY,,,NTT Data,9613.T,,,,,,,,,,,,,Japan,company.public,USD-marketcap,"$22,880,000,000",$16.32,,12024.03,,,B.lion,,,,12026,phantasim,,,,,,,,,,
920,12024,AppLovin,XX-XY,,,AppLovin,APP,,,,,,,,,,,,,United States,company.public,USD-marketcap,"$22,820,000,000",$68.86,,12024.03,,,B.lion,,,,12026,phantasim,,,,,,,,,,
921,12024,Tradeweb,XX-XY,,,Tradeweb,TW,,,,,,,,,,,,,United States,company.public,USD-marketcap,"$22,730,000,000",$104.40,,12024.03,,,B.lion,,,,12026,phantasim,,,,,,,,,,
922,12024,Teck Resources,XX-XY,,,Teck Resources,TECK,,,,,,,,,,,,,Canada,company.public,USD-marketcap,"$22,720,000,000",$43.92,,12024.03,,,B.lion,,,,12026,phantasim,,,,,,,,,,
923,12024,PTC,XX-XY,,,PTC,PTC,,,,,,,,,,,,,United States,company.public,USD-marketcap,"$22,680,000,000",$189.71,,12024.03,,,B.lion,,,,12026,phantasim,,,,,,,,,,
924,12024,Rollins,XX-XY,,,Rollins,ROL,,,,,,,,,,,,,United States,company.public,USD-marketcap,"$22,620,000,000",$46.70,,12024.03,,,B.lion,,,,12026,phantasim,,,,,,,,,,
925,12024,Siemens India,XX-XY,,,Siemens India,SIEMENS.NS,,,,,,,,,,,,,India,company.public,USD-marketcap,"$22,620,000,000",$63.51,,,,,B.lion,,,,12026,phantasim,,,,,,,,,,
926,12024,W. R. Berkley,XX-XY,,,W. R. Berkley,WRB,,,,,,,,,,,,,United States,company.public,USD-marketcap,"$22,610,000,000",$88.17,,12024.03,,,B.lion,,,,12026,phantasim,,,,,,,,,,
928,12024,Panasonic,XX-XY,,,Panasonic,6752.T,,,,,,,,,,,,,Japan,company.public,USD-marketcap,"$22,560,000,000",$9.67,,12024.03,,,B.lion,,,,12026,phantasim,,,,,,,,,,
929,12024,East Japan Railway,XX-XY,,,East Japan Railway,9020.T,,,,,,,,,,,,,Japan,company.public,USD-marketcap,"$22,550,000,000",$59.86,,12024.03,,,B.lion,,,,12026,phantasim,,,,,,,,,,
930,12024,Franco-Nevada,XX-XY,,,Franco-Nevada,FNV,,,,,,,,,,,,,Canada,company.public,USD-marketcap,"$22,540,000,000",$117.29,,12024.03,,,B.lion,,,,12026,phantasim,,,,,,,,,,
931,12024,Suzuki Motor,XX-XY,,,Suzuki Motor,7269.T,,,,,,,,,,,,,Japan,company.public,USD-marketcap,"$22,520,000,000",$46.71,,12024.03,,,B.lion,,,,12026,phantasim,,,,,,,,,,
932,12024,Standard Chartered,XX-XY,,,Standard Chartered,STAN.L,,,,,,,,,,,,,United Kingdom,company.public,USD-marketcap,"$22,460,000,000",$8.58,,,,,B.lion,,,,12026,phantasim,,,,,,,,,,
933,12024,Carnival Corporation,XX-XY,,,Carnival Corporation,CCL,,,,,,,,,,,,,United States,company.public,USD-marketcap,"$22,450,000,000",$17.19,,12024.03,,,B.lion,,,,12026,phantasim,,,,,,,,,,
934,12024,Epiroc,XX-XY,,,Epiroc,EPI-A.ST,,,,,,,,,,,,,Sweden,company.public,USD-marketcap,"$22,450,000,000",$19.21,,,,,B.lion,,,,12026,phantasim,,,,,,,,,,
935,12024,China Resources Land,XX-XY,,,China Resources Land,1109.HK,,,,,,,,,,,,,Hong Kong,company.public,USD-marketcap,"$22,420,000,000",$3.14,,,,,B.lion,,,,12026,phantasim,,,,,,,,,,
936,12024,Indian Railway Finance,XX-XY,,,Indian Railway Finance,IRFC.NS,,,,,,,,,,,,,India,company.public,USD-marketcap,"$22,420,000,000",$1.72,,,,,B.lion,,,,12026,phantasim,,,,,,,,,,
938,12024,Shenzhen Inovance,XX-XY,,,Shenzhen Inovance,300124.SZ,,,,,,,,,,,,,China,company.public,USD-marketcap,"$22,390,000,000",$8.24,,,,,B.lion,,,,12026,phantasim,,,,,,,,,,
939,12024,Entergy,XX-XY,,,Entergy,ETR,,,,,,,,,,,,,United States,company.public,USD-marketcap,"$22,360,000,000",$104.88,,12024.03,,,B.lion,,,,12026,phantasim,,,,,,,,,,
940,12024,Alexandria Real Estate Equities,XX-XY,,,Alexandria Real Estate Equities,ARE,,,,,,,,,,,,,United States,company.public,USD-marketcap,"$22,330,000,000",$127.68,,12024.03,,,B.lion,,,,12026,phantasim,,,,,,,,,,
941,12024,EnBW Energie,XX-XY,,,EnBW Energie,EBK.DE,,,,,,,,,,,,,Germany,company.public,USD-marketcap,"$22,290,000,000",$82.32,,,,,B.lion,,,,12026,phantasim,,,,,,,,,,
942,12024,Steris,XX-XY,,,Steris,STE,,,,,,,,,,,,,Ireland,company.public,USD-marketcap,"$22,280,000,000",$225.52,,12024.03,,,B.lion,,,,12026,phantasim,,,,,,,,,,
943,12024,Swedbank,XX-XY,,,Swedbank,SWED-A.ST,,,,,,,,,,,,,Sweden,company.public,USD-marketcap,"$22,280,000,000",$19.80,,,,,B.lion,,,,12026,phantasim,,,,,,,,,,
944,12024,Great Wall Motors,XX-XY,,,Great Wall Motors,601633.SS,,,,,,,,,,,,,China,company.public,USD-marketcap,"$22,240,000,000",$3.17,,,,,B.lion,,,,12026,phantasim,,,,,,,,,,
945,12024,Hubbell,XX-XY,,,Hubbell,HUBB,,,,,,,,,,,,,United States,company.public,USD-marketcap,"$22,190,000,000",$413.86,,12024.03,,,B.lion,,,,12026,phantasim,,,,,,,,,,
946,12024,Cathay Financial Holding,XX-XY,,,Cathay Financial Holding,2882.TW,,,,,,,,,,,,,Taiwan,company.public,USD-marketcap,"$22,180,000,000",$1.51,,,,,B.lion,,,,12026,phantasim,,,,,,,,,,
947,12024,Galaxy Entertainment,XX-XY,,,Galaxy Entertainment,0027.HK,,,,,,,,,,,,,Hong Kong,company.public,USD-marketcap,"$22,130,000,000",$5.06,,,,,B.lion,,,,12026,phantasim,,,,,,,,,,
949,12024,BioNTech,XX-XY,,,BioNTech,BNTX,,,,,,,,,,,,,Germany,company.public,USD-marketcap,"$22,100,000,000",$92.97,,12024.03,,,B.lion,,,,12026,phantasim,,,,,,,,,,
950,12024,FirstEnergy,XX-XY,,,FirstEnergy,FE,,,,,,,,,,,,,United States,company.public,USD-marketcap,"$22,090,000,000",$38.46,,12024.03,,,B.lion,,,,12026,phantasim,,,,,,,,,,
951,12024,China Unicom,XX-XY,,,China Unicom,0762.HK,,,,,,,,,,,,,Hong Kong,company.public,USD-marketcap,"$22,090,000,000",$0.71,,,,,B.lion,,,,12026,phantasim,,,,,,,,,,
952,12024,Western Digital,XX-XY,,,Western Digital,WDC,,,,,,,,,,,,,United States,company.public,USD-marketcap,"$22,040,000,000",$67.64,,12024.03,,,B.lion,,,,12026,phantasim,,,,,,,,,,
953,12024,Illumina,XX-XY,,,Illumina,ILMN,,,,,,,,,,,,,United States,company.public,USD-marketcap,"$22,030,000,000",$138.68,,12024.03,,,B.lion,,,,12026,phantasim,,,,,,,,,,
955,12024,Rogers Communication,XX-XY,,,Rogers Communication,RCI,,,,,,,,,,,,,Canada,company.public,USD-marketcap,"$22,000,000,000",$41.20,,12024.03,,,B.lion,,,,12026,phantasim,,,,,,,,,,
956,12024,Sampo,XX-XY,,,Sampo,SAMPO.HE,,,,,,,,,,,,,Finland,company.public,USD-marketcap,"$21,890,000,000",$43.64,,,,,B.lion,,,,12026,phantasim,,,,,,,,,,
957,12024,International Flavors & Fragrances,XX-XY,,,International Flavors & Fragrances,IFF,,,,,,,,,,,,,United States,company.public,USD-marketcap,"$21,860,000,000",$85.64,,12024.03,,,B.lion,,,,12026,phantasim,,,,,,,,,,
958,12024,Fleetcor,XX-XY,,,Fleetcor,FLT,,,,,,,,,,,,,United States,company.public,USD-marketcap,"$21,790,000,000",$303.26,,12024.03,,,B.lion,,,,12026,phantasim,,,,,,,,,,
959,12024,Saudi Electricity,XX-XY,,,Saudi Electricity,5110.SR,,,,,,,,,,,,,Saudi Arabia,company.public,USD-marketcap,"$21,740,000,000",$5.22,,,,,B.lion,,,,12026,phantasim,,,,,,,,,,
960,12024,Itaúsa,XX-XY,,,Itaúsa,ITSA3.SA,,,,,,,,,,,,,Brazil,company.public,USD-marketcap,"$21,720,000,000",$2.09,,,,,B.lion,,,,12026,phantasim,,,,,,,,,,
961,12024,NetApp,XX-XY,,,NetApp,NTAP,,,,,,,,,,,,,United States,company.public,USD-marketcap,"$21,710,000,000",$105.22,,12024.03,,,B.lion,,,,12026,phantasim,,,,,,,,,,
962,12024,Dollarama,XX-XY,,,Dollarama,DOL.TO,,,,,,,,,,,,,Canada,company.public,USD-marketcap,"$21,690,000,000",$77.13,,,,,B.lion,,,,12026,phantasim,,,,,,,,,,
963,12024,Baxter,XX-XY,,,Baxter,BAX,,,,,,,,,,,,,United States,company.public,USD-marketcap,"$21,670,000,000",$42.69,,12024.03,,,B.lion,,,,12026,phantasim,,,,,,,,,,
964,12024,Genuine Parts Company,XX-XY,,,Genuine Parts Company,GPC,,,,,,,,,,,,,United States,company.public,USD-marketcap,"$21,630,000,000",$155.19,,12024.03,,,B.lion,,,,12026,phantasim,,,,,,,,,,
967,12024,Varun Beverages,XX-XY,,,Varun Beverages,VBL.NS,,,,,,,,,,,,,India,company.public,USD-marketcap,"$21,590,000,000",$16.62,,,,,B.lion,,,,12026,phantasim,,,,,,,,,,
968,12024,DraftKings,XX-XY,,,DraftKings,DKNG,,,,,,,,,,,,,United States,company.public,USD-marketcap,"$21,570,000,000",$45.35,,12024.03,,,B.lion,,,,12026,phantasim,,,,,,,,,,
970,12024,Aptiv,XX-XY,,,Aptiv,APTV,,,,,,,,,,,,,Ireland,company.public,USD-marketcap,"$21,440,000,000",$78.64,,12024.03,,,B.lion,,,,12026,phantasim,,,,,,,,,,
971,12024,COSCO Shipping,XX-XY,,,COSCO Shipping,601919.SS,,,,,,,,,,,,,China,company.public,USD-marketcap,"$21,440,000,000",$1.42,,,,,B.lion,,,,12026,phantasim,,,,,,,,,,
972,12024,Neste,XX-XY,,,Neste,NESTE.HE,,,,,,,,,,,,,Finland,company.public,USD-marketcap,"$21,390,000,000",$27.85,,,,,B.lion,,,,12026,phantasim,,,,,,,,,,
973,12024,Invitation Homes,XX-XY,,,Invitation Homes,INVH,,,,,,,,,,,,,United States,company.public,USD-marketcap,"$21,350,000,000",$34.90,,12024.03,,,B.lion,,,,12026,phantasim,,,,,,,,,,
974,12024,China Railway Group,XX-XY,,,China Railway Group,0390.HK,,,,,,,,,,,,,China,company.public,USD-marketcap,"$21,350,000,000",$0.50,,,,,B.lion,,,,12026,phantasim,,,,,,,,,,
975,12024,Erie Indemnity,XX-XY,,,Erie Indemnity,ERIE,,,,,,,,,,,,,United States,company.public,USD-marketcap,"$21,340,000,000",$408.17,,12024.03,,,B.lion,,,,12026,phantasim,,,,,,,,,,
976,12024,Sungrow Power Supply,XX-XY,,,Sungrow Power Supply,300274.SZ,,,,,,,,,,,,,China,company.public,USD-marketcap,"$21,260,000,000",$14.13,,,,,B.lion,,,,12026,phantasim,,,,,,,,,,
977,12024,Entegris,XX-XY,,,Entegris,ENTG,,,,,,,,,,,,,United States,company.public,USD-marketcap,"$21,250,000,000",$140.99,,12024.03,,,B.lion,,,,12026,phantasim,,,,,,,,,,
978,12024,SM Investments Corporation,XX-XY,,,SM Investments Corporation,SVTMF,,,,,,,,,,,,,Philippines,company.public,USD-marketcap,"$21,250,000,000",$13.74,,12024.03,,,B.lion,,,,12026,phantasim,,,,,,,,,,
981,12024,LONGi Green Energy Technology,XX-XY,,,LONGi Green Energy Technology,601012.SS,,,,,,,,,,,,,China,company.public,USD-marketcap,"$21,200,000,000",$2.70,,,,,B.lion,,,,12026,phantasim,,,,,,,,,,
982,12024,Sompo Holdings,XX-XY,,,Sompo Holdings,8630.T,,,,,,,,,,,,,Japan,company.public,USD-marketcap,"$21,160,000,000",$64.29,,12024.03,,,B.lion,,,,12026,phantasim,,,,,,,,,,
983,12024,Naturgy,XX-XY,,,Naturgy,NTGY.MC,,,,,,,,,,,,,Spain,company.public,USD-marketcap,"$21,140,000,000",$21.82,,,,,B.lion,,,,12026,phantasim,,,,,,,,,,
984,12024,Naver,XX-XY,,,Naver,035420.KS,,,,,,,,,,,,,South Korea,company.public,USD-marketcap,"$21,140,000,000",$140.25,,,,,B.lion,,,,12026,phantasim,,,,,,,,,,
985,12024,Ball Corporation,XX-XY,,,Ball Corporation,BALL,,,,,,,,,,,,,United States,company.public,USD-marketcap,"$21,130,000,000",$67.14,,12024.03,,,B.lion,,,,12026,phantasim,,,,,,,,,,
987,12024,WSP Global,XX-XY,,,WSP Global,WSP.TO,,,,,,,,,,,,,Canada,company.public,USD-marketcap,"$21,090,000,000",$169.18,,,,,B.lion,,,,12026,phantasim,,,,,,,,,,
991,12024,Tyson Foods,XX-XY,,,Tyson Foods,TSN,,,,,,,,,,,,,United States,company.public,USD-marketcap,"$20,990,000,000",$58.81,,12024.03,,,B.lion,,,,12026,phantasim,,,,,,,,,,
992,12024,Wheaton Precious Metals,XX-XY,,,Wheaton Precious Metals,WPM,,,,,,,,,,,,,Canada,company.public,USD-marketcap,"$20,960,000,000",$46.27,,12024.03,,,B.lion,,,,12026,phantasim,,,,,,,,,,
993,12024,Coterra Energy,XX-XY,,,Coterra Energy,CTRA,,,,,,,,,,,,,United States,company.public,USD-marketcap,"$20,930,000,000",$27.86,,12024.03,,,B.lion,,,,12026,phantasim,,,,,,,,,,
994,12024,Prada,XX-XY,,,Prada,1913.HK,,,,,,,,,,,,,Italy,company.public,USD-marketcap,"$20,930,000,000",$8.18,,,,,B.lion,,,,12026,phantasim,,,,,,,,,,
995,12024,Société Générale,XX-XY,,,Société Générale,GLE.PA,,,,,,,,,,,,,France,company.public,USD-marketcap,"$20,910,000,000",$26.26,,,,,B.lion,,,,12026,phantasim,,,,,,,,,,
996,12024,Formosa Petrochemical,XX-XY,,,Formosa Petrochemical,6505.TW,,,,,,,,,,,,,Taiwan,company.public,USD-marketcap,"$20,910,000,000",$2.17,,,,,B.lion,,,,12026,phantasim,,,,,,,,,,
998,12024,Hang Seng Bank,XX-XY,,,Hang Seng Bank,0011.HK,,,,,,,,,,,,,Hong Kong,company.public,USD-marketcap,"$20,900,000,000",$10.94,,,,,B.lion,,,,12026,phantasim,,,,,,,,,,
999,12024,Grupo Bimbo,XX-XY,,,Grupo Bimbo,BIMBOA.MX,,,,,,,,,,,,,Mexico,company.public,USD-marketcap,"$20,820,000,000",$4.74,,,,,B.lion,,,,12026,phantasim,,,,,,,,,,
1000,12024,Warner Bros. Discovery,XX-XY,,,Warner Bros. Discovery,WBD,,,,,,,,,,,,,United States,company.public,USD-marketcap,"$20,790,000,000",$8.64,,12024.03,,,B.lion,,,,12026,phantasim,,,,,,,,,,
1001,12024,MTR Corporation,XX-XY,,,MTR Corporation,0066.HK,,,,,,,,,,,,,Hong Kong,company.public,USD-marketcap,"$20,780,000,000",$3.34,,,,,B.lion,,,,12026,phantasim,,,,,,,,,,
1002,12024,Samsara,XX-XY,,,Samsara,IOT,,,,,,,,,,,,,United States,company.public,USD-marketcap,"$20,730,000,000",$38.39,,12024.03,,,B.lion,,,,12026,phantasim,,,,,,,,,,
1003,12024,Eversource Energy,XX-XY,,,Eversource Energy,ES,,,,,,,,,,,,,United States,company.public,USD-marketcap,"$20,680,000,000",$58.98,,12024.03,,,B.lion,,,,12026,phantasim,,,,,,,,,,
1004,12024,Elm Company,XX-XY,,,Elm Company,7203.SR,,,,,,,,,,,,,Saudi Arabia,company.public,USD-marketcap,"$20,680,000,000",$258.50,,,,,B.lion,,,,12026,phantasim,,,,,,,,,,
1005,12024,Yankuang Energy (Yanzhou Coal Mining),XX-XY,,,Yankuang Energy (Yanzhou Coal Mining),600188.SS,,,,,,,,,,,,,China,company.public,USD-marketcap,"$20,620,000,000",$3.18,,,,,B.lion,,,,12026,phantasim,,,,,,,,,,
1006,12024,YANGHE,XX-XY,,,YANGHE,002304.SZ,,,,,,,,,,,,,China,company.public,USD-marketcap,"$20,610,000,000",$13.68,,,,,B.lion,,,,12026,phantasim,,,,,,,,,,
1008,12024,Zoom,XX-XY,,,Zoom,ZM,,,,,,,,,,,,,United States,company.public,USD-marketcap,"$20,480,000,000",$66.62,,12024.03,,,B.lion,,,,12026,phantasim,,,,,,,,,,
1009,12024,Waters Corporation,XX-XY,,,Waters Corporation,WAT,,,,,,,,,,,,,United States,company.public,USD-marketcap,"$20,430,000,000",$345.19,,12024.03,,,B.lion,,,,12026,phantasim,,,,,,,,,,
1010,12024,Aeon,XX-XY,,,Aeon,8267.T,,,,,,,,,,,,,Japan,company.public,USD-marketcap,"$20,410,000,000",$23.89,,12024.03,,,B.lion,,,,12026,phantasim,,,,,,,,,,
1011,12024,BOE Technology,XX-XY,,,BOE Technology,000725.SZ,,,,,,,,,,,,,China,company.public,USD-marketcap,"$20,410,000,000",$0.55,,,,,B.lion,,,,12026,phantasim,,,,,,,,,,
1012,12024,HeidelbergCement,XX-XY,,,HeidelbergCement,HEI.DE,,,,,,,,,,,,,Germany,company.public,USD-marketcap,"$20,400,000,000",$109.62,,,,,B.lion,,,,12026,phantasim,,,,,,,,,,
1013,12024,McCormick & Company,XX-XY,,,McCormick & Company,MKC,,,,,,,,,,,,,United States,company.public,USD-marketcap,"$20,390,000,000",$76.03,,12024.03,,,B.lion,,,,12026,phantasim,,,,,,,,,,
1014,12024,United Microelectronics,XX-XY,,,United Microelectronics,UMC,,,,,,,,,,,,,Taiwan,company.public,USD-marketcap,"$20,380,000,000",$7.98,,12024.03,,,B.lion,,,,12026,phantasim,,,,,,,,,,
1015,12024,Talanx,XX-XY,,,Talanx,TLX.DE,,,,,,,,,,,,,Germany,company.public,USD-marketcap,"$20,330,000,000",$78.75,,,,,B.lion,,,,12026,phantasim,,,,,,,,,,
1016,12024,Coca-Cola FEMSA,XX-XY,,,Coca-Cola FEMSA,KOF,,,,,,,,,,,,,Mexico,company.public,USD-marketcap,"$20,320,000,000",$96.73,,12024.03,,,B.lion,,,,12026,phantasim,,,,,,,,,,
1017,12024,Teledyne,XX-XY,,,Teledyne,TDY,,,,,,,,,,,,,United States,company.public,USD-marketcap,"$20,320,000,000",$429.01,,12024.03,,,B.lion,,,,12026,phantasim,,,,,,,,,,
1018,12024,WiseTech Global,XX-XY,,,WiseTech Global,WTC.AX,,,,,,,,,,,,,Australia,company.public,USD-marketcap,"$20,320,000,000",$60.96,,,,,B.lion,,,,12026,phantasim,,,,,,,,,,
1019,12024,Maersk,XX-XY,,,Maersk,MAERSK-B.CO,,,,,,,,,,,,,Denmark,company.public,USD-marketcap,"$20,320,000,000","$1,306.00",,,,,B.lion,,,,12026,phantasim,,,,,,,,,,
1020,12024,Svenska Handelsbanken,XX-XY,,,Svenska Handelsbanken,SHB-A.ST,,,,,,,,,,,,,Sweden,company.public,USD-marketcap,"$20,310,000,000",$10.22,,,,,B.lion,,,,12026,phantasim,,,,,,,,,,
1021,12024,Chongqing Changan,XX-XY,,,Chongqing Changan,000625.SZ,,,,,,,,,,,,,China,company.public,USD-marketcap,"$20,310,000,000",$2.35,,,,,B.lion,,,,12026,phantasim,,,,,,,,,,
1022,12024,Principal,XX-XY,,,Principal,PFG,,,,,,,,,,,,,United States,company.public,USD-marketcap,"$20,300,000,000",$86.07,,12024.03,,,B.lion,,,,12026,phantasim,,,,,,,,,,
1023,12024,Borouge,XX-XY,,,Borouge,BOROUGE.AE,,,,,,,,,,,,,United Arab Emirates,company.public,USD-marketcap,"$20,290,000,000",$0.68,,,,,B.lion,,,,12026,phantasim,,,,,,,,,,
1024,12024,Repsol,XX-XY,,,Repsol,REP.MC,,,,,,,,,,,,,Spain,company.public,USD-marketcap,"$20,250,000,000",$16.65,,,,,B.lion,,,,12026,phantasim,,,,,,,,,,
1025,12024,Cooper Companies,XX-XY,,,Cooper Companies,COO,,,,,,,,,,,,,United States,company.public,USD-marketcap,"$20,240,000,000",$101.84,,12024.03,,,B.lion,,,,12026,phantasim,,,,,,,,,,
1026,12024,PPL,XX-XY,,,PPL,PPL,,,,,,,,,,,,,United States,company.public,USD-marketcap,"$20,220,000,000",$27.42,,12024.03,,,B.lion,,,,12026,phantasim,,,,,,,,,,
1028,12024,CLP Group,XX-XY,,,CLP Group,0002.HK,,,,,,,,,,,,,Hong Kong,company.public,USD-marketcap,"$20,190,000,000",$8.00,,,,,B.lion,,,,12026,phantasim,,,,,,,,,,
1029,12024,Grupo Carso,XX-XY,,,Grupo Carso,GCARSOA1.MX,,,,,,,,,,,,,Mexico,company.public,USD-marketcap,"$20,190,000,000",$8.95,,,,,B.lion,,,,12026,phantasim,,,,,,,,,,
1030,12024,J. B. Hunt,XX-XY,,,J. B. Hunt,JBHT,,,,,,,,,,,,,United States,company.public,USD-marketcap,"$20,160,000,000",$195.20,,12024.03,,,B.lion,,,,12026,phantasim,,,,,,,,,,
1031,12024,Williams-Sonoma,XX-XY,,,Williams-Sonoma,WSM,,,,,,,,,,,,,United States,company.public,USD-marketcap,"$20,130,000,000",$314.02,,12024.03,,,B.lion,,,,12026,phantasim,,,,,,,,,,
1032,12024,Moncler,XX-XY,,,Moncler,MONC.MI,,,,,,,,,,,,,Italy,company.public,USD-marketcap,"$20,110,000,000",$74.22,,,,,B.lion,,,,12026,phantasim,,,,,,,,,,
1033,12024,Huntington Bancshares,XX-XY,,,Huntington Bancshares,HBAN,,,,,,,,,,,,,United States,company.public,USD-marketcap,"$20,070,000,000",$13.79,,12024.03,,,B.lion,,,,12026,phantasim,,,,,,,,,,
1034,12024,Nokia,XX-XY,,,Nokia,NOK,,,,,,,,,,,,,Finland,company.public,USD-marketcap,"$20,060,000,000",$3.60,,12024.03,,,B.lion,,,,12026,phantasim,,,,,,,,,,
1035,12024,Astellas Pharma,XX-XY,,,Astellas Pharma,4503.T,,,,,,,,,,,,,Japan,company.public,USD-marketcap,"$20,050,000,000",$11.18,,12024.03,,,B.lion,,,,12026,phantasim,,,,,,,,,,
1036,12024,Markel,XX-XY,,,Markel,MKL,,,,,,,,,,,,,United States,company.public,USD-marketcap,"$20,020,000,000","$1,527.00",,12024.03,,,B.lion,,,,12026,phantasim,,,,,,,,,,
1037,12024,China Tower,XX-XY,,,China Tower,0788.HK,,,,,,,,,,,,,China,company.public,USD-marketcap,"$20,020,000,000",$0.11,,,,,B.lion,,,,12026,phantasim,,,,,,,,,,
1038,12024,Genmab,XX-XY,,,Genmab,GMAB,,,,,,,,,,,,,Denmark,company.public,USD-marketcap,"$20,000,000,000",$30.63,,12024.03,,,B.lion,,,,12026,phantasim,,,,,,,,,,
1039,12024,CTBC Financial Holding,XX-XY,,,CTBC Financial Holding,2891.TW,,,,,,,,,,,,,Taiwan,company.public,USD-marketcap,"$20,000,000,000",$1.02,,,,,B.lion,,,,12026,phantasim,,,,,,,,,,
1040,12024,Darden Restaurants,XX-XY,,,Darden Restaurants,DRI,,,,,,,,,,,,,United States,company.public,USD-marketcap,"$19,930,000,000",$166.97,,12024.03,,,B.lion,,,,12026,phantasim,,,,,,,,,,
1041,12024,Industries Qatar,XX-XY,,,Industries Qatar,IQCD.QA,,,,,,,,,,,,,Qatar,company.public,USD-marketcap,"$19,930,000,000",$3.30,,,,,B.lion,,,,12026,phantasim,,,,,,,,,,
1042,12024,Bank of Jiangsu,XX-XY,,,Bank of Jiangsu,600919.SS,,,,,,,,,,,,,China,company.public,USD-marketcap,"$19,930,000,000",$1.09,,,,,B.lion,,,,12026,phantasim,,,,,,,,,,
1043,12024,China Securities,XX-XY,,,China Securities,601066.SS,,,,,,,,,,,,,China,company.public,USD-marketcap,"$19,850,000,000",$3.01,,,,,B.lion,,,,12026,phantasim,,,,,,,,,,
1044,12024,Seagate Technology,XX-XY,,,Seagate Technology,STX,,,,,,,,,,,,,Ireland,company.public,USD-marketcap,"$19,810,000,000",$94.58,,12024.03,,,B.lion,,,,12026,phantasim,,,,,,,,,,
1045,12024,Geberit,XX-XY,,,Geberit,GEBN.SW,,,,,,,,,,,,,Switzerland,company.public,USD-marketcap,"$19,750,000,000",$588.98,,,,,B.lion,,,,12026,phantasim,,,,,,,,,,
1046,12024,Swiss Life,XX-XY,,,Swiss Life,SLHN.SW,,,,,,,,,,,,,Switzerland,company.public,USD-marketcap,"$19,720,000,000",$697.97,,,,,B.lion,,,,12026,phantasim,,,,,,,,,,
1047,12024,Emaar Properties,XX-XY,,,Emaar Properties,EMAAR.AE,,,,,,,,,,,,,United Arab Emirates,company.public,USD-marketcap,"$19,710,000,000",$2.23,,,,,B.lion,,,,12026,phantasim,,,,,,,,,,
1048,12024,Freddie Mac,XX-XY,,,Freddie Mac,FMCCT,,,,,,,,,,,,,United States,company.public,USD-marketcap,"$19,640,000,000",$6.10,,12024.03,,,B.lion,,,,12026,phantasim,,,,,,,,,,
1049,12024,ČEZ Group,XX-XY,,,ČEZ Group,CEZ.PR,,,,,,,,,,,,,Czech Republic,company.public,USD-marketcap,"$19,610,000,000",$36.54,,,,,B.lion,,,,12026,phantasim,,,,,,,,,,
1052,12024,Endesa,XX-XY,,,Endesa,ELE.MC,,,,,,,,,,,,,Spain,company.public,USD-marketcap,"$19,580,000,000",$18.50,,,,,B.lion,,,,12026,phantasim,,,,,,,,,,
1053,12024,LPL Financial,XX-XY,,,LPL Financial,LPLA,,,,,,,,,,,,,United States,company.public,USD-marketcap,"$19,550,000,000",$262.59,,12024.03,,,B.lion,,,,12026,phantasim,,,,,,,,,,
1054,12024,Westlake Chemical,XX-XY,,,Westlake Chemical,WLK,,,,,,,,,,,,,United States,company.public,USD-marketcap,"$19,530,000,000",$152.35,,12024.03,,,B.lion,,,,12026,phantasim,,,,,,,,,,
1055,12024,KB Financial Group,XX-XY,,,KB Financial Group,KB,,,,,,,,,,,,,South Korea,company.public,USD-marketcap,"$19,480,000,000",$51.46,,12024.03,,,B.lion,,,,12026,phantasim,,,,,,,,,,
1056,12024,Ameren,XX-XY,,,Ameren,AEE,,,,,,,,,,,,,United States,company.public,USD-marketcap,"$19,470,000,000",$73.15,,12024.03,,,B.lion,,,,12026,phantasim,,,,,,,,,,
1057,12024,Alnylam Pharmaceuticals,XX-XY,,,Alnylam Pharmaceuticals,ALNY,,,,,,,,,,,,,United States,company.public,USD-marketcap,"$19,440,000,000",$154.39,,12024.03,,,B.lion,,,,12026,phantasim,,,,,,,,,,
1058,12024,Celsius Holdings,XX-XY,,,Celsius Holdings,CELH,,,,,,,,,,,,,United States,company.public,USD-marketcap,"$19,420,000,000",$83.43,,12024.03,,,B.lion,,,,12026,phantasim,,,,,,,,,,
1059,12024,Daiwa House,XX-XY,,,Daiwa House,1925.T,,,,,,,,,,,,,Japan,company.public,USD-marketcap,"$19,420,000,000",$30.35,,12024.03,,,B.lion,,,,12026,phantasim,,,,,,,,,,
1060,12024,Z Holdings,XX-XY,,,Z Holdings,4689.T,,,,,,,,,,,,,Japan,company.public,USD-marketcap,"$19,420,000,000",$2.59,,12024.03,,,B.lion,,,,12026,phantasim,,,,,,,,,,
1061,12024,NEC Corp,XX-XY,,,NEC Corp,6701.T,,,,,,,,,,,,,Japan,company.public,USD-marketcap,"$19,420,000,000",$72.81,,12024.03,,,B.lion,,,,12026,phantasim,,,,,,,,,,
1062,12024,Fortis,XX-XY,,,Fortis,FTS,,,,,,,,,,,,,Canada,company.public,USD-marketcap,"$19,400,000,000",$39.37,,12024.03,,,B.lion,,,,12026,phantasim,,,,,,,,,,
1063,12024,Budweiser APAC,XX-XY,,,Budweiser APAC,1876.HK,,,,,,,,,,,,,Hong Kong,company.public,USD-marketcap,"$19,390,000,000",$1.46,,,,,B.lion,,,,12026,phantasim,,,,,,,,,,
1064,12024,Kellogg's,XX-XY,,,Kellogg's,K,,,,,,,,,,,,,United States,company.public,USD-marketcap,"$19,360,000,000",$56.65,,12024.03,,,B.lion,,,,12026,phantasim,,,,,,,,,,
1065,12024,Reliance Steel & Aluminum,XX-XY,,,Reliance Steel & Aluminum,RS,,,,,,,,,,,,,United States,company.public,USD-marketcap,"$19,340,000,000",$336.90,,12024.03,,,B.lion,,,,12026,phantasim,,,,,,,,,,
1066,12024,Cincinnati Financial,XX-XY,,,Cincinnati Financial,CINF,,,,,,,,,,,,,United States,company.public,USD-marketcap,"$19,310,000,000",$123.29,,12024.03,,,B.lion,,,,12026,phantasim,,,,,,,,,,
1067,12024,Legal & General,XX-XY,,,Legal & General,LGEN.L,,,,,,,,,,,,,United Kingdom,company.public,USD-marketcap,"$19,310,000,000",$3.23,,,,,B.lion,,,,12026,phantasim,,,,,,,,,,
1068,12024,Weichai Power,XX-XY,,,Weichai Power,2338.HK,,,,,,,,,,,,,China,company.public,USD-marketcap,"$19,300,000,000",$1.88,,,,,B.lion,,,,12026,phantasim,,,,,,,,,,
1069,12024,Pembina Pipeline,XX-XY,,,Pembina Pipeline,PBA,,,,,,,,,,,,,Canada,company.public,USD-marketcap,"$19,280,000,000",$35.09,,12024.03,,,B.lion,,,,12026,phantasim,,,,,,,,,,
1070,12024,Tencent Music,XX-XY,,,Tencent Music,TME,,,,,,,,,,,,,China,company.public,USD-marketcap,"$19,280,000,000",$11.06,,12024.03,,,B.lion,,,,12026,phantasim,,,,,,,,,,
1071,12024,Kyocera,XX-XY,,,Kyocera,6971.T,,,,,,,,,,,,,Japan,company.public,USD-marketcap,"$19,280,000,000",$13.69,,12024.03,,,B.lion,,,,12026,phantasim,,,,,,,,,,
1072,12024,Ajinomoto,XX-XY,,,Ajinomoto,2802.T,,,,,,,,,,,,,Japan,company.public,USD-marketcap,"$19,270,000,000",$37.46,,12024.03,,,B.lion,,,,12026,phantasim,,,,,,,,,,
1073,12024,Imperial Brands,XX-XY,,,Imperial Brands,IMB.L,,,,,,,,,,,,,United Kingdom,company.public,USD-marketcap,"$19,250,000,000",$22.20,,12024.03,,,B.lion,,,,12026,phantasim,,,,,,,,,,
1074,12024,Booz Allen Hamilton,XX-XY,,,Booz Allen Hamilton,BAH,,,,,,,,,,,,,United States,company.public,USD-marketcap,"$19,230,000,000",$148.22,,12024.03,,,B.lion,,,,12026,phantasim,,,,,,,,,,
1075,12024,Jacobs Engineering,XX-XY,,,Jacobs Engineering,J,,,,,,,,,,,,,United States,company.public,USD-marketcap,"$19,210,000,000",$152.93,,12024.03,,,B.lion,,,,12026,phantasim,,,,,,,,,,
1078,12024,Check Point Software,XX-XY,,,Check Point Software,CHKP,,,,,,,,,,,,,Israel,company.public,USD-marketcap,"$19,200,000,000",$164.15,,12024.03,,,B.lion,,,,12026,phantasim,,,,,,,,,,
1079,12024,Bolloré,XX-XY,,,Bolloré,BOL.PA,,,,,,,,,,,,,France,company.public,USD-marketcap,"$19,200,000,000",$6.75,,12024.03,,,B.lion,,,,12026,phantasim,,,,,,,,,,
1080,12024,Centrais Electricas Brasileiras,XX-XY,,,Centrais Electricas Brasileiras,EBR,,,,,,,,,,,,,Brazil,company.public,USD-marketcap,"$19,190,000,000",$8.39,,12024.03,,,B.lion,,,,12026,phantasim,,,,,,,,,,
1081,12024,Nomura Holdings,XX-XY,,,Nomura Holdings,NMR,,,,,,,,,,,,,Japan,company.public,USD-marketcap,"$19,190,000,000",$6.38,,12024.03,,,B.lion,,,,12026,phantasim,,,,,,,,,,
1082,12024,Bank of Ningbo,XX-XY,,,Bank of Ningbo,002142.SZ,,,,,,,,,,,,,China,company.public,USD-marketcap,"$19,130,000,000",$2.90,,,,,B.lion,,,,12026,phantasim,,,,,,,,,,
1083,12024,TDK,XX-XY,,,TDK,6762.T,,,,,,,,,,,,,Japan,company.public,USD-marketcap,"$19,120,000,000",$50.40,,12024.03,,,B.lion,,,,12026,phantasim,,,,,,,,,,
1085,12024,Hormel Foods,XX-XY,,,Hormel Foods,HRL,,,,,,,,,,,,,United States,company.public,USD-marketcap,"$19,080,000,000",$34.85,,12024.03,,,B.lion,,,,12026,phantasim,,,,,,,,,,
1086,12024,VeriSign,XX-XY,,,VeriSign,VRSN,,,,,,,,,,,,,United States,company.public,USD-marketcap,"$19,080,000,000",$189.10,,12024.03,,,B.lion,,,,12026,phantasim,,,,,,,,,,
1087,12024,Cboe,XX-XY,,,Cboe,CBOE,,,,,,,,,,,,,United States,company.public,USD-marketcap,"$19,020,000,000",$180.17,,12024.03,,,B.lion,,,,12026,phantasim,,,,,,,,,,
1090,12024,Regions Financial,XX-XY,,,Regions Financial,RF,,,,,,,,,,,,,United States,company.public,USD-marketcap,"$19,000,000,000",$20.68,,12024.03,,,B.lion,,,,12026,phantasim,,,,,,,,,,
1091,12024,Seres Group,XX-XY,,,Seres Group,601127.SS,,,,,,,,,,,,,China,company.public,USD-marketcap,"$18,990,000,000",$12.38,,,,,B.lion,,,,12026,phantasim,,,,,,,,,,
1092,12024,Carlsberg,XX-XY,,,Carlsberg,CARL-B.CO,,,,,,,,,,,,,Denmark,company.public,USD-marketcap,"$18,980,000,000",$137.01,,,,,B.lion,,,,12026,phantasim,,,,,,,,,,
1093,12024,Unicharm,XX-XY,,,Unicharm,8113.T,,,,,,,,,,,,,Japan,company.public,USD-marketcap,"$18,960,000,000",$32.13,,12024.03,,,B.lion,,,,12026,phantasim,,,,,,,,,,
1094,12024,Clorox,XX-XY,,,Clorox,CLX,,,,,,,,,,,,,United States,company.public,USD-marketcap,"$18,950,000,000",$152.74,,12024.03,,,B.lion,,,,12026,phantasim,,,,,,,,,,
1095,12024,Expedia Group,XX-XY,,,Expedia Group,EXPE,,,,,,,,,,,,,United States,company.public,USD-marketcap,"$18,940,000,000",$138.99,,12024.03,,,B.lion,,,,12026,phantasim,,,,,,,,,,
1096,12024,Celanese,XX-XY,,,Celanese,CE,,,,,,,,,,,,,United States,company.public,USD-marketcap,"$18,920,000,000",$169.64,,12024.03,,,B.lion,,,,12026,phantasim,,,,,,,,,,
1099,12024,Snap,XX-XY,,,Snap,SNAP,,,,,,,,,,,,,United States,company.public,USD-marketcap,"$18,890,000,000",$11.45,,12024.03,,,B.lion,,,,12026,phantasim,,,,,,,,,,
1100,12024,Arca Continental,XX-XY,,,Arca Continental,AC.MX,,,,,,,,,,,,,Mexico,company.public,USD-marketcap,"$18,860,000,000",$10.96,,12024.03,,,B.lion,,,,12026,phantasim,,,,,,,,,,
1101,12024,Inpex,XX-XY,,,Inpex,1605.T,,,,,,,,,,,,,Japan,company.public,USD-marketcap,"$18,860,000,000",$15.00,,12024.03,,,B.lion,,,,12026,phantasim,,,,,,,,,,
1102,12024,Omnicom,XX-XY,,,Omnicom,OMC,,,,,,,,,,,,,United States,company.public,USD-marketcap,"$18,840,000,000",$95.16,,12024.03,,,B.lion,,,,12026,phantasim,,,,,,,,,,
1103,12024,Grupo Financiero Inbursa,XX-XY,,,Grupo Financiero Inbursa,GFINBURO.MX,,,,,,,,,,,,,Mexico,company.public,USD-marketcap,"$18,830,000,000",$3.09,,,,,B.lion,,,,12026,phantasim,,,,,,,,,,
1105,12024,Zomato,XX-XY,,,Zomato,ZOMATO.NS,,,,,,,,,,,,,India,company.public,USD-marketcap,"$18,690,000,000",$2.15,,,,,B.lion,,,,12026,phantasim,,,,,,,,,,
1106,12024,Asahi Group,XX-XY,,,Asahi Group,2502.T,,,,,,,,,,,,,Japan,company.public,USD-marketcap,"$18,670,000,000",$36.86,,12024.03,,,B.lion,,,,12026,phantasim,,,,,,,,,,
1107,12024,Carlisle Companies,XX-XY,,,Carlisle Companies,CSL,,,,,,,,,,,,,United States,company.public,USD-marketcap,"$18,570,000,000",$388.62,,12024.03,,,B.lion,,,,12026,phantasim,,,,,,,,,,
1108,12024,PKN Orlen,XX-XY,,,PKN Orlen,PKN.WA,,,,,,,,,,,,,Poland,company.public,USD-marketcap,"$18,560,000,000",$15.99,,,,,B.lion,,,,12026,phantasim,,,,,,,,,,
1109,12024,Cameco,XX-XY,,,Cameco,CCJ,,,,,,,,,,,,,Canada,company.public,USD-marketcap,"$18,540,000,000",$42.71,,12024.03,,,B.lion,,,,12026,phantasim,,,,,,,,,,
1110,12024,IDEX,XX-XY,,,IDEX,IEX,,,,,,,,,,,,,United States,company.public,USD-marketcap,"$18,530,000,000",$245.09,,12024.03,,,B.lion,,,,12026,phantasim,,,,,,,,,,
1111,12024,Textron,XX-XY,,,Textron,TXT,,,,,,,,,,,,,United States,company.public,USD-marketcap,"$18,510,000,000",$96.25,,12024.03,,,B.lion,,,,12026,phantasim,,,,,,,,,,
1115,12024,SM Prime Holdings,XX-XY,,,SM Prime Holdings,SPHXF,,,,,,,,,,,,,Philippines,company.public,USD-marketcap,"$18,490,000,000",$0.59,,12024.03,,,B.lion,,,,12026,phantasim,,,,,,,,,,
1116,12024,Shinhan Financial Group,XX-XY,,,Shinhan Financial Group,SHG,,,,,,,,,,,,,South Korea,company.public,USD-marketcap,"$18,470,000,000",$35.39,,12024.03,,,B.lion,,,,12026,phantasim,,,,,,,,,,
1117,12024,CK Hutchison Holdings,XX-XY,,,CK Hutchison Holdings,0001.HK,,,,,,,,,,,,,Hong Kong,company.public,USD-marketcap,"$18,450,000,000",$4.82,,,,,B.lion,,,,12026,phantasim,,,,,,,,,,
1118,12024,Philips,XX-XY,,,Philips,PHG,,,,,,,,,,,,,Netherlands,company.public,USD-marketcap,"$18,420,000,000",$20.33,,12024.03,,,B.lion,,,,12026,phantasim,,,,,,,,,,
1119,12024,Kubota,XX-XY,,,Kubota,6326.T,,,,,,,,,,,,,Japan,company.public,USD-marketcap,"$18,390,000,000",$15.66,,12024.03,,,B.lion,,,,12026,phantasim,,,,,,,,,,
1120,12024,Traton,XX-XY,,,Traton,8TRA.DE,,,,,,,,,,,,,Germany,company.public,USD-marketcap,"$18,390,000,000",$36.79,,,,,B.lion,,,,12026,phantasim,,,,,,,,,,
1121,12024,Ericsson,XX-XY,,,Ericsson,ERIC,,,,,,,,,,,,,Sweden,company.public,USD-marketcap,"$18,350,000,000",$5.51,,12024.03,,,B.lion,,,,12026,phantasim,,,,,,,,,,
1122,12024,George Weston,XX-XY,,,George Weston,WN.TO,,,,,,,,,,,,,Canada,company.public,USD-marketcap,"$18,350,000,000",$136.56,,12024.03,,,B.lion,,,,12026,phantasim,,,,,,,,,,
1123,12024,PKO Bank Polski,XX-XY,,,PKO Bank Polski,PKO.WA,,,,,,,,,,,,,Poland,company.public,USD-marketcap,"$18,320,000,000",$14.66,,,,,B.lion,,,,12026,phantasim,,,,,,,,,,
1124,12024,DiDi,XX-XY,,,DiDi,DIDIY,,,,,,,,,,,,,China,company.public,USD-marketcap,"$18,310,000,000",$3.81,,12024.03,,,B.lion,,,,12026,phantasim,,,,,,,,,,
1125,12024,Power Corporation of Canada,XX-XY,,,Power Corporation of Canada,POW.TO,,,,,,,,,,,,,Canada,company.public,USD-marketcap,"$18,270,000,000",$27.94,,,,,B.lion,,,,12026,phantasim,,,,,,,,,,
1126,12024,Pidilite,XX-XY,,,Pidilite,PIDILITIND.NS,,,,,,,,,,,,,India,company.public,USD-marketcap,"$18,270,000,000",$35.93,,,,,B.lion,,,,12026,phantasim,,,,,,,,,,
1127,12024,LabCorp,XX-XY,,,LabCorp,LH,,,,,,,,,,,,,United States,company.public,USD-marketcap,"$18,210,000,000",$216.57,,12024.03,,,B.lion,,,,12026,phantasim,,,,,,,,,,
1128,12024,Dick's Sporting Goods,XX-XY,,,Dick's Sporting Goods,DKS,,,,,,,,,,,,,United States,company.public,USD-marketcap,"$18,190,000,000",$222.59,,12024.03,,,B.lion,,,,12026,phantasim,,,,,,,,,,
1129,12024,Royalty Pharma,XX-XY,,,Royalty Pharma,RPRX,,,,,,,,,,,,,United Kingdom,company.public,USD-marketcap,"$18,190,000,000",$30.45,,12024.03,,,B.lion,,,,12026,phantasim,,,,,,,,,,
1130,12024,Hologic,XX-XY,,,Hologic,HOLX,,,,,,,,,,,,,United States,company.public,USD-marketcap,"$18,150,000,000",$77.35,,12024.03,,,B.lion,,,,12026,phantasim,,,,,,,,,,
1131,12024,Walgreens Boots Alliance,XX-XY,,,Walgreens Boots Alliance,WBA,,,,,,,,,,,,,United States,company.public,USD-marketcap,"$18,120,000,000",$21.02,,12024.03,,,B.lion,,,,12026,phantasim,,,,,,,,,,
1132,12024,FirstRand,XX-XY,,,FirstRand,FSR.JO,,,,,,,,,,,,,South Africa,company.public,USD-marketcap,"$18,100,000,000",$3.23,,,,,B.lion,,,,12026,phantasim,,,,,,,,,,
1133,12024,Avery Dennison,XX-XY,,,Avery Dennison,AVY,,,,,,,,,,,,,United States,company.public,USD-marketcap,"$18,050,000,000",$224.24,,12024.03,,,B.lion,,,,12026,phantasim,,,,,,,,,,
1134,12024,POSCO Chemical,XX-XY,,,POSCO Chemical,003670.KS,,,,,,,,,,,,,South Korea,company.public,USD-marketcap,"$18,030,000,000",$231.15,,,,,B.lion,,,,12026,phantasim,,,,,,,,,,
1135,12024,WuXi AppTec,XX-XY,,,WuXi AppTec,2359.HK,,,,,,,,,,,,,China,company.public,USD-marketcap,"$18,020,000,000",$4.71,,,,,B.lion,,,,12026,phantasim,,,,,,,,,,
1138,12024,UPM-Kymmene,XX-XY,,,UPM-Kymmene,UPM.HE,,,,,,,,,,,,,Finland,company.public,USD-marketcap,"$18,000,000,000",$33.75,,,,,B.lion,,,,12026,phantasim,,,,,,,,,,
1139,12024,Grasim Industries,XX-XY,,,Grasim Industries,GRASIM.NS,,,,,,,,,,,,,India,company.public,USD-marketcap,"$17,980,000,000",$26.51,,,,,B.lion,,,,12026,phantasim,,,,,,,,,,
1140,12024,CenterPoint Energy,XX-XY,,,CenterPoint Energy,CNP,,,,,,,,,,,,,United States,company.public,USD-marketcap,"$17,910,000,000",$28.29,,12024.03,,,B.lion,,,,12026,phantasim,,,,,,,,,,
1141,12024,Northern Trust,XX-XY,,,Northern Trust,NTRS,,,,,,,,,,,,,United States,company.public,USD-marketcap,"$17,900,000,000",$87.75,,12024.03,,,B.lion,,,,12026,phantasim,,,,,,,,,,
1142,12024,Aristocrat,XX-XY,,,Aristocrat,ALL.AX,,,,,,,,,,,,,Australia,company.public,USD-marketcap,"$17,900,000,000",$28.04,,12024.03,,,B.lion,,,,12026,phantasim,,,,,,,,,,
1143,12024,CMS Energy,XX-XY,,,CMS Energy,CMS,,,,,,,,,,,,,United States,company.public,USD-marketcap,"$17,890,000,000",$59.92,,12024.03,,,B.lion,,,,12026,phantasim,,,,,,,,,,
1144,12024,First Solar,XX-XY,,,First Solar,FSLR,,,,,,,,,,,,,United States,company.public,USD-marketcap,"$17,890,000,000",$167.45,,12024.03,,,B.lion,,,,12026,phantasim,,,,,,,,,,
1145,12024,MFHC,XX-XY,,,MFHC,2886.TW,,,,,,,,,,,,,Taiwan,company.public,USD-marketcap,"$17,870,000,000",$1.27,,,,,B.lion,,,,12026,phantasim,,,,,,,,,,
1146,12024,Atmos Energy,XX-XY,,,Atmos Energy,ATO,,,,,,,,,,,,,United States,company.public,USD-marketcap,"$17,830,000,000",$118.26,,12024.03,,,B.lion,,,,12026,phantasim,,,,,,,,,,
1147,12024,Kakao,XX-XY,,,Kakao,035720.KS,,,,,,,,,,,,,South Korea,company.public,USD-marketcap,"$17,820,000,000",$40.60,,,,,B.lion,,,,12026,phantasim,,,,,,,,,,
1148,12024,Dassault Aviation,XX-XY,,,Dassault Aviation,AM.PA,,,,,,,,,,,,,France,company.public,USD-marketcap,"$17,800,000,000",$223.14,,12024.03,,,B.lion,,,,12026,phantasim,,,,,,,,,,
1149,12024,SGS,XX-XY,,,SGS,SGSN.SW,,,,,,,,,,,,,Switzerland,company.public,USD-marketcap,"$17,790,000,000",$96.57,,,,,B.lion,,,,12026,phantasim,,,,,,,,,,
1150,12024,SBI Life Insurance,XX-XY,,,SBI Life Insurance,SBILIFE.NS,,,,,,,,,,,,,India,company.public,USD-marketcap,"$17,790,000,000",$17.77,,,,,B.lion,,,,12026,phantasim,,,,,,,,,,
1151,12024,Tyler Technologies,XX-XY,,,Tyler Technologies,TYL,,,,,,,,,,,,,United States,company.public,USD-marketcap,"$17,780,000,000",$420.60,,12024.03,,,B.lion,,,,12026,phantasim,,,,,,,,,,
1152,12024,Ems-Chemie,XX-XY,,,Ems-Chemie,EMSN.SW,,,,,,,,,,,,,Switzerland,company.public,USD-marketcap,"$17,770,000,000",$759.99,,,,,B.lion,,,,12026,phantasim,,,,,,,,,,
1153,12024,Hyundai Mobis,XX-XY,,,Hyundai Mobis,012330.KS,,,,,,,,,,,,,South Korea,company.public,USD-marketcap,"$17,760,000,000",$195.96,,,,,B.lion,,,,12026,phantasim,,,,,,,,,,
1154,12024,AerCap,XX-XY,,,AerCap,AER,,,,,,,,,,,,,Ireland,company.public,USD-marketcap,"$17,730,000,000",$87.59,,12024.03,,,B.lion,,,,12026,phantasim,,,,,,,,,,
1155,12024,QBE Insurance,XX-XY,,,QBE Insurance,QBE.AX,,,,,,,,,,,,,Australia,company.public,USD-marketcap,"$17,710,000,000",$11.83,,,,,B.lion,,,,12026,phantasim,,,,,,,,,,
1157,12024,Nitori Holdings,XX-XY,,,Nitori Holdings,9843.T,,,,,,,,,,,,,Japan,company.public,USD-marketcap,"$17,700,000,000",$156.69,,12024.03,,,B.lion,,,,12026,phantasim,,,,,,,,,,
1158,12024,Best Buy,XX-XY,,,Best Buy,BBY,,,,,,,,,,,,,United States,company.public,USD-marketcap,"$17,630,000,000",$81.87,,12024.03,,,B.lion,,,,12026,phantasim,,,,,,,,,,
1159,12024,Leidos,XX-XY,,,Leidos,LDOS,,,,,,,,,,,,,United States,company.public,USD-marketcap,"$17,620,000,000",$130.54,,12024.03,,,B.lion,,,,12026,phantasim,,,,,,,,,,
1160,12024,Erste Group Bank,XX-XY,,,Erste Group Bank,EBO.F,,,,,,,,,,,,,Austria,company.public,USD-marketcap,"$17,610,000,000",$43.43,,12024.03,,,B.lion,,,,12026,phantasim,,,,,,,,,,
1161,12024,Okta,XX-XY,,,Okta,OKTA,,,,,,,,,,,,,United States,company.public,USD-marketcap,"$17,560,000,000",$104.92,,12024.03,,,B.lion,,,,12026,phantasim,,,,,,,,,,
1162,12024,Ventas,XX-XY,,,Ventas,VTR,,,,,,,,,,,,,United States,company.public,USD-marketcap,"$17,550,000,000",$43.63,,12024.03,,,B.lion,,,,12026,phantasim,,,,,,,,,,
1163,12024,Kaō,XX-XY,,,Kaō,4452.T,,,,,,,,,,,,,Japan,company.public,USD-marketcap,"$17,540,000,000",$37.74,,12024.03,,,B.lion,,,,12026,phantasim,,,,,,,,,,
1164,12024,Corebridge Financial,XX-XY,,,Corebridge Financial,CRBG,,,,,,,,,,,,,United States,company.public,USD-marketcap,"$17,520,000,000",$28.15,,12024.03,,,B.lion,,,,12026,phantasim,,,,,,,,,,
1165,12024,InterContinental Hotels Group,XX-XY,,,InterContinental Hotels Group,IHG,,,,,,,,,,,,,United Kingdom,company.public,USD-marketcap,"$17,510,000,000",$106.62,,12024.03,,,B.lion,,,,12026,phantasim,,,,,,,,,,
1166,12024,LTIMindtree,XX-XY,,,LTIMindtree,LTIM.NS,,,,,,,,,,,,,India,company.public,USD-marketcap,"$17,510,000,000",$59.17,,,,,B.lion,,,,12026,phantasim,,,,,,,,,,
1170,12024,Bharat Electronics,XX-XY,,,Bharat Electronics,BEL.NS,,,,,,,,,,,,,India,company.public,USD-marketcap,"$17,500,000,000",$2.40,,12024.03,,,B.lion,,,,12026,phantasim,,,,,,,,,,
1171,12024,James Hardie Industries,XX-XY,,,James Hardie Industries,JHX,,,,,,,,,,,,,Ireland,company.public,USD-marketcap,"$17,490,000,000",$39.83,,12024.03,,,B.lion,,,,12026,phantasim,,,,,,,,,,
1172,12024,Robinhood,XX-XY,,,Robinhood,HOOD,,,,,,,,,,,,,United States,company.public,USD-marketcap,"$17,490,000,000",$20.01,,12024.03,,,B.lion,,,,12026,phantasim,,,,,,,,,,
1173,12024,Hydro One,XX-XY,,,Hydro One,H.TO,,,,,,,,,,,,,Canada,company.public,USD-marketcap,"$17,480,000,000",$29.19,,12024.03,,,B.lion,,,,12026,phantasim,,,,,,,,,,
1174,12024,Southwest Airlines,XX-XY,,,Southwest Airlines,LUV,,,,,,,,,,,,,United States,company.public,USD-marketcap,"$17,460,000,000",$29.27,,12024.03,,,B.lion,,,,12026,phantasim,,,,,,,,,,
1175,12024,Expeditors,XX-XY,,,Expeditors,EXPD,,,,,,,,,,,,,United States,company.public,USD-marketcap,"$17,440,000,000",$121.24,,12024.03,,,B.lion,,,,12026,phantasim,,,,,,,,,,
1176,12024,PBBank (Public Bank Bhd),XX-XY,,,PBBank (Public Bank Bhd),1295.KL,,,,,,,,,,,,,Malaysia,company.public,USD-marketcap,"$17,440,000,000",$0.89,,,,,B.lion,,,,12026,phantasim,,,,,,,,,,
1179,12024,GoDaddy,XX-XY,,,GoDaddy,GDDY,,,,,,,,,,,,,United States,company.public,USD-marketcap,"$17,390,000,000",$122.08,,12024.03,,,B.lion,,,,12026,phantasim,,,,,,,,,,
1180,12024,Loews Corporation,XX-XY,,,Loews Corporation,L,,,,,,,,,,,,,United States,company.public,USD-marketcap,"$17,350,000,000",$78.10,,12024.03,,,B.lion,,,,12026,phantasim,,,,,,,,,,
1181,12024,Avantor,XX-XY,,,Avantor,AVTR,,,,,,,,,,,,,United States,company.public,USD-marketcap,"$17,350,000,000",$25.58,,12024.03,,,B.lion,,,,12026,phantasim,,,,,,,,,,
1182,12024,Jabil,XX-XY,,,Jabil,JBL,,,,,,,,,,,,,United States,company.public,USD-marketcap,"$17,330,000,000",$135.94,,12024.03,,,B.lion,,,,12026,phantasim,,,,,,,,,,
1183,12024,Sonova,XX-XY,,,Sonova,SOON.SW,,,,,,,,,,,,,Switzerland,company.public,USD-marketcap,"$17,330,000,000",$290.73,,,,,B.lion,,,,12026,phantasim,,,,,,,,,,
1184,12024,Subaru,XX-XY,,,Subaru,7270.T,,,,,,,,,,,,,Japan,company.public,USD-marketcap,"$17,320,000,000",$23.05,,12024.03,,,B.lion,,,,12026,phantasim,,,,,,,,,,
1185,12024,Lennox,XX-XY,,,Lennox,LII,,,,,,,,,,,,,United States,company.public,USD-marketcap,"$17,310,000,000",$486.68,,12024.03,,,B.lion,,,,12026,phantasim,,,,,,,,,,
1186,12024,Skyworks Solutions,XX-XY,,,Skyworks Solutions,SWKS,,,,,,,,,,,,,United States,company.public,USD-marketcap,"$17,280,000,000",$107.89,,12024.03,,,B.lion,,,,12026,phantasim,,,,,,,,,,
1187,12024,ZTO Express,XX-XY,,,ZTO Express,ZTO,,,,,,,,,,,,,China,company.public,USD-marketcap,"$17,270,000,000",$21.27,,12024.03,,,B.lion,,,,12026,phantasim,,,,,,,,,,
1188,12024,Warner Music Group,XX-XY,,,Warner Music Group,WMG,,,,,,,,,,,,,United States,company.public,USD-marketcap,"$17,250,000,000",$33.32,,12024.03,,,B.lion,,,,12026,phantasim,,,,,,,,,,
1189,12024,Sumitomo Realty & Development,XX-XY,,,Sumitomo Realty & Development,8830.T,,,,,,,,,,,,,Japan,company.public,USD-marketcap,"$17,220,000,000",$36.35,,12024.03,,,B.lion,,,,12026,phantasim,,,,,,,,,,
1190,12024,Nippon Paint,XX-XY,,,Nippon Paint,4612.T,,,,,,,,,,,,,Japan,company.public,USD-marketcap,"$17,210,000,000",$7.33,,12024.03,,,B.lion,,,,12026,phantasim,,,,,,,,,,
1191,12024,Synchrony,XX-XY,,,Synchrony,SYF,,,,,,,,,,,,,United States,company.public,USD-marketcap,"$17,200,000,000",$42.28,,12024.03,,,B.lion,,,,12026,phantasim,,,,,,,,,,
1192,12024,ADNOC Drilling Company,XX-XY,,,ADNOC Drilling Company,ADNOCDRILL.AE,,,,,,,,,,,,,United Arab Emirates,company.public,USD-marketcap,"$17,200,000,000",$1.08,,,,,B.lion,,,,12026,phantasim,,,,,,,,,,
1193,12024,Watsco,XX-XY,,,Watsco,WSO,,,,,,,,,,,,,United States,company.public,USD-marketcap,"$17,180,000,000",$434.28,,12024.03,,,B.lion,,,,12026,phantasim,,,,,,,,,,
1194,12024,Abiomed,XX-XY,,,Abiomed,ABMD,,,,,,,,,,,,,United States,company.public,USD-marketcap,"$17,180,000,000",$381.02,,12024.03,,,B.lion,,,,12026,phantasim,,,,,,,,,,
1195,12024,Everest Group,XX-XY,,,Everest Group,EG,,,,,,,,,,,,,Bermuda,company.public,USD-marketcap,"$17,170,000,000",$395.79,,12024.03,,,B.lion,,,,12026,phantasim,,,,,,,,,,
1196,12024,Domino's Pizza,XX-XY,,,Domino's Pizza,DPZ,,,,,,,,,,,,,United States,company.public,USD-marketcap,"$17,140,000,000",$492.13,,12024.03,,,B.lion,,,,12026,phantasim,,,,,,,,,,
1197,12024,Commerzbank,XX-XY,,,Commerzbank,CBK.F,,,,,,,,,,,,,Germany,company.public,USD-marketcap,"$17,130,000,000",$13.78,,12024.03,,,B.lion,,,,12026,phantasim,,,,,,,,,,
1198,12024,BeiGene,XX-XY,,,BeiGene,BGNE,,,,,,,,,,,,,China,company.public,USD-marketcap,"$17,120,000,000",$155.08,,12024.03,,,B.lion,,,,12026,phantasim,,,,,,,,,,
1199,12024,Sany Heavy Industry,XX-XY,,,Sany Heavy Industry,600031.SS,,,,,,,,,,,,,China,company.public,USD-marketcap,"$17,120,000,000",$2.02,,,,,B.lion,,,,12026,phantasim,,,,,,,,,,
1200,12024,Severstal,XX-XY,,,Severstal,CHMF.ME,,,,,,,,,,,,,Russia,company.public,USD-marketcap,"$17,110,000,000",$19.99,,,,,B.lion,,,,12026,phantasim,,,,,,,,,,
1202,12024,Masco,XX-XY,,,Masco,MAS,,,,,,,,,,,,,United States,company.public,USD-marketcap,"$17,100,000,000",$77.85,,12024.03,,,B.lion,,,,12026,phantasim,,,,,,,,,,
1203,12024,Aviva,XX-XY,,,Aviva,AV.L,,,,,,,,,,,,,United Kingdom,company.public,USD-marketcap,"$17,100,000,000",$6.27,,12024.03,,,B.lion,,,,12026,phantasim,,,,,,,,,,
1204,12024,Teradyne,XX-XY,,,Teradyne,TER,,,,,,,,,,,,,United States,company.public,USD-marketcap,"$17,070,000,000",$111.54,,12024.03,,,B.lion,,,,12026,phantasim,,,,,,,,,,
1205,12024,FactSet,XX-XY,,,FactSet,FDS,,,,,,,,,,,,,United States,company.public,USD-marketcap,"$17,030,000,000",$447.38,,12024.03,,,B.lion,,,,12026,phantasim,,,,,,,,,,
1206,12024,Polyus,XX-XY,,,Polyus,PLZL.ME,,,,,,,,,,,,,Russia,company.public,USD-marketcap,"$17,000,000,000",$125.33,,,,,B.lion,,,,12026,phantasim,,,,,,,,,,
1207,12024,KE Holdings,XX-XY,,,KE Holdings,BEKE,,,,,,,,,,,,,China,company.public,USD-marketcap,"$16,960,000,000",$13.71,,12024.03,,,B.lion,,,,12026,phantasim,,,,,,,,,,
1208,12024,Packaging Corporation of America,XX-XY,,,Packaging Corporation of America,PKG,,,,,,,,,,,,,United States,company.public,USD-marketcap,"$16,930,000,000",$188.94,,12024.03,,,B.lion,,,,12026,phantasim,,,,,,,,,,
1209,12024,Carlyle Group,XX-XY,,,Carlyle Group,CG,,,,,,,,,,,,,United States,company.public,USD-marketcap,"$16,880,000,000",$46.78,,12024.03,,,B.lion,,,,12026,phantasim,,,,,,,,,,
1210,12024,Terna,XX-XY,,,Terna,TRN.MI,,,,,,,,,,,,,Italy,company.public,USD-marketcap,"$16,880,000,000",$8.37,,,,,B.lion,,,,12026,phantasim,,,,,,,,,,
1211,12024,Olympus,XX-XY,,,Olympus,7733.T,,,,,,,,,,,,,Japan,company.public,USD-marketcap,"$16,870,000,000",$14.44,,12024.03,,,B.lion,,,,12026,phantasim,,,,,,,,,,
1212,12024,AIER Eye Hospital,XX-XY,,,AIER Eye Hospital,300015.SZ,,,,,,,,,,,,,China,company.public,USD-marketcap,"$16,870,000,000",$1.77,,,,,B.lion,,,,12026,phantasim,,,,,,,,,,
1213,12024,Advanced Info Service (AIS),XX-XY,,,Advanced Info Service (AIS),ADVANC.BK,,,,,,,,,,,,,Thailand,company.public,USD-marketcap,"$16,850,000,000",$5.67,,,,,B.lion,,,,12026,phantasim,,,,,,,,,,
1214,12024,Essity,XX-XY,,,Essity,ESSITY-B.ST,,,,,,,,,,,,,Sweden,company.public,USD-marketcap,"$16,800,000,000",$23.92,,,,,B.lion,,,,12026,phantasim,,,,,,,,,,
1215,12024,Telefonica Brasil,XX-XY,,,Telefonica Brasil,VIV,,,,,,,,,,,,,Brazil,company.public,USD-marketcap,"$16,730,000,000",$10.11,,12024.03,,,B.lion,,,,12026,phantasim,,,,,,,,,,
1216,12024,Kingspan Group,XX-XY,,,Kingspan Group,KRX.IR,,,,,,,,,,,,,Ireland,company.public,USD-marketcap,"$16,730,000,000",$91.40,,,,,B.lion,,,,12026,phantasim,,,,,,,,,,
1217,12024,BioMarin Pharmaceutical,XX-XY,,,BioMarin Pharmaceutical,BMRN,,,,,,,,,,,,,United States,company.public,USD-marketcap,"$16,710,000,000",$88.61,,12024.03,,,B.lion,,,,12026,phantasim,,,,,,,,,,
1219,12024,Bank of Beijing,XX-XY,,,Bank of Beijing,601169.SS,,,,,,,,,,,,,China,company.public,USD-marketcap,"$16,670,000,000",$0.79,,,,,B.lion,,,,12026,phantasim,,,,,,,,,,
1220,12024,Huaneng Power,XX-XY,,,Huaneng Power,600011.SS,,,,,,,,,,,,,China,company.public,USD-marketcap,"$16,630,000,000",$1.27,,,,,B.lion,,,,12026,phantasim,,,,,,,,,,
1221,12024,Akamai,XX-XY,,,Akamai,AKAM,,,,,,,,,,,,,United States,company.public,USD-marketcap,"$16,610,000,000",$109.63,,12024.03,,,B.lion,,,,12026,phantasim,,,,,,,,,,
1222,12024,Pure Storage,XX-XY,,,Pure Storage,PSTG,,,,,,,,,,,,,United States,company.public,USD-marketcap,"$16,600,000,000",$52.55,,12024.03,,,B.lion,,,,12026,phantasim,,,,,,,,,,
1223,12024,Symrise,XX-XY,,,Symrise,SY1.DE,,,,,,,,,,,,,Germany,company.public,USD-marketcap,"$16,600,000,000",$118.77,,,,,B.lion,,,,12026,phantasim,,,,,,,,,,
1224,12024,Emcor,XX-XY,,,Emcor,EME,,,,,,,,,,,,,United States,company.public,USD-marketcap,"$16,540,000,000",$351.59,,12024.03,,,B.lion,,,,12026,phantasim,,,,,,,,,,
1225,12024,Trent Limited,XX-XY,,,Trent Limited,TRENT.NS,,,,,,,,,,,,,India,company.public,USD-marketcap,"$16,540,000,000",$46.54,,,,,B.lion,,,,12026,phantasim,,,,,,,,,,
1226,12024,Alfa Laval,XX-XY,,,Alfa Laval,ALFA.ST,,,,,,,,,,,,,Sweden,company.public,USD-marketcap,"$16,510,000,000",$39.95,,,,,B.lion,,,,12026,phantasim,,,,,,,,,,
1229,12024,Abu Dhabi Commercial Bank (ADCB),XX-XY,,,Abu Dhabi Commercial Bank (ADCB),ADCB.AE,,,,,,,,,,,,,United Arab Emirates,company.public,USD-marketcap,"$16,500,000,000",$2.25,,,,,B.lion,,,,12026,phantasim,,,,,,,,,,
1230,12024,PTT Exploration and Production,XX-XY,,,PTT Exploration and Production,PTTEP.BK,,,,,,,,,,,,,Thailand,company.public,USD-marketcap,"$16,490,000,000",$4.16,,,,,B.lion,,,,12026,phantasim,,,,,,,,,,
1231,12024,Nomura Research Institute,XX-XY,,,Nomura Research Institute,4307.T,,,,,,,,,,,,,Japan,company.public,USD-marketcap,"$16,480,000,000",$28.64,,12024.03,,,B.lion,,,,12026,phantasim,,,,,,,,,,
1232,12024,Suzano,XX-XY,,,Suzano,SUZ,,,,,,,,,,,,,Brazil,company.public,USD-marketcap,"$16,460,000,000",$12.83,,12024.03,,,B.lion,,,,12026,phantasim,,,,,,,,,,
1233,12024,Otsuka,XX-XY,,,Otsuka,4768.T,,,,,,,,,,,,,Japan,company.public,USD-marketcap,"$16,460,000,000",$43.54,,12024.03,,,B.lion,,,,12026,phantasim,,,,,,,,,,
1234,12024,InterGlobe Aviation,XX-XY,,,InterGlobe Aviation,INDIGO.NS,,,,,,,,,,,,,India,company.public,USD-marketcap,"$16,430,000,000",$42.59,,,,,B.lion,,,,12026,phantasim,,,,,,,,,,
1235,12024,Citizens Financial Group,XX-XY,,,Citizens Financial Group,CFG,,,,,,,,,,,,,United States,company.public,USD-marketcap,"$16,410,000,000",$35.82,,12024.03,,,B.lion,,,,12026,phantasim,,,,,,,,,,
1236,12024,TPG Capital,XX-XY,,,TPG Capital,TPG,,,,,,,,,,,,,United States,company.public,USD-marketcap,"$16,400,000,000",$44.98,,12024.03,,,B.lion,,,,12026,phantasim,,,,,,,,,,
1237,12024,Sun Communities,XX-XY,,,Sun Communities,SUI,,,,,,,,,,,,,United States,company.public,USD-marketcap,"$16,390,000,000",$126.30,,12024.03,,,B.lion,,,,12026,phantasim,,,,,,,,,,
1238,12024,NICE,XX-XY,,,NICE,NICE,,,,,,,,,,,,,Israel,company.public,USD-marketcap,"$16,370,000,000",$255.59,,12024.03,,,B.lion,,,,12026,phantasim,,,,,,,,,,
1239,12024,Guotai Junan Securities,XX-XY,,,Guotai Junan Securities,601211.SS,,,,,,,,,,,,,China,company.public,USD-marketcap,"$16,350,000,000",$1.97,,,,,B.lion,,,,12026,phantasim,,,,,,,,,,
1240,12024,Santos,XX-XY,,,Santos,STO.AX,,,,,,,,,,,,,Australia,company.public,USD-marketcap,"$16,340,000,000",$5.03,,,,,B.lion,,,,12026,phantasim,,,,,,,,,,
1241,12024,EDP Group,XX-XY,,,EDP Group,EDP.F,,,,,,,,,,,,,Portugal,company.public,USD-marketcap,"$16,310,000,000",$3.89,,12024.03,,,B.lion,,,,12026,phantasim,,,,,,,,,,
1242,12024,Tatneft,XX-XY,,,Tatneft,TATN.ME,,,,,,,,,,,,,Russia,company.public,USD-marketcap,"$16,310,000,000",$7.46,,,,,B.lion,,,,12026,phantasim,,,,,,,,,,
1244,12024,Hyatt Hotels,XX-XY,,,Hyatt Hotels,H,,,,,,,,,,,,,United States,company.public,USD-marketcap,"$16,270,000,000",$160.84,,12024.03,,,B.lion,,,,12026,phantasim,,,,,,,,,,
1245,12024,Enphase Energy,XX-XY,,,Enphase Energy,ENPH,,,,,,,,,,,,,United States,company.public,USD-marketcap,"$16,260,000,000",$119.80,,12024.03,,,B.lion,,,,12026,phantasim,,,,,,,,,,
1246,12024,Porsche SE,XX-XY,,,Porsche SE,PAH3.DE,,,,,,,,,,,,,Germany,company.public,USD-marketcap,"$16,260,000,000",$53.12,,,,,B.lion,,,,12026,phantasim,,,,,,,,,,
1247,12024,Brookfield Asset Management,XX-XY,,,Brookfield Asset Management,BAM,,,,,,,,,,,,,Canada,company.public,USD-marketcap,"$16,250,000,000",$41.80,,12024.03,,,B.lion,,,,12026,phantasim,,,,,,,,,,
1248,12024,Punjab National Bank,XX-XY,,,Punjab National Bank,PNB.NS,,,,,,,,,,,,,India,company.public,USD-marketcap,"$16,240,000,000",$1.47,,,,,B.lion,,,,12026,phantasim,,,,,,,,,,
1249,12024,Poste Italiane,XX-XY,,,Poste Italiane,PST.MI,,,,,,,,,,,,,Italy,company.public,USD-marketcap,"$16,220,000,000",$12.53,,,,,B.lion,,,,12026,phantasim,,,,,,,,,,
1250,12024,Standard Bank Group,XX-XY,,,Standard Bank Group,SBK.JO,,,,,,,,,,,,,South Africa,company.public,USD-marketcap,"$16,220,000,000",$9.78,,,,,B.lion,,,,12026,phantasim,,,,,,,,,,
1253,12024,Teva Pharmaceutical Industries,XX-XY,,,Teva Pharmaceutical Industries,TEVA,,,,,,,,,,,,,Israel,company.public,USD-marketcap,"$16,170,000,000",$14.43,,12024.03,,,B.lion,,,,12026,phantasim,,,,,,,,,,
1254,12024,HDFC Life,XX-XY,,,HDFC Life,HDFCLIFE.NS,,,,,,,,,,,,,India,company.public,USD-marketcap,"$16,170,000,000",$7.52,,,,,B.lion,,,,12026,phantasim,,,,,,,,,,
1255,12024,CNH Industrial,XX-XY,,,CNH Industrial,CNHI,,,,,,,,,,,,,United Kingdom,company.public,USD-marketcap,"$16,130,000,000",$12.96,,12024.03,,,B.lion,,,,12026,phantasim,,,,,,,,,,
1256,12024,Tourmaline Oil,XX-XY,,,Tourmaline Oil,TOU.TO,,,,,,,,,,,,,Canada,company.public,USD-marketcap,"$16,130,000,000",$45.90,,,,,B.lion,,,,12026,phantasim,,,,,,,,,,
1257,12024,Snam,XX-XY,,,Snam,SRG.MI,,,,,,,,,,,,,Italy,company.public,USD-marketcap,"$16,100,000,000",$4.78,,,,,B.lion,,,,12026,phantasim,,,,,,,,,,
1258,12024,Pan Pacific International Holdings,XX-XY,,,Pan Pacific International Holdings,7532.T,,,,,,,,,,,,,Japan,company.public,USD-marketcap,"$16,070,000,000",$26.93,,12024.03,,,B.lion,,,,12026,phantasim,,,,,,,,,,
1259,12024,Huatai Securities,XX-XY,,,Huatai Securities,601688.SS,,,,,,,,,,,,,China,company.public,USD-marketcap,"$16,060,000,000",$1.90,,,,,B.lion,,,,12026,phantasim,,,,,,,,,,
1260,12024,Bank of Baroda,XX-XY,,,Bank of Baroda,BANKBARODA.NS,,,,,,,,,,,,,India,company.public,USD-marketcap,"$16,060,000,000",$3.11,,,,,B.lion,,,,12026,phantasim,,,,,,,,,,
1261,12024,REA Group,XX-XY,,,REA Group,REA.AX,,,,,,,,,,,,,Australia,company.public,USD-marketcap,"$16,050,000,000",$121.50,,,,,B.lion,,,,12026,phantasim,,,,,,,,,,
1262,12024,Essex Property Trust,XX-XY,,,Essex Property Trust,ESS,,,,,,,,,,,,,United States,company.public,USD-marketcap,"$16,040,000,000",$241.41,,12024.03,,,B.lion,,,,12026,phantasim,,,,,,,,,,
1263,12024,Carvana,XX-XY,,,Carvana,CVNA,,,,,,,,,,,,,United States,company.public,USD-marketcap,"$16,030,000,000",$90.31,,12024.03,,,B.lion,,,,12026,phantasim,,,,,,,,,,
1264,12024,ZTE,XX-XY,,,ZTE,000063.SZ,,,,,,,,,,,,,China,company.public,USD-marketcap,"$16,020,000,000",$3.62,,,,,B.lion,,,,12026,phantasim,,,,,,,,,,
1266,12024,Sage Group,XX-XY,,,Sage Group,SGE.L,,,,,,,,,,,,,United Kingdom,company.public,USD-marketcap,"$15,990,000,000",$15.97,,12024.03,,,B.lion,,,,12026,phantasim,,,,,,,,,,
1267,12024,EPAM Systems,XX-XY,,,EPAM Systems,EPAM,,,,,,,,,,,,,United States,company.public,USD-marketcap,"$15,980,000,000",$276.37,,12024.03,,,B.lion,,,,12026,phantasim,,,,,,,,,,
1268,12024,ABB India,XX-XY,,,ABB India,ABB.NS,,,,,,,,,,,,,India,company.public,USD-marketcap,"$15,980,000,000",$75.41,,12024.03,,,B.lion,,,,12026,phantasim,,,,,,,,,,
1269,12024,Wilmar International,XX-XY,,,Wilmar International,F34.SI,,,,,,,,,,,,,Singapore,company.public,USD-marketcap,"$15,980,000,000",$2.56,,,,,B.lion,,,,12026,phantasim,,,,,,,,,,
1270,12024,SS&C Technologies,XX-XY,,,SS&C Technologies,SSNC,,,,,,,,,,,,,United States,company.public,USD-marketcap,"$15,950,000,000",$64.55,,12024.03,,,B.lion,,,,12026,phantasim,,,,,,,,,,
1271,12024,POOLCORP,XX-XY,,,POOLCORP,POOL,,,,,,,,,,,,,United States,company.public,USD-marketcap,"$15,910,000,000",$414.62,,12024.03,,,B.lion,,,,12026,phantasim,,,,,,,,,,
1273,12024,EQT Corporation,XX-XY,,,EQT Corporation,EQT,,,,,,,,,,,,,United States,company.public,USD-marketcap,"$15,890,000,000",$36.07,,12024.03,,,B.lion,,,,12026,phantasim,,,,,,,,,,
1274,12024,Nissan,XX-XY,,,Nissan,7201.T,,,,,,,,,,,,,Japan,company.public,USD-marketcap,"$15,890,000,000",$3.99,,12024.03,,,B.lion,,,,12026,phantasim,,,,,,,,,,
1275,12024,Sumitomo Mitsui Trust Holdings,XX-XY,,,Sumitomo Mitsui Trust Holdings,8309.T,,,,,,,,,,,,,Japan,company.public,USD-marketcap,"$15,890,000,000",$22.02,,12024.03,,,B.lion,,,,12026,phantasim,,,,,,,,,,
1276,12024,Graco,XX-XY,,,Graco,GGG,,,,,,,,,,,,,United States,company.public,USD-marketcap,"$15,860,000,000",$94.17,,12024.03,,,B.lion,,,,12026,phantasim,,,,,,,,,,
1277,12024,China Communications Construction,XX-XY,,,China Communications Construction,601800.SS,,,,,,,,,,,,,China,company.public,USD-marketcap,"$15,850,000,000",$1.15,,,,,B.lion,,,,12026,phantasim,,,,,,,,,,
1282,12024,Aker BP,XX-XY,,,Aker BP,AKRBP.OL,,,,,,,,,,,,,Norway,company.public,USD-marketcap,"$15,800,000,000",$25.03,,,,,B.lion,,,,12026,phantasim,,,,,,,,,,
1283,12024,Snap-on,XX-XY,,,Snap-on,SNA,,,,,,,,,,,,,United States,company.public,USD-marketcap,"$15,680,000,000",$296.94,,12024.03,,,B.lion,,,,12026,phantasim,,,,,,,,,,
1284,12024,Mid-America Apartment Communities,XX-XY,,,Mid-America Apartment Communities,MAA,,,,,,,,,,,,,United States,company.public,USD-marketcap,"$15,670,000,000",$130.80,,12024.03,,,B.lion,,,,12026,phantasim,,,,,,,,,,
1285,12024,Nordson,XX-XY,,,Nordson,NDSN,,,,,,,,,,,,,United States,company.public,USD-marketcap,"$15,650,000,000",$273.74,,12024.03,,,B.lion,,,,12026,phantasim,,,,,,,,,,
1286,12024,Magna International,XX-XY,,,Magna International,MGA,,,,,,,,,,,,,Canada,company.public,USD-marketcap,"$15,640,000,000",$54.54,,12024.03,,,B.lion,,,,12026,phantasim,,,,,,,,,,
1287,12024,Marathon Oil,XX-XY,,,Marathon Oil,MRO,,,,,,,,,,,,,United States,company.public,USD-marketcap,"$15,630,000,000",$27.71,,12024.03,,,B.lion,,,,12026,phantasim,,,,,,,,,,
1289,12024,Secom,XX-XY,,,Secom,9735.T,,,,,,,,,,,,,Japan,company.public,USD-marketcap,"$15,580,000,000",$74.20,,12024.03,,,B.lion,,,,12026,phantasim,,,,,,,,,,
1290,12024,Trimble,XX-XY,,,Trimble,TRMB,,,,,,,,,,,,,United States,company.public,USD-marketcap,"$15,550,000,000",$63.30,,12024.03,,,B.lion,,,,12026,phantasim,,,,,,,,,,
1291,12024,Bouygues,XX-XY,,,Bouygues,EN.PA,,,,,,,,,,,,,France,company.public,USD-marketcap,"$15,520,000,000",$41.13,,12024.03,,,B.lion,,,,12026,phantasim,,,,,,,,,,
1292,12024,Formula One Group,XX-XY,,,Formula One Group,FWONK,,,,,,,,,,,,,United States,company.public,USD-marketcap,"$15,510,000,000",$66.95,,12024.03,,,B.lion,,,,12026,phantasim,,,,,,,,,,
1294,12024,CF Industries,XX-XY,,,CF Industries,CF,,,,,,,,,,,,,United States,company.public,USD-marketcap,"$15,500,000,000",$82.61,,12024.03,,,B.lion,,,,12026,phantasim,,,,,,,,,,
1295,12024,Telenor,XX-XY,,,Telenor,TEL.OL,,,,,,,,,,,,,Norway,company.public,USD-marketcap,"$15,500,000,000",$11.20,,,,,B.lion,,,,12026,phantasim,,,,,,,,,,
1296,12024,United Airlines Holdings,XX-XY,,,United Airlines Holdings,UAL,,,,,,,,,,,,,United States,company.public,USD-marketcap,"$15,490,000,000",$47.24,,12024.03,,,B.lion,,,,12026,phantasim,,,,,,,,,,
1297,12024,Anhui Conch Cement,XX-XY,,,Anhui Conch Cement,AHCHF,,,,,,,,,,,,,China,company.public,USD-marketcap,"$15,490,000,000",$2.19,,12024.03,,,B.lion,,,,12026,phantasim,,,,,,,,,,
1298,12024,Saudi Arabian Fertilizer Company,XX-XY,,,Saudi Arabian Fertilizer Company,2020.SR,,,,,,,,,,,,,Saudi Arabia,company.public,USD-marketcap,"$15,490,000,000",$32.55,,,,,B.lion,,,,12026,phantasim,,,,,,,,,,
1299,12024,RPM International,XX-XY,,,RPM International,RPM,,,,,,,,,,,,,United States,company.public,USD-marketcap,"$15,480,000,000",$120.18,,12024.03,,,B.lion,,,,12026,phantasim,,,,,,,,,,
1300,12024,VAT Group,XX-XY,,,VAT Group,VACN.SW,,,,,,,,,,,,,Switzerland,company.public,USD-marketcap,"$15,470,000,000",$516.13,,,,,B.lion,,,,12026,phantasim,,,,,,,,,,
1301,12024,Bharat Petroleum,XX-XY,,,Bharat Petroleum,BPCL.NS,,,,,,,,,,,,,India,company.public,USD-marketcap,"$15,450,000,000",$7.15,,,,,B.lion,,,,12026,phantasim,,,,,,,,,,
1302,12024,Aluminum Corporation of China,XX-XY,,,Aluminum Corporation of China,601600.SS,,,,,,,,,,,,,China,company.public,USD-marketcap,"$15,450,000,000",$0.98,,,,,B.lion,,,,12026,phantasim,,,,,,,,,,
1303,12024,Grupo Elektra,XX-XY,,,Grupo Elektra,XEKT.MC,,,,,,,,,,,,,Mexico,company.public,USD-marketcap,"$15,430,000,000",$69.87,,,,,B.lion,,,,12026,phantasim,,,,,,,,,,
1304,12024,Saia,XX-XY,,,Saia,SAIA,,,,,,,,,,,,,United States,company.public,USD-marketcap,"$15,390,000,000",$580.46,,12024.03,,,B.lion,,,,12026,phantasim,,,,,,,,,,
1305,12024,Manhattan Associates,XX-XY,,,Manhattan Associates,MANH,,,,,,,,,,,,,United States,company.public,USD-marketcap,"$15,370,000,000",$249.73,,12024.03,,,B.lion,,,,12026,phantasim,,,,,,,,,,
1306,12024,Zebra Technologies,XX-XY,,,Zebra Technologies,ZBRA,,,,,,,,,,,,,United States,company.public,USD-marketcap,"$15,370,000,000",$299.16,,12024.03,,,B.lion,,,,12026,phantasim,,,,,,,,,,
1307,12024,Lamb Weston,XX-XY,,,Lamb Weston,LW,,,,,,,,,,,,,United States,company.public,USD-marketcap,"$15,340,000,000",$106.30,,12024.03,,,B.lion,,,,12026,phantasim,,,,,,,,,,
1308,12024,Bentley Systems,XX-XY,,,Bentley Systems,BSY,,,,,,,,,,,,,United States,company.public,USD-marketcap,"$15,330,000,000",$51.58,,12024.03,,,B.lion,,,,12026,phantasim,,,,,,,,,,
1309,12024,Rentokil Initial,XX-XY,,,Rentokil Initial,RTO,,,,,,,,,,,,,United Kingdom,company.public,USD-marketcap,"$15,310,000,000",$30.33,,12024.03,,,B.lion,,,,12026,phantasim,,,,,,,,,,
1311,12024,Brookfield Renewable Partners,XX-XY,,,Brookfield Renewable Partners,BEP,,,,,,,,,,,,,Bermuda,company.public,USD-marketcap,"$15,290,000,000",$23.15,,12024.03,,,B.lion,,,,12026,phantasim,,,,,,,,,,
1312,12024,Yum China,XX-XY,,,Yum China,YUMC,,,,,,,,,,,,,China,company.public,USD-marketcap,"$15,270,000,000",$38.96,,12024.03,,,B.lion,,,,12026,phantasim,,,,,,,,,,
1313,12024,TransUnion,XX-XY,,,TransUnion,TRU,,,,,,,,,,,,,United States,company.public,USD-marketcap,"$15,260,000,000",$78.60,,12024.03,,,B.lion,,,,12026,phantasim,,,,,,,,,,
1314,12024,Power Finance Corp,XX-XY,,,Power Finance Corp,PFC.NS,,,,,,,,,,,,,India,company.public,USD-marketcap,"$15,250,000,000",$4.62,,,,,B.lion,,,,12026,phantasim,,,,,,,,,,
1315,12024,Fresenius,XX-XY,,,Fresenius,FRE.DE,,,,,,,,,,,,,Germany,company.public,USD-marketcap,"$15,220,000,000",$27.03,,,,,B.lion,,,,12026,phantasim,,,,,,,,,,
1316,12024,Almarai,XX-XY,,,Almarai,2280.SR,,,,,,,,,,,,,Saudi Arabia,company.public,USD-marketcap,"$15,220,000,000",$15.31,,,,,B.lion,,,,12026,phantasim,,,,,,,,,,
1317,12024,China Merchants Securities,XX-XY,,,China Merchants Securities,600999.SS,,,,,,,,,,,,,China,company.public,USD-marketcap,"$15,210,000,000",$1.91,,,,,B.lion,,,,12026,phantasim,,,,,,,,,,
1319,12024,OMV,XX-XY,,,OMV,OMV.F,,,,,,,,,,,,,Austria,company.public,USD-marketcap,"$15,200,000,000",$46.47,,12024.03,,,B.lion,,,,12026,phantasim,,,,,,,,,,
1320,12024,Industrivarden,XX-XY,,,Industrivarden,INDU-A.ST,,,,,,,,,,,,,Sweden,company.public,USD-marketcap,"$15,200,000,000",$35.20,,,,,B.lion,,,,12026,phantasim,,,,,,,,,,
1321,12024,Godrej,XX-XY,,,Godrej,GODREJCP.NS,,,,,,,,,,,,,India,company.public,USD-marketcap,"$15,170,000,000",$14.83,,,,,B.lion,,,,12026,phantasim,,,,,,,,,,
1322,12024,Albemarle,XX-XY,,,Albemarle,ALB,,,,,,,,,,,,,United States,company.public,USD-marketcap,"$15,130,000,000",$128.80,,12024.03,,,B.lion,,,,12026,phantasim,,,,,,,,,,
1323,12024,AMH (American Homes 4 Rent),XX-XY,,,AMH (American Homes 4 Rent),AMH,,,,,,,,,,,,,United States,company.public,USD-marketcap,"$15,130,000,000",$36.25,,12024.03,,,B.lion,,,,12026,phantasim,,,,,,,,,,
1324,12024,Nutanix,XX-XY,,,Nutanix,NTNX,,,,,,,,,,,,,United States,company.public,USD-marketcap,"$15,130,000,000",$61.93,,12024.03,,,B.lion,,,,12026,phantasim,,,,,,,,,,
1325,12024,News Corp,XX-XY,,,News Corp,NWS,,,,,,,,,,,,,United States,company.public,USD-marketcap,"$15,110,000,000",$27.13,,12024.03,,,B.lion,,,,12026,phantasim,,,,,,,,,,
1326,12024,China Longyuan Power Group,XX-XY,,,China Longyuan Power Group,0916.HK,,,,,,,,,,,,,China,company.public,USD-marketcap,"$15,110,000,000",$0.69,,,,,B.lion,,,,12026,phantasim,,,,,,,,,,
1328,12024,SEGRO,XX-XY,,,SEGRO,SGRO.L,,,,,,,,,,,,,United Kingdom,company.public,USD-marketcap,"$15,080,000,000",$11.27,,,,,B.lion,,,,12026,phantasim,,,,,,,,,,
1329,12024,Koç Holding,XX-XY,,,Koç Holding,KCHOL.IS,,,,,,,,,,,,,Turkey,company.public,USD-marketcap,"$15,010,000,000",$5.92,,,,,B.lion,,,,12026,phantasim,,,,,,,,,,
1330,12024,Kerry Group,XX-XY,,,Kerry Group,KRZ.IR,,,,,,,,,,,,,Ireland,company.public,USD-marketcap,"$14,990,000,000",$86.22,,,,,B.lion,,,,12026,phantasim,,,,,,,,,,
1331,12024,Sirius XM,XX-XY,,,Sirius XM,SIRI,,,,,,,,,,,,,United States,company.public,USD-marketcap,"$14,980,000,000",$3.90,,12024.03,,,B.lion,,,,12026,phantasim,,,,,,,,,,
1332,12024,Hindalco Industries,XX-XY,,,Hindalco Industries,HINDALCO.NS,,,,,,,,,,,,,India,company.public,USD-marketcap,"$14,970,000,000",$6.70,,,,,B.lion,,,,12026,phantasim,,,,,,,,,,
1333,12024,Stanley Black & Decker,XX-XY,,,Stanley Black & Decker,SWK,,,,,,,,,,,,,United States,company.public,USD-marketcap,"$14,920,000,000",$97.06,,12024.03,,,B.lion,,,,12026,phantasim,,,,,,,,,,
1334,12024,Shionogi,XX-XY,,,Shionogi,4507.T,,,,,,,,,,,,,Japan,company.public,USD-marketcap,"$14,910,000,000",$51.84,,12024.03,,,B.lion,,,,12026,phantasim,,,,,,,,,,
1337,12024,Hindustan Zinc,XX-XY,,,Hindustan Zinc,HINDZINC.NS,,,,,,,,,,,,,India,company.public,USD-marketcap,"$14,900,000,000",$3.53,,,,,B.lion,,,,12026,phantasim,,,,,,,,,,
1338,12024,Tata Power,XX-XY,,,Tata Power,TATAPOWER.NS,,,,,,,,,,,,,India,company.public,USD-marketcap,"$14,900,000,000",$4.66,,,,,B.lion,,,,12026,phantasim,,,,,,,,,,
1339,12024,Sekisui House,XX-XY,,,Sekisui House,1928.T,,,,,,,,,,,,,Japan,company.public,USD-marketcap,"$14,890,000,000",$22.98,,12024.03,,,B.lion,,,,12026,phantasim,,,,,,,,,,
1340,12024,Bunge,XX-XY,,,Bunge,BG,,,,,,,,,,,,,United States,company.public,USD-marketcap,"$14,880,000,000",$102.42,,12024.03,,,B.lion,,,,12026,phantasim,,,,,,,,,,
1341,12024,Resona Holdings,XX-XY,,,Resona Holdings,8308.T,,,,,,,,,,,,,Japan,company.public,USD-marketcap,"$14,880,000,000",$6.39,,12024.03,,,B.lion,,,,12026,phantasim,,,,,,,,,,
1342,12024,China Overseas Land & Investment,XX-XY,,,China Overseas Land & Investment,0688.HK,,,,,,,,,,,,,Hong Kong,company.public,USD-marketcap,"$14,850,000,000",$1.36,,,,,B.lion,,,,12026,phantasim,,,,,,,,,,
1343,12024,China Railway Construction,XX-XY,,,China Railway Construction,601186.SS,,,,,,,,,,,,,China,company.public,USD-marketcap,"$14,850,000,000",$1.18,,,,,B.lion,,,,12026,phantasim,,,,,,,,,,
1345,12024,MGM Resorts,XX-XY,,,MGM Resorts,MGM,,,,,,,,,,,,,United States,company.public,USD-marketcap,"$14,770,000,000",$46.60,,12024.03,,,B.lion,,,,12026,phantasim,,,,,,,,,,
1346,12024,Next plc,XX-XY,,,Next plc,NXT.L,,,,,,,,,,,,,United Kingdom,company.public,USD-marketcap,"$14,760,000,000",$116.13,,12024.03,,,B.lion,,,,12026,phantasim,,,,,,,,,,
1347,12024,Coles Group,XX-XY,,,Coles Group,COL.AX,,,,,,,,,,,,,Australia,company.public,USD-marketcap,"$14,760,000,000",$11.03,,,,,B.lion,,,,12026,phantasim,,,,,,,,,,
1348,12024,CIMB Group,XX-XY,,,CIMB Group,1023.KL,,,,,,,,,,,,,Malaysia,company.public,USD-marketcap,"$14,760,000,000",$1.38,,,,,B.lion,,,,12026,phantasim,,,,,,,,,,
1349,12024,CK Infrastructure,XX-XY,,,CK Infrastructure,1038.HK,,,,,,,,,,,,,Hong Kong,company.public,USD-marketcap,"$14,750,000,000",$5.85,,,,,B.lion,,,,12026,phantasim,,,,,,,,,,
1350,12024,Burlington Stores,XX-XY,,,Burlington Stores,BURL,,,,,,,,,,,,,United States,company.public,USD-marketcap,"$14,740,000,000",$230.62,,12024.03,,,B.lion,,,,12026,phantasim,,,,,,,,,,
1351,12024,Ivanhoe Mines,XX-XY,,,Ivanhoe Mines,IVN.TO,,,,,,,,,,,,,Canada,company.public,USD-marketcap,"$14,740,000,000",$11.62,,,,,B.lion,,,,12026,phantasim,,,,,,,,,,
1353,12024,Host Hotels & Resorts,XX-XY,,,Host Hotels & Resorts,HST,,,,,,,,,,,,,United States,company.public,USD-marketcap,"$14,700,000,000",$20.61,,12024.03,,,B.lion,,,,12026,phantasim,,,,,,,,,,
1354,12024,Chow Tai Fook,XX-XY,,,Chow Tai Fook,1929.HK,,,,,,,,,,,,,Hong Kong,company.public,USD-marketcap,"$14,700,000,000",$1.47,,,,,B.lion,,,,12026,phantasim,,,,,,,,,,
1355,12024,Tech Mahindra,XX-XY,,,Tech Mahindra,TECHM.NS,,,,,,,,,,,,,India,company.public,USD-marketcap,"$14,700,000,000",$15.06,,,,,B.lion,,,,12026,phantasim,,,,,,,,,,
1356,12024,KPN,XX-XY,,,KPN,KPN.AS,,,,,,,,,,,,,Netherlands,company.public,USD-marketcap,"$14,690,000,000",$3.73,,,,,B.lion,,,,12026,phantasim,,,,,,,,,,
1357,12024,Lincoln Electric,XX-XY,,,Lincoln Electric,LECO,,,,,,,,,,,,,United States,company.public,USD-marketcap,"$14,680,000,000",$258.37,,12024.03,,,B.lion,,,,12026,phantasim,,,,,,,,,,
1358,12024,Hong Kong and China Gas,XX-XY,,,Hong Kong and China Gas,0003.HK,,,,,,,,,,,,,Hong Kong,company.public,USD-marketcap,"$14,640,000,000",$0.78,,,,,B.lion,,,,12026,phantasim,,,,,,,,,,
1359,12024,China Resources Beer,XX-XY,,,China Resources Beer,0291.HK,,,,,,,,,,,,,Hong Kong,company.public,USD-marketcap,"$14,630,000,000",$4.51,,,,,B.lion,,,,12026,phantasim,,,,,,,,,,
1360,12024,Brambles,XX-XY,,,Brambles,BXB.AX,,,,,,,,,,,,,Australia,company.public,USD-marketcap,"$14,620,000,000",$10.51,,12024.03,,,B.lion,,,,12026,phantasim,,,,,,,,,,
1361,12024,CK Asset Holdings,XX-XY,,,CK Asset Holdings,1113.HK,,,,,,,,,,,,,Hong Kong,company.public,USD-marketcap,"$14,620,000,000",$4.13,,,,,B.lion,,,,12026,phantasim,,,,,,,,,,
1363,12024,Renault,XX-XY,,,Renault,RNO.PA,,,,,,,,,,,,,France,company.public,USD-marketcap,"$14,600,000,000",$50.28,,,,,B.lion,,,,12026,phantasim,,,,,,,,,,
1364,12024,Continental,XX-XY,,,Continental,CON.DE,,,,,,,,,,,,,Germany,company.public,USD-marketcap,"$14,560,000,000",$72.81,,,,,B.lion,,,,12026,phantasim,,,,,,,,,,
1365,12024,Owens Corning,XX-XY,,,Owens Corning,OC,,,,,,,,,,,,,United States,company.public,USD-marketcap,"$14,540,000,000",$167.21,,12024.03,,,B.lion,,,,12026,phantasim,,,,,,,,,,
1366,12024,Franklin Resources,XX-XY,,,Franklin Resources,BEN,,,,,,,,,,,,,United States,company.public,USD-marketcap,"$14,540,000,000",$27.63,,12024.03,,,B.lion,,,,12026,phantasim,,,,,,,,,,
1368,12024,Quest Diagnostics,XX-XY,,,Quest Diagnostics,DGX,,,,,,,,,,,,,United States,company.public,USD-marketcap,"$14,500,000,000",$131.06,,12024.03,,,B.lion,,,,12026,phantasim,,,,,,,,,,
1369,12024,KeyCorp (KeyBank),XX-XY,,,KeyCorp (KeyBank),KEY,,,,,,,,,,,,,United States,company.public,USD-marketcap,"$14,500,000,000",$15.64,,12024.03,,,B.lion,,,,12026,phantasim,,,,,,,,,,
1370,12024,New Oriental,XX-XY,,,New Oriental,EDU,,,,,,,,,,,,,China,company.public,USD-marketcap,"$14,490,000,000",$85.99,,12024.03,,,B.lion,,,,12026,phantasim,,,,,,,,,,
1371,12024,Ryan Specialty Group,XX-XY,,,Ryan Specialty Group,RYAN,,,,,,,,,,,,,United States,company.public,USD-marketcap,"$14,490,000,000",$55.72,,12024.03,,,B.lion,,,,12026,phantasim,,,,,,,,,,
1372,12024,Shandong Gold Mining,XX-XY,,,Shandong Gold Mining,600547.SS,,,,,,,,,,,,,China,company.public,USD-marketcap,"$14,490,000,000",$3.54,,,,,B.lion,,,,12026,phantasim,,,,,,,,,,
1373,12024,ENEOS Holdings,XX-XY,,,ENEOS Holdings,5020.T,,,,,,,,,,,,,Japan,company.public,USD-marketcap,"$14,480,000,000",$4.81,,12024.03,,,B.lion,,,,12026,phantasim,,,,,,,,,,
1374,12024,Novolipetsk Steel,XX-XY,,,Novolipetsk Steel,NLMK.ME,,,,,,,,,,,,,Russia,company.public,USD-marketcap,"$14,470,000,000",$2.39,,,,,B.lion,,,,12026,phantasim,,,,,,,,,,
1375,12024,Informa plc,XX-XY,,,Informa plc,INF.L,,,,,,,,,,,,,United Kingdom,company.public,USD-marketcap,"$14,430,000,000",$10.58,,12024.03,,,B.lion,,,,12026,phantasim,,,,,,,,,,
1376,12024,Japan Exchange Group,XX-XY,,,Japan Exchange Group,8697.T,,,,,,,,,,,,,Japan,company.public,USD-marketcap,"$14,420,000,000",$27.72,,12024.03,,,B.lion,,,,12026,phantasim,,,,,,,,,,
1377,12024,Cochlear,XX-XY,,,Cochlear,COH.AX,,,,,,,,,,,,,Australia,company.public,USD-marketcap,"$14,410,000,000",$220.12,,,,,B.lion,,,,12026,phantasim,,,,,,,,,,
1378,12024,Lenovo,XX-XY,,,Lenovo,0992.HK,,,,,,,,,,,,,Hong Kong,company.public,USD-marketcap,"$14,410,000,000",$1.16,,,,,B.lion,,,,12026,phantasim,,,,,,,,,,
1380,12024,Prysmian Group,XX-XY,,,Prysmian Group,PRY.MI,,,,,,,,,,,,,Italy,company.public,USD-marketcap,"$14,400,000,000",$52.73,,,,,B.lion,,,,12026,phantasim,,,,,,,,,,
1381,12024,BDO Unibank,XX-XY,,,BDO Unibank,BDOUY,,,,,,,,,,,,,Philippines,company.public,USD-marketcap,"$14,350,000,000",$27.20,,12024.03,,,B.lion,,,,12026,phantasim,,,,,,,,,,
1382,12024,ABN AMRO,XX-XY,,,ABN AMRO,ABN.AS,,,,,,,,,,,,,Netherlands,company.public,USD-marketcap,"$14,340,000,000",$16.88,,12024.03,,,B.lion,,,,12026,phantasim,,,,,,,,,,
1383,12024,Santander Polska,XX-XY,,,Santander Polska,SPL.WA,,,,,,,,,,,,,Poland,company.public,USD-marketcap,"$14,340,000,000",$140.42,,,,,B.lion,,,,12026,phantasim,,,,,,,,,,
1384,12024,EDP Renováveis,XX-XY,,,EDP Renováveis,EDPR.LS,,,,,,,,,,,,,Spain,company.public,USD-marketcap,"$14,340,000,000",$13.98,,,,,B.lion,,,,12026,phantasim,,,,,,,,,,
1385,12024,Ambuja Cements,XX-XY,,,Ambuja Cements,AMBUJACEM.NS,,,,,,,,,,,,,India,company.public,USD-marketcap,"$14,340,000,000",$7.22,,,,,B.lion,,,,12026,phantasim,,,,,,,,,,
1386,12024,IndusInd Bank,XX-XY,,,IndusInd Bank,INDUSINDBK.NS,,,,,,,,,,,,,India,company.public,USD-marketcap,"$14,330,000,000",$18.42,,,,,B.lion,,,,12026,phantasim,,,,,,,,,,
1387,12024,Molson Coors,XX-XY,,,Molson Coors,TAP,,,,,,,,,,,,,United States,company.public,USD-marketcap,"$14,310,000,000",$67.34,,12024.03,,,B.lion,,,,12026,phantasim,,,,,,,,,,
1388,12024,Hua Xia Bank,XX-XY,,,Hua Xia Bank,600015.SS,,,,,,,,,,,,,China,company.public,USD-marketcap,"$14,310,000,000",$0.90,,,,,B.lion,,,,12026,phantasim,,,,,,,,,,
1390,12024,NRG Energy,XX-XY,,,NRG Energy,NRG,,,,,,,,,,,,,United States,company.public,USD-marketcap,"$14,300,000,000",$66.62,,12024.03,,,B.lion,,,,12026,phantasim,,,,,,,,,,
1391,12024,Leonardo,XX-XY,,,Leonardo,LDO.MI,,,,,,,,,,,,,Italy,company.public,USD-marketcap,"$14,300,000,000",$24.87,,,,,B.lion,,,,12026,phantasim,,,,,,,,,,
1392,12024,Gulf Energy Development Public Company,XX-XY,,,Gulf Energy Development Public Company,GULF.BK,,,,,,,,,,,,,Thailand,company.public,USD-marketcap,"$14,280,000,000",$1.20,,,,,B.lion,,,,12026,phantasim,,,,,,,,,,
1393,12024,GAIL,XX-XY,,,GAIL,GAIL.NS,,,,,,,,,,,,,India,company.public,USD-marketcap,"$14,230,000,000",$2.17,,,,,B.lion,,,,12026,phantasim,,,,,,,,,,
1394,12024,Britannia Industries,XX-XY,,,Britannia Industries,BRITANNIA.NS,,,,,,,,,,,,,India,company.public,USD-marketcap,"$14,230,000,000",$59.08,,,,,B.lion,,,,12026,phantasim,,,,,,,,,,
1395,12024,Fox Corporation,XX-XY,,,Fox Corporation,FOX,,,,,,,,,,,,,United States,company.public,USD-marketcap,"$14,220,000,000",$28.60,,12024.03,,,B.lion,,,,12026,phantasim,,,,,,,,,,
1398,12024,Fidelity National Financial,XX-XY,,,Fidelity National Financial,FNF,,,,,,,,,,,,,United States,company.public,USD-marketcap,"$14,190,000,000",$51.96,,12024.03,,,B.lion,,,,12026,phantasim,,,,,,,,,,
1399,12024,Cipla,XX-XY,,,Cipla,CIPLA.NS,,,,,,,,,,,,,India,company.public,USD-marketcap,"$14,180,000,000",$17.57,,,,,B.lion,,,,12026,phantasim,,,,,,,,,,
1400,12024,LKQ Corporation,XX-XY,,,LKQ Corporation,LKQ,,,,,,,,,,,,,United States,company.public,USD-marketcap,"$14,170,000,000",$53.15,,12024.03,,,B.lion,,,,12026,phantasim,,,,,,,,,,
1401,12024,Yandex,XX-XY,,,Yandex,YNDX.ME,,,,,,,,,,,,,Netherlands,company.public,USD-marketcap,"$14,160,000,000",$43.56,,,,,B.lion,,,,12026,phantasim,,,,,,,,,,
1402,12024,Singapore Airlines,XX-XY,,,Singapore Airlines,C6L.SI,,,,,,,,,,,,,Singapore,company.public,USD-marketcap,"$14,140,000,000",$4.76,,12024.03,,,B.lion,,,,12026,phantasim,,,,,,,,,,
1403,12024,Henderson Land Development,XX-XY,,,Henderson Land Development,0012.HK,,,,,,,,,,,,,Hong Kong,company.public,USD-marketcap,"$14,140,000,000",$2.92,,,,,B.lion,,,,12026,phantasim,,,,,,,,,,
1404,12024,Pentair,XX-XY,,,Pentair,PNR,,,,,,,,,,,,,United Kingdom,company.public,USD-marketcap,"$14,110,000,000",$85.02,,12024.03,,,B.lion,,,,12026,phantasim,,,,,,,,,,
1405,12024,Siemens Energy,XX-XY,,,Siemens Energy,ENR.F,,,,,,,,,,,,,Germany,company.public,USD-marketcap,"$14,110,000,000",$17.82,,12024.03,,,B.lion,,,,12026,phantasim,,,,,,,,,,
1407,12024,Conagra Brands,XX-XY,,,Conagra Brands,CAG,,,,,,,,,,,,,United States,company.public,USD-marketcap,"$14,090,000,000",$29.49,,12024.03,,,B.lion,,,,12026,phantasim,,,,,,,,,,
1408,12024,Rural Electrification Corp,XX-XY,,,Rural Electrification Corp,RECLTD.NS,,,,,,,,,,,,,India,company.public,USD-marketcap,"$14,090,000,000",$5.35,,,,,B.lion,,,,12026,phantasim,,,,,,,,,,
1409,12024,Gen Digital,XX-XY,,,Gen Digital,GEN,,,,,,,,,,,,,United States,company.public,USD-marketcap,"$14,070,000,000",$22.10,,12024.03,,,B.lion,,,,12026,phantasim,,,,,,,,,,
1410,12024,Tenaga Nasional,XX-XY,,,Tenaga Nasional,TNABY,,,,,,,,,,,,,Malaysia,company.public,USD-marketcap,"$14,050,000,000",$9.12,,12024.03,,,B.lion,,,,12026,phantasim,,,,,,,,,,
1411,12024,Nexon,XX-XY,,,Nexon,3659.T,,,,,,,,,,,,,Japan,company.public,USD-marketcap,"$14,050,000,000",$16.72,,12024.03,,,B.lion,,,,12026,phantasim,,,,,,,,,,
1412,12024,Ritchie Bros. Auctioneers,XX-XY,,,Ritchie Bros. Auctioneers,RBA,,,,,,,,,,,,,Canada,company.public,USD-marketcap,"$14,040,000,000",$76.75,,12024.03,,,B.lion,,,,12026,phantasim,,,,,,,,,,
1413,12024,XPO Logistics,XX-XY,,,XPO Logistics,XPO,,,,,,,,,,,,,United States,company.public,USD-marketcap,"$14,040,000,000",$120.92,,12024.03,,,B.lion,,,,12026,phantasim,,,,,,,,,,
1414,12024,Viatris,XX-XY,,,Viatris,VTRS,,,,,,,,,,,,,United States,company.public,USD-marketcap,"$14,040,000,000",$11.83,,12024.03,,,B.lion,,,,12026,phantasim,,,,,,,,,,
1417,12024,Air China,XX-XY,,,Air China,601111.SS,,,,,,,,,,,,,China,company.public,USD-marketcap,"$14,000,000,000",$1.00,,,,,B.lion,,,,12026,phantasim,,,,,,,,,,
1418,12024,Avangrid,XX-XY,,,Avangrid,AGR,,,,,,,,,,,,,United States,company.public,USD-marketcap,"$13,990,000,000",$36.19,,12024.03,,,B.lion,,,,12026,phantasim,,,,,,,,,,
1419,12024,XP Inc.,XX-XY,,,XP Inc.,XP,,,,,,,,,,,,,Brazil,company.public,USD-marketcap,"$13,970,000,000",$25.49,,12024.03,,,B.lion,,,,12026,phantasim,,,,,,,,,,
1420,12024,Gold Fields,XX-XY,,,Gold Fields,GFI,,,,,,,,,,,,,South Africa,company.public,USD-marketcap,"$13,970,000,000",$15.61,,12024.03,,,B.lion,,,,12026,phantasim,,,,,,,,,,
1421,12024,TopBuild,XX-XY,,,TopBuild,BLD,,,,,,,,,,,,,United States,company.public,USD-marketcap,"$13,940,000,000",$438.47,,12024.03,,,B.lion,,,,12026,phantasim,,,,,,,,,,
1422,12024,Amundi,XX-XY,,,Amundi,AMUN.PA,,,,,,,,,,,,,France,company.public,USD-marketcap,"$13,940,000,000",$68.46,,,,,B.lion,,,,12026,phantasim,,,,,,,,,,
1423,12024,Nippon Sanso,XX-XY,,,Nippon Sanso,4091.T,,,,,,,,,,,,,Japan,company.public,USD-marketcap,"$13,920,000,000",$32.17,,12024.03,,,B.lion,,,,12026,phantasim,,,,,,,,,,
1424,12024,Bank Negara Indonesia,XX-XY,,,Bank Negara Indonesia,BBNI.JK,,,,,,,,,,,,,Indonesia,company.public,USD-marketcap,"$13,910,000,000",$0.37,,,,,B.lion,,,,12026,phantasim,,,,,,,,,,
1427,12024,Nan Ya Plastics,XX-XY,,,Nan Ya Plastics,1303.TW,,,,,,,,,,,,,Taiwan,company.public,USD-marketcap,"$13,880,000,000",$1.75,,,,,B.lion,,,,12026,phantasim,,,,,,,,,,
1428,12024,Floor & Decor,XX-XY,,,Floor & Decor,FND,,,,,,,,,,,,,United States,company.public,USD-marketcap,"$13,870,000,000",$129.65,,12024.03,,,B.lion,,,,12026,phantasim,,,,,,,,,,
1429,12024,Bureau Veritas,XX-XY,,,Bureau Veritas,BVI.PA,,,,,,,,,,,,,France,company.public,USD-marketcap,"$13,860,000,000",$30.55,,12024.03,,,B.lion,,,,12026,phantasim,,,,,,,,,,
1430,12024,Union Bank of India,XX-XY,,,Union Bank of India,UNIONBANK.NS,,,,,,,,,,,,,India,company.public,USD-marketcap,"$13,860,000,000",$1.82,,,,,B.lion,,,,12026,phantasim,,,,,,,,,,
1431,12024,Sociedad Química y Minera,XX-XY,,,Sociedad Química y Minera,SQM,,,,,,,,,,,,,Chile,company.public,USD-marketcap,"$13,850,000,000",$48.49,,12024.03,,,B.lion,,,,12026,phantasim,,,,,,,,,,
1432,12024,Brookfield Infrastructure Partners,XX-XY,,,Brookfield Infrastructure Partners,BIP,,,,,,,,,,,,,Bermuda,company.public,USD-marketcap,"$13,830,000,000",$29.98,,12024.03,,,B.lion,,,,12026,phantasim,,,,,,,,,,
1433,12024,Charles River Laboratories,XX-XY,,,Charles River Laboratories,CRL,,,,,,,,,,,,,United States,company.public,USD-marketcap,"$13,830,000,000",$269.37,,12024.03,,,B.lion,,,,12026,phantasim,,,,,,,,,,
1434,12024,Ovintiv,XX-XY,,,Ovintiv,OVV,,,,,,,,,,,,,United States,company.public,USD-marketcap,"$13,810,000,000",$51.36,,12024.03,,,B.lion,,,,12026,phantasim,,,,,,,,,,
1435,12024,Logitech,XX-XY,,,Logitech,LOGI,,,,,,,,,,,,,Switzerland,company.public,USD-marketcap,"$13,790,000,000",$88.46,,12024.03,,,B.lion,,,,12026,phantasim,,,,,,,,,,
1436,12024,BT Group,XX-XY,,,BT Group,BT-A.L,,,,,,,,,,,,,United Kingdom,company.public,USD-marketcap,"$13,740,000,000",$1.38,,12024.03,,,B.lion,,,,12026,phantasim,,,,,,,,,,
1437,12024,CarMax,XX-XY,,,CarMax,KMX,,,,,,,,,,,,,United States,company.public,USD-marketcap,"$13,730,000,000",$86.98,,12024.03,,,B.lion,,,,12026,phantasim,,,,,,,,,,
1438,12024,Vanke,XX-XY,,,Vanke,2202.HK,,,,,,,,,,,,,China,company.public,USD-marketcap,"$13,730,000,000",$0.68,,,,,B.lion,,,,12026,phantasim,,,,,,,,,,
1439,12024,Neurocrine Biosciences,XX-XY,,,Neurocrine Biosciences,NBIX,,,,,,,,,,,,,United States,company.public,USD-marketcap,"$13,710,000,000",$137.83,,12024.03,,,B.lion,,,,12026,phantasim,,,,,,,,,,
1443,12024,Amcor,XX-XY,,,Amcor,AMCR,,,,,,,,,,,,,Switzerland,company.public,USD-marketcap,"$13,700,000,000",$9.48,,12024.03,,,B.lion,,,,12026,phantasim,,,,,,,,,,
1444,12024,Lodha Group,XX-XY,,,Lodha Group,LODHA.NS,,,,,,,,,,,,,India,company.public,USD-marketcap,"$13,700,000,000",$13.79,,,,,B.lion,,,,12026,phantasim,,,,,,,,,,
1446,12024,Aéroports de Paris,XX-XY,,,Aéroports de Paris,ADP.PA,,,,,,,,,,,,,France,company.public,USD-marketcap,"$13,680,000,000",$138.65,,12024.03,,,B.lion,,,,12026,phantasim,,,,,,,,,,
1447,12024,Suncorp,XX-XY,,,Suncorp,SUN.AX,,,,,,,,,,,,,Australia,company.public,USD-marketcap,"$13,680,000,000",$10.78,,,,,B.lion,,,,12026,phantasim,,,,,,,,,,
1448,12024,International Paper,XX-XY,,,International Paper,IP,,,,,,,,,,,,,United States,company.public,USD-marketcap,"$13,640,000,000",$39.39,,12024.03,,,B.lion,,,,12026,phantasim,,,,,,,,,,
1449,12024,Formosa Plastics,XX-XY,,,Formosa Plastics,1301.TW,,,,,,,,,,,,,Taiwan,company.public,USD-marketcap,"$13,630,000,000",$2.14,,,,,B.lion,,,,12026,phantasim,,,,,,,,,,
1450,12024,Uni-President Enterprises,XX-XY,,,Uni-President Enterprises,1216.TW,,,,,,,,,,,,,Taiwan,company.public,USD-marketcap,"$13,610,000,000",$2.40,,,,,B.lion,,,,12026,phantasim,,,,,,,,,,
1451,12024,Adani Energy Solutions,XX-XY,,,Adani Energy Solutions,ADANIENSOL.NS,,,,,,,,,,,,,India,company.public,USD-marketcap,"$13,600,000,000",$12.19,,,,,B.lion,,,,12026,phantasim,,,,,,,,,,
1453,12024,Dynatrace,XX-XY,,,Dynatrace,DT,,,,,,,,,,,,,United States,company.public,USD-marketcap,"$13,590,000,000",$45.94,,12024.03,,,B.lion,,,,12026,phantasim,,,,,,,,,,
1454,12024,MTU Aero Engines,XX-XY,,,MTU Aero Engines,MTX.DE,,,,,,,,,,,,,Germany,company.public,USD-marketcap,"$13,570,000,000",$252.49,,,,,B.lion,,,,12026,phantasim,,,,,,,,,,
1455,12024,Lundbergföretagen,XX-XY,,,Lundbergföretagen,LUND-B.ST,,,,,,,,,,,,,Sweden,company.public,USD-marketcap,"$13,570,000,000",$54.75,,,,,B.lion,,,,12026,phantasim,,,,,,,,,,
1456,12024,CP All,XX-XY,,,CP All,CPALL.BK,,,,,,,,,,,,,Thailand,company.public,USD-marketcap,"$13,530,000,000",$1.51,,,,,B.lion,,,,12026,phantasim,,,,,,,,,,
1457,12024,B3,XX-XY,,,B3,B3SA3.SA,,,,,,,,,,,,,Brazil,company.public,USD-marketcap,"$13,490,000,000",$2.41,,,,,B.lion,,,,12026,phantasim,,,,,,,,,,
1458,12024,Q Holding,XX-XY,,,Q Holding,QHOLDING.AE,,,,,,,,,,,,,United Arab Emirates,company.public,USD-marketcap,"$13,480,000,000",$0.83,,,,,B.lion,,,,12026,phantasim,,,,,,,,,,
1459,12024,Shimano,XX-XY,,,Shimano,7309.T,,,,,,,,,,,,,Japan,company.public,USD-marketcap,"$13,470,000,000",$150.15,,12024.03,,,B.lion,,,,12026,phantasim,,,,,,,,,,
1460,12024,Astra International,XX-XY,,,Astra International,ASII.JK,,,,,,,,,,,,,Indonesia,company.public,USD-marketcap,"$13,470,000,000",$0.33,,,,,B.lion,,,,12026,phantasim,,,,,,,,,,
1461,12024,TFI International,XX-XY,,,TFI International,TFII,,,,,,,,,,,,,Canada,company.public,USD-marketcap,"$13,430,000,000",$159.00,,12024.03,,,B.lion,,,,12026,phantasim,,,,,,,,,,
1462,12024,Nitto Denko,XX-XY,,,Nitto Denko,6988.T,,,,,,,,,,,,,Japan,company.public,USD-marketcap,"$13,410,000,000",$94.59,,12024.03,,,B.lion,,,,12026,phantasim,,,,,,,,,,
1463,12024,E.SUN Bank,XX-XY,,,E.SUN Bank,2884.TW,,,,,,,,,,,,,Taiwan,company.public,USD-marketcap,"$13,390,000,000",$0.85,,,,,B.lion,,,,12026,phantasim,,,,,,,,,,
1464,12024,Western Midstream,XX-XY,,,Western Midstream,WES,,,,,,,,,,,,,United States,company.public,USD-marketcap,"$13,370,000,000",$35.14,,12024.03,,,B.lion,,,,12026,phantasim,,,,,,,,,,
1465,12024,Galp Energia,XX-XY,,,Galp Energia,GZ5.F,,,,,,,,,,,,,Portugal,company.public,USD-marketcap,"$13,370,000,000",$16.36,,12024.03,,,B.lion,,,,12026,phantasim,,,,,,,,,,
1466,12024,Credicorp,XX-XY,,,Credicorp,BAP,,,,,,,,,,,,,Bermuda,company.public,USD-marketcap,"$13,360,000,000",$168.05,,12024.03,,,B.lion,,,,12026,phantasim,,,,,,,,,,
1467,12024,J.M. Smucker Company,XX-XY,,,J.M. Smucker Company,SJM,,,,,,,,,,,,,United States,company.public,USD-marketcap,"$13,340,000,000",$125.72,,12024.03,,,B.lion,,,,12026,phantasim,,,,,,,,,,
1468,12024,US Foods,XX-XY,,,US Foods,USFD,,,,,,,,,,,,,United States,company.public,USD-marketcap,"$13,340,000,000",$54.50,,12024.03,,,B.lion,,,,12026,phantasim,,,,,,,,,,
1469,12024,Toast,XX-XY,,,Toast,TOST,,,,,,,,,,,,,United States,company.public,USD-marketcap,"$13,330,000,000",$24.33,,12024.03,,,B.lion,,,,12026,phantasim,,,,,,,,,,
1470,12024,OBIC,XX-XY,,,OBIC,4684.T,,,,,,,,,,,,,Japan,company.public,USD-marketcap,"$13,320,000,000",$151.48,,12024.03,,,B.lion,,,,12026,phantasim,,,,,,,,,,
1474,12024,Advanced Drainage Systems,XX-XY,,,Advanced Drainage Systems,WMS,,,,,,,,,,,,,United States,company.public,USD-marketcap,"$13,300,000,000",$171.44,,12024.03,,,B.lion,,,,12026,phantasim,,,,,,,,,,
1475,12024,Toll Brothers,XX-XY,,,Toll Brothers,TOL,,,,,,,,,,,,,United States,company.public,USD-marketcap,"$13,270,000,000",$127.42,,12024.03,,,B.lion,,,,12026,phantasim,,,,,,,,,,
1476,12024,Xero,XX-XY,,,Xero,XRO.AX,,,,,,,,,,,,,New Zealand,company.public,USD-marketcap,"$13,270,000,000",$87.50,,,,,B.lion,,,,12026,phantasim,,,,,,,,,,
1477,12024,Edenred,XX-XY,,,Edenred,EDEN.PA,,,,,,,,,,,,,France,company.public,USD-marketcap,"$13,250,000,000",$53.31,,,,,B.lion,,,,12026,phantasim,,,,,,,,,,
1478,12024,AECOM,XX-XY,,,AECOM,ACM,,,,,,,,,,,,,United States,company.public,USD-marketcap,"$13,230,000,000",$97.31,,12024.03,,,B.lion,,,,12026,phantasim,,,,,,,,,,
1479,12024,Bank of Shanghai,XX-XY,,,Bank of Shanghai,601229.SS,,,,,,,,,,,,,China,company.public,USD-marketcap,"$13,230,000,000",$0.93,,,,,B.lion,,,,12026,phantasim,,,,,,,,,,
1480,12024,AspenTech,XX-XY,,,AspenTech,AZPN,,,,,,,,,,,,,United States,company.public,USD-marketcap,"$13,210,000,000",$207.91,,12024.03,,,B.lion,,,,12026,phantasim,,,,,,,,,,
1482,12024,Permian Resources,XX-XY,,,Permian Resources,PR,,,,,,,,,,,,,United States,company.public,USD-marketcap,"$13,200,000,000",$17.15,,12024.03,,,B.lion,,,,12026,phantasim,,,,,,,,,,
1483,12024,Pandora,XX-XY,,,Pandora,PNDORA.CO,,,,,,,,,,,,,Denmark,company.public,USD-marketcap,"$13,200,000,000",$161.82,,,,,B.lion,,,,12026,phantasim,,,,,,,,,,
1485,12024,Morningstar,XX-XY,,,Morningstar,MORN,,,,,,,,,,,,,United States,company.public,USD-marketcap,"$13,160,000,000",$308.15,,12024.03,,,B.lion,,,,12026,phantasim,,,,,,,,,,
1486,12024,UDR Apartments,XX-XY,,,UDR Apartments,UDR,,,,,,,,,,,,,United States,company.public,USD-marketcap,"$13,150,000,000",$37.01,,12024.03,,,B.lion,,,,12026,phantasim,,,,,,,,,,
1487,12024,Ecopro,XX-XY,,,Ecopro,086520.KQ,,,,,,,,,,,,,South Korea,company.public,USD-marketcap,"$13,150,000,000",$499.34,,,,,B.lion,,,,12026,phantasim,,,,,,,,,,
1488,12024,Campbell Soup,XX-XY,,,Campbell Soup,CPB,,,,,,,,,,,,,United States,company.public,USD-marketcap,"$13,130,000,000",$44.07,,12024.03,,,B.lion,,,,12026,phantasim,,,,,,,,,,
1490,12024,Hana Financial Group,XX-XY,,,Hana Financial Group,086790.KS,,,,,,,,,,,,,South Korea,company.public,USD-marketcap,"$13,100,000,000",$43.64,,,,,B.lion,,,,12026,phantasim,,,,,,,,,,
1491,12024,AMEC,XX-XY,,,AMEC,688012.SS,,,,,,,,,,,,,China,company.public,USD-marketcap,"$13,090,000,000",$20.87,,,,,B.lion,,,,12026,phantasim,,,,,,,,,,
1492,12024,A. O. Smith,XX-XY,,,A. O. Smith,AOS,,,,,,,,,,,,,United States,company.public,USD-marketcap,"$13,060,000,000",$88.85,,12024.03,,,B.lion,,,,12026,phantasim,,,,,,,,,,
1493,12024,Bunzl,XX-XY,,,Bunzl,BNZL.L,,,,,,,,,,,,,United Kingdom,company.public,USD-marketcap,"$13,050,000,000",$38.63,,12024.03,,,B.lion,,,,12026,phantasim,,,,,,,,,,
1494,12024,Kimco Realty,XX-XY,,,Kimco Realty,KIM,,,,,,,,,,,,,United States,company.public,USD-marketcap,"$13,020,000,000",$19.36,,12024.03,,,B.lion,,,,12026,phantasim,,,,,,,,,,
1495,12024,Revvity,XX-XY,,,Revvity,RVTY,,,,,,,,,,,,,United States,company.public,USD-marketcap,"$13,020,000,000",$105.41,,12024.03,,,B.lion,,,,12026,phantasim,,,,,,,,,,
1496,12024,Samsung Life Insurance,XX-XY,,,Samsung Life Insurance,032830.KS,,,,,,,,,,,,,South Korea,company.public,USD-marketcap,"$13,010,000,000",$69.72,,,,,B.lion,,,,12026,phantasim,,,,,,,,,,
1497,12024,Bank Albilad,XX-XY,,,Bank Albilad,1140.SR,,,,,,,,,,,,,Saudi Arabia,company.public,USD-marketcap,"$13,000,000,000",$13.01,,,,,B.lion,,,,12026,phantasim,,,,,,,,,,
1498,12024,Physicians Realty Trust,XX-XY,,,Physicians Realty Trust,DOC,,,,,,,,,,,,,United States,company.public,USD-marketcap,"$12,990,000,000",$18.31,,12024.03,,,B.lion,,,,12026,phantasim,,,,,,,,,,
1499,12024,AIB Group (Allied Irish Banks),XX-XY,,,AIB Group (Allied Irish Banks),A5G.IR,,,,,,,,,,,,,Ireland,company.public,USD-marketcap,"$12,980,000,000",$4.96,,12024.03,,,B.lion,,,,12026,phantasim,,,,,,,,,,
1500,12024,BB Seguridade Participações,XX-XY,,,BB Seguridade Participações,BBSE3.SA,,,,,,,,,,,,,Brazil,company.public,USD-marketcap,"$12,960,000,000",$6.57,,,,,B.lion,,,,12026,phantasim,,,,,,,,,,
1501,12024,AkzoNobel,XX-XY,,,AkzoNobel,AKZA.AS,,,,,,,,,,,,,Netherlands,company.public,USD-marketcap,"$12,950,000,000",$75.93,,,,,B.lion,,,,12026,phantasim,,,,,,,,,,
1502,12024,Bank of Nanjing,XX-XY,,,Bank of Nanjing,601009.SS,,,,,,,,,,,,,China,company.public,USD-marketcap,"$12,950,000,000",$1.25,,,,,B.lion,,,,12026,phantasim,,,,,,,,,,
1503,12024,GFL Environmental,XX-XY,,,GFL Environmental,GFL,,,,,,,,,,,,,Canada,company.public,USD-marketcap,"$12,940,000,000",$34.89,,12024.03,,,B.lion,,,,12026,phantasim,,,,,,,,,,
1504,12024,bioMérieux,XX-XY,,,bioMérieux,BIM.PA,,,,,,,,,,,,,France,company.public,USD-marketcap,"$12,940,000,000",$109.62,,12024.03,,,B.lion,,,,12026,phantasim,,,,,,,,,,
1505,12024,Nippon Yūsen,XX-XY,,,Nippon Yūsen,9101.T,,,,,,,,,,,,,Japan,company.public,USD-marketcap,"$12,930,000,000",$27.96,,12024.03,,,B.lion,,,,12026,phantasim,,,,,,,,,,
1506,12024,Bruker,XX-XY,,,Bruker,BRKR,,,,,,,,,,,,,United States,company.public,USD-marketcap,"$12,920,000,000",$93.86,,12024.03,,,B.lion,,,,12026,phantasim,,,,,,,,,,
1507,12024,Indian Overseas Bank,XX-XY,,,Indian Overseas Bank,IOB.NS,,,,,,,,,,,,,India,company.public,USD-marketcap,"$12,920,000,000",$0.68,,,,,B.lion,,,,12026,phantasim,,,,,,,,,,
1510,12024,Capitec Bank,XX-XY,,,Capitec Bank,CPI.JO,,,,,,,,,,,,,South Africa,company.public,USD-marketcap,"$12,900,000,000",$111.42,,,,,B.lion,,,,12026,phantasim,,,,,,,,,,
1511,12024,UiPath,XX-XY,,,UiPath,PATH,,,,,,,,,,,,,United States,company.public,USD-marketcap,"$12,890,000,000",$22.78,,12024.03,,,B.lion,,,,12026,phantasim,,,,,,,,,,
1512,12024,Adevinta,XX-XY,,,Adevinta,ADE.OL,,,,,,,,,,,,,Norway,company.public,USD-marketcap,"$12,870,000,000",$10.56,,12024.03,,,B.lion,,,,12026,phantasim,,,,,,,,,,
1513,12024,Eicher Motors,XX-XY,,,Eicher Motors,EICHERMOT.NS,,,,,,,,,,,,,India,company.public,USD-marketcap,"$12,860,000,000",$47.00,,,,,B.lion,,,,12026,phantasim,,,,,,,,,,
1514,12024,Cemex,XX-XY,,,Cemex,CX,,,,,,,,,,,,,Mexico,company.public,USD-marketcap,"$12,820,000,000",$8.85,,12024.03,,,B.lion,,,,12026,phantasim,,,,,,,,,,
1515,12024,Incyte,XX-XY,,,Incyte,INCY,,,,,,,,,,,,,United States,company.public,USD-marketcap,"$12,820,000,000",$57.12,,12024.03,,,B.lion,,,,12026,phantasim,,,,,,,,,,
1516,12024,Amerco,XX-XY,,,Amerco,UHAL,,,,,,,,,,,,,United States,company.public,USD-marketcap,"$12,770,000,000",$66.31,,12024.03,,,B.lion,,,,12026,phantasim,,,,,,,,,,
1517,12024,Alliant Energy,XX-XY,,,Alliant Energy,LNT,,,,,,,,,,,,,United States,company.public,USD-marketcap,"$12,740,000,000",$49.77,,12024.03,,,B.lion,,,,12026,phantasim,,,,,,,,,,
1518,12024,Sodexo,XX-XY,,,Sodexo,SW.PA,,,,,,,,,,,,,France,company.public,USD-marketcap,"$12,730,000,000",$86.92,,12024.03,,,B.lion,,,,12026,phantasim,,,,,,,,,,
1519,12024,OTP Bank,XX-XY,,,OTP Bank,OTP.BD,,,,,,,,,,,,,Hungary,company.public,USD-marketcap,"$12,730,000,000",$45.57,,,,,B.lion,,,,12026,phantasim,,,,,,,,,,
1520,12024,Reinsurance Group of America,XX-XY,,,Reinsurance Group of America,RGA,,,,,,,,,,,,,United States,company.public,USD-marketcap,"$12,700,000,000",$193.27,,12024.03,,,B.lion,,,,12026,phantasim,,,,,,,,,,
1521,12024,Tryg,XX-XY,,,Tryg,TRYG.CO,,,,,,,,,,,,,Denmark,company.public,USD-marketcap,"$12,700,000,000",$20.65,,,,,B.lion,,,,12026,phantasim,,,,,,,,,,
1522,12024,KEPCO,XX-XY,,,KEPCO,9503.T,,,,,,,,,,,,,Japan,company.public,USD-marketcap,"$12,680,000,000",$14.02,,12024.03,,,B.lion,,,,12026,phantasim,,,,,,,,,,
1523,12024,Sandoz Group,XX-XY,,,Sandoz Group,SDZ.SW,,,,,,,,,,,,,Switzerland,company.public,USD-marketcap,"$12,670,000,000",$29.40,,,,,B.lion,,,,12026,phantasim,,,,,,,,,,
1524,12024,Bandai Namco,XX-XY,,,Bandai Namco,7832.T,,,,,,,,,,,,,Japan,company.public,USD-marketcap,"$12,660,000,000",$19.18,,12024.03,,,B.lion,,,,12026,phantasim,,,,,,,,,,
1525,12024,Westrock,XX-XY,,,Westrock,WRK,,,,,,,,,,,,,United States,company.public,USD-marketcap,"$12,640,000,000",$49.20,,12024.03,,,B.lion,,,,12026,phantasim,,,,,,,,,,
1527,12024,Kikkoman,XX-XY,,,Kikkoman,2801.T,,,,,,,,,,,,,Japan,company.public,USD-marketcap,"$12,600,000,000",$66.24,,12024.03,,,B.lion,,,,12026,phantasim,,,,,,,,,,
1528,12024,Brenntag,XX-XY,,,Brenntag,BNR.DE,,,,,,,,,,,,,Germany,company.public,USD-marketcap,"$12,600,000,000",$85.49,,12024.03,,,B.lion,,,,12026,phantasim,,,,,,,,,,
1529,12024,Karuna Therapeutics,XX-XY,,,Karuna Therapeutics,KRTX,,,,,,,,,,,,,United States,company.public,USD-marketcap,"$12,590,000,000",$329.83,,12024.03,,,B.lion,,,,12026,phantasim,,,,,,,,,,
1530,12024,Jerónimo Martins,XX-XY,,,Jerónimo Martins,JEM.F,,,,,,,,,,,,,Portugal,company.public,USD-marketcap,"$12,590,000,000",$20.01,,12024.03,,,B.lion,,,,12026,phantasim,,,,,,,,,,
1531,12024,Tsingtao,XX-XY,,,Tsingtao,600600.SS,,,,,,,,,,,,,China,company.public,USD-marketcap,"$12,590,000,000",$11.59,,,,,B.lion,,,,12026,phantasim,,,,,,,,,,
1532,12024,Equity LifeStyle Properties,XX-XY,,,Equity LifeStyle Properties,ELS,,,,,,,,,,,,,United States,company.public,USD-marketcap,"$12,580,000,000",$64.33,,12024.03,,,B.lion,,,,12026,phantasim,,,,,,,,,,
1533,12024,NN Group,XX-XY,,,NN Group,NN.AS,,,,,,,,,,,,,Netherlands,company.public,USD-marketcap,"$12,560,000,000",$45.88,,12024.03,,,B.lion,,,,12026,phantasim,,,,,,,,,,
1534,12024,Grab Holdings,XX-XY,,,Grab Holdings,GRAB,,,,,,,,,,,,,Singapore,company.public,USD-marketcap,"$12,550,000,000",$3.20,,12024.03,,,B.lion,,,,12026,phantasim,,,,,,,,,,
1535,12024,Jack Henry & Associates,XX-XY,,,Jack Henry & Associates,JKHY,,,,,,,,,,,,,United States,company.public,USD-marketcap,"$12,550,000,000",$172.26,,12024.03,,,B.lion,,,,12026,phantasim,,,,,,,,,,
1536,12024,Bank Leumi,XX-XY,,,Bank Leumi,LUMI.TA,,,,,,,,,,,,,Israel,company.public,USD-marketcap,"$12,550,000,000",$8.24,,,,,B.lion,,,,12026,phantasim,,,,,,,,,,
1537,12024,Power Assets,XX-XY,,,Power Assets,0006.HK,,,,,,,,,,,,,Hong Kong,company.public,USD-marketcap,"$12,530,000,000",$5.88,,,,,B.lion,,,,12026,phantasim,,,,,,,,,,
1538,12024,Power Financial,XX-XY,,,Power Financial,PWF-PS.TO,,,,,,,,,,,,,Canada,company.public,USD-marketcap,"$12,530,000,000",$13.64,,,,,B.lion,,,,12026,phantasim,,,,,,,,,,
1539,12024,Equitable Holdings,XX-XY,,,Equitable Holdings,EQH,,,,,,,,,,,,,United States,company.public,USD-marketcap,"$12,510,000,000",$37.97,,12024.03,,,B.lion,,,,12026,phantasim,,,,,,,,,,
1540,12024,Mediobanca,XX-XY,,,Mediobanca,MB.MI,,,,,,,,,,,,,Italy,company.public,USD-marketcap,"$12,480,000,000",$14.93,,12024.03,,,B.lion,,,,12026,phantasim,,,,,,,,,,
1541,12024,Tata Consumer Products,XX-XY,,,Tata Consumer Products,TATACONSUM.NS,,,,,,,,,,,,,India,company.public,USD-marketcap,"$12,480,000,000",$13.10,,,,,B.lion,,,,12026,phantasim,,,,,,,,,,
1542,12024,Indian Hotels Company,XX-XY,,,Indian Hotels Company,INDHOTEL.NS,,,,,,,,,,,,,India,company.public,USD-marketcap,"$12,470,000,000",$7.04,,,,,B.lion,,,,12026,phantasim,,,,,,,,,,
1543,12024,Bangkok Dusit Medical Services (BDMS),XX-XY,,,Bangkok Dusit Medical Services (BDMS),BDMS.BK,,,,,,,,,,,,,Thailand,company.public,USD-marketcap,"$12,460,000,000",$0.78,,,,,B.lion,,,,12026,phantasim,,,,,,,,,,
1544,12024,Bank Hapoalim,XX-XY,,,Bank Hapoalim,POLI.TA,,,,,,,,,,,,,Israel,company.public,USD-marketcap,"$12,460,000,000",$9.32,,,,,B.lion,,,,12026,phantasim,,,,,,,,,,
1545,12024,Abu Dhabi National Oil Company (ADNOC),XX-XY,,,Abu Dhabi National Oil Company (ADNOC),ADNOCDIST.AE,,,,,,,,,,,,,United Arab Emirates,company.public,USD-marketcap,"$12,450,000,000",$1.00,,,,,B.lion,,,,12026,phantasim,,,,,,,,,,
1546,12024,nVent Electric,XX-XY,,,nVent Electric,NVT,,,,,,,,,,,,,United Kingdom,company.public,USD-marketcap,"$12,440,000,000",$75.41,,12024.03,,,B.lion,,,,12026,phantasim,,,,,,,,,,
1547,12024,RenaissanceRe,XX-XY,,,RenaissanceRe,RNR,,,,,,,,,,,,,Bermuda,company.public,USD-marketcap,"$12,430,000,000",$236.06,,12024.03,,,B.lion,,,,12026,phantasim,,,,,,,,,,
1548,12024,Ares Capital,XX-XY,,,Ares Capital,ARCC,,,,,,,,,,,,,United States,company.public,USD-marketcap,"$12,420,000,000",$20.48,,12024.03,,,B.lion,,,,12026,phantasim,,,,,,,,,,
1549,12024,Gaming and Leisure Properties,XX-XY,,,Gaming and Leisure Properties,GLPI,,,,,,,,,,,,,United States,company.public,USD-marketcap,"$12,420,000,000",$45.77,,12024.03,,,B.lion,,,,12026,phantasim,,,,,,,,,,
1550,12024,Interpublic Group,XX-XY,,,Interpublic Group,IPG,,,,,,,,,,,,,United States,company.public,USD-marketcap,"$12,410,000,000",$32.77,,12024.03,,,B.lion,,,,12026,phantasim,,,,,,,,,,
1551,12024,Sumitomo Denki Kōgyō,XX-XY,,,Sumitomo Denki Kōgyō,5802.T,,,,,,,,,,,,,Japan,company.public,USD-marketcap,"$12,410,000,000",$15.92,,12024.03,,,B.lion,,,,12026,phantasim,,,,,,,,,,
1552,12024,Medpace,XX-XY,,,Medpace,MEDP,,,,,,,,,,,,,United States,company.public,USD-marketcap,"$12,400,000,000",$403.27,,12024.03,,,B.lion,,,,12026,phantasim,,,,,,,,,,
1554,12024,Qatar Islamic Bank,XX-XY,,,Qatar Islamic Bank,QIBK.QA,,,,,,,,,,,,,Qatar,company.public,USD-marketcap,"$12,370,000,000",$5.24,,,,,B.lion,,,,12026,phantasim,,,,,,,,,,
1555,12024,Kinsale Capital Group,XX-XY,,,Kinsale Capital Group,KNSL,,,,,,,,,,,,,United States,company.public,USD-marketcap,"$12,340,000,000",$532.18,,12024.03,,,B.lion,,,,12026,phantasim,,,,,,,,,,
1556,12024,Knorr-Bremse,XX-XY,,,Knorr-Bremse,KBX.DE,,,,,,,,,,,,,Germany,company.public,USD-marketcap,"$12,340,000,000",$76.60,,,,,B.lion,,,,12026,phantasim,,,,,,,,,,
1557,12024,Albertsons,XX-XY,,,Albertsons,ACI,,,,,,,,,,,,,United States,company.public,USD-marketcap,"$12,330,000,000",$21.41,,12024.03,,,B.lion,,,,12026,phantasim,,,,,,,,,,
1558,12024,Lifco,XX-XY,,,Lifco,LIFCO-B.ST,,,,,,,,,,,,,Sweden,company.public,USD-marketcap,"$12,330,000,000",$27.15,,,,,B.lion,,,,12026,phantasim,,,,,,,,,,
1559,12024,Huazhu Hotels,XX-XY,,,Huazhu Hotels,HTHT,,,,,,,,,,,,,China,company.public,USD-marketcap,"$12,320,000,000",$38.65,,12024.03,,,B.lion,,,,12026,phantasim,,,,,,,,,,
1561,12024,Swire Properties,XX-XY,,,Swire Properties,1972.HK,,,,,,,,,,,,,Hong Kong,company.public,USD-marketcap,"$12,290,000,000",$2.10,,,,,B.lion,,,,12026,phantasim,,,,,,,,,,
1562,12024,Canara Bank,XX-XY,,,Canara Bank,CANBK.NS,,,,,,,,,,,,,India,company.public,USD-marketcap,"$12,290,000,000",$6.78,,,,,B.lion,,,,12026,phantasim,,,,,,,,,,
1563,12024,LG Electronics,XX-XY,,,LG Electronics,066570.KS,,,,,,,,,,,,,South Korea,company.public,USD-marketcap,"$12,290,000,000",$71.86,,,,,B.lion,,,,12026,phantasim,,,,,,,,,,
1564,12024,NiSource,XX-XY,,,NiSource,NI,,,,,,,,,,,,,United States,company.public,USD-marketcap,"$12,280,000,000",$27.46,,12024.03,,,B.lion,,,,12026,phantasim,,,,,,,,,,
1565,12024,AES,XX-XY,,,AES,AES,,,,,,,,,,,,,United States,company.public,USD-marketcap,"$12,260,000,000",$17.25,,12024.03,,,B.lion,,,,12026,phantasim,,,,,,,,,,
1566,12024,Rakuten,XX-XY,,,Rakuten,4755.T,,,,,,,,,,,,,Japan,company.public,USD-marketcap,"$12,250,000,000",$5.72,,12024.03,,,B.lion,,,,12026,phantasim,,,,,,,,,,
1567,12024,W. P. Carey,XX-XY,,,W. P. Carey,WPC,,,,,,,,,,,,,United States,company.public,USD-marketcap,"$12,230,000,000",$55.97,,12024.03,,,B.lion,,,,12026,phantasim,,,,,,,,,,
1568,12024,Kongsberg Gruppen,XX-XY,,,Kongsberg Gruppen,KOG.OL,,,,,,,,,,,,,Norway,company.public,USD-marketcap,"$12,230,000,000",$69.54,,,,,B.lion,,,,12026,phantasim,,,,,,,,,,
1569,12024,Metro,XX-XY,,,Metro,MRU.TO,,,,,,,,,,,,,Canada,company.public,USD-marketcap,"$12,230,000,000",$53.90,,,,,B.lion,,,,12026,phantasim,,,,,,,,,,
1570,12024,Universal Health Services,XX-XY,,,Universal Health Services,UHS,,,,,,,,,,,,,United States,company.public,USD-marketcap,"$12,220,000,000",$181.85,,12024.03,,,B.lion,,,,12026,phantasim,,,,,,,,,,
1571,12024,Sarepta Therapeutics,XX-XY,,,Sarepta Therapeutics,SRPT,,,,,,,,,,,,,United States,company.public,USD-marketcap,"$12,220,000,000",$130.23,,12024.03,,,B.lion,,,,12026,phantasim,,,,,,,,,,
1574,12024,Astera Labs,XX-XY,,,Astera Labs,ALAB,,,,,,,,,,,,,United States,company.public,USD-marketcap,"$12,180,000,000",$79.92,,12024.03,,,B.lion,,,,12026,phantasim,,,,,,,,,,
1575,12024,Evergy,XX-XY,,,Evergy,EVRG,,,,,,,,,,,,,United States,company.public,USD-marketcap,"$12,180,000,000",$53.05,,12024.03,,,B.lion,,,,12026,phantasim,,,,,,,,,,
1576,12024,Carrefour,XX-XY,,,Carrefour,CA.PA,,,,,,,,,,,,,France,company.public,USD-marketcap,"$12,180,000,000",$17.43,,12024.03,,,B.lion,,,,12026,phantasim,,,,,,,,,,
1577,12024,DocuSign,XX-XY,,,DocuSign,DOCU,,,,,,,,,,,,,United States,company.public,USD-marketcap,"$12,170,000,000",$59.27,,12024.03,,,B.lion,,,,12026,phantasim,,,,,,,,,,
1578,12024,Wiwynn,XX-XY,,,Wiwynn,6669.TW,,,,,,,,,,,,,Taiwan,company.public,USD-marketcap,"$12,160,000,000",$68.33,,,,,B.lion,,,,12026,phantasim,,,,,,,,,,
1579,12024,CNA Financial,XX-XY,,,CNA Financial,CNA,,,,,,,,,,,,,United States,company.public,USD-marketcap,"$12,140,000,000",$44.85,,12024.03,,,B.lion,,,,12026,phantasim,,,,,,,,,,
1580,12024,Dr. Reddy's,XX-XY,,,Dr. Reddy's,RDY,,,,,,,,,,,,,India,company.public,USD-marketcap,"$12,140,000,000",$72.31,,12024.03,,,B.lion,,,,12026,phantasim,,,,,,,,,,
1581,12024,Exact Sciences,XX-XY,,,Exact Sciences,EXAS,,,,,,,,,,,,,United States,company.public,USD-marketcap,"$12,140,000,000",$66.88,,12024.03,,,B.lion,,,,12026,phantasim,,,,,,,,,,
1582,12024,Adani Total Gas,XX-XY,,,Adani Total Gas,ATGL.NS,,,,,,,,,,,,,India,company.public,USD-marketcap,"$12,140,000,000",$11.05,,,,,B.lion,,,,12026,phantasim,,,,,,,,,,
1583,12024,Plains All American Pipeline,XX-XY,,,Plains All American Pipeline,PAA,,,,,,,,,,,,,United States,company.public,USD-marketcap,"$12,130,000,000",$17.31,,12024.03,,,B.lion,,,,12026,phantasim,,,,,,,,,,
1584,12024,Eisai,XX-XY,,,Eisai,4523.T,,,,,,,,,,,,,Japan,company.public,USD-marketcap,"$12,120,000,000",$42.29,,12024.03,,,B.lion,,,,12026,phantasim,,,,,,,,,,
1585,12024,China Southern Airlines,XX-XY,,,China Southern Airlines,600029.SS,,,,,,,,,,,,,China,company.public,USD-marketcap,"$12,120,000,000",$0.78,,,,,B.lion,,,,12026,phantasim,,,,,,,,,,
1586,12024,Lamar Advertising,XX-XY,,,Lamar Advertising,LAMR,,,,,,,,,,,,,United States,company.public,USD-marketcap,"$12,110,000,000",$118.73,,12024.03,,,B.lion,,,,12026,phantasim,,,,,,,,,,
1587,12024,Vedanta,XX-XY,,,Vedanta,VEDL.NS,,,,,,,,,,,,,India,company.public,USD-marketcap,"$12,110,000,000",$3.26,,,,,B.lion,,,,12026,phantasim,,,,,,,,,,
1588,12024,SAAB AB,XX-XY,,,SAAB AB,SAAB-B.ST,,,,,,,,,,,,,Sweden,company.public,USD-marketcap,"$12,110,000,000",$90.81,,,,,B.lion,,,,12026,phantasim,,,,,,,,,,
1589,12024,TVS Motor,XX-XY,,,TVS Motor,TVSMOTOR.NS,,,,,,,,,,,,,India,company.public,USD-marketcap,"$12,110,000,000",$25.50,,,,,B.lion,,,,12026,phantasim,,,,,,,,,,
1591,12024,Ally,XX-XY,,,Ally,ALLY,,,,,,,,,,,,,United States,company.public,USD-marketcap,"$12,100,000,000",$39.81,,12024.03,,,B.lion,,,,12026,phantasim,,,,,,,,,,
1592,12024,Juniper Networks,XX-XY,,,Juniper Networks,JNPR,,,,,,,,,,,,,United States,company.public,USD-marketcap,"$12,090,000,000",$37.28,,12024.03,,,B.lion,,,,12026,phantasim,,,,,,,,,,
1593,12024,Arabian Internet and Communications Services,XX-XY,,,Arabian Internet and Communications Services,7202.SR,,,,,,,,,,,,,Saudi Arabia,company.public,USD-marketcap,"$12,090,000,000",$101.69,,,,,B.lion,,,,12026,phantasim,,,,,,,,,,
1594,12024,Turkish Airlines,XX-XY,,,Turkish Airlines,THYAO.IS,,,,,,,,,,,,,Turkey,company.public,USD-marketcap,"$12,090,000,000",$8.77,,,,,B.lion,,,,12026,phantasim,,,,,,,,,,
1595,12024,China Merchants Shekou Industrial Zone,XX-XY,,,China Merchants Shekou Industrial Zone,001979.SZ,,,,,,,,,,,,,China,company.public,USD-marketcap,"$12,090,000,000",$1.34,,,,,B.lion,,,,12026,phantasim,,,,,,,,,,
1596,12024,Zydus Lifesciences,XX-XY,,,Zydus Lifesciences,ZYDUSLIFE.NS,,,,,,,,,,,,,India,company.public,USD-marketcap,"$12,090,000,000",$12.00,,,,,B.lion,,,,12026,phantasim,,,,,,,,,,
1597,12024,ShockWave Medical,XX-XY,,,ShockWave Medical,SWAV,,,,,,,,,,,,,United States,company.public,USD-marketcap,"$12,060,000,000",$322.61,,12024.03,,,B.lion,,,,12026,phantasim,,,,,,,,,,
1598,12024,Flex,XX-XY,,,Flex,FLEX,,,,,,,,,,,,,Singapore,company.public,USD-marketcap,"$12,050,000,000",$28.63,,12024.03,,,B.lion,,,,12026,phantasim,,,,,,,,,,
1599,12024,Shanghai Airport (AVINEX),XX-XY,,,Shanghai Airport (AVINEX),600009.SS,,,,,,,,,,,,,China,company.public,USD-marketcap,"$12,050,000,000",$4.84,,,,,B.lion,,,,12026,phantasim,,,,,,,,,,
1600,12024,Banque Saudi Fransi,XX-XY,,,Banque Saudi Fransi,1050.SR,,,,,,,,,,,,,Saudi Arabia,company.public,USD-marketcap,"$12,030,000,000",$10.04,,,,,B.lion,,,,12026,phantasim,,,,,,,,,,
1601,12024,Shinkin Central Bank,XX-XY,,,Shinkin Central Bank,8421.T,,,,,,,,,,,,,Japan,company.public,USD-marketcap,"$12,020,000,000","$1,793.00",,12024.03,,,B.lion,,,,12026,phantasim,,,,,,,,,,
1602,12024,Yuanta Financial Holding,XX-XY,,,Yuanta Financial Holding,2885.TW,,,,,,,,,,,,,Taiwan,company.public,USD-marketcap,"$12,020,000,000",$0.95,,,,,B.lion,,,,12026,phantasim,,,,,,,,,,
1603,12024,Davide Campari-Milano,XX-XY,,,Davide Campari-Milano,CPR.MI,,,,,,,,,,,,,Italy,company.public,USD-marketcap,"$12,010,000,000",$10.01,,,,,B.lion,,,,12026,phantasim,,,,,,,,,,
1604,12024,Hai Di Lao Hot Pot,XX-XY,,,Hai Di Lao Hot Pot,6862.HK,,,,,,,,,,,,,China,company.public,USD-marketcap,"$12,010,000,000",$2.16,,,,,B.lion,,,,12026,phantasim,,,,,,,,,,
1606,12024,Taiwan Cooperative Financial,XX-XY,,,Taiwan Cooperative Financial,5880.TW,,,,,,,,,,,,,Taiwan,company.public,USD-marketcap,"$12,000,000,000",$0.82,,,,,B.lion,,,,12026,phantasim,,,,,,,,,,
1608,12024,BE Semiconductor,XX-XY,,,BE Semiconductor,BESI.AS,,,,,,,,,,,,,Netherlands,company.public,USD-marketcap,"$11,990,000,000",$156.25,,,,,B.lion,,,,12026,phantasim,,,,,,,,,,
1609,12024,Wise PLC,XX-XY,,,Wise PLC,WISE.L,,,,,,,,,,,,,United Kingdom,company.public,USD-marketcap,"$11,980,000,000",$11.66,,,,,B.lion,,,,12026,phantasim,,,,,,,,,,
1610,12024,DaVita,XX-XY,,,DaVita,DVA,,,,,,,,,,,,,United States,company.public,USD-marketcap,"$11,940,000,000",$136.85,,12024.03,,,B.lion,,,,12026,phantasim,,,,,,,,,,
1611,12024,Al Dar Properties,XX-XY,,,Al Dar Properties,ALDAR.AE,,,,,,,,,,,,,United Arab Emirates,company.public,USD-marketcap,"$11,940,000,000",$1.52,,,,,B.lion,,,,12026,phantasim,,,,,,,,,,
1612,12024,Eurofins Scientific,XX-XY,,,Eurofins Scientific,ERF.PA,,,,,,,,,,,,,Luxembourg,company.public,USD-marketcap,"$11,930,000,000",$62.20,,,,,B.lion,,,,12026,phantasim,,,,,,,,,,
1613,12024,Ralph Lauren,XX-XY,,,Ralph Lauren,RL,,,,,,,,,,,,,United States,company.public,USD-marketcap,"$11,920,000,000",$186.50,,12024.03,,,B.lion,,,,12026,phantasim,,,,,,,,,,
1614,12024,Ford Otosan,XX-XY,,,Ford Otosan,FROTO.IS,,,,,,,,,,,,,Turkey,company.public,USD-marketcap,"$11,920,000,000",$33.98,,,,,B.lion,,,,12026,phantasim,,,,,,,,,,
1615,12024,Smurfit Kappa Group,XX-XY,,,Smurfit Kappa Group,SK3.IR,,,,,,,,,,,,,Ireland,company.public,USD-marketcap,"$11,910,000,000",$45.62,,,,,B.lion,,,,12026,phantasim,,,,,,,,,,
1616,12024,Regal Rexnord,XX-XY,,,Regal Rexnord,RRX,,,,,,,,,,,,,United States,company.public,USD-marketcap,"$11,860,000,000",$178.34,,12024.03,,,B.lion,,,,12026,phantasim,,,,,,,,,,
1617,12024,First Financial Holding,XX-XY,,,First Financial Holding,2892.TW,,,,,,,,,,,,,Taiwan,company.public,USD-marketcap,"$11,840,000,000",$0.87,,,,,B.lion,,,,12026,phantasim,,,,,,,,,,
1618,12024,HF Sinclair,XX-XY,,,HF Sinclair,DINO,,,,,,,,,,,,,United States,company.public,USD-marketcap,"$11,830,000,000",$59.59,,12024.03,,,B.lion,,,,12026,phantasim,,,,,,,,,,
1619,12024,Insulet,XX-XY,,,Insulet,PODD,,,,,,,,,,,,,United States,company.public,USD-marketcap,"$11,830,000,000",$169.18,,12024.03,,,B.lion,,,,12026,phantasim,,,,,,,,,,
1620,12024,Procore,XX-XY,,,Procore,PCOR,,,,,,,,,,,,,United States,company.public,USD-marketcap,"$11,820,000,000",$81.63,,12024.03,,,B.lion,,,,12026,phantasim,,,,,,,,,,
1622,12024,Accor,XX-XY,,,Accor,AC.PA,,,,,,,,,,,,,France,company.public,USD-marketcap,"$11,800,000,000",$46.78,,12024.03,,,B.lion,,,,12026,phantasim,,,,,,,,,,
1623,12024,D'Ieteren Group,XX-XY,,,D'Ieteren Group,DIE.BR,,,,,,,,,,,,,Belgium,company.public,USD-marketcap,"$11,800,000,000",$222.92,,,,,B.lion,,,,12026,phantasim,,,,,,,,,,
1624,12024,Casey's General Stores,XX-XY,,,Casey's General Stores,CASY,,,,,,,,,,,,,United States,company.public,USD-marketcap,"$11,790,000,000",$318.69,,12024.03,,,B.lion,,,,12026,phantasim,,,,,,,,,,
1625,12024,Julius Bär,XX-XY,,,Julius Bär,BAER.SW,,,,,,,,,,,,,Switzerland,company.public,USD-marketcap,"$11,790,000,000",$57.66,,,,,B.lion,,,,12026,phantasim,,,,,,,,,,
1626,12024,Performance Food Group,XX-XY,,,Performance Food Group,PFGC,,,,,,,,,,,,,United States,company.public,USD-marketcap,"$11,780,000,000",$75.75,,12024.03,,,B.lion,,,,12026,phantasim,,,,,,,,,,
1627,12024,Swatch,XX-XY,,,Swatch,UHR.SW,,,,,,,,,,,,,Switzerland,company.public,USD-marketcap,"$11,780,000,000",$229.93,,,,,B.lion,,,,12026,phantasim,,,,,,,,,,
1628,12024,Reece Group,XX-XY,,,Reece Group,REH.AX,,,,,,,,,,,,,Australia,company.public,USD-marketcap,"$11,760,000,000",$18.22,,,,,B.lion,,,,12026,phantasim,,,,,,,,,,
1629,12024,Allegion,XX-XY,,,Allegion,ALLE,,,,,,,,,,,,,Ireland,company.public,USD-marketcap,"$11,750,000,000",$134.24,,12024.03,,,B.lion,,,,12026,phantasim,,,,,,,,,,
1630,12024,International Container Terminal Services,XX-XY,,,International Container Terminal Services,ICTEF,,,,,,,,,,,,,Philippines,company.public,USD-marketcap,"$11,740,000,000",$5.78,,12024.03,,,B.lion,,,,12026,phantasim,,,,,,,,,,
1631,12024,Geely,XX-XY,,,Geely,0175.HK,,,,,,,,,,,,,China,company.public,USD-marketcap,"$11,730,000,000",$1.17,,,,,B.lion,,,,12026,phantasim,,,,,,,,,,
1632,12024,Bank Pekao (Bank Polska Kasa Opieki),XX-XY,,,Bank Pekao (Bank Polska Kasa Opieki),PEO.WA,,,,,,,,,,,,,Poland,company.public,USD-marketcap,"$11,720,000,000",$44.67,,,,,B.lion,,,,12026,phantasim,,,,,,,,,,
1633,12024,Hansoh Pharma,XX-XY,,,Hansoh Pharma,3692.HK,,,,,,,,,,,,,China,company.public,USD-marketcap,"$11,720,000,000",$1.98,,,,,B.lion,,,,12026,phantasim,,,,,,,,,,
1634,12024,Zillow,XX-XY,,,Zillow,Z,,,,,,,,,,,,,United States,company.public,USD-marketcap,"$11,710,000,000",$50.38,,12024.03,,,B.lion,,,,12026,phantasim,,,,,,,,,,
1635,12024,Eastman Chemical,XX-XY,,,Eastman Chemical,EMN,,,,,,,,,,,,,United States,company.public,USD-marketcap,"$11,710,000,000",$99.58,,12024.03,,,B.lion,,,,12026,phantasim,,,,,,,,,,
1636,12024,Recordati,XX-XY,,,Recordati,REC.MI,,,,,,,,,,,,,Italy,company.public,USD-marketcap,"$11,690,000,000",$56.04,,,,,B.lion,,,,12026,phantasim,,,,,,,,,,
1637,12024,ZoomInfo,XX-XY,,,ZoomInfo,ZI,,,,,,,,,,,,,United States,company.public,USD-marketcap,"$11,640,000,000",$15.85,,12024.03,,,B.lion,,,,12026,phantasim,,,,,,,,,,
1638,12024,Rede D'Or Sao Luiz,XX-XY,,,Rede D'Or Sao Luiz,RDOR3.SA,,,,,,,,,,,,,Brazil,company.public,USD-marketcap,"$11,630,000,000",$5.16,,,,,B.lion,,,,12026,phantasim,,,,,,,,,,
1639,12024,Arab National Bank,XX-XY,,,Arab National Bank,1080.SR,,,,,,,,,,,,,Saudi Arabia,company.public,USD-marketcap,"$11,620,000,000",$7.75,,,,,B.lion,,,,12026,phantasim,,,,,,,,,,
1640,12024,EVE Energy,XX-XY,,,EVE Energy,300014.SZ,,,,,,,,,,,,,China,company.public,USD-marketcap,"$11,620,000,000",$5.37,,,,,B.lion,,,,12026,phantasim,,,,,,,,,,
1641,12024,Coca-Cola HBC,XX-XY,,,Coca-Cola HBC,CCH.L,,,,,,,,,,,,,Switzerland,company.public,USD-marketcap,"$11,610,000,000",$31.83,,12024.03,,,B.lion,,,,12026,phantasim,,,,,,,,,,
1642,12024,Evergreen Marine,XX-XY,,,Evergreen Marine,2603.TW,,,,,,,,,,,,,Taiwan,company.public,USD-marketcap,"$11,610,000,000",$5.49,,,,,B.lion,,,,12026,phantasim,,,,,,,,,,
1644,12024,Nemetschek,XX-XY,,,Nemetschek,NEM.F,,,,,,,,,,,,,Germany,company.public,USD-marketcap,"$11,590,000,000",$100.41,,12024.03,,,B.lion,,,,12026,phantasim,,,,,,,,,,
1645,12024,JD Health,XX-XY,,,JD Health,6618.HK,,,,,,,,,,,,,China,company.public,USD-marketcap,"$11,550,000,000",$3.48,,,,,B.lion,,,,12026,phantasim,,,,,,,,,,
1646,12024,Pure Health Holding,XX-XY,,,Pure Health Holding,PUREHEALTH.AE,,,,,,,,,,,,,United Arab Emirates,company.public,USD-marketcap,"$11,550,000,000",$1.04,,,,,B.lion,,,,12026,phantasim,,,,,,,,,,
1647,12024,PChem (Petronas Chemicals Group),XX-XY,,,PChem (Petronas Chemicals Group),5183.KL,,,,,,,,,,,,,Malaysia,company.public,USD-marketcap,"$11,520,000,000",$1.44,,,,,B.lion,,,,12026,phantasim,,,,,,,,,,
1648,12024,Volvo Car,XX-XY,,,Volvo Car,VOLCAR-B.ST,,,,,,,,,,,,,Sweden,company.public,USD-marketcap,"$11,520,000,000",$3.87,,,,,B.lion,,,,12026,phantasim,,,,,,,,,,
1649,12024,Smith & Nephew,XX-XY,,,Smith & Nephew,SNN,,,,,,,,,,,,,United Kingdom,company.public,USD-marketcap,"$11,510,000,000",$26.34,,12024.03,,,B.lion,,,,12026,phantasim,,,,,,,,,,
1650,12024,UWM Holdings,XX-XY,,,UWM Holdings,UWMC,,,,,,,,,,,,,United States,company.public,USD-marketcap,"$11,510,000,000",$7.21,,12024.03,,,B.lion,,,,12026,phantasim,,,,,,,,,,
1654,12024,Carl Zeiss Meditec,XX-XY,,,Carl Zeiss Meditec,AFXA.F,,,,,,,,,,,,,Germany,company.public,USD-marketcap,"$11,500,000,000",$124.57,,12024.03,,,B.lion,,,,12026,phantasim,,,,,,,,,,
1656,12024,Localiza,XX-XY,,,Localiza,RENT3.SA,,,,,,,,,,,,,Brazil,company.public,USD-marketcap,"$11,490,000,000",$10.83,,,,,B.lion,,,,12026,phantasim,,,,,,,,,,
1657,12024,Chesapeake Energy,XX-XY,,,Chesapeake Energy,CHK,,,,,,,,,,,,,United States,company.public,USD-marketcap,"$11,470,000,000",$87.73,,12024.03,,,B.lion,,,,12026,phantasim,,,,,,,,,,
1658,12024,Huntington Ingalls Industries,XX-XY,,,Huntington Ingalls Industries,HII,,,,,,,,,,,,,United States,company.public,USD-marketcap,"$11,470,000,000",$289.75,,12024.03,,,B.lion,,,,12026,phantasim,,,,,,,,,,
1659,12024,Dubai Islamic Bank,XX-XY,,,Dubai Islamic Bank,DIB.AE,,,,,,,,,,,,,United Arab Emirates,company.public,USD-marketcap,"$11,470,000,000",$1.59,,,,,B.lion,,,,12026,phantasim,,,,,,,,,,
1660,12024,American Financial Group,XX-XY,,,American Financial Group,AFG,,,,,,,,,,,,,United States,company.public,USD-marketcap,"$11,440,000,000",$136.80,,12024.03,,,B.lion,,,,12026,phantasim,,,,,,,,,,
1661,12024,United Therapeutics,XX-XY,,,United Therapeutics,UTHR,,,,,,,,,,,,,United States,company.public,USD-marketcap,"$11,440,000,000",$243.27,,12024.03,,,B.lion,,,,12026,phantasim,,,,,,,,,,
1662,12024,Core & Main,XX-XY,,,Core & Main,CNM,,,,,,,,,,,,,United States,company.public,USD-marketcap,"$11,430,000,000",$56.77,,12024.03,,,B.lion,,,,12026,phantasim,,,,,,,,,,
1663,12024,Sabesp,XX-XY,,,Sabesp,SBS,,,,,,,,,,,,,Brazil,company.public,USD-marketcap,"$11,430,000,000",$16.67,,12024.03,,,B.lion,,,,12026,phantasim,,,,,,,,,,
1666,12024,Fresenius Medical Care,XX-XY,,,Fresenius Medical Care,FMS,,,,,,,,,,,,,Germany,company.public,USD-marketcap,"$11,400,000,000",$19.36,,12024.03,,,B.lion,,,,12026,phantasim,,,,,,,,,,
1667,12024,Wynn Resorts,XX-XY,,,Wynn Resorts,WYNN,,,,,,,,,,,,,United States,company.public,USD-marketcap,"$11,400,000,000",$101.79,,12024.03,,,B.lion,,,,12026,phantasim,,,,,,,,,,
1668,12024,Scentre Group,XX-XY,,,Scentre Group,SCG.AX,,,,,,,,,,,,,Australia,company.public,USD-marketcap,"$11,400,000,000",$2.20,,,,,B.lion,,,,12026,phantasim,,,,,,,,,,
1670,12024,China Steel,XX-XY,,,China Steel,2002A.TW,,,,,,,,,,,,,Taiwan,company.public,USD-marketcap,"$11,390,000,000",$1.36,,,,,B.lion,,,,12026,phantasim,,,,,,,,,,
1671,12024,Cholamandalam Investment and Finance,XX-XY,,,Cholamandalam Investment and Finance,CHOLAFIN.NS,,,,,,,,,,,,,India,company.public,USD-marketcap,"$11,390,000,000",$13.57,,,,,B.lion,,,,12026,phantasim,,,,,,,,,,
1672,12024,Ayala Corporation,XX-XY,,,Ayala Corporation,AYALY,,,,,,,,,,,,,Philippines,company.public,USD-marketcap,"$11,380,000,000",$11.11,,12024.03,,,B.lion,,,,12026,phantasim,,,,,,,,,,
1673,12024,Mitsui O.S.K. Lines,XX-XY,,,Mitsui O.S.K. Lines,9104.T,,,,,,,,,,,,,Japan,company.public,USD-marketcap,"$11,370,000,000",$31.44,,12024.03,,,B.lion,,,,12026,phantasim,,,,,,,,,,
1674,12024,Comfort Systems,XX-XY,,,Comfort Systems,FIX,,,,,,,,,,,,,United States,company.public,USD-marketcap,"$11,340,000,000",$317.96,,12024.03,,,B.lion,,,,12026,phantasim,,,,,,,,,,
1675,12024,Bank of the Philippine Islands,XX-XY,Captaincy General of the Philippines,El Banco Español Filipino de Isabel II,Bank of the Philippine Islands,BPHLY,,,,,,,,,,,,,Philippines,company.public,USD-marketcap,"$11,310,000,000",$43.02,,12024.03,11851,,B.lion,,,,175,phantasim,,,,,,,"Banking, Finance",,"BPI was founded during the Spanish colonial era of the Philippines as El Banco Español Filipino de Isabel II. It provided credit to the National Treasury and printed and issued the Philippine peso fuerte, a precursor to today's Philippine peso",
1676,12024,Surgutneftegas,XX-XY,,,Surgutneftegas,SNGS.ME,,,,,,,,,,,,,Russia,company.public,USD-marketcap,"$11,310,000,000",$0.32,,,,,B.lion,,,,12026,phantasim,,,,,,,,,,
1681,12024,Kirin Holdings,XX-XY,,,Kirin Holdings,2503.T,,,,,,,,,,,,,Japan,company.public,USD-marketcap,"$11,300,000,000",$13.96,,12024.03,,,B.lion,,,,12026,phantasim,,,,,,,,,,
1682,12024,Sysmex,XX-XY,,,Sysmex,6869.T,,,,,,,,,,,,,Japan,company.public,USD-marketcap,"$11,300,000,000",$54.43,,12024.03,,,B.lion,,,,12026,phantasim,,,,,,,,,,
1683,12024,Hotai Motor,XX-XY,,,Hotai Motor,2207.TW,,,,,,,,,,,,,Taiwan,company.public,USD-marketcap,"$11,270,000,000",$20.14,,,,,B.lion,,,,12026,phantasim,,,,,,,,,,
1684,12024,Affirm,XX-XY,,,Affirm,AFRM,,,,,,,,,,,,,United States,company.public,USD-marketcap,"$11,260,000,000",$36.72,,12024.03,,,B.lion,,,,12026,phantasim,,,,,,,,,,
1685,12024,Unibail-Rodamco-Westfield,XX-XY,,,Unibail-Rodamco-Westfield,URW.PA,,,,,,,,,,,,,France,company.public,USD-marketcap,"$11,250,000,000",$80.96,,,,,B.lion,,,,12026,phantasim,,,,,,,,,,
1686,12024,IHH Healthcare,XX-XY,,,IHH Healthcare,Q0F.SI,,,,,,,,,,,,,Malaysia,company.public,USD-marketcap,"$11,240,000,000",$1.28,,,,,B.lion,,,,12026,phantasim,,,,,,,,,,
1687,12024,Novatek Microelectronics,XX-XY,,,Novatek Microelectronics,3034.TW,,,,,,,,,,,,,Taiwan,company.public,USD-marketcap,"$11,240,000,000",$18.48,,,,,B.lion,,,,12026,phantasim,,,,,,,,,,
1688,12024,Mankind Pharma,XX-XY,,,Mankind Pharma,MANKIND.NS,,,,,,,,,,,,,India,company.public,USD-marketcap,"$11,240,000,000",$28.06,,,,,B.lion,,,,12026,phantasim,,,,,,,,,,
1689,12024,ITT,XX-XY,,,ITT,ITT,,,,,,,,,,,,,United States,company.public,USD-marketcap,"$11,230,000,000",$136.85,,12024.03,,,B.lion,,,,12026,phantasim,,,,,,,,,,
1690,12024,Shree Cement,XX-XY,,,Shree Cement,SHREECEM.NS,,,,,,,,,,,,,India,company.public,USD-marketcap,"$11,230,000,000",$311.49,,,,,B.lion,,,,12026,phantasim,,,,,,,,,,
1691,12024,Fortum,XX-XY,,,Fortum,FORTUM.HE,,,,,,,,,,,,,Finland,company.public,USD-marketcap,"$11,210,000,000",$12.50,,,,,B.lion,,,,12026,phantasim,,,,,,,,,,
1692,12024,Halma,XX-XY,,,Halma,HLMA.L,,,,,,,,,,,,,United Kingdom,company.public,USD-marketcap,"$11,200,000,000",$29.53,,,,,B.lion,,,,12026,phantasim,,,,,,,,,,
1693,12024,Havells India,XX-XY,,,Havells India,HAVELLS.NS,,,,,,,,,,,,,India,company.public,USD-marketcap,"$11,200,000,000",$17.87,,,,,B.lion,,,,12026,phantasim,,,,,,,,,,
1694,12024,Link REIT,XX-XY,,,Link REIT,0823.HK,,,,,,,,,,,,,Hong Kong,company.public,USD-marketcap,"$11,190,000,000",$4.38,,,,,B.lion,,,,12026,phantasim,,,,,,,,,,
1695,12024,Regency Centers,XX-XY,,,Regency Centers,REG,,,,,,,,,,,,,United States,company.public,USD-marketcap,"$11,180,000,000",$60.17,,12024.03,,,B.lion,,,,12026,phantasim,,,,,,,,,,
1696,12024,Melrose Industries,XX-XY,,,Melrose Industries,MRO.L,,,,,,,,,,,,,United Kingdom,company.public,USD-marketcap,"$11,170,000,000",$8.48,,12024.03,,,B.lion,,,,12026,phantasim,,,,,,,,,,
1697,12024,Paycom,XX-XY,,,Paycom,PAYC,,,,,,,,,,,,,United States,company.public,USD-marketcap,"$11,150,000,000",$197.22,,12024.03,,,B.lion,,,,12026,phantasim,,,,,,,,,,
1698,12024,CyberArk,XX-XY,,,CyberArk,CYBR,,,,,,,,,,,,,Israel,company.public,USD-marketcap,"$11,130,000,000",$263.18,,12024.03,,,B.lion,,,,12026,phantasim,,,,,,,,,,
1699,12024,Bath & Body Works,XX-XY,,,Bath & Body Works,BBWI,,,,,,,,,,,,,United States,company.public,USD-marketcap,"$11,120,000,000",$49.45,,12024.03,,,B.lion,,,,12026,phantasim,,,,,,,,,,
1700,12024,Yaskawa,XX-XY,,,Yaskawa,6506.T,,,,,,,,,,,,,Japan,company.public,USD-marketcap,"$11,120,000,000",$42.54,,12024.03,,,B.lion,,,,12026,phantasim,,,,,,,,,,
1701,12024,Vivendi,XX-XY,,,Vivendi,VIV.PA,,,,,,,,,,,,,France,company.public,USD-marketcap,"$11,120,000,000",$10.88,,,,,B.lion,,,,12026,phantasim,,,,,,,,,,
1702,12024,Pershing Square Holdings,XX-XY,,,Pershing Square Holdings,PSHZF,,,,,,,,,,,,,United States,company.public,USD-marketcap,"$11,110,000,000",$51.52,,12024.03,,,B.lion,,,,12026,phantasim,,,,,,,,,,
1703,12024,Aisin Seiki,XX-XY,,,Aisin Seiki,7259.T,,,,,,,,,,,,,Japan,company.public,USD-marketcap,"$11,110,000,000",$41.22,,12024.03,,,B.lion,,,,12026,phantasim,,,,,,,,,,
1706,12024,F5 Networks,XX-XY,,,F5 Networks,FFIV,,,,,,,,,,,,,United States,company.public,USD-marketcap,"$11,100,000,000",$188.84,,12024.03,,,B.lion,,,,12026,phantasim,,,,,,,,,,
1707,12024,Twilio,XX-XY,,,Twilio,TWLO,,,,,,,,,,,,,United States,company.public,USD-marketcap,"$11,100,000,000",$61.01,,12024.03,,,B.lion,,,,12026,phantasim,,,,,,,,,,
1708,12024,Dabur,XX-XY,,,Dabur,DABUR.NS,,,,,,,,,,,,,India,company.public,USD-marketcap,"$11,100,000,000",$6.26,,,,,B.lion,,,,12026,phantasim,,,,,,,,,,
1709,12024,East West Bancorp,XX-XY,,,East West Bancorp,EWBC,,,,,,,,,,,,,United States,company.public,USD-marketcap,"$11,090,000,000",$79.25,,12024.03,,,B.lion,,,,12026,phantasim,,,,,,,,,,
1710,12024,monday.com,XX-XY,,,monday.com,MNDY,,,,,,,,,,,,,Israel,company.public,USD-marketcap,"$11,090,000,000",$226.85,,12024.03,,,B.lion,,,,12026,phantasim,,,,,,,,,,
1711,12024,TechnipFMC,XX-XY,,,TechnipFMC,FTI,,,,,,,,,,,,,United Kingdom,company.public,USD-marketcap,"$11,070,000,000",$25.33,,12024.03,,,B.lion,,,,12026,phantasim,,,,,,,,,,
1712,12024,On Holding,XX-XY,,,On Holding,ONON,,,,,,,,,,,,,Switzerland,company.public,USD-marketcap,"$11,070,000,000",$34.74,,12024.03,,,B.lion,,,,12026,phantasim,,,,,,,,,,
1713,12024,Abu Dhabi Islamic Bank (ADIB),XX-XY,,,Abu Dhabi Islamic Bank (ADIB),ADIB.AE,,,,,,,,,,,,,United Arab Emirates,company.public,USD-marketcap,"$11,070,000,000",$3.05,,,,,B.lion,,,,12026,phantasim,,,,,,,,,,
1714,12024,Banco de Chile,XX-XY,,,Banco de Chile,BCH,,,,,,,,,,,,,Chile,company.public,USD-marketcap,"$11,060,000,000",$21.90,,12024.03,,,B.lion,,,,12026,phantasim,,,,,,,,,,
1715,12024,Qorvo,XX-XY,,,Qorvo,QRVO,,,,,,,,,,,,,United States,company.public,USD-marketcap,"$11,060,000,000",$114.60,,12024.03,,,B.lion,,,,12026,phantasim,,,,,,,,,,
1716,12024,Daiwa Securities Group,XX-XY,,,Daiwa Securities Group,8601.T,,,,,,,,,,,,,Japan,company.public,USD-marketcap,"$11,060,000,000",$7.89,,12024.03,,,B.lion,,,,12026,phantasim,,,,,,,,,,
1717,12024,Stora Enso,XX-XY,,,Stora Enso,STEAV.HE,,,,,,,,,,,,,Finland,company.public,USD-marketcap,"$11,060,000,000",$13.97,,,,,B.lion,,,,12026,phantasim,,,,,,,,,,
1718,12024,VinFast Auto,XX-XY,,,VinFast Auto,VFS,,,,,,,,,,,,,Vietnam,company.public,USD-marketcap,"$11,050,000,000",$4.73,,12024.03,,,B.lion,,,,12026,phantasim,,,,,,,,,,
1719,12024,Rexford Industrial,XX-XY,,,Rexford Industrial,REXR,,,,,,,,,,,,,United States,company.public,USD-marketcap,"$11,050,000,000",$49.88,,12024.03,,,B.lion,,,,12026,phantasim,,,,,,,,,,
1720,12024,Norsk Hydro,XX-XY,,,Norsk Hydro,NHY.OL,,,,,,,,,,,,,Norway,company.public,USD-marketcap,"$11,040,000,000",$5.51,,,,,B.lion,,,,12026,phantasim,,,,,,,,,,
1721,12024,Cleveland-Cliffs,XX-XY,,,Cleveland-Cliffs,CLF,,,,,,,,,,,,,United States,company.public,USD-marketcap,"$11,020,000,000",$22.13,,12024.03,,,B.lion,,,,12026,phantasim,,,,,,,,,,
1722,12024,Eiffage,XX-XY,,,Eiffage,FGR.PA,,,,,,,,,,,,,France,company.public,USD-marketcap,"$11,010,000,000",$114.22,,,,,B.lion,,,,12026,phantasim,,,,,,,,,,
1725,12024,China Resources Power Holdings,XX-XY,,,China Resources Power Holdings,0836.HK,,,,,,,,,,,,,Hong Kong,company.public,USD-marketcap,"$10,990,000,000",$2.29,,,,,B.lion,,,,12026,phantasim,,,,,,,,,,
1726,12024,Demant,XX-XY,,,Demant,DEMANT.CO,,,,,,,,,,,,,Denmark,company.public,USD-marketcap,"$10,980,000,000",$49.80,,,,,B.lion,,,,12026,phantasim,,,,,,,,,,
1727,12024,Hero MotoCorp,XX-XY,,,Hero MotoCorp,HEROMOTOCO.NS,,,,,,,,,,,,,India,company.public,USD-marketcap,"$10,970,000,000",$54.91,,,,,B.lion,,,,12026,phantasim,,,,,,,,,,
1728,12024,Globe Life,XX-XY,,,Globe Life,GL,,,,,,,,,,,,,United States,company.public,USD-marketcap,"$10,960,000,000",$116.60,,12024.03,,,B.lion,,,,12026,phantasim,,,,,,,,,,
1729,12024,Lattice Semiconductor,XX-XY,,,Lattice Semiconductor,LSCC,,,,,,,,,,,,,United States,company.public,USD-marketcap,"$10,950,000,000",$79.63,,12024.03,,,B.lion,,,,12026,phantasim,,,,,,,,,,
1730,12024,Admiral Group,XX-XY,,,Admiral Group,ADM.L,,,,,,,,,,,,,United Kingdom,company.public,USD-marketcap,"$10,950,000,000",$35.76,,12024.03,,,B.lion,,,,12026,phantasim,,,,,,,,,,
1731,12024,Natera,XX-XY,,,Natera,NTRA,,,,,,,,,,,,,United States,company.public,USD-marketcap,"$10,920,000,000",$90.46,,12024.03,,,B.lion,,,,12026,phantasim,,,,,,,,,,
1732,12024,Bio-Techne,XX-XY,,,Bio-Techne,TECH,,,,,,,,,,,,,United States,company.public,USD-marketcap,"$10,910,000,000",$69.42,,12024.03,,,B.lion,,,,12026,phantasim,,,,,,,,,,
1733,12024,JFE Holdings,XX-XY,,,JFE Holdings,5411.T,,,,,,,,,,,,,Japan,company.public,USD-marketcap,"$10,910,000,000",$17.16,,12024.03,,,B.lion,,,,12026,phantasim,,,,,,,,,,
1737,12024,INWIT,XX-XY,,,INWIT,INW.MI,,,,,,,,,,,,,Italy,company.public,USD-marketcap,"$10,900,000,000",$11.49,,,,,B.lion,,,,12026,phantasim,,,,,,,,,,
1738,12024,e.l.f. Cosmetics,XX-XY,,,e.l.f. Cosmetics,ELF,,,,,,,,,,,,,United States,company.public,USD-marketcap,"$10,890,000,000",$196.25,,12024.03,,,B.lion,,,,12026,phantasim,,,,,,,,,,
1739,12024,Kazatomprom,XX-XY,,,Kazatomprom,0ZQ.F,,,,,,,,,,,,,Kazakhstan,company.public,USD-marketcap,"$10,890,000,000",$38.99,,12024.03,,,B.lion,,,,12026,phantasim,,,,,,,,,,
1740,12024,Advantech,XX-XY,,,Advantech,2395.TW,,,,,,,,,,,,,Taiwan,company.public,USD-marketcap,"$10,890,000,000",$12.70,,,,,B.lion,,,,12026,phantasim,,,,,,,,,,
1741,12024,Penske Automotive,XX-XY,,,Penske Automotive,PAG,,,,,,,,,,,,,United States,company.public,USD-marketcap,"$10,860,000,000",$162.10,,12024.03,,,B.lion,,,,12026,phantasim,,,,,,,,,,
1742,12024,Ahli United Bank,XX-XY,,,Ahli United Bank,AUB.BH,,,,,,,,,,,,,Bahrain,company.public,USD-marketcap,"$10,860,000,000",N/A,,12024.03,,,B.lion,,,,12026,phantasim,,,,,,,,,,
1743,12024,Service Corporation International,XX-XY,,,Service Corporation International,SCI,,,,,,,,,,,,,United States,company.public,USD-marketcap,"$10,830,000,000",$74.22,,12024.03,,,B.lion,,,,12026,phantasim,,,,,,,,,,
1744,12024,Shiseido,XX-XY,,,Shiseido,4911.T,,,,,,,,,,,,,Japan,company.public,USD-marketcap,"$10,820,000,000",$27.08,,12024.03,,,B.lion,,,,12026,phantasim,,,,,,,,,,
1745,12024,Bajaj Holdings & Investment,XX-XY,,,Bajaj Holdings & Investment,BAJAJHLDNG.NS,,,,,,,,,,,,,India,company.public,USD-marketcap,"$10,820,000,000",$97.22,,,,,B.lion,,,,12026,phantasim,,,,,,,,,,
1746,12024,Clean Harbors,XX-XY,,,Clean Harbors,CLH,,,,,,,,,,,,,United States,company.public,USD-marketcap,"$10,810,000,000",$200.57,,12024.03,,,B.lion,,,,12026,phantasim,,,,,,,,,,
1747,12024,Etihad Etisalat (Mobily),XX-XY,,,Etihad Etisalat (Mobily),7020.SR,,,,,,,,,,,,,Saudi Arabia,company.public,USD-marketcap,"$10,800,000,000",$14.03,,,,,B.lion,,,,12026,phantasim,,,,,,,,,,
1748,12024,AEGON,XX-XY,,,AEGON,AEG,,,,,,,,,,,,,Netherlands,company.public,USD-marketcap,"$10,790,000,000",$6.08,,12024.03,,,B.lion,,,,12026,phantasim,,,,,,,,,,
1749,12024,Trex,XX-XY,,,Trex,TREX,,,,,,,,,,,,,United States,company.public,USD-marketcap,"$10,780,000,000",$99.25,,12024.03,,,B.lion,,,,12026,phantasim,,,,,,,,,,
1750,12024,Grupo ACS,XX-XY,,,Grupo ACS,ACS.MC,,,,,,,,,,,,,Spain,company.public,USD-marketcap,"$10,780,000,000",$43.37,,12024.03,,,B.lion,,,,12026,phantasim,,,,,,,,,,
1751,12024,Svenska Cellulosa Aktiebolaget (SCA),XX-XY,,,Svenska Cellulosa Aktiebolaget (SCA),SCA-B.ST,,,,,,,,,,,,,Sweden,company.public,USD-marketcap,"$10,780,000,000",$15.35,,,,,B.lion,,,,12026,phantasim,,,,,,,,,,
1752,12024,Shriram Transport Finance,XX-XY,,,Shriram Transport Finance,SHRIRAMFIN.NS,,,,,,,,,,,,,India,company.public,USD-marketcap,"$10,760,000,000",$28.66,,,,,B.lion,,,,12026,phantasim,,,,,,,,,,
1753,12024,Apollo Hospitals,XX-XY,,,Apollo Hospitals,APOLLOHOSP.NS,,,,,,,,,,,,,India,company.public,USD-marketcap,"$10,750,000,000",$74.83,,,,,B.lion,,,,12026,phantasim,,,,,,,,,,
1754,12024,Rivian,XX-XY,,,Rivian,RIVN,,,,,,,,,,,,,United States,company.public,USD-marketcap,"$10,740,000,000",$10.99,,12024.03,,,B.lion,,,,12026,phantasim,,,,,,,,,,
1755,12024,BOSCH India,XX-XY,,,BOSCH India,BOSCHLTD.NS,,,,,,,,,,,,,India,company.public,USD-marketcap,"$10,740,000,000",$364.36,,,,,B.lion,,,,12026,phantasim,,,,,,,,,,
1756,12024,Wingstop Restaurants,XX-XY,,,Wingstop Restaurants,WING,,,,,,,,,,,,,United States,company.public,USD-marketcap,"$10,730,000,000",$365.88,,12024.03,,,B.lion,,,,12026,phantasim,,,,,,,,,,
1757,12024,Divis Laboratories,XX-XY,,,Divis Laboratories,DIVISLAB.NS,,,,,,,,,,,,,India,company.public,USD-marketcap,"$10,730,000,000",$40.44,,,,,B.lion,,,,12026,phantasim,,,,,,,,,,
1758,12024,Siam Makro,XX-XY,,,Siam Makro,MAKRO.BK,,,,,,,,,,,,,Thailand,company.public,USD-marketcap,"$10,720,000,000",$1.01,,,,,B.lion,,,,12026,phantasim,,,,,,,,,,
1759,12024,NHPC Limited,XX-XY,,,NHPC Limited,NHPC.NS,,,,,,,,,,,,,India,company.public,USD-marketcap,"$10,710,000,000",$1.07,,,,,B.lion,,,,12026,phantasim,,,,,,,,,,
1761,12024,Tapestry,XX-XY,,,Tapestry,TPR,,,,,,,,,,,,,United States,company.public,USD-marketcap,"$10,700,000,000",$46.68,,12024.03,,,B.lion,,,,12026,phantasim,,,,,,,,,,
1762,12024,Suntory,XX-XY,,,Suntory,2587.T,,,,,,,,,,,,,Japan,company.public,USD-marketcap,"$10,690,000,000",$34.60,,12024.03,,,B.lion,,,,12026,phantasim,,,,,,,,,,
1763,12024,Korea Electric Power,XX-XY,,,Korea Electric Power,KEP,,,,,,,,,,,,,South Korea,company.public,USD-marketcap,"$10,680,000,000",$8.32,,12024.03,,,B.lion,,,,12026,phantasim,,,,,,,,,,
1764,12024,Northern Star,XX-XY,,,Northern Star,NST.AX,,,,,,,,,,,,,Australia,company.public,USD-marketcap,"$10,680,000,000",$9.30,,,,,B.lion,,,,12026,phantasim,,,,,,,,,,
1765,12024,China Zheshang Bank,XX-XY,,,China Zheshang Bank,2016.HK,,,,,,,,,,,,,China,company.public,USD-marketcap,"$10,660,000,000",$0.29,,,,,B.lion,,,,12026,phantasim,,,,,,,,,,
1766,12024,Swire Pacific,XX-XY,,,Swire Pacific,0019.HK,,,,,,,,,,,,,Hong Kong,company.public,USD-marketcap,"$10,650,000,000",$8.20,,,,,B.lion,,,,12026,phantasim,,,,,,,,,,
1769,12024,SCB (Siam Commercial Bank),XX-XY,,,SCB (Siam Commercial Bank),SCB.BK,,,,,,,,,,,,,Thailand,company.public,USD-marketcap,"$10,600,000,000",$3.15,,,,,B.lion,,,,12026,phantasim,,,,,,,,,,
1770,12024,Coty,XX-XY,,,Coty,COTY,,,,,,,,,,,,,United States,company.public,USD-marketcap,"$10,580,000,000",$11.82,,12024.03,,,B.lion,,,,12026,phantasim,,,,,,,,,,
1771,12024,Fortune Brands Innovations,XX-XY,,,Fortune Brands Innovations,FBIN,,,,,,,,,,,,,United States,company.public,USD-marketcap,"$10,570,000,000",$84.15,,12024.03,,,B.lion,,,,12026,phantasim,,,,,,,,,,
1772,12024,ARC Resources,XX-XY,,,ARC Resources,ARX.TO,,,,,,,,,,,,,Canada,company.public,USD-marketcap,"$10,550,000,000",$17.68,,12024.03,,,B.lion,,,,12026,phantasim,,,,,,,,,,
1773,12024,Isuzu,XX-XY,,,Isuzu,7202.T,,,,,,,,,,,,,Japan,company.public,USD-marketcap,"$10,540,000,000",$14.09,,12024.03,,,B.lion,,,,12026,phantasim,,,,,,,,,,
1774,12024,Teleflex,XX-XY,,,Teleflex,TFX,,,,,,,,,,,,,United States,company.public,USD-marketcap,"$10,530,000,000",$223.87,,12024.03,,,B.lion,,,,12026,phantasim,,,,,,,,,,
1778,12024,Wistron Corporation,XX-XY,,,Wistron Corporation,3231.TW,,,,,,,,,,,,,Taiwan,company.public,USD-marketcap,"$10,500,000,000",$3.66,,,,,B.lion,,,,12026,phantasim,,,,,,,,,,
1779,12024,New China Life Insurance,XX-XY,,,New China Life Insurance,601336.SS,,,,,,,,,,,,,China,company.public,USD-marketcap,"$10,500,000,000",$4.18,,,,,B.lion,,,,12026,phantasim,,,,,,,,,,
1780,12024,West Japan Railway,XX-XY,,,West Japan Railway,9021.T,,,,,,,,,,,,,Japan,company.public,USD-marketcap,"$10,490,000,000",$43.08,,12024.03,,,B.lion,,,,12026,phantasim,,,,,,,,,,
1781,12024,Tenet Healthcare,XX-XY,,,Tenet Healthcare,THC,,,,,,,,,,,,,United States,company.public,USD-marketcap,"$10,480,000,000",$104.87,,12024.03,,,B.lion,,,,12026,phantasim,,,,,,,,,,
1782,12024,Amdocs,XX-XY,,,Amdocs,DOX,,,,,,,,,,,,,United States,company.public,USD-marketcap,"$10,470,000,000",$89.90,,12024.03,,,B.lion,,,,12026,phantasim,,,,,,,,,,
1783,12024,Informatica,XX-XY,,,Informatica,INFA,,,,,,,,,,,,,United States,company.public,USD-marketcap,"$10,470,000,000",$35.51,,12024.03,,,B.lion,,,,12026,phantasim,,,,,,,,,,
1784,12024,Torrent Pharmaceuticals,XX-XY,,,Torrent Pharmaceuticals,TORNTPHARM.NS,,,,,,,,,,,,,India,company.public,USD-marketcap,"$10,450,000,000",$30.89,,,,,B.lion,,,,12026,phantasim,,,,,,,,,,
1785,12024,Celcomdigi,XX-XY,,,Celcomdigi,6947.KL,,,,,,,,,,,,,Malaysia,company.public,USD-marketcap,"$10,440,000,000",$0.89,,,,,B.lion,,,,12026,phantasim,,,,,,,,,,
1786,12024,Asahi Kasei,XX-XY,,,Asahi Kasei,3407.T,,,,,,,,,,,,,Japan,company.public,USD-marketcap,"$10,420,000,000",$7.52,,12024.03,,,B.lion,,,,12026,phantasim,,,,,,,,,,
1787,12024,Enel Américas,XX-XY,,,Enel Américas,ENELAM.SN,,,,,,,,,,,,,Chile,company.public,USD-marketcap,"$10,420,000,000",$0.10,,,,,B.lion,,,,12026,phantasim,,,,,,,,,,
1788,12024,Unity Software,XX-XY,,,Unity Software,U,,,,,,,,,,,,,United States,company.public,USD-marketcap,"$10,410,000,000",$26.99,,12024.03,,,B.lion,,,,12026,phantasim,,,,,,,,,,
1790,12024,Camden Property Trust,XX-XY,,,Camden Property Trust,CPT,,,,,,,,,,,,,United States,company.public,USD-marketcap,"$10,390,000,000",$97.16,,12024.03,,,B.lion,,,,12026,phantasim,,,,,,,,,,
1791,12024,IMCD,XX-XY,,,IMCD,IMCD.AS,,,,,,,,,,,,,Netherlands,company.public,USD-marketcap,"$10,390,000,000",$177.86,,,,,B.lion,,,,12026,phantasim,,,,,,,,,,
1792,12024,OpenText,XX-XY,,,OpenText,OTEX,,,,,,,,,,,,,Canada,company.public,USD-marketcap,"$10,380,000,000",$38.81,,12024.03,,,B.lion,,,,12026,phantasim,,,,,,,,,,
1793,12024,HELLA,XX-XY,,,HELLA,HLE.F,,,,,,,,,,,,,Germany,company.public,USD-marketcap,"$10,380,000,000",$92.29,,12024.03,,,B.lion,,,,12026,phantasim,,,,,,,,,,
1794,12024,CapitaLand Investment Limited,XX-XY,,,CapitaLand Investment Limited,9CI.SI,,,,,,,,,,,,,Singapore,company.public,USD-marketcap,"$10,360,000,000",$2.04,,12024.03,,,B.lion,,,,12026,phantasim,,,,,,,,,,
1795,12024,ICICI Prulife,XX-XY,,,ICICI Prulife,ICICIPRULI.NS,,,,,,,,,,,,,India,company.public,USD-marketcap,"$10,360,000,000",$7.19,,,,,B.lion,,,,12026,phantasim,,,,,,,,,,
1796,12024,Legend Biotech,XX-XY,,,Legend Biotech,LEGN,,,,,,,,,,,,,United States,company.public,USD-marketcap,"$10,350,000,000",$56.93,,12024.03,,,B.lion,,,,12026,phantasim,,,,,,,,,,
1797,12024,Powszechny Zakład Ubezpieczeń,XX-XY,,,Powszechny Zakład Ubezpieczeń,PZU.WA,,,,,,,,,,,,,Poland,company.public,USD-marketcap,"$10,350,000,000",$12.00,,,,,B.lion,,,,12026,phantasim,,,,,,,,,,
1798,12024,International Consolidated Airlines,XX-XY,,,International Consolidated Airlines,BABWF,,,,,,,,,,,,,Spain,company.public,USD-marketcap,"$10,320,000,000",$2.10,,12024.03,,,B.lion,,,,12026,phantasim,,,,,,,,,,
1799,12024,NOF Corporation,XX-XY,,,NOF Corporation,4403.T,,,,,,,,,,,,,Japan,company.public,USD-marketcap,"$10,310,000,000",$43.15,,12024.03,,,B.lion,,,,12026,phantasim,,,,,,,,,,
1801,12024,Repligen,XX-XY,,,Repligen,RGEN,,,,,,,,,,,,,United States,company.public,USD-marketcap,"$10,300,000,000",$184.75,,12024.03,,,B.lion,,,,12026,phantasim,,,,,,,,,,
1802,12024,Texas Roadhouse,XX-XY,,,Texas Roadhouse,TXRH,,,,,,,,,,,,,United States,company.public,USD-marketcap,"$10,300,000,000",$154.27,,12024.03,,,B.lion,,,,12026,phantasim,,,,,,,,,,
1803,12024,The Mosaic Company,XX-XY,,,The Mosaic Company,MOS,,,,,,,,,,,,,United States,company.public,USD-marketcap,"$10,290,000,000",$32.01,,12024.03,,,B.lion,,,,12026,phantasim,,,,,,,,,,
1804,12024,Unum,XX-XY,,,Unum,UNM,,,,,,,,,,,,,United States,company.public,USD-marketcap,"$10,280,000,000",$53.70,,12024.03,,,B.lion,,,,12026,phantasim,,,,,,,,,,
1805,12024,JDE Peet's,XX-XY,,,JDE Peet's,JDEP.AS,,,,,,,,,,,,,Netherlands,company.public,USD-marketcap,"$10,280,000,000",$21.14,,,,,B.lion,,,,12026,phantasim,,,,,,,,,,
1806,12024,CubeSmart,XX-XY,,,CubeSmart,CUBE,,,,,,,,,,,,,United States,company.public,USD-marketcap,"$10,270,000,000",$45.40,,12024.03,,,B.lion,,,,12026,phantasim,,,,,,,,,,
1807,12024,Covestro,XX-XY,,,Covestro,1COV.F,,,,,,,,,,,,,Germany,company.public,USD-marketcap,"$10,250,000,000",$54.31,,12024.03,,,B.lion,,,,12026,phantasim,,,,,,,,,,
1808,12024,Wharf Holdings,XX-XY,,,Wharf Holdings,0004.HK,,,,,,,,,,,,,Hong Kong,company.public,USD-marketcap,"$10,250,000,000",$3.36,,,,,B.lion,,,,12026,phantasim,,,,,,,,,,
1809,12024,IDBI Bank,XX-XY,,,IDBI Bank,IDBI.NS,,,,,,,,,,,,,India,company.public,USD-marketcap,"$10,250,000,000",$0.95,,,,,B.lion,,,,12026,phantasim,,,,,,,,,,
1810,12024,ASR Nederland,XX-XY,,,ASR Nederland,ASRNL.AS,,,,,,,,,,,,,Netherlands,company.public,USD-marketcap,"$10,240,000,000",$48.53,,,,,B.lion,,,,12026,phantasim,,,,,,,,,,
1811,12024,Origin Energy,XX-XY,,,Origin Energy,ORG.AX,,,,,,,,,,,,,Australia,company.public,USD-marketcap,"$10,220,000,000",$5.93,,,,,B.lion,,,,12026,phantasim,,,,,,,,,,
1812,12024,Bank of Ireland Group,XX-XY,,,Bank of Ireland Group,BIRG.IR,,,,,,,,,,,,,Ireland,company.public,USD-marketcap,"$10,220,000,000",$9.79,,,,,B.lion,,,,12026,phantasim,,,,,,,,,,
1813,12024,Dayforce,XX-XY,,,Dayforce,DAY,,,,,,,,,,,,,United States,company.public,USD-marketcap,"$10,210,000,000",$66.05,,12024.03,,,B.lion,,,,12026,phantasim,,,,,,,,,,
1822,12024,Catalent,XX-XY,,,Catalent,CTLT,,,,,,,,,,,,,United States,company.public,USD-marketcap,"$10,200,000,000",$56.48,,12024.03,,,B.lion,,,,12026,phantasim,,,,,,,,,,
1823,12024,LG Corp,XX-XY,,,LG Corp,003550.KS,,,,,,,,,,,,,South Korea,company.public,USD-marketcap,"$10,200,000,000",$66.08,,,,,B.lion,,,,12026,phantasim,,,,,,,,,,
1824,12024,Jindal Steel & Power,XX-XY,,,Jindal Steel & Power,JINDALSTEL.NS,,,,,,,,,,,,,India,company.public,USD-marketcap,"$10,200,000,000",$10.00,,,,,B.lion,,,,12026,phantasim,,,,,,,,,,
1825,12024,Gap Inc.,XX-XY,,,Gap Inc.,GPS,,,,,,,,,,,,,United States,company.public,USD-marketcap,"$10,190,000,000",$27.29,,12024.03,,,B.lion,,,,12026,phantasim,,,,,,,,,,
1826,12024,JSW Energy,XX-XY,,,JSW Energy,JSWENERGY.NS,,,,,,,,,,,,,India,company.public,USD-marketcap,"$10,180,000,000",$6.20,,,,,B.lion,,,,12026,phantasim,,,,,,,,,,
1827,12024,BJ's Wholesale Club,XX-XY,,,BJ's Wholesale Club,BJ,,,,,,,,,,,,,United States,company.public,USD-marketcap,"$10,170,000,000",$76.49,,12024.03,,,B.lion,,,,12026,phantasim,,,,,,,,,,
1828,12024,TD Synnex,XX-XY,,,TD Synnex,SNX,,,,,,,,,,,,,United States,company.public,USD-marketcap,"$10,170,000,000",$116.00,,12024.03,,,B.lion,,,,12026,phantasim,,,,,,,,,,
1829,12024,KakaoBank,XX-XY,,,KakaoBank,323410.KS,,,,,,,,,,,,,South Korea,company.public,USD-marketcap,"$10,170,000,000",$20.89,,,,,B.lion,,,,12026,phantasim,,,,,,,,,,
1830,12024,Apache Corporation,XX-XY,,,Apache Corporation,APA,,,,,,,,,,,,,United States,company.public,USD-marketcap,"$10,160,000,000",$33.71,,12024.03,,,B.lion,,,,12026,phantasim,,,,,,,,,,
1831,12024,Largan Precision,XX-XY,,,Largan Precision,3008.TW,,,,,,,,,,,,,Taiwan,company.public,USD-marketcap,"$10,160,000,000",$76.15,,,,,B.lion,,,,12026,phantasim,,,,,,,,,,
1832,12024,YPF (Yacimientos Petrolíferos Fiscales),XX-XY,,,YPF (Yacimientos Petrolíferos Fiscales),YPF,,,,,,,,,,,,,Argentina,company.public,USD-marketcap,"$10,150,000,000",$20.12,,12024.03,,,B.lion,,,,12026,phantasim,,,,,,,,,,
1833,12024,Five Below,XX-XY,,,Five Below,FIVE,,,,,,,,,,,,,United States,company.public,USD-marketcap,"$10,150,000,000",$183.86,,12024.03,,,B.lion,,,,12026,phantasim,,,,,,,,,,
1834,12024,Computershare,XX-XY,,,Computershare,CPU.AX,,,,,,,,,,,,,Australia,company.public,USD-marketcap,"$10,130,000,000",$16.95,,,,,B.lion,,,,12026,phantasim,,,,,,,,,,
1835,12024,Intertek,XX-XY,,,Intertek,ITRK.L,,,,,,,,,,,,,United Kingdom,company.public,USD-marketcap,"$10,130,000,000",$62.81,,,,,B.lion,,,,12026,phantasim,,,,,,,,,,
1836,12024,Türkiye Petrol Rafinerileri,XX-XY,,,Türkiye Petrol Rafinerileri,TUPRS.IS,,,,,,,,,,,,,Turkey,company.public,USD-marketcap,"$10,130,000,000",$5.26,,,,,B.lion,,,,12026,phantasim,,,,,,,,,,
1837,12024,NIO,XX-XY,,,NIO,NIO,,,,,,,,,,,,,China,company.public,USD-marketcap,"$10,120,000,000",$4.67,,12024.03,,,B.lion,,,,12026,phantasim,,,,,,,,,,
1838,12024,Telia Company,XX-XY,,,Telia Company,TELIA.ST,,,,,,,,,,,,,Sweden,company.public,USD-marketcap,"$10,120,000,000",$2.57,,,,,B.lion,,,,12026,phantasim,,,,,,,,,,
1842,12024,Insurance Australia Group,XX-XY,,,Insurance Australia Group,IAG.AX,,,,,,,,,,,,,Australia,company.public,USD-marketcap,"$10,100,000,000",$4.21,,,,,B.lion,,,,12026,phantasim,,,,,,,,,,
1844,12024,Autoliv,XX-XY,,,Autoliv,ALV,,,,,,,,,,,,,Sweden,company.public,USD-marketcap,"$10,090,000,000",$122.10,,12024.03,,,B.lion,,,,12026,phantasim,,,,,,,,,,
1845,12024,Elastic NV,XX-XY,,,Elastic NV,ESTC,,,,,,,,,,,,,United States,company.public,USD-marketcap,"$10,090,000,000",$100.13,,12024.03,,,B.lion,,,,12026,phantasim,,,,,,,,,,
1846,12024,Vodacom,XX-XY,,,Vodacom,VOD.JO,,,,,,,,,,,,,South Africa,company.public,USD-marketcap,"$10,080,000,000",$5.21,,,,,B.lion,,,,12026,phantasim,,,,,,,,,,
1847,12024,Formosa Chemicals & Fibre,XX-XY,,,Formosa Chemicals & Fibre,1326.TW,,,,,,,,,,,,,Taiwan,company.public,USD-marketcap,"$10,070,000,000",$1.72,,,,,B.lion,,,,12026,phantasim,,,,,,,,,,
1848,12024,GAC (Guangzhou Automobile Group),XX-XY,,,GAC (Guangzhou Automobile Group),601238.SS,,,,,,,,,,,,,China,company.public,USD-marketcap,"$10,070,000,000",$1.20,,,,,B.lion,,,,12026,phantasim,,,,,,,,,,
1849,12024,WPP,X-X,Martin Sorrell,Preston Rabl,Wire and Plastic Products plc,WPP,,London,United Kingdom,,,,,,,,,,United Kingdom,company.public,USD-marketcap,"$10,060,000,000",$46.82,,12024.03,11971,,B.lion,,,,55,teacher,,,,,,,,,,
1850,12024,Essential Utilities,XX-XY,,,Essential Utilities,WTRG,,,,,,,,,,,,,United States,company.public,USD-marketcap,"$10,060,000,000",$36.80,,12024.03,,,B.lion,,,,12026,phantasim,,,,,,,,,,
1851,12024,Chailease Holding,XX-XY,,,Chailease Holding,5871.TW,,,,,,,,,,,,,Taiwan,company.public,USD-marketcap,"$10,060,000,000",$5.38,,,,,B.lion,,,,12026,phantasim,,,,,,,,,,
1852,12024,CG Power and Industrial Solutions,XX-XY,,,CG Power and Industrial Solutions,CGPOWER.NS,,,,,,,,,,,,,India,company.public,USD-marketcap,"$10,060,000,000",$6.59,,,,,B.lion,,,,12026,phantasim,,,,,,,,,,
1853,12024,Wharf REIC,XX-XY,,,Wharf REIC,1997.HK,,,,,,,,,,,,,Hong Kong,company.public,USD-marketcap,"$10,050,000,000",$3.31,,,,,B.lion,,,,12026,phantasim,,,,,,,,,,
1854,12024,Rational AG,XX-XY,,,Rational AG,RAA.F,,,,,,,,,,,,,Germany,company.public,USD-marketcap,"$10,030,000,000",$882.26,,12024.03,,,B.lion,,,,12026,phantasim,,,,,,,,,,
1855,12024,Emera,XX-XY,,,Emera,EMA.TO,,,,,,,,,,,,,Canada,company.public,USD-marketcap,"$10,020,000,000",$35.08,,,,,B.lion,,,,12026,phantasim,,,,,,,,,,
1856,12024,Bupa Arabia for Cooperative Insurance Company,XX-XY,,,Bupa Arabia for Cooperative Insurance Company,8210.SR,,,,,,,,,,,,,Saudi Arabia,company.public,USD-marketcap,"$10,020,000,000",$66.85,,,,,B.lion,,,,12026,phantasim,,,,,,,,,,
1857,12024,Indutrade,XX-XY,,,Indutrade,INDT.ST,,,,,,,,,,,,,Sweden,company.public,USD-marketcap,"$10,020,000,000",$27.52,,,,,B.lion,,,,12026,phantasim,,,,,,,,,,
1858,12024,American Airlines,XX-XY,,,American Airlines,AAL,,,,,,,,,,,,,United States,company.public,USD-marketcap,"$10,010,000,000",$15.30,,12024.03,,,B.lion,,,,12026,phantasim,,,,,,,,,,
1860,12024,Brookfield Property Partners,XX-XY,,,Brookfield Property Partners,BPYPP,,,,,,,,,,,,,Bermuda,company.public,USD-marketcap,"$10,000,000,000",$15.14,,12024.03,,,B.lion,,,,12026,phantasim,,,,,,,,,,
1861,12024,Banco BPM,XX-XY,,,Banco BPM,BAMI.MI,,,,,,,,,,,,,Italy,company.public,USD-marketcap,"$10,000,000,000",$6.64,,,,,B.lion,,,,12026,phantasim,,,,,,,,,,
1862,12024,Kajima,XX-XY,,,Kajima,1812.T,,,,,,,,,,,,,Japan,company.public,USD-marketcap,"$9,970,000,000",$20.72,,12024.03,,,B.lion,,,,12026,phantasim,,,,,,,,,,
1863,12024,ANA Holdings,XX-XY,,,ANA Holdings,9202.T,,,,,,,,,,,,,Japan,company.public,USD-marketcap,"$9,970,000,000",$21.21,,12024.03,,,B.lion,,,,12026,phantasim,,,,,,,,,,
1864,12024,Banque Cantonale Vaudoise,XX-XY,,,Banque Cantonale Vaudoise,BCVN.SW,,,,,,,,,,,,,Switzerland,company.public,USD-marketcap,"$9,970,000,000",$116.18,,,,,B.lion,,,,12026,phantasim,,,,,,,,,,
1865,12024,Randstad,XX-XY,,,Randstad,RAND.AS,,,,,,,,,,,,,Netherlands,company.public,USD-marketcap,"$9,960,000,000",$56.00,,,,,B.lion,,,,12026,phantasim,,,,,,,,,,
1866,12024,Chubu Electric Power,XX-XY,,,Chubu Electric Power,9502.T,,,,,,,,,,,,,Japan,company.public,USD-marketcap,"$9,940,000,000",$13.15,,12024.03,,,B.lion,,,,12026,phantasim,,,,,,,,,,
1867,12024,Bio-Rad Laboratories,XX-XY,,,Bio-Rad Laboratories,BIO,,,,,,,,,,,,,United States,company.public,USD-marketcap,"$9,920,000,000",$349.56,,12024.03,,,B.lion,,,,12026,phantasim,,,,,,,,,,
1868,12024,Boston Properties,XX-XY,,,Boston Properties,BXP,,,,,,,,,,,,,United States,company.public,USD-marketcap,"$9,910,000,000",$63.15,,12024.03,,,B.lion,,,,12026,phantasim,,,,,,,,,,
1869,12024,China Eastern Airlines,XX-XY,,,China Eastern Airlines,600115.SS,,,,,,,,,,,,,China,company.public,USD-marketcap,"$9,910,000,000",$0.50,,,,,B.lion,,,,12026,phantasim,,,,,,,,,,
1871,12024,Euronext,XX-XY,,,Euronext,ENX.PA,,,,,,,,,,,,,Netherlands,company.public,USD-marketcap,"$9,890,000,000",$95.54,,,,,B.lion,,,,12026,phantasim,,,,,,,,,,
1872,12024,Instacart (Maplebear Inc.),XX-XY,,,Instacart (Maplebear Inc.),CART,,,,,,,,,,,,,United States,company.public,USD-marketcap,"$9,880,000,000",$37.09,,12024.03,,,B.lion,,,,12026,phantasim,,,,,,,,,,
1873,12024,Ipsen,XX-XY,,,Ipsen,IPN.PA,,,,,,,,,,,,,France,company.public,USD-marketcap,"$9,880,000,000",$118.28,,,,,B.lion,,,,12026,phantasim,,,,,,,,,,
1874,12024,Cummins India,XX-XY,,,Cummins India,CUMMINSIND.NS,,,,,,,,,,,,,India,company.public,USD-marketcap,"$9,880,000,000",$35.65,,,,,B.lion,,,,12026,phantasim,,,,,,,,,,
1875,12024,Tetra Tech,XX-XY,,,Tetra Tech,TTEK,,,,,,,,,,,,,United States,company.public,USD-marketcap,"$9,870,000,000",$184.64,,12024.03,,,B.lion,,,,12026,phantasim,,,,,,,,,,
1876,12024,“K” Line,XX-XY,,,“K” Line,9107.T,,,,,,,,,,,,,Japan,company.public,USD-marketcap,"$9,870,000,000",$41.92,,12024.03,,,B.lion,,,,12026,phantasim,,,,,,,,,,
1877,12024,ASUS,XX-XY,,,ASUS,2357.TW,,,,,,,,,,,,,Taiwan,company.public,USD-marketcap,"$9,860,000,000",$13.28,,,,,B.lion,,,,12026,phantasim,,,,,,,,,,
1878,12024,Metso,XX-XY,,,Metso,METSO.HE,,,,,,,,,,,,,Finland,company.public,USD-marketcap,"$9,860,000,000",$11.93,,,,,B.lion,,,,12026,phantasim,,,,,,,,,,
1879,12024,CapitaLand Mall Trust,XX-XY,,,CapitaLand Mall Trust,C38U.SI,,,,,,,,,,,,,Singapore,company.public,USD-marketcap,"$9,850,000,000",$1.48,,,,,B.lion,,,,12026,phantasim,,,,,,,,,,
1880,12024,Ooredoo,XX-XY,,,Ooredoo,ORDS.AE,,,,,,,,,,,,,United Arab Emirates,company.public,USD-marketcap,"$9,850,000,000",$3.08,,,,,B.lion,,,,12026,phantasim,,,,,,,,,,
1881,12024,kyowa Kirin,XX-XY,,,kyowa Kirin,4151.T,,,,,,,,,,,,,Japan,company.public,USD-marketcap,"$9,840,000,000",$18.31,,12024.03,,,B.lion,,,,12026,phantasim,,,,,,,,,,
1882,12024,Hua Nan Financial Holdings,XX-XY,,,Hua Nan Financial Holdings,2880.TW,,,,,,,,,,,,,Taiwan,company.public,USD-marketcap,"$9,830,000,000",$0.72,,,,,B.lion,,,,12026,phantasim,,,,,,,,,,
1883,12024,ICICI Lombard,XX-XY,,,ICICI Lombard,ICICIGI.NS,,,,,,,,,,,,,India,company.public,USD-marketcap,"$9,830,000,000",$19.97,,,,,B.lion,,,,12026,phantasim,,,,,,,,,,
1884,12024,NIBE Industrier,XX-XY,,,NIBE Industrier,NIBE-B.ST,,,,,,,,,,,,,Sweden,company.public,USD-marketcap,"$9,810,000,000",$4.87,,,,,B.lion,,,,12026,phantasim,,,,,,,,,,
1891,12024,Jefferies Financial Group,XX-XY,,,Jefferies Financial Group,JEF,,,,,,,,,,,,,United States,company.public,USD-marketcap,"$9,770,000,000",$46.13,,12024.03,,,B.lion,,,,12026,phantasim,,,,,,,,,,
1892,12024,Tempur Sealy,XX-XY,,,Tempur Sealy,TPX,,,,,,,,,,,,,United States,company.public,USD-marketcap,"$9,760,000,000",$56.23,,12024.03,,,B.lion,,,,12026,phantasim,,,,,,,,,,
1893,12024,WEX,XX-XY,,,WEX,WEX,,,,,,,,,,,,,United States,company.public,USD-marketcap,"$9,760,000,000",$233.88,,12024.03,,,B.lion,,,,12026,phantasim,,,,,,,,,,
1894,12024,Paylocity,XX-XY,,,Paylocity,PCTY,,,,,,,,,,,,,United States,company.public,USD-marketcap,"$9,760,000,000",$173.29,,12024.03,,,B.lion,,,,12026,phantasim,,,,,,,,,,
1895,12024,GBL,XX-XY,,,GBL,GBLB.VI,,,,,,,,,,,,,Belgium,company.public,USD-marketcap,"$9,760,000,000",$75.69,,,,,B.lion,,,,12026,phantasim,,,,,,,,,,
1896,12024,Keppel,XX-XY,,,Keppel,BN4.SI,,,,,,,,,,,,,Singapore,company.public,USD-marketcap,"$9,750,000,000",$5.50,,12024.03,,,B.lion,,,,12026,phantasim,,,,,,,,,,
1897,12024,JBS,XX-XY,,,JBS,JBSS3.SA,,,,,,,,,,,,,Brazil,company.public,USD-marketcap,"$9,750,000,000",$4.40,,,,,B.lion,,,,12026,phantasim,,,,,,,,,,
1898,12024,Assurant,XX-XY,,,Assurant,AIZ,,,,,,,,,,,,,United States,company.public,USD-marketcap,"$9,740,000,000",$187.41,,12024.03,,,B.lion,,,,12026,phantasim,,,,,,,,,,
1899,12024,Chemed,XX-XY,,,Chemed,CHE,,,,,,,,,,,,,United States,company.public,USD-marketcap,"$9,730,000,000",$644.26,,12024.03,,,B.lion,,,,12026,phantasim,,,,,,,,,,
1900,12024,Annaly Capital Management,XX-XY,,,Annaly Capital Management,NLY,,,,,,,,,,,,,United States,company.public,USD-marketcap,"$9,720,000,000",$19.44,,12024.03,,,B.lion,,,,12026,phantasim,,,,,,,,,,
1901,12024,Seven Group Holdings (SGH),XX-XY,,,Seven Group Holdings (SGH),SVW.AX,,,,,,,,,,,,,Australia,company.public,USD-marketcap,"$9,720,000,000",$26.52,,,,,B.lion,,,,12026,phantasim,,,,,,,,,,
1907,12024,Curtiss-Wright,XX-XY,,,Curtiss-Wright,CW,,,,,,,,,,,,,United States,company.public,USD-marketcap,"$9,700,000,000",$253.57,,12024.03,,,B.lion,,,,12026,phantasim,,,,,,,,,,
1908,12024,Tianqi Lithium,XX-XY,,,Tianqi Lithium,002466.SZ,,,,,,,,,,,,,China,company.public,USD-marketcap,"$9,700,000,000",$6.57,,,,,B.lion,,,,12026,phantasim,,,,,,,,,,
1909,12024,APi Group,XX-XY,,,APi Group,APG,,,,,,,,,,,,,United States,company.public,USD-marketcap,"$9,690,000,000",$39.54,,12024.03,,,B.lion,,,,12026,phantasim,,,,,,,,,,
1910,12024,Severn Trent,XX-XY,,,Severn Trent,SVT.L,,,,,,,,,,,,,United Kingdom,company.public,USD-marketcap,"$9,690,000,000",$32.10,,12024.03,,,B.lion,,,,12026,phantasim,,,,,,,,,,
1911,12024,United Spirits,XX-XY,,,United Spirits,UNITDSPR.BO,,,,,,,,,,,,,India,company.public,USD-marketcap,"$9,690,000,000",$13.67,,,,,B.lion,,,,12026,phantasim,,,,,,,,,,
1912,12024,Solar Industries India,XX-XY,,,Solar Industries India,SOLARINDS.NS,,,,,,,,,,,,,India,company.public,USD-marketcap,"$9,660,000,000",$106.77,,,,,B.lion,,,,12026,phantasim,,,,,,,,,,
1913,12024,Henry Schein,XX-XY,,,Henry Schein,HSIC,,,,,,,,,,,,,United States,company.public,USD-marketcap,"$9,650,000,000",$75.15,,12024.03,,,B.lion,,,,12026,phantasim,,,,,,,,,,
1914,12024,Taiwan Mobile,XX-XY,,,Taiwan Mobile,3045.TW,,,,,,,,,,,,,Taiwan,company.public,USD-marketcap,"$9,640,000,000",$3.19,,,,,B.lion,,,,12026,phantasim,,,,,,,,,,
1915,12024,"M3, Inc",XX-XY,,,"M3, Inc",2413.T,,,,,,,,,,,,,Japan,company.public,USD-marketcap,"$9,630,000,000",$14.19,,12024.03,,,B.lion,,,,12026,phantasim,,,,,,,,,,
1916,12024,Guidewire Software,XX-XY,,,Guidewire Software,GWRE,,,,,,,,,,,,,United States,company.public,USD-marketcap,"$9,610,000,000",$115.41,,12024.03,,,B.lion,,,,12026,phantasim,,,,,,,,,,
1917,12024,Match Group,XX-XY,,,Match Group,MTCH,,,,,,,,,,,,,United States,company.public,USD-marketcap,"$9,610,000,000",$35.88,,12024.03,,,B.lion,,,,12026,phantasim,,,,,,,,,,
1922,12024,AptarGroup,XX-XY,,,AptarGroup,ATR,,,,,,,,,,,,,United States,company.public,USD-marketcap,"$9,570,000,000",$144.66,,12024.03,,,B.lion,,,,12026,phantasim,,,,,,,,,,
1923,12024,Oracle Corp Japan,XX-XY,,,Oracle Corp Japan,4716.T,,,,,,,,,,,,,Japan,company.public,USD-marketcap,"$9,570,000,000",$74.33,,12024.03,,,B.lion,,,,12026,phantasim,,,,,,,,,,
1924,12024,Stantec,XX-XY,,,Stantec,STN,,,,,,,,,,,,,Canada,company.public,USD-marketcap,"$9,560,000,000",$83.82,,12024.03,,,B.lion,,,,12026,phantasim,,,,,,,,,,
1925,12024,Duolingo,XX-XY,,,Duolingo,DUOL,,,,,,,,,,,,,United States,company.public,USD-marketcap,"$9,540,000,000",$222.55,,12024.03,,,B.lion,,,,12026,phantasim,,,,,,,,,,
1926,12024,Samvardhana Motherson,XX-XY,,,Samvardhana Motherson,MOTHERSON.NS,,,,,,,,,,,,,India,company.public,USD-marketcap,"$9,540,000,000",$1.41,,,,,B.lion,,,,12026,phantasim,,,,,,,,,,
1927,12024,T&D Holdings,XX-XY,,,T&D Holdings,8795.T,,,,,,,,,,,,,Japan,company.public,USD-marketcap,"$9,530,000,000",$18.00,,12024.03,,,B.lion,,,,12026,phantasim,,,,,,,,,,
1928,12024,Meridian Energy,XX-XY,,,Meridian Energy,MEZ.AX,,,,,,,,,,,,,New Zealand,company.public,USD-marketcap,"$9,530,000,000",$3.69,,,,,B.lion,,,,12026,phantasim,,,,,,,,,,
1929,12024,Mowi,XX-XY,,,Mowi,MNHVF,,,,,,,,,,,,,Norway,company.public,USD-marketcap,"$9,520,000,000",$18.41,,12024.03,,,B.lion,,,,12026,phantasim,,,,,,,,,,
1930,12024,Idemitsu Kosan,XX-XY,,,Idemitsu Kosan,5019.T,,,,,,,,,,,,,Japan,company.public,USD-marketcap,"$9,510,000,000",$6.87,,12024.03,,,B.lion,,,,12026,phantasim,,,,,,,,,,
1933,12024,Grupo Aeroportuario del Sureste,XX-XY,,,Grupo Aeroportuario del Sureste,ASR,,,,,,,,,,,,,Mexico,company.public,USD-marketcap,"$9,500,000,000",$317.00,,12024.03,,,B.lion,,,,12026,phantasim,,,,,,,,,,
1934,12024,Mizrahi-Tefahot,XX-XY,,,Mizrahi-Tefahot,MZTF.TA,,,,,,,,,,,,,Israel,company.public,USD-marketcap,"$9,500,000,000",$36.81,,,,,B.lion,,,,12026,phantasim,,,,,,,,,,
1936,12024,Elbit Systems,XX-XY,,,Elbit Systems,ESLT,,,,,,,,,,,,,Israel,company.public,USD-marketcap,"$9,490,000,000",$211.15,,12024.03,,,B.lion,,,,12026,phantasim,,,,,,,,,,
1937,12024,Healthpeak Properties,XX-XY,,,Healthpeak Properties,PEAK,,,,,,,,,,,,,United States,company.public,USD-marketcap,"$9,490,000,000",$17.10,,12024.03,,,B.lion,,,,12026,phantasim,,,,,,,,,,
1938,12024,Crown Holdings,XX-XY,,,Crown Holdings,CCK,,,,,,,,,,,,,United States,company.public,USD-marketcap,"$9,480,000,000",$78.51,,12024.03,,,B.lion,,,,12026,phantasim,,,,,,,,,,
1939,12024,Konami Holdings,XX-XY,,,Konami Holdings,9766.T,,,,,,,,,,,,,Japan,company.public,USD-marketcap,"$9,480,000,000",$70.01,,12024.03,,,B.lion,,,,12026,phantasim,,,,,,,,,,
1940,12024,SKF (Svenska Kullagerfabriken),XX-XY,,,SKF (Svenska Kullagerfabriken),SKF-B.ST,,,,,,,,,,,,,Sweden,company.public,USD-marketcap,"$9,480,000,000",$20.81,,,,,B.lion,,,,12026,phantasim,,,,,,,,,,
1941,12024,Qiagen,XX-XY,,,Qiagen,QGEN,,,,,,,,,,,,,Netherlands,company.public,USD-marketcap,"$9,460,000,000",$42.75,,12024.03,,,B.lion,,,,12026,phantasim,,,,,,,,,,
1942,12024,SEI Investments,XX-XY,,,SEI Investments,SEIC,,,,,,,,,,,,,United States,company.public,USD-marketcap,"$9,450,000,000",$72.02,,12024.03,,,B.lion,,,,12026,phantasim,,,,,,,,,,
1943,12024,Confluent,XX-XY,,,Confluent,CFLT,,,,,,,,,,,,,United States,company.public,USD-marketcap,"$9,440,000,000",$30.21,,12024.03,,,B.lion,,,,12026,phantasim,,,,,,,,,,
1944,12024,Liberty Media,XX-XY,,,Liberty Media,LSXMB,,,,,,,,,,,,,United States,company.public,USD-marketcap,"$9,430,000,000",$28.97,,12024.03,,,B.lion,,,,12026,phantasim,,,,,,,,,,
1945,12024,Roku,XX-XY,,,Roku,ROKU,,,,,,,,,,,,,United States,company.public,USD-marketcap,"$9,410,000,000",$65.58,,12024.03,,,B.lion,,,,12026,phantasim,,,,,,,,,,
1946,12024,Spirax-Sarco Engineering,XX-XY,,,Spirax-Sarco Engineering,SPX.L,,,,,,,,,,,,,United Kingdom,company.public,USD-marketcap,"$9,410,000,000",$127.66,,12024.03,,,B.lion,,,,12026,phantasim,,,,,,,,,,
1947,12024,RaiaDrogasil,XX-XY,,,RaiaDrogasil,RADL3.SA,,,,,,,,,,,,,Brazil,company.public,USD-marketcap,"$9,410,000,000",$5.49,,,,,B.lion,,,,12026,phantasim,,,,,,,,,,
1950,12024,The Toro Company,XX-XY,,,The Toro Company,TTC,,,,,,,,,,,,,United States,company.public,USD-marketcap,"$9,400,000,000",$90.10,,12024.03,,,B.lion,,,,12026,phantasim,,,,,,,,,,
1951,12024,Caesars Entertainment,XX-XY,,,Caesars Entertainment,CZR,,,,,,,,,,,,,United States,company.public,USD-marketcap,"$9,370,000,000",$43.36,,12024.03,,,B.lion,,,,12026,phantasim,,,,,,,,,,
1952,12024,Woodward,XX-XY,,,Woodward,WWD,,,,,,,,,,,,,United States,company.public,USD-marketcap,"$9,360,000,000",$155.28,,12024.03,,,B.lion,,,,12026,phantasim,,,,,,,,,,
1953,12024,Max Healthcare Institute,XX-XY,,,Max Healthcare Institute,MAXHEALTH.NS,,,,,,,,,,,,,India,company.public,USD-marketcap,"$9,360,000,000",$9.63,,,,,B.lion,,,,12026,phantasim,,,,,,,,,,
1954,12024,Light & Wonder,XX-XY,,,Light & Wonder,LNW,,,,,,,,,,,,,United States,company.public,USD-marketcap,"$9,340,000,000",$103.98,,12024.03,,,B.lion,,,,12026,phantasim,,,,,,,,,,
1955,12024,Banco Santander-Chile,XX-XY,,,Banco Santander-Chile,BSAC,,,,,,,,,,,,,Chile,company.public,USD-marketcap,"$9,340,000,000",$19.76,,12024.03,,,B.lion,,,,12026,phantasim,,,,,,,,,,
1956,12024,Longfor Group,XX-XY,,,Longfor Group,0960.HK,,,,,,,,,,,,,China,company.public,USD-marketcap,"$9,340,000,000",$1.38,,,,,B.lion,,,,12026,phantasim,,,,,,,,,,
1957,12024,Red Eléctrica,XX-XY,,,Red Eléctrica,RED.MC,,,,,,,,,,,,,Spain,company.public,USD-marketcap,"$9,330,000,000",$17.31,,,,,B.lion,,,,12026,phantasim,,,,,,,,,,
1958,12024,Skechers,XX-XY,,,Skechers,SKX,,,,,,,,,,,,,United States,company.public,USD-marketcap,"$9,320,000,000",$60.86,,12024.03,,,B.lion,,,,12026,phantasim,,,,,,,,,,
1959,12024,Osaka Gas,XX-XY,,,Osaka Gas,9532.T,,,,,,,,,,,,,Japan,company.public,USD-marketcap,"$9,320,000,000",$22.62,,12024.03,,,B.lion,,,,12026,phantasim,,,,,,,,,,
1960,12024,BWX Technologies,XX-XY,,,BWX Technologies,BWXT,,,,,,,,,,,,,United States,company.public,USD-marketcap,"$9,310,000,000",$101.93,,12024.03,,,B.lion,,,,12026,phantasim,,,,,,,,,,
1961,12024,GitLab,XX-XY,,,GitLab,GTLB,,,,,,,,,,,,,United States,company.public,USD-marketcap,"$9,310,000,000",$58.75,,12024.03,,,B.lion,,,,12026,phantasim,,,,,,,,,,
1962,12024,Evonik Industries,XX-XY,,,Evonik Industries,EVK.DE,,,,,,,,,,,,,Germany,company.public,USD-marketcap,"$9,310,000,000",$19.98,,,,,B.lion,,,,12026,phantasim,,,,,,,,,,
1965,12024,Lufthansa,XX-XY,,,Lufthansa,LHA.DE,,,,,,,,,,,,,Germany,company.public,USD-marketcap,"$9,300,000,000",$7.77,,,,,B.lion,,,,12026,phantasim,,,,,,,,,,
1966,12024,ST Engineering,XX-XY,,,ST Engineering,S63.SI,,,,,,,,,,,,,Singapore,company.public,USD-marketcap,"$9,290,000,000",$2.98,,,,,B.lion,,,,12026,phantasim,,,,,,,,,,
1967,12024,Dino Polska,XX-XY,,,Dino Polska,DNP.WA,,,,,,,,,,,,,Poland,company.public,USD-marketcap,"$9,280,000,000",$94.74,,,,,B.lion,,,,12026,phantasim,,,,,,,,,,
1968,12024,Getlink,XX-XY,,,Getlink,GET.PA,,,,,,,,,,,,,France,company.public,USD-marketcap,"$9,280,000,000",$17.17,,,,,B.lion,,,,12026,phantasim,,,,,,,,,,
1969,12024,Sagax,XX-XY,,,Sagax,SAGA-B.ST,,,,,,,,,,,,,Sweden,company.public,USD-marketcap,"$9,280,000,000",$26.37,,,,,B.lion,,,,12026,phantasim,,,,,,,,,,
1970,12024,Eagle Materials,XX-XY,,,Eagle Materials,EXP,,,,,,,,,,,,,United States,company.public,USD-marketcap,"$9,270,000,000",$269.13,,12024.03,,,B.lion,,,,12026,phantasim,,,,,,,,,,
1971,12024,PhosAgro,XX-XY,,,PhosAgro,PHOR.ME,,,,,,,,,,,,,Russia,company.public,USD-marketcap,"$9,270,000,000",$71.65,,,,,B.lion,,,,12026,phantasim,,,,,,,,,,
1972,12024,Tōkyō Gas,XX-XY,,,Tōkyō Gas,9531.T,,,,,,,,,,,,,Japan,company.public,USD-marketcap,"$9,250,000,000",$23.20,,12024.03,,,B.lion,,,,12026,phantasim,,,,,,,,,,
1973,12024,Empresas Copec,XX-XY,,,Empresas Copec,COPEC.SN,,,,,,,,,,,,,Chile,company.public,USD-marketcap,"$9,250,000,000",$7.12,,,,,B.lion,,,,12026,phantasim,,,,,,,,,,
1974,12024,Mashreqbank,XX-XY,,,Mashreqbank,MASQ.AE,,,,,,,,,,,,,United Arab Emirates,company.public,USD-marketcap,"$9,230,000,000",$46.02,,,,,B.lion,,,,12026,phantasim,,,,,,,,,,
1975,12024,U.S. Steel,XX-XY,,,U.S. Steel,X,,,,,,,,,,,,,United States,company.public,USD-marketcap,"$9,220,000,000",$41.02,,12024.03,,,B.lion,,,,12026,phantasim,,,,,,,,,,
1976,12024,AngloGold Ashanti,XX-XY,,,AngloGold Ashanti,AU,,,,,,,,,,,,,South Africa,company.public,USD-marketcap,"$9,220,000,000",$21.99,,12024.03,,,B.lion,,,,12026,phantasim,,,,,,,,,,
1984,12024,Everbright Securities Company,XX-XY,,,Everbright Securities Company,6178.HK,,,,,,,,,,,,,Hong Kong,company.public,USD-marketcap,"$9,200,000,000",$0.66,,,,,B.lion,,,,12026,phantasim,,,,,,,,,,
1986,12024,Jones Lang LaSalle,XX-XY,,,Jones Lang LaSalle,JLL,,,,,,,,,,,,,United States,company.public,USD-marketcap,"$9,190,000,000",$193.88,,12024.03,,,B.lion,,,,12026,phantasim,,,,,,,,,,
1987,12024,Realtek,XX-XY,,,Realtek,2379.TW,,,,,,,,,,,,,Taiwan,company.public,USD-marketcap,"$9,190,000,000",$17.92,,,,,B.lion,,,,12026,phantasim,,,,,,,,,,
1988,12024,Far EasTone,XX-XY,,,Far EasTone,4904.TW,,,,,,,,,,,,,Taiwan,company.public,USD-marketcap,"$9,190,000,000",$2.55,,,,,B.lion,,,,12026,phantasim,,,,,,,,,,
1989,12024,Reddit,XX-XY,,,Reddit,RDDT,,,,,,,,,,,,,United States,company.public,USD-marketcap,"$9,180,000,000",$57.75,,12024.03,,,B.lion,,,,12026,phantasim,,,,,,,,,,
1990,12024,Sonic Healthcare,XX-XY,,,Sonic Healthcare,SHL.AX,,,,,,,,,,,,,Australia,company.public,USD-marketcap,"$9,180,000,000",$19.13,,,,,B.lion,,,,12026,phantasim,,,,,,,,,,
1991,12024,Ganfeng Lithium,XX-XY,,,Ganfeng Lithium,002460.SZ,,,,,,,,,,,,,China,company.public,USD-marketcap,"$9,180,000,000",$4.95,,,,,B.lion,,,,12026,phantasim,,,,,,,,,,
1992,12024,FinecoBank,XX-XY,,,FinecoBank,FBK.MI,,,,,,,,,,,,,Italy,company.public,USD-marketcap,"$9,170,000,000",$15.03,,,,,B.lion,,,,12026,phantasim,,,,,,,,,,
1993,12024,Indus Towers,XX-XY,,,Indus Towers,INDUSTOWER.NS,,,,,,,,,,,,,India,company.public,USD-marketcap,"$9,170,000,000",$3.41,,,,,B.lion,,,,12026,phantasim,,,,,,,,,,
1994,12024,Churchill Downs,XX-XY,,,Churchill Downs,CHDN,,,,,,,,,,,,,United States,company.public,USD-marketcap,"$9,150,000,000",$124.28,,12024.03,,,B.lion,,,,12026,phantasim,,,,,,,,,,
1995,12024,Wärtsilä,XX-XY,,,Wärtsilä,WRT1V.HE,,,,,,,,,,,,,Finland,company.public,USD-marketcap,"$9,140,000,000",$15.52,,,,,B.lion,,,,12026,phantasim,,,,,,,,,,
1996,12024,Ooredoo Qatar,XX-XY,,,Ooredoo Qatar,ORDS.QA,,,,,,,,,,,,,Qatar,company.public,USD-marketcap,"$9,130,000,000",$2.85,,,,,B.lion,,,,12026,phantasim,,,,,,,,,,
1997,12024,Unimicron,XX-XY,,,Unimicron,3037.TW,,,,,,,,,,,,,Taiwan,company.public,USD-marketcap,"$9,120,000,000",$5.99,,,,,B.lion,,,,12026,phantasim,,,,,,,,,,
1998,12024,CCL Industries,XX-XY,,,CCL Industries,CCL-B.TO,,,,,,,,,,,,,Canada,company.public,USD-marketcap,"$9,120,000,000",$51.22,,,,,B.lion,,,,12026,phantasim,,,,,,,,,,
1999,12024,United Utilities,XX-XY,,,United Utilities,UU.L,,,,,,,,,,,,,United Kingdom,company.public,USD-marketcap,"$9,100,000,000",$13.21,,12024.03,,,B.lion,,,,12026,phantasim,,,,,,,,,,
2000,12024,AGCO,XX-XY,,,AGCO,AGCO,,,,,,,,,,,,,United States,company.public,USD-marketcap,"$9,080,000,000",$121.72,,12024.03,,,B.lion,,,,12026,phantasim,,,,,,,,,,
2001,12024,Norwegian Cruise Line,XX-XY,,,Norwegian Cruise Line,NCLH,,,,,,,,,,,,,United States,company.public,USD-marketcap,"$9,080,000,000",$21.34,,12024.03,,,B.lion,,,,12026,phantasim,,,,,,,,,,
2002,12024,Yamaha Motor,XX-XY,,,Yamaha Motor,7272.T,,,,,,,,,,,,,Japan,company.public,USD-marketcap,"$9,080,000,000",$9.20,,12024.03,,,B.lion,,,,12026,phantasim,,,,,,,,,,
2003,12024,Fisher & Paykel Healthcare,XX-XY,,,Fisher & Paykel Healthcare,FPH.NZ,,,,,,,,,,,,,New Zealand,company.public,USD-marketcap,"$9,080,000,000",$15.56,,,,,B.lion,,,,12026,phantasim,,,,,,,,,,
2004,12024,Polycab India,XX-XY,,,Polycab India,POLYCAB.NS,,,,,,,,,,,,,India,company.public,USD-marketcap,"$9,080,000,000",$60.50,,,,,B.lion,,,,12026,phantasim,,,,,,,,,,
2005,12024,Emaar Development,XX-XY,,,Emaar Development,EMAARDEV.AE,,,,,,,,,,,,,United Arab Emirates,company.public,USD-marketcap,"$9,070,000,000",$2.27,,,,,B.lion,,,,12026,phantasim,,,,,,,,,,
2006,12024,Thai Beverage,XX-XY,,,Thai Beverage,TBVPF,,,,,,,,,,,,,Thailand,company.public,USD-marketcap,"$9,040,000,000",$0.36,,12024.03,,,B.lion,,,,12026,phantasim,,,,,,,,,,
2007,12024,Ascendas Reit,XX-XY,,,Ascendas Reit,A17U.SI,,,,,,,,,,,,,Singapore,company.public,USD-marketcap,"$9,030,000,000",$2.06,,,,,B.lion,,,,12026,phantasim,,,,,,,,,,
2008,12024,Donaldson,XX-XY,,,Donaldson,DCI,,,,,,,,,,,,,United States,company.public,USD-marketcap,"$9,010,000,000",$74.92,,12024.03,,,B.lion,,,,12026,phantasim,,,,,,,,,,
2014,12024,Hochtief,XX-XY,,,Hochtief,HOT.F,,,,,,,,,,,,,Germany,company.public,USD-marketcap,"$9,000,000,000",$119.69,,12024.03,,,B.lion,,,,12026,phantasim,,,,,,,,,,
2015,12024,Viking Therapeutics,XX-XY,,,Viking Therapeutics,VKTX,,,,,,,,,,,,,United States,company.public,USD-marketcap,"$8,990,000,000",$83.34,,12024.03,,,B.lion,,,,12026,phantasim,,,,,,,,,,
2016,12024,Pearson,XX-XY,,,Pearson,PSO,,,,,,,,,,,,,United Kingdom,company.public,USD-marketcap,"$8,980,000,000",$13.05,,12024.03,,,B.lion,,,,12026,phantasim,,,,,,,,,,
2017,12024,MTN Group,XX-XY,,,MTN Group,MTN.JO,,,,,,,,,,,,,South Africa,company.public,USD-marketcap,"$8,980,000,000",$4.97,,,,,B.lion,,,,12026,phantasim,,,,,,,,,,
2018,12024,SRF Limited,XX-XY,,,SRF Limited,SRF.NS,,,,,,,,,,,,,India,company.public,USD-marketcap,"$8,980,000,000",$30.29,,,,,B.lion,,,,12026,phantasim,,,,,,,,,,
2019,12024,Industrial Bank of Korea (IBK),XX-XY,,,Industrial Bank of Korea (IBK),024110.KS,,,,,,,,,,,,,South Korea,company.public,USD-marketcap,"$8,970,000,000",$10.96,,,,,B.lion,,,,12026,phantasim,,,,,,,,,,
2020,12024,GarantiBank,XX-XY,,,GarantiBank,GARAN.IS,,,,,,,,,,,,,Turkey,company.public,USD-marketcap,"$8,940,000,000",$2.13,,,,,B.lion,,,,12026,phantasim,,,,,,,,,,
2021,12024,Obayashi,XX-XY,,,Obayashi,1802.T,,,,,,,,,,,,,Japan,company.public,USD-marketcap,"$8,930,000,000",$12.45,,12024.03,,,B.lion,,,,12026,phantasim,,,,,,,,,,
2022,12024,Indian Railway Catering & Tourism,XX-XY,,,Indian Railway Catering & Tourism,IRCTC.NS,,,,,,,,,,,,,India,company.public,USD-marketcap,"$8,930,000,000",$11.17,,,,,B.lion,,,,12026,phantasim,,,,,,,,,,
2023,12024,Primerica,XX-XY,,,Primerica,PRI,,,,,,,,,,,,,United States,company.public,USD-marketcap,"$8,920,000,000",$256.18,,12024.03,,,B.lion,,,,12026,phantasim,,,,,,,,,,
2024,12024,Vipshop,XX-XY,,,Vipshop,VIPS,,,,,,,,,,,,,China,company.public,USD-marketcap,"$8,920,000,000",$16.46,,12024.03,,,B.lion,,,,12026,phantasim,,,,,,,,,,
2025,12024,Zoomlion,XX-XY,,,Zoomlion,1157.HK,,,,,,,,,,,,,China,company.public,USD-marketcap,"$8,920,000,000",$0.61,,,,,B.lion,,,,12026,phantasim,,,,,,,,,,
2026,12024,Jabal Omar Development,XX-XY,,,Jabal Omar Development,4250.SR,,,,,,,,,,,,,Saudi Arabia,company.public,USD-marketcap,"$8,910,000,000",$7.72,,,,,B.lion,,,,12026,phantasim,,,,,,,,,,
2030,12024,Graphic Packaging,XX-XY,,,Graphic Packaging,GPK,,,,,,,,,,,,,United States,company.public,USD-marketcap,"$8,900,000,000",$29.09,,12024.03,,,B.lion,,,,12026,phantasim,,,,,,,,,,
2031,12024,AppFolio,XX-XY,,,AppFolio,APPF,,,,,,,,,,,,,United States,company.public,USD-marketcap,"$8,880,000,000",$247.67,,12024.03,,,B.lion,,,,12026,phantasim,,,,,,,,,,
2032,12024,Türkiye Is Bankasi,XX-XY,,,Türkiye Is Bankasi,ISCTR.IS,,,,,,,,,,,,,Turkey,company.public,USD-marketcap,"$8,870,000,000",$0.34,,,,,B.lion,,,,12026,phantasim,,,,,,,,,,
2033,12024,Onto Innovation,XX-XY,,,Onto Innovation,ONTO,,,,,,,,,,,,,United States,company.public,USD-marketcap,"$8,860,000,000",$180.49,,12024.03,,,B.lion,,,,12026,phantasim,,,,,,,,,,
2034,12024,DWS Group,XX-XY,,,DWS Group,DWS.F,,,,,,,,,,,,,Germany,company.public,USD-marketcap,"$8,860,000,000",$44.35,,12024.03,,,B.lion,,,,12026,phantasim,,,,,,,,,,
2035,12024,Daifuku,XX-XY,,,Daifuku,6383.T,,,,,,,,,,,,,Japan,company.public,USD-marketcap,"$8,860,000,000",$23.91,,12024.03,,,B.lion,,,,12026,phantasim,,,,,,,,,,
2036,12024,MKS Instruments,XX-XY,,,MKS Instruments,MKSI,,,,,,,,,,,,,United States,company.public,USD-marketcap,"$8,840,000,000",$131.92,,12024.03,,,B.lion,,,,12026,phantasim,,,,,,,,,,
2037,12024,Houlihan Lokey,XX-XY,,,Houlihan Lokey,HLI,,,,,,,,,,,,,United States,company.public,USD-marketcap,"$8,830,000,000",$127.88,,12024.03,,,B.lion,,,,12026,phantasim,,,,,,,,,,
2038,12024,Birkenstock,XX-XY,,,Birkenstock,BIRK,,,,,,,,,,,,,Germany,company.public,USD-marketcap,"$8,830,000,000",$47.03,,12024.03,,,B.lion,,,,12026,phantasim,,,,,,,,,,
2039,12024,Tube Investments of India,XX-XY,,,Tube Investments of India,TIINDIA.NS,,,,,,,,,,,,,India,company.public,USD-marketcap,"$8,830,000,000",$45.70,,,,,B.lion,,,,12026,phantasim,,,,,,,,,,
2040,12024,Globant,XX-XY,,,Globant,GLOB,,,,,,,,,,,,,Luxembourg,company.public,USD-marketcap,"$8,820,000,000",$204.79,,12024.03,,,B.lion,,,,12026,phantasim,,,,,,,,,,
2041,12024,Hong Kong Telecom,XX-XY,,,Hong Kong Telecom,6823.HK,,,,,,,,,,,,,Hong Kong,company.public,USD-marketcap,"$8,810,000,000",$1.16,,,,,B.lion,,,,12026,phantasim,,,,,,,,,,
2049,12024,SharkNinja,XX-XY,,,SharkNinja,SN,,,,,,,,,,,,,United States,company.public,USD-marketcap,"$8,800,000,000",$62.94,,12024.03,,,B.lion,,,,12026,phantasim,,,,,,,,,,
2050,12024,Mitsubishi Chemical Holdings,XX-XY,,,Mitsubishi Chemical Holdings,4188.T,,,,,,,,,,,,,Japan,company.public,USD-marketcap,"$8,800,000,000",$6.19,,12024.03,,,B.lion,,,,12026,phantasim,,,,,,,,,,
2051,12024,Carsales,XX-XY,,,Carsales,CAR.AX,,,,,,,,,,,,,Australia,company.public,USD-marketcap,"$8,790,000,000",$23.33,,12024.03,,,B.lion,,,,12026,phantasim,,,,,,,,,,
2052,12024,Saudi Tadawul Group Holding Company,XX-XY,,,Saudi Tadawul Group Holding Company,1111.SR,,,,,,,,,,,,,Saudi Arabia,company.public,USD-marketcap,"$8,790,000,000",$73.26,,,,,B.lion,,,,12026,phantasim,,,,,,,,,,
2053,12024,Krafton,XX-XY,,,Krafton,259960.KS,,,,,,,,,,,,,South Korea,company.public,USD-marketcap,"$8,790,000,000",$190.40,,,,,B.lion,,,,12026,phantasim,,,,,,,,,,
2054,12024,Penumbra,XX-XY,,,Penumbra,PEN,,,,,,,,,,,,,United States,company.public,USD-marketcap,"$8,760,000,000",$226.38,,12024.03,,,B.lion,,,,12026,phantasim,,,,,,,,,,
2055,12024,Parsons,XX-XY,,,Parsons,PSN,,,,,,,,,,,,,United States,company.public,USD-marketcap,"$8,750,000,000",$82.68,,12024.03,,,B.lion,,,,12026,phantasim,,,,,,,,,,
2056,12024,WillScot,XX-XY,,,WillScot,WSC,,,,,,,,,,,,,United States,company.public,USD-marketcap,"$8,750,000,000",$46.10,,12024.03,,,B.lion,,,,12026,phantasim,,,,,,,,,,
2057,12024,Lupin Limited,XX-XY,,,Lupin Limited,LUPIN.NS,,,,,,,,,,,,,India,company.public,USD-marketcap,"$8,750,000,000",$19.21,,,,,B.lion,,,,12026,phantasim,,,,,,,,,,
2058,12024,First Quantum Minerals,XX-XY,,,First Quantum Minerals,FM.TO,,,,,,,,,,,,,Canada,company.public,USD-marketcap,"$8,740,000,000",$10.49,,12024.03,,,B.lion,,,,12026,phantasim,,,,,,,,,,
2059,12024,Roivant Sciences,XX-XY,,,Roivant Sciences,ROIV,,,,,,,,,,,,,United Kingdom,company.public,USD-marketcap,"$8,730,000,000",$10.84,,12024.03,,,B.lion,,,,12026,phantasim,,,,,,,,,,
2060,12024,SalMar ASA,XX-XY,,,SalMar ASA,SALM.OL,,,,,,,,,,,,,Norway,company.public,USD-marketcap,"$8,730,000,000",$66.38,,,,,B.lion,,,,12026,phantasim,,,,,,,,,,
2061,12024,ImmunoGen,XX-XY,,,ImmunoGen,IMGN,,,,,,,,,,,,,United States,company.public,USD-marketcap,"$8,720,000,000",$31.23,,12024.03,,,B.lion,,,,12026,phantasim,,,,,,,,,,
2062,12024,TIM S.A.,XX-XY,,,TIM S.A.,TIMB,,,,,,,,,,,,,Brazil,company.public,USD-marketcap,"$8,720,000,000",$18.03,,12024.03,,,B.lion,,,,12026,phantasim,,,,,,,,,,
2063,12024,Croda International,XX-XY,,,Croda International,CRDA.L,,,,,,,,,,,,,United Kingdom,company.public,USD-marketcap,"$8,720,000,000",$61.34,,,,,B.lion,,,,12026,phantasim,,,,,,,,,,
2064,12024,Sino Land,XX-XY,,,Sino Land,0083.HK,,,,,,,,,,,,,Hong Kong,company.public,USD-marketcap,"$8,720,000,000",$1.02,,,,,B.lion,,,,12026,phantasim,,,,,,,,,,
2065,12024,President Chain Store (PSCS),XX-XY,,,President Chain Store (PSCS),2912.TW,,,,,,,,,,,,,Taiwan,company.public,USD-marketcap,"$8,720,000,000",$8.40,,,,,B.lion,,,,12026,phantasim,,,,,,,,,,
2066,12024,Antero Resources,XX-XY,,,Antero Resources,AR,,,,,,,,,,,,,United States,company.public,USD-marketcap,"$8,710,000,000",$28.72,,12024.03,,,B.lion,,,,12026,phantasim,,,,,,,,,,
2067,12024,Webster Financial,XX-XY,,,Webster Financial,WBS,,,,,,,,,,,,,United States,company.public,USD-marketcap,"$8,710,000,000",$50.81,,12024.03,,,B.lion,,,,12026,phantasim,,,,,,,,,,
2068,12024,Mineral Resources,XX-XY,,,Mineral Resources,MIN.AX,,,,,,,,,,,,,Australia,company.public,USD-marketcap,"$8,710,000,000",$44.63,,,,,B.lion,,,,12026,phantasim,,,,,,,,,,
2071,12024,WESCO International,XX-XY,,,WESCO International,WCC,,,,,,,,,,,,,United States,company.public,USD-marketcap,"$8,700,000,000",$170.85,,12024.03,,,B.lion,,,,12026,phantasim,,,,,,,,,,
2072,12024,Swedish Orphan Biovitrum,XX-XY,,,Swedish Orphan Biovitrum,SOBI.ST,,,,,,,,,,,,,Sweden,company.public,USD-marketcap,"$8,700,000,000",$25.63,,,,,B.lion,,,,12026,phantasim,,,,,,,,,,
2074,12024,Trelleborg AB,XX-XY,,,Trelleborg AB,TREL-B.ST,,,,,,,,,,,,,Sweden,company.public,USD-marketcap,"$8,690,000,000",$36.16,,,,,B.lion,,,,12026,phantasim,,,,,,,,,,
2075,12024,C. H. Robinson,XX-XY,,,C. H. Robinson,CHRW,,,,,,,,,,,,,United States,company.public,USD-marketcap,"$8,680,000,000",$74.32,,12024.03,,,B.lion,,,,12026,phantasim,,,,,,,,,,
2076,12024,Centrica,XX-XY,,,Centrica,CNA.L,,,,,,,,,,,,,United Kingdom,company.public,USD-marketcap,"$8,680,000,000",$1.63,,12024.03,,,B.lion,,,,12026,phantasim,,,,,,,,,,
2077,12024,Colgate-Palmolive India,XX-XY,,,Colgate-Palmolive India,COLPAL.NS,,,,,,,,,,,,,India,company.public,USD-marketcap,"$8,680,000,000",$31.93,,,,,B.lion,,,,12026,phantasim,,,,,,,,,,
2078,12024,Murphy USA,XX-XY,,,Murphy USA,MUSA,,,,,,,,,,,,,United States,company.public,USD-marketcap,"$8,670,000,000",$417.06,,12024.03,,,B.lion,,,,12026,phantasim,,,,,,,,,,
2079,12024,South32,XX-XY,,,South32,S32.AX,,,,,,,,,,,,,Australia,company.public,USD-marketcap,"$8,670,000,000",$1.91,,,,,B.lion,,,,12026,phantasim,,,,,,,,,,
2080,12024,Azrieli Group,XX-XY,,,Azrieli Group,AZRG.TA,,,,,,,,,,,,,Israel,company.public,USD-marketcap,"$8,670,000,000",$71.49,,,,,B.lion,,,,12026,phantasim,,,,,,,,,,
2081,12024,Stevanato,XX-XY,,,Stevanato,STVN,,,,,,,,,,,,,Italy,company.public,USD-marketcap,"$8,660,000,000",$31.87,,12024.03,,,B.lion,,,,12026,phantasim,,,,,,,,,,
2082,12024,Knight-Swift,XX-XY,,,Knight-Swift,KNX,,,,,,,,,,,,,United States,company.public,USD-marketcap,"$8,650,000,000",$53.60,,12024.03,,,B.lion,,,,12026,phantasim,,,,,,,,,,
2083,12024,Crocs,XX-XY,,,Crocs,CROX,,,,,,,,,,,,,United States,company.public,USD-marketcap,"$8,650,000,000",$143.02,,12024.03,,,B.lion,,,,12026,phantasim,,,,,,,,,,
2084,12024,Ayala Land,XX-XY,,,Ayala Land,AYAAF,,,,,,,,,,,,,Philippines,company.public,USD-marketcap,"$8,650,000,000",$0.58,,12024.03,,,B.lion,,,,12026,phantasim,,,,,,,,,,
2085,12024,Nissin Foods,XX-XY,,,Nissin Foods,2897.T,,,,,,,,,,,,,Japan,company.public,USD-marketcap,"$8,640,000,000",$28.42,,12024.03,,,B.lion,,,,12026,phantasim,,,,,,,,,,
2086,12024,WH Group,XX-XY,,,WH Group,0288.HK,,,,,,,,,,,,,Hong Kong,company.public,USD-marketcap,"$8,640,000,000",$0.67,,,,,B.lion,,,,12026,phantasim,,,,,,,,,,
2087,12024,Simpson Manufacturing Company,XX-XY,,,Simpson Manufacturing Company,SSD,,,,,,,,,,,,,United States,company.public,USD-marketcap,"$8,610,000,000",$202.91,,12024.03,,,B.lion,,,,12026,phantasim,,,,,,,,,,
2088,12024,ASICS Corporation,XX-XY,,,ASICS Corporation,7936.T,,,,,,,,,,,,,Japan,company.public,USD-marketcap,"$8,610,000,000",$47.30,,12024.03,,,B.lion,,,,12026,phantasim,,,,,,,,,,
2096,12024,Mengniu Dairy,XX-XY,,,Mengniu Dairy,2319.HK,,,,,,,,,,,,,China,company.public,USD-marketcap,"$8,590,000,000",$2.18,,,,,B.lion,,,,12026,phantasim,,,,,,,,,,
2097,12024,SK Innovation,XX-XY,,,SK Innovation,096775.KS,,,,,,,,,,,,,South Korea,company.public,USD-marketcap,"$8,580,000,000",$61.94,,,,,B.lion,,,,12026,phantasim,,,,,,,,,,
2098,12024,Fastighets AB Balder,XX-XY,,,Fastighets AB Balder,BALD-B.ST,,,,,,,,,,,,,Sweden,company.public,USD-marketcap,"$8,580,000,000",$7.32,,,,,B.lion,,,,12026,phantasim,,,,,,,,,,
2099,12024,Allegro.eu,XX-XY,,,Allegro.eu,ALE.WA,,,,,,,,,,,,,Poland,company.public,USD-marketcap,"$8,570,000,000",$8.13,,12024.03,,,B.lion,,,,12026,phantasim,,,,,,,,,,
2100,12024,Middleby,XX-XY,,,Middleby,MIDD,,,,,,,,,,,,,United States,company.public,USD-marketcap,"$8,550,000,000",$159.53,,12024.03,,,B.lion,,,,12026,phantasim,,,,,,,,,,
2101,12024,Siam Cement,XX-XY,,,Siam Cement,SCC.BK,,,,,,,,,,,,,Thailand,company.public,USD-marketcap,"$8,550,000,000",$7.13,,,,,B.lion,,,,12026,phantasim,,,,,,,,,,
2102,12024,EastGroup Properties,XX-XY,,,EastGroup Properties,EGP,,,,,,,,,,,,,United States,company.public,USD-marketcap,"$8,540,000,000",$178.10,,12024.03,,,B.lion,,,,12026,phantasim,,,,,,,,,,
2103,12024,ageas,XX-XY,,,ageas,AGS.BR,,,,,,,,,,,,,Belgium,company.public,USD-marketcap,"$8,540,000,000",$46.53,,12024.03,,,B.lion,,,,12026,phantasim,,,,,,,,,,
2104,12024,China Oilfield Services,XX-XY,,,China Oilfield Services,2883.HK,,,,,,,,,,,,,China,company.public,USD-marketcap,"$8,540,000,000",$1.11,,,,,B.lion,,,,12026,phantasim,,,,,,,,,,
2105,12024,(HLBank) Hong Leong Bank,XX-XY,,,(HLBank) Hong Leong Bank,5819.KL,,,,,,,,,,,,,Malaysia,company.public,USD-marketcap,"$8,540,000,000",$4.09,,,,,B.lion,,,,12026,phantasim,,,,,,,,,,
2106,12024,Magnit,XX-XY,,,Magnit,MGNT.ME,,,,,,,,,,,,,Russia,company.public,USD-marketcap,"$8,540,000,000",$82.87,,,,,B.lion,,,,12026,phantasim,,,,,,,,,,
2107,12024,KBR,XX-XY,,,KBR,KBR,,,,,,,,,,,,,United States,company.public,USD-marketcap,"$8,520,000,000",$63.13,,12024.03,,,B.lion,,,,12026,phantasim,,,,,,,,,,
2108,12024,Shimadzu,XX-XY,,,Shimadzu,7701.T,,,,,,,,,,,,,Japan,company.public,USD-marketcap,"$8,510,000,000",$28.80,,12024.03,,,B.lion,,,,12026,phantasim,,,,,,,,,,
2112,12024,First Horizon National,XX-XY,,,First Horizon National,FHN,,,,,,,,,,,,,United States,company.public,USD-marketcap,"$8,500,000,000",$15.32,,12024.03,,,B.lion,,,,12026,phantasim,,,,,,,,,,
2113,12024,Becle,XX-XY,,,Becle,CUERVO.MX,,,,,,,,,,,,,Mexico,company.public,USD-marketcap,"$8,500,000,000",$2.37,,,,,B.lion,,,,12026,phantasim,,,,,,,,,,
2114,12024,Old Republic International,XX-XY,,,Old Republic International,ORI,,,,,,,,,,,,,United States,company.public,USD-marketcap,"$8,490,000,000",$30.55,,12024.03,,,B.lion,,,,12026,phantasim,,,,,,,,,,
2115,12024,Federal Realty Investment Trust,XX-XY,,,Federal Realty Investment Trust,FRT,,,,,,,,,,,,,United States,company.public,USD-marketcap,"$8,480,000,000",$101.54,,12024.03,,,B.lion,,,,12026,phantasim,,,,,,,,,,
2116,12024,Info Edge,XX-XY,,,Info Edge,NAUKRI.NS,,,,,,,,,,,,,India,company.public,USD-marketcap,"$8,480,000,000",$65.75,,,,,B.lion,,,,12026,phantasim,,,,,,,,,,
2117,12024,CTS Eventim,XX-XY,,,CTS Eventim,EVD.F,,,,,,,,,,,,,Germany,company.public,USD-marketcap,"$8,470,000,000",$88.28,,12024.03,,,B.lion,,,,12026,phantasim,,,,,,,,,,
2118,12024,CACI,XX-XY,,,CACI,CACI,,,,,,,,,,,,,United States,company.public,USD-marketcap,"$8,440,000,000",$378.89,,12024.03,,,B.lion,,,,12026,phantasim,,,,,,,,,,
2119,12024,Coherent,XX-XY,,,Coherent,COHR,,,,,,,,,,,,,United States,company.public,USD-marketcap,"$8,440,000,000",$60.88,,12024.03,,,B.lion,,,,12026,phantasim,,,,,,,,,,
2120,12024,Ebara Corporation,XX-XY,,,Ebara Corporation,6361.T,,,,,,,,,,,,,Japan,company.public,USD-marketcap,"$8,430,000,000",$91.35,,12024.03,,,B.lion,,,,12026,phantasim,,,,,,,,,,
2121,12024,Ramsay Health Care,XX-XY,,,Ramsay Health Care,RHC.AX,,,,,,,,,,,,,Australia,company.public,USD-marketcap,"$8,430,000,000",$36.77,,,,,B.lion,,,,12026,phantasim,,,,,,,,,,
2122,12024,Weatherford International,XX-XY,,,Weatherford International,WFRD,,,,,,,,,,,,,United States,company.public,USD-marketcap,"$8,420,000,000",$116.49,,12024.03,,,B.lion,,,,12026,phantasim,,,,,,,,,,
2123,12024,Banco Sabadell,XX-XY,,,Banco Sabadell,SAB.MC,,,,,,,,,,,,,Spain,company.public,USD-marketcap,"$8,420,000,000",$1.56,,,,,B.lion,,,,12026,phantasim,,,,,,,,,,
2124,12024,Bancolombia,XX-XY,,,Bancolombia,CIB,,,,,,,,,,,,,Colombia,company.public,USD-marketcap,"$8,410,000,000",$34.98,,12024.03,,,B.lion,,,,12026,phantasim,,,,,,,,,,
2125,12024,Aramark,XX-XY,,,Aramark,ARMK,,,,,,,,,,,,,United States,company.public,USD-marketcap,"$8,410,000,000",$32.06,,12024.03,,,B.lion,,,,12026,phantasim,,,,,,,,,,
2130,12024,Dropbox,XX-XY,,,Dropbox,DBX,,,,,,,,,,,,,United States,company.public,USD-marketcap,"$8,400,000,000",$24.44,,12024.03,,,B.lion,,,,12026,phantasim,,,,,,,,,,
2131,12024,SK Telecom,XX-XY,,,SK Telecom,SKM,,,,,,,,,,,,,South Korea,company.public,USD-marketcap,"$8,400,000,000",$21.72,,12024.03,,,B.lion,,,,12026,phantasim,,,,,,,,,,
2132,12024,Ascendis Pharma,XX-XY,,,Ascendis Pharma,ASND,,,,,,,,,,,,,Denmark,company.public,USD-marketcap,"$8,400,000,000",$148.44,,12024.03,,,B.lion,,,,12026,phantasim,,,,,,,,,,
2133,12024,Gentex,XX-XY,,,Gentex,GNTX,,,,,,,,,,,,,United States,company.public,USD-marketcap,"$8,400,000,000",$36.31,,12024.03,,,B.lion,,,,12026,phantasim,,,,,,,,,,
2134,12024,Japan Airlines,XX-XY,,,Japan Airlines,9201.T,,,,,,,,,,,,,Japan,company.public,USD-marketcap,"$8,400,000,000",$19.24,,12024.03,,,B.lion,,,,12026,phantasim,,,,,,,,,,
2135,12024,Nextracker,XX-XY,,,Nextracker,NXT,,,,,,,,,,,,,United States,company.public,USD-marketcap,"$8,390,000,000",$58.02,,12024.03,,,B.lion,,,,12026,phantasim,,,,,,,,,,
2136,12024,Pinnacle West Capital,XX-XY,,,Pinnacle West Capital,PNW,,,,,,,,,,,,,United States,company.public,USD-marketcap,"$8,390,000,000",$74.03,,12024.03,,,B.lion,,,,12026,phantasim,,,,,,,,,,
2137,12024,SIG Combibloc,XX-XY,,,SIG Combibloc,SIGN.SW,,,,,,,,,,,,,Switzerland,company.public,USD-marketcap,"$8,390,000,000",$21.95,,,,,B.lion,,,,12026,phantasim,,,,,,,,,,
2138,12024,Hikari Tsushin,XX-XY,,,Hikari Tsushin,9435.T,,,,,,,,,,,,,Japan,company.public,USD-marketcap,"$8,380,000,000",$189.86,,12024.03,,,B.lion,,,,12026,phantasim,,,,,,,,,,
2139,12024,ENN Energy,XX-XY,,,ENN Energy,2688.HK,,,,,,,,,,,,,China,company.public,USD-marketcap,"$8,380,000,000",$7.41,,,,,B.lion,,,,12026,phantasim,,,,,,,,,,
2140,12024,Nexi,XX-XY,,,Nexi,NEXI.MI,,,,,,,,,,,,,Italy,company.public,USD-marketcap,"$8,380,000,000",$6.39,,,,,B.lion,,,,12026,phantasim,,,,,,,,,,
2141,12024,Sinopac Financial Holdings,XX-XY,,,Sinopac Financial Holdings,2890.TW,,,,,,,,,,,,,Taiwan,company.public,USD-marketcap,"$8,370,000,000",$0.67,,,,,B.lion,,,,12026,phantasim,,,,,,,,,,
2142,12024,Vail Resorts,XX-XY,,,Vail Resorts,MTN,,,,,,,,,,,,,United States,company.public,USD-marketcap,"$8,360,000,000",$220.18,,12024.03,,,B.lion,,,,12026,phantasim,,,,,,,,,,
2143,12024,Lithia Motors,XX-XY,,,Lithia Motors,LAD,,,,,,,,,,,,,United States,company.public,USD-marketcap,"$8,350,000,000",$303.39,,12024.03,,,B.lion,,,,12026,phantasim,,,,,,,,,,
2144,12024,Hanwha Aerospace,XX-XY,,,Hanwha Aerospace,012450.KS,,,,,,,,,,,,,South Korea,company.public,USD-marketcap,"$8,350,000,000",$165.21,,,,,B.lion,,,,12026,phantasim,,,,,,,,,,
2145,12024,Rumo,XX-XY,,,Rumo,RAIL3.SA,,,,,,,,,,,,,Brazil,company.public,USD-marketcap,"$8,340,000,000",$4.51,,,,,B.lion,,,,12026,phantasim,,,,,,,,,,
2146,12024,Vår Energi,XX-XY,,,Vår Energi,VAR.OL,,,,,,,,,,,,,Norway,company.public,USD-marketcap,"$8,320,000,000",$3.31,,,,,B.lion,,,,12026,phantasim,,,,,,,,,,
2147,12024,Phillips-Van Heusen,XX-XY,,,Phillips-Van Heusen,PVH,,,,,,,,,,,,,United States,company.public,USD-marketcap,"$8,310,000,000",$139.40,,12024.03,,,B.lion,,,,12026,phantasim,,,,,,,,,,
2148,12024,Range Resources,XX-XY,,,Range Resources,RRC,,,,,,,,,,,,,United States,company.public,USD-marketcap,"$8,310,000,000",$34.35,,12024.03,,,B.lion,,,,12026,phantasim,,,,,,,,,,
2149,12024,Amplifon,XX-XY,,,Amplifon,AMP.MI,,,,,,,,,,,,,Italy,company.public,USD-marketcap,"$8,310,000,000",$36.88,,12024.03,,,B.lion,,,,12026,phantasim,,,,,,,,,,
2154,12024,Saputo,XX-XY,,,Saputo,SAP.TO,,,,,,,,,,,,,Canada,company.public,USD-marketcap,"$8,290,000,000",$19.57,,,,,B.lion,,,,12026,phantasim,,,,,,,,,,
2155,12024,Doosan Enerbility,XX-XY,,,Doosan Enerbility,034020.KS,,,,,,,,,,,,,South Korea,company.public,USD-marketcap,"$8,290,000,000",$12.95,,,,,B.lion,,,,12026,phantasim,,,,,,,,,,
2156,12024,Woori Financial Group,XX-XY,,,Woori Financial Group,WF,,,,,,,,,,,,,South Korea,company.public,USD-marketcap,"$8,280,000,000",$33.46,,12024.03,,,B.lion,,,,12026,phantasim,,,,,,,,,,
2157,12024,SiteOne Landscape Supply,XX-XY,,,SiteOne Landscape Supply,SITE,,,,,,,,,,,,,United States,company.public,USD-marketcap,"$8,280,000,000",$183.60,,12024.03,,,B.lion,,,,12026,phantasim,,,,,,,,,,
2158,12024,Southwestern Energy,XX-XY,,,Southwestern Energy,SWN,,,,,,,,,,,,,United States,company.public,USD-marketcap,"$8,270,000,000",$7.51,,12024.03,,,B.lion,,,,12026,phantasim,,,,,,,,,,
2159,12024,Lear Corporation,XX-XY,,,Lear Corporation,LEA,,,,,,,,,,,,,United States,company.public,USD-marketcap,"$8,260,000,000",$144.85,,12024.03,,,B.lion,,,,12026,phantasim,,,,,,,,,,
2160,12024,Acuity Brands,XX-XY,,,Acuity Brands,AYI,,,,,,,,,,,,,United States,company.public,USD-marketcap,"$8,240,000,000",$267.59,,12024.03,,,B.lion,,,,12026,phantasim,,,,,,,,,,
2161,12024,MarketAxess,XX-XY,,,MarketAxess,MKTX,,,,,,,,,,,,,United States,company.public,USD-marketcap,"$8,240,000,000",$217.75,,12024.03,,,B.lion,,,,12026,phantasim,,,,,,,,,,
2162,12024,ASX,XX-XY,,,ASX,ASX.AX,,,,,,,,,,,,,Australia,company.public,USD-marketcap,"$8,240,000,000",$42.61,,12024.03,,,B.lion,,,,12026,phantasim,,,,,,,,,,
2163,12024,Elia Group,XX-XY,,,Elia Group,ELI.BR,,,,,,,,,,,,,Belgium,company.public,USD-marketcap,"$8,240,000,000",$108.32,,,,,B.lion,,,,12026,phantasim,,,,,,,,,,
2164,12024,Banca Mediolanum,XX-XY,,,Banca Mediolanum,BMED.MI,,,,,,,,,,,,,Italy,company.public,USD-marketcap,"$8,240,000,000",$11.10,,,,,B.lion,,,,12026,phantasim,,,,,,,,,,
2165,12024,Deutsche Wohnen,XX-XY,,,Deutsche Wohnen,DWNI.DE,,,,,,,,,,,,,Germany,company.public,USD-marketcap,"$8,240,000,000",$20.78,,,,,B.lion,,,,12026,phantasim,,,,,,,,,,
2166,12024,Ternium,XX-XY,,,Ternium,TX,,,,,,,,,,,,,Luxembourg,company.public,USD-marketcap,"$8,220,000,000",$41.89,,12024.03,,,B.lion,,,,12026,phantasim,,,,,,,,,,
2167,12024,Robert Half,XX-XY,,,Robert Half,RHI,,,,,,,,,,,,,United States,company.public,USD-marketcap,"$8,220,000,000",$78.18,,12024.03,,,B.lion,,,,12026,phantasim,,,,,,,,,,
2168,12024,Mohawk Industries,XX-XY,,,Mohawk Industries,MHK,,,,,,,,,,,,,United States,company.public,USD-marketcap,"$8,210,000,000",$128.92,,12024.03,,,B.lion,,,,12026,phantasim,,,,,,,,,,
2169,12024,UnipolSai Assicurazioni,XX-XY,,,UnipolSai Assicurazioni,US.MI,,,,,,,,,,,,,Italy,company.public,USD-marketcap,"$8,210,000,000",$2.90,,12024.03,,,B.lion,,,,12026,phantasim,,,,,,,,,,
2170,12024,Bid Corp,XX-XY,,,Bid Corp,BID.JO,,,,,,,,,,,,,South Africa,company.public,USD-marketcap,"$8,210,000,000",$24.56,,12024.03,,,B.lion,,,,12026,phantasim,,,,,,,,,,
2171,12024,Torrent Power,XX-XY,,,Torrent Power,TORNTPOWER.NS,,,,,,,,,,,,,India,company.public,USD-marketcap,"$8,210,000,000",$17.05,,,,,B.lion,,,,12026,phantasim,,,,,,,,,,
2180,12024,Pilgrim's Pride,XX-XY,,,Pilgrim's Pride,PPC,,,,,,,,,,,,,United States,company.public,USD-marketcap,"$8,190,000,000",$34.59,,12024.03,,,B.lion,,,,12026,phantasim,,,,,,,,,,
2181,12024,Pegatron,XX-XY,,,Pegatron,4938.TW,,,,,,,,,,,,,Taiwan,company.public,USD-marketcap,"$8,190,000,000",$3.08,,,,,B.lion,,,,12026,phantasim,,,,,,,,,,
2182,12024,Capcom,XX-XY,,,Capcom,9697.T,,,,,,,,,,,,,Japan,company.public,USD-marketcap,"$8,180,000,000",$39.16,,12024.03,,,B.lion,,,,12026,phantasim,,,,,,,,,,
2183,12024,Grupo Aeroportuario del Pacífico,XX-XY,,,Grupo Aeroportuario del Pacífico,PAC,,,,,,,,,,,,,Mexico,company.public,USD-marketcap,"$8,170,000,000",$161.75,,12024.03,,,B.lion,,,,12026,phantasim,,,,,,,,,,
2184,12024,SG Holdings,XX-XY,,,SG Holdings,9143.T,,,,,,,,,,,,,Japan,company.public,USD-marketcap,"$8,140,000,000",$13.03,,12024.03,,,B.lion,,,,12026,phantasim,,,,,,,,,,
2185,12024,Sainsbury's,XX-XY,,,Sainsbury's,SBRY.L,,,,,,,,,,,,,United Kingdom,company.public,USD-marketcap,"$8,140,000,000",$3.44,,,,,B.lion,,,,12026,phantasim,,,,,,,,,,
2186,12024,Hainan Airlines,XX-XY,,,Hainan Airlines,900945.SS,,,,,,,,,,,,,China,company.public,USD-marketcap,"$8,140,000,000",$0.19,,,,,B.lion,,,,12026,phantasim,,,,,,,,,,
2187,12024,Wayfair,XX-XY,,,Wayfair,W,,,,,,,,,,,,,United States,company.public,USD-marketcap,"$8,130,000,000",$67.59,,12024.03,,,B.lion,,,,12026,phantasim,,,,,,,,,,
2188,12024,Liberty Broadband,XX-XY,,,Liberty Broadband,LBRDA,,,,,,,,,,,,,United States,company.public,USD-marketcap,"$8,130,000,000",$56.80,,12024.03,,,B.lion,,,,12026,phantasim,,,,,,,,,,
2189,12024,Sinopharm,XX-XY,,,Sinopharm,1099.HK,,,,,,,,,,,,,China,company.public,USD-marketcap,"$8,130,000,000",$2.61,,,,,B.lion,,,,12026,phantasim,,,,,,,,,,
2190,12024,ADNOC Logistics & Services,XX-XY,,,ADNOC Logistics & Services,ADNOCLS.AE,,,,,,,,,,,,,United Arab Emirates,company.public,USD-marketcap,"$8,130,000,000",$1.10,,,,,B.lion,,,,12026,phantasim,,,,,,,,,,
2191,12024,Accton Technology,XX-XY,,,Accton Technology,2345.TW,,,,,,,,,,,,,Taiwan,company.public,USD-marketcap,"$8,120,000,000",$14.17,,,,,B.lion,,,,12026,phantasim,,,,,,,,,,
2192,12024,CPFL Energia,XX-XY,,,CPFL Energia,CPFE3.SA,,,,,,,,,,,,,Brazil,company.public,USD-marketcap,"$8,120,000,000",$7.05,,,,,B.lion,,,,12026,phantasim,,,,,,,,,,
2193,12024,Amer Sports,XX-XY,,,Amer Sports,AS,,,,,,,,,,,,,Finland,company.public,USD-marketcap,"$8,110,000,000",$16.06,,12024.03,,,B.lion,,,,12026,phantasim,,,,,,,,,,
2194,12024,Hess Midstream,XX-XY,,,Hess Midstream,HESM,,,,,,,,,,,,,United States,company.public,USD-marketcap,"$8,110,000,000",$35.83,,12024.03,,,B.lion,,,,12026,phantasim,,,,,,,,,,
2195,12024,PMetal (Press Metal Aluminium),XX-XY,,,PMetal (Press Metal Aluminium),8869.KL,,,,,,,,,,,,,Malaysia,company.public,USD-marketcap,"$8,110,000,000",$0.99,,,,,B.lion,,,,12026,phantasim,,,,,,,,,,
2196,12024,Kasikornbank,XX-XY,,,Kasikornbank,KBANK.BK,,,,,,,,,,,,,Thailand,company.public,USD-marketcap,"$8,110,000,000",$3.43,,,,,B.lion,,,,12026,phantasim,,,,,,,,,,
2202,12024,Oshkosh Corporation,XX-XY,,,Oshkosh Corporation,OSK,,,,,,,,,,,,,United States,company.public,USD-marketcap,"$8,100,000,000",$123.55,,12024.03,,,B.lion,,,,12026,phantasim,,,,,,,,,,
2203,12024,Yara International,XX-XY,,,Yara International,YAR.OL,,,,,,,,,,,,,Norway,company.public,USD-marketcap,"$8,100,000,000",$31.82,,,,,B.lion,,,,12026,phantasim,,,,,,,,,,
2204,12024,Orient Overseas Container Line,XX-XY,,,Orient Overseas Container Line,0316.HK,,,,,,,,,,,,,Hong Kong,company.public,USD-marketcap,"$8,090,000,000",$12.26,,,,,B.lion,,,,12026,phantasim,,,,,,,,,,
2205,12024,Indofood CBP,XX-XY,,,Indofood CBP,ICBP.JK,,,,,,,,,,,,,Indonesia,company.public,USD-marketcap,"$8,090,000,000",$0.69,,,,,B.lion,,,,12026,phantasim,,,,,,,,,,
2206,12024,Indian Bank,XX-XY,,,Indian Bank,INDIANB.NS,,,,,,,,,,,,,India,company.public,USD-marketcap,"$8,080,000,000",$6.00,,,,,B.lion,,,,12026,phantasim,,,,,,,,,,
2207,12024,Edison,XX-XY,,,Edison,EDNR.MI,,,,,,,,,,,,,Italy,company.public,USD-marketcap,"$8,070,000,000",$1.72,,,,,B.lion,,,,12026,phantasim,,,,,,,,,,
2208,12024,MBME GROUP,XX-XY,,,MBME GROUP,MBME.AE,,,,,,,,,,,,,United Arab Emirates,company.public,USD-marketcap,"$8,070,000,000",$3.23,,,,,B.lion,,,,12026,phantasim,,,,,,,,,,
2209,12024,InPost,XX-XY,,,InPost,INPST.AS,,,,,,,,,,,,,Luxembourg,company.public,USD-marketcap,"$8,070,000,000",$16.16,,,,,B.lion,,,,12026,phantasim,,,,,,,,,,
2210,12024,BKW AG,XX-XY,,,BKW AG,BKW.SW,,,,,,,,,,,,,Switzerland,company.public,USD-marketcap,"$8,060,000,000",$152.88,,12024.03,,,B.lion,,,,12026,phantasim,,,,,,,,,,
2211,12024,Etsy,XX-XY,,,Etsy,ETSY,,,,,,,,,,,,,United States,company.public,USD-marketcap,"$8,050,000,000",$67.99,,12024.03,,,B.lion,,,,12026,phantasim,,,,,,,,,,
2212,12024,Sumitomo Metal Mining,XX-XY,,,Sumitomo Metal Mining,5713.T,,,,,,,,,,,,,Japan,company.public,USD-marketcap,"$8,050,000,000",$29.32,,12024.03,,,B.lion,,,,12026,phantasim,,,,,,,,,,
2213,12024,Amkor Technology,XX-XY,,,Amkor Technology,AMKR,,,,,,,,,,,,,United States,company.public,USD-marketcap,"$8,040,000,000",$32.73,,12024.03,,,B.lion,,,,12026,phantasim,,,,,,,,,,
2214,12024,Paramount Global,XX-XY,,,Paramount Global,PARA,,,,,,,,,,,,,United States,company.public,USD-marketcap,"$8,040,000,000",$11.70,,12024.03,,,B.lion,,,,12026,phantasim,,,,,,,,,,
2215,12024,Rexel,XX-XY,,,Rexel,RXL.PA,,,,,,,,,,,,,France,company.public,USD-marketcap,"$8,040,000,000",$27.06,,,,,B.lion,,,,12026,phantasim,,,,,,,,,,
2216,12024,Abu Dhabi Ports,XX-XY,,,Abu Dhabi Ports,ADPORTS.AE,,,,,,,,,,,,,United Arab Emirates,company.public,USD-marketcap,"$8,020,000,000",$1.58,,,,,B.lion,,,,12026,phantasim,,,,,,,,,,
2217,12024,Hindustan Petroleum,XX-XY,,,Hindustan Petroleum,HINDPETRO.NS,,,,,,,,,,,,,India,company.public,USD-marketcap,"$8,020,000,000",$5.66,,,,,B.lion,,,,12026,phantasim,,,,,,,,,,
2218,12024,BorgWarner,XX-XY,,,BorgWarner,BWA,,,,,,,,,,,,,United States,company.public,USD-marketcap,"$8,010,000,000",$34.70,,12024.03,,,B.lion,,,,12026,phantasim,,,,,,,,,,
2219,12024,Vodafone Idea,XX-XY,,,Vodafone Idea,IDEA.NS,,,,,,,,,,,,,India,company.public,USD-marketcap,"$8,010,000,000",$0.16,,,,,B.lion,,,,12026,phantasim,,,,,,,,,,
2220,12024,Samsung Electro-Mechanics,XX-XY,,,Samsung Electro-Mechanics,009155.KS,,,,,,,,,,,,,South Korea,company.public,USD-marketcap,"$8,010,000,000",$54.45,,,,,B.lion,,,,12026,phantasim,,,,,,,,,,
2229,12024,Toppan,XX-XY,,,Toppan,7911.T,,,,,,,,,,,,,Japan,company.public,USD-marketcap,"$7,990,000,000",$25.28,,12024.03,,,B.lion,,,,12026,phantasim,,,,,,,,,,
2230,12024,Yes Bank,XX-XY,,,Yes Bank,YESBANK.NS,,,,,,,,,,,,,India,company.public,USD-marketcap,"$7,990,000,000",$0.28,,,,,B.lion,,,,12026,phantasim,,,,,,,,,,
2231,12024,Dolby,XX-XY,,,Dolby,DLB,,,,,,,,,,,,,United States,company.public,USD-marketcap,"$7,980,000,000",$83.57,,12024.03,,,B.lion,,,,12026,phantasim,,,,,,,,,,
2232,12024,Elanco,XX-XY,,,Elanco,ELAN,,,,,,,,,,,,,United States,company.public,USD-marketcap,"$7,970,000,000",$16.17,,12024.03,,,B.lion,,,,12026,phantasim,,,,,,,,,,
2233,12024,Genting Singapore,XX-XY,,,Genting Singapore,G13.SI,,,,,,,,,,,,,Singapore,company.public,USD-marketcap,"$7,970,000,000",$0.66,,,,,B.lion,,,,12026,phantasim,,,,,,,,,,
2234,12024,Kanzhun,XX-XY,,,Kanzhun,BZ,,,,,,,,,,,,,China,company.public,USD-marketcap,"$7,960,000,000",$18.30,,12024.03,,,B.lion,,,,12026,phantasim,,,,,,,,,,
2235,12024,Universal Display Corporation,XX-XY,,,Universal Display Corporation,OLED,,,,,,,,,,,,,United States,company.public,USD-marketcap,"$7,940,000,000",$167.75,,12024.03,,,B.lion,,,,12026,phantasim,,,,,,,,,,
2236,12024,MinebeaMitsumi,XX-XY,,,MinebeaMitsumi,6479.T,,,,,,,,,,,,,Japan,company.public,USD-marketcap,"$7,940,000,000",$19.64,,12024.03,,,B.lion,,,,12026,phantasim,,,,,,,,,,
2237,12024,CTP N.V.,XX-XY,,,CTP N.V.,CTPNV.AS,,,,,,,,,,,,,Netherlands,company.public,USD-marketcap,"$7,940,000,000",$17.68,,,,,B.lion,,,,12026,phantasim,,,,,,,,,,
2238,12024,Boubyan Bank,XX-XY,,,Boubyan Bank,BOUBYAN.KW,,,,,,,,,,,,,Kuwait,company.public,USD-marketcap,"$7,940,000,000","$2,004.00",,,,,B.lion,,,,12026,phantasim,,,,,,,,,,
2239,12024,Berger Paints,XX-XY,,,Berger Paints,BERGEPAINT.NS,,,,,,,,,,,,,India,company.public,USD-marketcap,"$7,940,000,000",$6.81,,,,,B.lion,,,,12026,phantasim,,,,,,,,,,
2240,12024,Celulosa Argentina,XX-XY,,,Celulosa Argentina,CELU.BA,,,,,,,,,,,,,Argentina,company.public,USD-marketcap,"$7,930,000,000",$0.79,,,,,B.lion,,,,12026,phantasim,,,,,,,,,,
2241,12024,RBC Bearings,XX-XY,,,RBC Bearings,RBC,,,,,,,,,,,,,United States,company.public,USD-marketcap,"$7,920,000,000",$271.74,,12024.03,,,B.lion,,,,12026,phantasim,,,,,,,,,,
2242,12024,Arkema,XX-XY,,,Arkema,AKE.PA,,,,,,,,,,,,,France,company.public,USD-marketcap,"$7,910,000,000",$105.85,,12024.03,,,B.lion,,,,12026,phantasim,,,,,,,,,,
2243,12024,mBank,XX-XY,,,mBank,MBK.WA,,,,,,,,,,,,,Poland,company.public,USD-marketcap,"$7,910,000,000",$186.47,,,,,B.lion,,,,12026,phantasim,,,,,,,,,,
2244,12024,Petro Rio,XX-XY,,,Petro Rio,PRIO3.SA,,,,,,,,,,,,,Brazil,company.public,USD-marketcap,"$7,910,000,000",$9.45,,,,,B.lion,,,,12026,phantasim,,,,,,,,,,
2245,12024,HMM,XX-XY,,,HMM,011200.KS,,,,,,,,,,,,,South Korea,company.public,USD-marketcap,"$7,910,000,000",$11.49,,,,,B.lion,,,,12026,phantasim,,,,,,,,,,
2254,12024,SBI Card,XX-XY,,,SBI Card,SBICARD.NS,,,,,,,,,,,,,India,company.public,USD-marketcap,"$7,900,000,000",$8.32,,,,,B.lion,,,,12026,phantasim,,,,,,,,,,
2255,12024,Coca-Cola Consolidated,XX-XY,,,Coca-Cola Consolidated,COKE,,,,,,,,,,,,,United States,company.public,USD-marketcap,"$7,890,000,000",$842.18,,12024.03,,,B.lion,,,,12026,phantasim,,,,,,,,,,
2256,12024,Stifel,XX-XY,,,Stifel,SF,,,,,,,,,,,,,United States,company.public,USD-marketcap,"$7,880,000,000",$76.67,,12024.03,,,B.lion,,,,12026,phantasim,,,,,,,,,,
2257,12024,CAVA Group,XX-XY,,,CAVA Group,CAVA,,,,,,,,,,,,,United States,company.public,USD-marketcap,"$7,880,000,000",$69.17,,12024.03,,,B.lion,,,,12026,phantasim,,,,,,,,,,
2258,12024,Aselsan,XX-XY,,,Aselsan,ASELS.IS,,,,,,,,,,,,,Turkey,company.public,USD-marketcap,"$7,870,000,000",$1.73,,,,,B.lion,,,,12026,phantasim,,,,,,,,,,
2259,12024,Full Truck Alliance,XX-XY,,,Full Truck Alliance,YMM,,,,,,,,,,,,,China,company.public,USD-marketcap,"$7,860,000,000",$7.35,,12024.03,,,B.lion,,,,12026,phantasim,,,,,,,,,,
2260,12024,Toromont,XX-XY,,,Toromont,TIH.TO,,,,,,,,,,,,,Canada,company.public,USD-marketcap,"$7,860,000,000",$95.54,,,,,B.lion,,,,12026,phantasim,,,,,,,,,,
2261,12024,Ono Pharmaceutical,XX-XY,,,Ono Pharmaceutical,4528.T,,,,,,,,,,,,,Japan,company.public,USD-marketcap,"$7,850,000,000",$16.71,,12024.03,,,B.lion,,,,12026,phantasim,,,,,,,,,,
2262,12024,Descartes Systems,XX-XY,,,Descartes Systems,DSGX,,,,,,,,,,,,,Canada,company.public,USD-marketcap,"$7,840,000,000",$92.08,,12024.03,,,B.lion,,,,12026,phantasim,,,,,,,,,,
2263,12024,Central Pattana,XX-XY,,,Central Pattana,CPN.BK,,,,,,,,,,,,,Thailand,company.public,USD-marketcap,"$7,840,000,000",$1.75,,,,,B.lion,,,,12026,phantasim,,,,,,,,,,
2264,12024,Washington H. Soul Pattinson and Company (WHSP),XX-XY,,,Washington H. Soul Pattinson and Company (WHSP),SOL.AX,,,,,,,,,,,,,Australia,company.public,USD-marketcap,"$7,840,000,000",$21.73,,,,,B.lion,,,,12026,phantasim,,,,,,,,,,
2265,12024,KT&G (Korea Tobacco),XX-XY,,,KT&G (Korea Tobacco),033780.KS,,,,,,,,,,,,,South Korea,company.public,USD-marketcap,"$7,840,000,000",$69.57,,,,,B.lion,,,,12026,phantasim,,,,,,,,,,
2266,12024,Hasbro,XX-XY,,,Hasbro,HAS,,,,,,,,,,,,,United States,company.public,USD-marketcap,"$7,830,000,000",$56.48,,12024.03,,,B.lion,,,,12026,phantasim,,,,,,,,,,
2267,12024,Omega Healthcare,XX-XY,,,Omega Healthcare,OHI,,,,,,,,,,,,,United States,company.public,USD-marketcap,"$7,830,000,000",$31.05,,12024.03,,,B.lion,,,,12026,phantasim,,,,,,,,,,
2268,12024,Française des Jeux,XX-XY,,,Française des Jeux,FDJ.VI,,,,,,,,,,,,,France,company.public,USD-marketcap,"$7,830,000,000",$41.10,,,,,B.lion,,,,12026,phantasim,,,,,,,,,,
2269,12024,FMC,XX-XY,,,FMC,FMC,,,,,,,,,,,,,United States,company.public,USD-marketcap,"$7,820,000,000",$62.70,,12024.03,,,B.lion,,,,12026,phantasim,,,,,,,,,,
2270,12024,Royal Gold,XX-XY,,,Royal Gold,RGLD,,,,,,,,,,,,,United States,company.public,USD-marketcap,"$7,820,000,000",$119.19,,12024.03,,,B.lion,,,,12026,phantasim,,,,,,,,,,
2271,12024,Toray Industries,XX-XY,,,Toray Industries,3402.T,,,,,,,,,,,,,Japan,company.public,USD-marketcap,"$7,820,000,000",$4.89,,12024.03,,,B.lion,,,,12026,phantasim,,,,,,,,,,
2272,12024,Mapfre,XX-XY,,,Mapfre,MAP.MC,,,,,,,,,,,,,Spain,company.public,USD-marketcap,"$7,820,000,000",$2.55,,,,,B.lion,,,,12026,phantasim,,,,,,,,,,
2273,12024,Matador Resources,XX-XY,,,Matador Resources,MTDR,,,,,,,,,,,,,United States,company.public,USD-marketcap,"$7,810,000,000",$65.40,,12024.03,,,B.lion,,,,12026,phantasim,,,,,,,,,,
2274,12024,Hulic,XX-XY,,,Hulic,3003.T,,,,,,,,,,,,,Japan,company.public,USD-marketcap,"$7,810,000,000",$10.27,,12024.03,,,B.lion,,,,12026,phantasim,,,,,,,,,,
2275,12024,AGC,XX-XY,,,AGC,5201.T,,,,,,,,,,,,,Japan,company.public,USD-marketcap,"$7,810,000,000",$36.82,,12024.03,,,B.lion,,,,12026,phantasim,,,,,,,,,,
2282,12024,Mondi,XX-XY,,,Mondi,MNDI.L,,,,,,,,,,,,,United Kingdom,company.public,USD-marketcap,"$7,790,000,000",$17.68,,,,,B.lion,,,,12026,phantasim,,,,,,,,,,
2283,12024,Oil India,XX-XY,,,Oil India,OIL.NS,,,,,,,,,,,,,India,company.public,USD-marketcap,"$7,790,000,000",$7.19,,,,,B.lion,,,,12026,phantasim,,,,,,,,,,
2284,12024,Savola Group,XX-XY,,,Savola Group,2050.SR,,,,,,,,,,,,,Saudi Arabia,company.public,USD-marketcap,"$7,790,000,000",$14.67,,,,,B.lion,,,,12026,phantasim,,,,,,,,,,
2285,12024,Barry Callebaut,XX-XY,,,Barry Callebaut,BARN.SW,,,,,,,,,,,,,Switzerland,company.public,USD-marketcap,"$7,790,000,000","$1,424.00",,,,,B.lion,,,,12026,phantasim,,,,,,,,,,
2286,12024,HealthSouth,XX-XY,,,HealthSouth,EHC,,,,,,,,,,,,,United States,company.public,USD-marketcap,"$7,780,000,000",$77.71,,12024.03,,,B.lion,,,,12026,phantasim,,,,,,,,,,
2287,12024,NNN REIT,XX-XY,,,NNN REIT,NNN,,,,,,,,,,,,,United States,company.public,USD-marketcap,"$7,780,000,000",$42.60,,12024.03,,,B.lion,,,,12026,phantasim,,,,,,,,,,
2288,12024,Lyft,XX-XY,,,Lyft,LYFT,,,,,,,,,,,,,United States,company.public,USD-marketcap,"$7,780,000,000",$19.48,,12024.03,,,B.lion,,,,12026,phantasim,,,,,,,,,,
2289,12024,Alchip Technologies,XX-XY,,,Alchip Technologies,3661.TW,,,,,,,,,,,,,Taiwan,company.public,USD-marketcap,"$7,760,000,000",$98.51,,,,,B.lion,,,,12026,phantasim,,,,,,,,,,
2290,12024,Ingredion,XX-XY,,,Ingredion,INGR,,,,,,,,,,,,,United States,company.public,USD-marketcap,"$7,740,000,000",$118.10,,12024.03,,,B.lion,,,,12026,phantasim,,,,,,,,,,
2291,12024,Beijer Ref,XX-XY,,,Beijer Ref,BEIJ-B.ST,,,,,,,,,,,,,Sweden,company.public,USD-marketcap,"$7,740,000,000",$15.28,,,,,B.lion,,,,12026,phantasim,,,,,,,,,,
2292,12024,Lotus Bakeries,XX-XY,,,Lotus Bakeries,LOTB.BR,,,,,,,,,,,,,Belgium,company.public,USD-marketcap,"$7,730,000,000","$9,359.00",,,,,B.lion,,,,12026,phantasim,,,,,,,,,,
2301,12024,Crane Co.,XX-XY,,,Crane Co.,CR,,,,,,,,,,,,,United States,company.public,USD-marketcap,"$7,700,000,000",$134.89,,12024.03,,,B.lion,,,,12026,phantasim,,,,,,,,,,
2302,12024,BellRing Brands,XX-XY,,,BellRing Brands,BRBR,,,,,,,,,,,,,United States,company.public,USD-marketcap,"$7,700,000,000",$58.80,,12024.03,,,B.lion,,,,12026,phantasim,,,,,,,,,,
2303,12024,Levi Strauss,XX-XY,,,Levi Strauss,LEVI,,,,,,,,,,,,,United States,company.public,USD-marketcap,"$7,700,000,000",$19.37,,12024.03,,,B.lion,,,,12026,phantasim,,,,,,,,,,
2304,12024,GlobalWafers,XX-XY,,,GlobalWafers,6488.TWO,,,,,,,,,,,,,Taiwan,company.public,USD-marketcap,"$7,700,000,000",$17.14,,,,,B.lion,,,,12026,phantasim,,,,,,,,,,
2305,12024,Gerdau,XX-XY,,,Gerdau,GGB,,,,,,,,,,,,,Brazil,company.public,USD-marketcap,"$7,690,000,000",$4.39,,12024.03,,,B.lion,,,,12026,phantasim,,,,,,,,,,
2306,12024,Cerevel Therapeutics,XX-XY,,,Cerevel Therapeutics,CERE,,,,,,,,,,,,,United States,company.public,USD-marketcap,"$7,690,000,000",$42.38,,12024.03,,,B.lion,,,,12026,phantasim,,,,,,,,,,
2307,12024,MakeMyTrip,XX-XY,,,MakeMyTrip,MMYT,,,,,,,,,,,,,India,company.public,USD-marketcap,"$7,690,000,000",$70.60,,12024.03,,,B.lion,,,,12026,phantasim,,,,,,,,,,
2308,12024,Daito Trust Construction,XX-XY,,,Daito Trust Construction,1878.T,,,,,,,,,,,,,Japan,company.public,USD-marketcap,"$7,690,000,000",$118.83,,12024.03,,,B.lion,,,,12026,phantasim,,,,,,,,,,
2309,12024,Delivery Hero,XX-XY,,,Delivery Hero,DHER.F,,,,,,,,,,,,,Germany,company.public,USD-marketcap,"$7,680,000,000",$29.12,,,,,B.lion,,,,12026,phantasim,,,,,,,,,,
2310,12024,Marico,XX-XY,,,Marico,MARICO.NS,,,,,,,,,,,,,India,company.public,USD-marketcap,"$7,680,000,000",$5.94,,,,,B.lion,,,,12026,phantasim,,,,,,,,,,
2311,12024,Summit Materials,XX-XY,,,Summit Materials,SUM,,,,,,,,,,,,,United States,company.public,USD-marketcap,"$7,670,000,000",$44.03,,12024.03,,,B.lion,,,,12026,phantasim,,,,,,,,,,
2312,12024,ZOZO,XX-XY,,,ZOZO,3092.T,,,,,,,,,,,,,Japan,company.public,USD-marketcap,"$7,670,000,000",$25.77,,12024.03,,,B.lion,,,,12026,phantasim,,,,,,,,,,
2313,12024,Sanlam,XX-XY,,,Sanlam,SLM.JO,,,,,,,,,,,,,South Africa,company.public,USD-marketcap,"$7,670,000,000",$3.73,,,,,B.lion,,,,12026,phantasim,,,,,,,,,,
2314,12024,Endeavor Group,XX-XY,,,Endeavor Group,EDR,,,,,,,,,,,,,United States,company.public,USD-marketcap,"$7,660,000,000",$25.51,,12024.03,,,B.lion,,,,12026,phantasim,,,,,,,,,,
2315,12024,Americana Restaurants International,XX-XY,,,Americana Restaurants International,AMR.AE,,,,,,,,,,,,,United Arab Emirates,company.public,USD-marketcap,"$7,660,000,000",$0.91,,12024.03,,,B.lion,,,,12026,phantasim,,,,,,,,,,
2316,12024,China Development Financial,XX-XY,,,China Development Financial,2883.TW,,,,,,,,,,,,,Taiwan,company.public,USD-marketcap,"$7,660,000,000",$0.46,,,,,B.lion,,,,12026,phantasim,,,,,,,,,,
2317,12024,Applied Industrial Technologies,XX-XY,,,Applied Industrial Technologies,AIT,,,,,,,,,,,,,United States,company.public,USD-marketcap,"$7,650,000,000",$197.88,,12024.03,,,B.lion,,,,12026,phantasim,,,,,,,,,,
2318,12024,Whitbread,XX-XY,,,Whitbread,WTB.L,,,,,,,,,,,,,United Kingdom,company.public,USD-marketcap,"$7,650,000,000",$41.50,,12024.03,,,B.lion,,,,12026,phantasim,,,,,,,,,,
2319,12024,Masimo,XX-XY,,,Masimo,MASI,,,,,,,,,,,,,United States,company.public,USD-marketcap,"$7,640,000,000",$144.48,,12024.03,,,B.lion,,,,12026,phantasim,,,,,,,,,,
2320,12024,Lundin Mining,XX-XY,,,Lundin Mining,LUN.TO,,,,,,,,,,,,,Canada,company.public,USD-marketcap,"$7,640,000,000",$9.88,,,,,B.lion,,,,12026,phantasim,,,,,,,,,,
2321,12024,Boliden,XX-XY,,,Boliden,BOL.ST,,,,,,,,,,,,,Sweden,company.public,USD-marketcap,"$7,630,000,000",$27.91,,12024.03,,,B.lion,,,,12026,phantasim,,,,,,,,,,
2322,12024,Luberef (Saudi Aramco Base Oil Company),XX-XY,,,Luberef (Saudi Aramco Base Oil Company),2223.SR,,,,,,,,,,,,,Saudi Arabia,company.public,USD-marketcap,"$7,630,000,000",$45.40,,,,,B.lion,,,,12026,phantasim,,,,,,,,,,
2323,12024,SK Group,XX-XY,,,SK Group,034730.KS,,,,,,,,,,,,,South Korea,company.public,USD-marketcap,"$7,630,000,000",$137.21,,,,,B.lion,,,,12026,phantasim,,,,,,,,,,
2324,12024,Skanska,XX-XY,,,Skanska,SKA-B.ST,,,,,,,,,,,,,Sweden,company.public,USD-marketcap,"$7,620,000,000",$18.57,,,,,B.lion,,,,12026,phantasim,,,,,,,,,,
2325,12024,JD Sports Fashion,XX-XY,,,JD Sports Fashion,JD.L,,,,,,,,,,,,,United Kingdom,company.public,USD-marketcap,"$7,610,000,000",$1.47,,12024.03,,,B.lion,,,,12026,phantasim,,,,,,,,,,
2326,12024,Brunello Cucinelli,XX-XY,,,Brunello Cucinelli,BC.MI,,,,,,,,,,,,,Italy,company.public,USD-marketcap,"$7,610,000,000",$112.00,,12024.03,,,B.lion,,,,12026,phantasim,,,,,,,,,,
2327,12024,Schroders,XX-XY,,,Schroders,SDR.L,,,,,,,,,,,,,United Kingdom,company.public,USD-marketcap,"$7,610,000,000",$4.71,,12024.03,,,B.lion,,,,12026,phantasim,,,,,,,,,,
2328,12024,Yageo,XX-XY,,,Yageo,2327.TW,,,,,,,,,,,,,Taiwan,company.public,USD-marketcap,"$7,610,000,000",$18.17,,,,,B.lion,,,,12026,phantasim,,,,,,,,,,
2338,12024,True Corporation,XX-XY,,,True Corporation,TRUE.BK,,,,,,,,,,,,,Thailand,company.public,USD-marketcap,"$7,600,000,000",$0.22,,,,,B.lion,,,,12026,phantasim,,,,,,,,,,
2339,12024,Godrej Properties,XX-XY,,,Godrej Properties,GODREJPROP.NS,,,,,,,,,,,,,India,company.public,USD-marketcap,"$7,600,000,000",$27.34,,,,,B.lion,,,,12026,phantasim,,,,,,,,,,
2341,12024,MSA Safety,XX-XY,,,MSA Safety,MSA,,,,,,,,,,,,,United States,company.public,USD-marketcap,"$7,590,000,000",$193.21,,12024.03,,,B.lion,,,,12026,phantasim,,,,,,,,,,
2342,12024,Wix.com,XX-XY,,,Wix.com,WIX,,,,,,,,,,,,,Israel,company.public,USD-marketcap,"$7,590,000,000",$136.54,,12024.03,,,B.lion,,,,12026,phantasim,,,,,,,,,,
2343,12024,Alfamart,XX-XY,,,Alfamart,AMRT.JK,,,,,,,,,,,,,Indonesia,company.public,USD-marketcap,"$7,590,000,000",$0.18,,,,,B.lion,,,,12026,phantasim,,,,,,,,,,
2344,12024,Buzzi Unicem,XX-XY,,,Buzzi Unicem,BZU.MI,,,,,,,,,,,,,Italy,company.public,USD-marketcap,"$7,580,000,000",$40.97,,12024.03,,,B.lion,,,,12026,phantasim,,,,,,,,,,
2345,12024,SSAB,XX-XY,,,SSAB,SSAB-B.ST,,,,,,,,,,,,,Sweden,company.public,USD-marketcap,"$7,580,000,000",$7.60,,,,,B.lion,,,,12026,phantasim,,,,,,,,,,
2346,12024,Civitas Resources,XX-XY,,,Civitas Resources,CIVI,,,,,,,,,,,,,United States,company.public,USD-marketcap,"$7,570,000,000",$74.94,,12024.03,,,B.lion,,,,12026,phantasim,,,,,,,,,,
2347,12024,Telefónica Deutschland (O2),XX-XY,,,Telefónica Deutschland (O2),O2D.DE,,,,,,,,,,,,,Germany,company.public,USD-marketcap,"$7,570,000,000",$2.55,,,,,B.lion,,,,12026,phantasim,,,,,,,,,,
2348,12024,NOV,XX-XY,,,NOV,NOV,,,,,,,,,,,,,United States,company.public,USD-marketcap,"$7,560,000,000",$19.20,,12024.03,,,B.lion,,,,12026,phantasim,,,,,,,,,,
2349,12024,Intermediate Capital Group (ICG),XX-XY,,,Intermediate Capital Group (ICG),ICP.L,,,,,,,,,,,,,United Kingdom,company.public,USD-marketcap,"$7,560,000,000",$26.04,,12024.03,,,B.lion,,,,12026,phantasim,,,,,,,,,,
2350,12024,XPeng,XX-XY,,,XPeng,XPEV,,,,,,,,,,,,,China,company.public,USD-marketcap,"$7,550,000,000",$7.81,,12024.03,,,B.lion,,,,12026,phantasim,,,,,,,,,,
2351,12024,Makita,XX-XY,,,Makita,6586.T,,,,,,,,,,,,,Japan,company.public,USD-marketcap,"$7,550,000,000",$28.08,,12024.03,,,B.lion,,,,12026,phantasim,,,,,,,,,,
2352,12024,Gecina,XX-XY,,,Gecina,GFC.PA,,,,,,,,,,,,,France,company.public,USD-marketcap,"$7,550,000,000",$102.14,,,,,B.lion,,,,12026,phantasim,,,,,,,,,,
2353,12024,Axalta,XX-XY,,,Axalta,AXTA,,,,,,,,,,,,,United States,company.public,USD-marketcap,"$7,540,000,000",$34.28,,12024.03,,,B.lion,,,,12026,phantasim,,,,,,,,,,
2354,12024,Tokyu,XX-XY,,,Tokyu,9005.T,,,,,,,,,,,,,Japan,company.public,USD-marketcap,"$7,530,000,000",$12.57,,12024.03,,,B.lion,,,,12026,phantasim,,,,,,,,,,
2355,12024,LATAM Airlines,XX-XY,,,LATAM Airlines,LTM.SN,,,,,,,,,,,,,Chile,company.public,USD-marketcap,"$7,530,000,000",$0.01,,,,,B.lion,,,,12026,phantasim,,,,,,,,,,
2356,12024,Aurobindo Pharma,XX-XY,,,Aurobindo Pharma,AUROPHARMA.NS,,,,,,,,,,,,,India,company.public,USD-marketcap,"$7,530,000,000",$12.85,,,,,B.lion,,,,12026,phantasim,,,,,,,,,,
2357,12024,Mazda,XX-XY,,,Mazda,7261.T,,,,,,,,,,,,,Japan,company.public,USD-marketcap,"$7,520,000,000",$11.94,,12024.03,,,B.lion,,,,12026,phantasim,,,,,,,,,,
2358,12024,The Lottery Corporation,XX-XY,,,The Lottery Corporation,TLC.AX,,,,,,,,,,,,,Australia,company.public,USD-marketcap,"$7,520,000,000",$3.38,,,,,B.lion,,,,12026,phantasim,,,,,,,,,,
2359,12024,Jazz Pharmaceuticals,XX-XY,,,Jazz Pharmaceuticals,JAZZ,,,,,,,,,,,,,Ireland,company.public,USD-marketcap,"$7,510,000,000",$120.51,,12024.03,,,B.lion,,,,12026,phantasim,,,,,,,,,,
2360,12024,Japan Post Insurance,XX-XY,,,Japan Post Insurance,7181.T,,,,,,,,,,,,,Japan,company.public,USD-marketcap,"$7,510,000,000",$19.64,,12024.03,,,B.lion,,,,12026,phantasim,,,,,,,,,,
2361,12024,Dai Nippon Printing,XX-XY,,,Dai Nippon Printing,7912.T,,,,,,,,,,,,,Japan,company.public,USD-marketcap,"$7,510,000,000",$30.92,,12024.03,,,B.lion,,,,12026,phantasim,,,,,,,,,,
2368,12024,Generac Power Systems,XX-XY,,,Generac Power Systems,GNRC,,,,,,,,,,,,,United States,company.public,USD-marketcap,"$7,500,000,000",$124.59,,12024.03,,,B.lion,,,,12026,phantasim,,,,,,,,,,
2369,12024,FirstService,XX-XY,,,FirstService,FSV,,,,,,,,,,,,,Canada,company.public,USD-marketcap,"$7,490,000,000",$166.65,,12024.03,,,B.lion,,,,12026,phantasim,,,,,,,,,,
2370,12024,Futu Holdings,XX-XY,,,Futu Holdings,FUTU,,,,,,,,,,,,,Hong Kong,company.public,USD-marketcap,"$7,490,000,000",$53.71,,12024.03,,,B.lion,,,,12026,phantasim,,,,,,,,,,
2371,12024,Universal Forest Products,XX-XY,,,Universal Forest Products,UFPI,,,,,,,,,,,,,United States,company.public,USD-marketcap,"$7,490,000,000",$121.79,,12024.03,,,B.lion,,,,12026,phantasim,,,,,,,,,,
2372,12024,Convatec Group,XX-XY,,,Convatec Group,CTEC.L,,,,,,,,,,,,,United Kingdom,company.public,USD-marketcap,"$7,490,000,000",$3.66,,,,,B.lion,,,,12026,phantasim,,,,,,,,,,
2373,12024,Kesko,XX-XY,,,Kesko,KESKOA.HE,,,,,,,,,,,,,Finland,company.public,USD-marketcap,"$7,490,000,000",$19.05,,,,,B.lion,,,,12026,phantasim,,,,,,,,,,
2374,12024,Zalando,XX-XY,,,Zalando,ZAL.DE,,,,,,,,,,,,,Germany,company.public,USD-marketcap,"$7,460,000,000",$28.66,,,,,B.lion,,,,12026,phantasim,,,,,,,,,,
2375,12024,Taiwan Cement,XX-XY,,,Taiwan Cement,1101.TW,,,,,,,,,,,,,Taiwan,company.public,USD-marketcap,"$7,460,000,000",$0.99,,,,,B.lion,,,,12026,phantasim,,,,,,,,,,
2376,12024,Voya Financial,XX-XY,,,Voya Financial,VOYA,,,,,,,,,,,,,United States,company.public,USD-marketcap,"$7,450,000,000",$73.41,,12024.03,,,B.lion,,,,12026,phantasim,,,,,,,,,,
2377,12024,SBI Holdings,XX-XY,,,SBI Holdings,8473.T,,,,,,,,,,,,,Japan,company.public,USD-marketcap,"$7,450,000,000",$27.03,,12024.03,,,B.lion,,,,12026,phantasim,,,,,,,,,,
2378,12024,FTI Consulting,XX-XY,,,FTI Consulting,FCN,,,,,,,,,,,,,United States,company.public,USD-marketcap,"$7,440,000,000",$209.43,,12024.03,,,B.lion,,,,12026,phantasim,,,,,,,,,,
2379,12024,Dillard's,XX-XY,,,Dillard's,DDS,,,,,,,,,,,,,United States,company.public,USD-marketcap,"$7,430,000,000",$458.05,,12024.03,,,B.lion,,,,12026,phantasim,,,,,,,,,,
2380,12024,Evercore,XX-XY,,,Evercore,EVR,,,,,,,,,,,,,United States,company.public,USD-marketcap,"$7,430,000,000",$192.21,,12024.03,,,B.lion,,,,12026,phantasim,,,,,,,,,,
2381,12024,MasTec,XX-XY,,,MasTec,MTZ,,,,,,,,,,,,,United States,company.public,USD-marketcap,"$7,430,000,000",$93.73,,12024.03,,,B.lion,,,,12026,phantasim,,,,,,,,,,
2382,12024,TMX Group,XX-XY,,,TMX Group,X.TO,,,,,,,,,,,,,Canada,company.public,USD-marketcap,"$7,430,000,000",$26.86,,12024.03,,,B.lion,,,,12026,phantasim,,,,,,,,,,
2383,12024,Vaxcyte,XX-XY,,,Vaxcyte,PCVX,,,,,,,,,,,,,United States,company.public,USD-marketcap,"$7,420,000,000",$68.50,,12024.03,,,B.lion,,,,12026,phantasim,,,,,,,,,,
2384,12024,Stockland,XX-XY,,,Stockland,SGP.AX,,,,,,,,,,,,,Australia,company.public,USD-marketcap,"$7,420,000,000",$3.11,,,,,B.lion,,,,12026,phantasim,,,,,,,,,,
2385,12024,Equatorial Energia,XX-XY,,,Equatorial Energia,EQTL3.SA,,,,,,,,,,,,,Brazil,company.public,USD-marketcap,"$7,420,000,000",$6.59,,,,,B.lion,,,,12026,phantasim,,,,,,,,,,
2393,12024,Darling Ingredients,XX-XY,,,Darling Ingredients,DAR,,,,,,,,,,,,,United States,company.public,USD-marketcap,"$7,400,000,000",$46.33,,12024.03,,,B.lion,,,,12026,phantasim,,,,,,,,,,
2394,12024,Spring Airlines,XX-XY,,,Spring Airlines,601021.SS,,,,,,,,,,,,,China,company.public,USD-marketcap,"$7,400,000,000",$7.53,,,,,B.lion,,,,12026,phantasim,,,,,,,,,,
2395,12024,GEA Group,XX-XY,,,GEA Group,G1A.F,,,,,,,,,,,,,Germany,company.public,USD-marketcap,"$7,390,000,000",$42.56,,12024.03,,,B.lion,,,,12026,phantasim,,,,,,,,,,
2396,12024,Klépierre,XX-XY,,,Klépierre,LI.PA,,,,,,,,,,,,,France,company.public,USD-marketcap,"$7,390,000,000",$25.91,,12024.03,,,B.lion,,,,12026,phantasim,,,,,,,,,,
2397,12024,Persistent Systems,XX-XY,,,Persistent Systems,PERSISTENT.NS,,,,,,,,,,,,,India,company.public,USD-marketcap,"$7,390,000,000",$97.27,,,,,B.lion,,,,12026,phantasim,,,,,,,,,,
2398,12024,Invesco,XX-XY,,,Invesco,IVZ,,,,,,,,,,,,,United States,company.public,USD-marketcap,"$7,380,000,000",$16.45,,12024.03,,,B.lion,,,,12026,phantasim,,,,,,,,,,
2399,12024,Emirates Integrated Telecommunications Company,XX-XY,,,Emirates Integrated Telecommunications Company,DU.AE,,,,,,,,,,,,,United Arab Emirates,company.public,USD-marketcap,"$7,380,000,000",$1.63,,12024.03,,,B.lion,,,,12026,phantasim,,,,,,,,,,
2400,12024,Singapore Exchange,XX-XY,,,Singapore Exchange,S68.SI,,,,,,,,,,,,,Singapore,company.public,USD-marketcap,"$7,380,000,000",$6.90,,,,,B.lion,,,,12026,phantasim,,,,,,,,,,
2401,12024,Lumine Group,XX-XY,,,Lumine Group,LMN.V,,,,,,,,,,,,,Canada,company.public,USD-marketcap,"$7,370,000,000",$28.01,,12024.03,,,B.lion,,,,12026,phantasim,,,,,,,,,,
2402,12024,Pilbara Minerals,XX-XY,,,Pilbara Minerals,PLS.AX,,,,,,,,,,,,,Australia,company.public,USD-marketcap,"$7,370,000,000",$2.45,,,,,B.lion,,,,12026,phantasim,,,,,,,,,,
2403,12024,Kunlun Energy Company,XX-XY,,,Kunlun Energy Company,0135.HK,,,,,,,,,,,,,Hong Kong,company.public,USD-marketcap,"$7,370,000,000",$0.85,,,,,B.lion,,,,12026,phantasim,,,,,,,,,,
2404,12024,Trina Solar,XX-XY,,,Trina Solar,688599.SS,,,,,,,,,,,,,China,company.public,USD-marketcap,"$7,370,000,000",$3.25,,,,,B.lion,,,,12026,phantasim,,,,,,,,,,
2405,12024,PetGas (Petronas Gas),XX-XY,,,PetGas (Petronas Gas),6033.KL,,,,,,,,,,,,,Malaysia,company.public,USD-marketcap,"$7,360,000,000",$3.71,,,,,B.lion,,,,12026,phantasim,,,,,,,,,,
2406,12024,Cytokinetics,XX-XY,,,Cytokinetics,CYTK,,,,,,,,,,,,,United States,company.public,USD-marketcap,"$7,350,000,000",$71.41,,12024.03,,,B.lion,,,,12026,phantasim,,,,,,,,,,
2407,12024,Dentsu,XX-XY,,,Dentsu,4324.T,,,,,,,,,,,,,Japan,company.public,USD-marketcap,"$7,350,000,000",$27.83,,12024.03,,,B.lion,,,,12026,phantasim,,,,,,,,,,
2408,12024,Auckland Airport,XX-XY,,,Auckland Airport,AIA.AX,,,,,,,,,,,,,New Zealand,company.public,USD-marketcap,"$7,350,000,000",$4.99,,12024.03,,,B.lion,,,,12026,phantasim,,,,,,,,,,
2409,12024,Choice Properties REIT,XX-XY,,,Choice Properties REIT,CHP-UN.TO,,,,,,,,,,,,,Canada,company.public,USD-marketcap,"$7,330,000,000",$10.14,,,,,B.lion,,,,12026,phantasim,,,,,,,,,,
2410,12024,WuXi Biologics,XX-XY,,,WuXi Biologics,WXXWY,,,,,,,,,,,,,China,company.public,USD-marketcap,"$7,320,000,000",$3.47,,12024.03,,,B.lion,,,,12026,phantasim,,,,,,,,,,
2411,12024,Sofina,XX-XY,,,Sofina,SOF.VI,,,,,,,,,,,,,Belgium,company.public,USD-marketcap,"$7,320,000,000",$219.89,,,,,B.lion,,,,12026,phantasim,,,,,,,,,,
2417,12024,Chord Energy,XX-XY,,,Chord Energy,CHRD,,,,,,,,,,,,,United States,company.public,USD-marketcap,"$7,300,000,000",$175.79,,12024.03,,,B.lion,,,,12026,phantasim,,,,,,,,,,
2418,12024,Ciena,XX-XY,,,Ciena,CIEN,,,,,,,,,,,,,United States,company.public,USD-marketcap,"$7,300,000,000",$50.49,,12024.03,,,B.lion,,,,12026,phantasim,,,,,,,,,,
2419,12024,Bangkok Bank,XX-XY,,,Bangkok Bank,BBL.BK,,,,,,,,,,,,,Thailand,company.public,USD-marketcap,"$7,300,000,000",$3.82,,12024.03,,,B.lion,,,,12026,phantasim,,,,,,,,,,
2420,12024,China Resources Gas Group,XX-XY,,,China Resources Gas Group,1193.HK,,,,,,,,,,,,,Hong Kong,company.public,USD-marketcap,"$7,300,000,000",$3.16,,,,,B.lion,,,,12026,phantasim,,,,,,,,,,
2421,12024,Icahn Enterprises,XX-XY,,,Icahn Enterprises,IEP,,,,,,,,,,,,,United States,company.public,USD-marketcap,"$7,290,000,000",$17.00,,12024.03,,,B.lion,,,,12026,phantasim,,,,,,,,,,
2422,12024,Cognex,XX-XY,,,Cognex,CGNX,,,,,,,,,,,,,United States,company.public,USD-marketcap,"$7,290,000,000",$42.48,,12024.03,,,B.lion,,,,12026,phantasim,,,,,,,,,,
2423,12024,Gjensidige Forsikring,XX-XY,,,Gjensidige Forsikring,GJF.OL,,,,,,,,,,,,,Norway,company.public,USD-marketcap,"$7,290,000,000",$14.59,,,,,B.lion,,,,12026,phantasim,,,,,,,,,,
2424,12024,Shanghai Commercial and Savings Bank,XX-XY,,,Shanghai Commercial and Savings Bank,5876.TW,,,,,,,,,,,,,Taiwan,company.public,USD-marketcap,"$7,280,000,000",$1.50,,,,,B.lion,,,,12026,phantasim,,,,,,,,,,
2425,12024,The AZEK Company,XX-XY,,,The AZEK Company,AZEK,,,,,,,,,,,,,United States,company.public,USD-marketcap,"$7,260,000,000",$49.83,,12024.03,,,B.lion,,,,12026,phantasim,,,,,,,,,,
2426,12024,National Bank of Greece,XX-XY,,,National Bank of Greece,ETE.AT,,,,,,,,,,,,,Greece,company.public,USD-marketcap,"$7,260,000,000",$7.95,,,,,B.lion,,,,12026,phantasim,,,,,,,,,,
2427,12024,Kingdom Holding,XX-XY,,,Kingdom Holding,4280.SR,,,,,,,,,,,,,Saudi Arabia,company.public,USD-marketcap,"$7,260,000,000",$1.96,,,,,B.lion,,,,12026,phantasim,,,,,,,,,,
2428,12024,Helvetia Holding,XX-XY,,,Helvetia Holding,HELN.SW,,,,,,,,,,,,,Switzerland,company.public,USD-marketcap,"$7,260,000,000",$137.41,,,,,B.lion,,,,12026,phantasim,,,,,,,,,,
2429,12024,Cathay Pacific,XX-XY,,,Cathay Pacific,0293.HK,,,,,,,,,,,,,Hong Kong,company.public,USD-marketcap,"$7,250,000,000",$1.13,,,,,B.lion,,,,12026,phantasim,,,,,,,,,,
2430,12024,Installed Building Products,XX-XY,,,Installed Building Products,IBP,,,,,,,,,,,,,United States,company.public,USD-marketcap,"$7,240,000,000",$255.38,,12024.03,,,B.lion,,,,12026,phantasim,,,,,,,,,,
2431,12024,New York Times,XX-XY,,,New York Times,NYT,,,,,,,,,,,,,United States,company.public,USD-marketcap,"$7,240,000,000",$44.07,,12024.03,,,B.lion,,,,12026,phantasim,,,,,,,,,,
2432,12024,Allison Transmission,XX-XY,,,Allison Transmission,ALSN,,,,,,,,,,,,,United States,company.public,USD-marketcap,"$7,230,000,000",$80.80,,12024.03,,,B.lion,,,,12026,phantasim,,,,,,,,,,
2433,12024,Exelixis,XX-XY,,,Exelixis,EXEL,,,,,,,,,,,,,United States,company.public,USD-marketcap,"$7,230,000,000",$23.86,,12024.03,,,B.lion,,,,12026,phantasim,,,,,,,,,,
2434,12024,Sino Biopharmaceutical,XX-XY,,,Sino Biopharmaceutical,1177.HK,,,,,,,,,,,,,China,company.public,USD-marketcap,"$7,230,000,000",$0.38,,,,,B.lion,,,,12026,phantasim,,,,,,,,,,
2435,12024,MISC Berhad,XX-XY,,,MISC Berhad,3816.KL,,,,,,,,,,,,,Malaysia,company.public,USD-marketcap,"$7,230,000,000",$1.62,,,,,B.lion,,,,12026,phantasim,,,,,,,,,,
2436,12024,Acadia Healthcare,XX-XY,,,Acadia Healthcare,ACHC,,,,,,,,,,,,,United States,company.public,USD-marketcap,"$7,220,000,000",$78.34,,12024.03,,,B.lion,,,,12026,phantasim,,,,,,,,,,
2437,12024,Mouwasat Medical Services Company,XX-XY,,,Mouwasat Medical Services Company,4002.SR,,,,,,,,,,,,,Saudi Arabia,company.public,USD-marketcap,"$7,220,000,000",$36.12,,,,,B.lion,,,,12026,phantasim,,,,,,,,,,
2438,12024,Kinross Gold,XX-XY,,,Kinross Gold,KGC,,,,,,,,,,,,,Canada,company.public,USD-marketcap,"$7,210,000,000",$5.88,,12024.03,,,B.lion,,,,12026,phantasim,,,,,,,,,,
2439,12024,Elisa,XX-XY,,,Elisa,ELISA.HE,,,,,,,,,,,,,Finland,company.public,USD-marketcap,"$7,210,000,000",$44.94,,,,,B.lion,,,,12026,phantasim,,,,,,,,,,
2440,12024,Bank of India,XX-XY,,,Bank of India,BANKINDIA.NS,,,,,,,,,,,,,India,company.public,USD-marketcap,"$7,210,000,000",$1.58,,,,,B.lion,,,,12026,phantasim,,,,,,,,,,
2449,12024,DCC plc,XX-XY,,,DCC plc,DCC.L,,,,,,,,,,,,,Ireland,company.public,USD-marketcap,"$7,200,000,000",$72.91,,12024.03,,,B.lion,,,,12026,phantasim,,,,,,,,,,
2450,12024,AtkinsRéalis,XX-XY,,,AtkinsRéalis,ATRL.TO,,,,,,,,,,,,,Canada,company.public,USD-marketcap,"$7,200,000,000",$41.05,,,,,B.lion,,,,12026,phantasim,,,,,,,,,,
2451,12024,Compagnie de l'Odet,XX-XY,,,Compagnie de l'Odet,ODET.PA,,,,,,,,,,,,,France,company.public,USD-marketcap,"$7,200,000,000","$1,703.00",,,,,B.lion,,,,12026,phantasim,,,,,,,,,,
2452,12024,Swiss Prime Site,XX-XY,,,Swiss Prime Site,SPSN.SW,,,,,,,,,,,,,Switzerland,company.public,USD-marketcap,"$7,200,000,000",$93.91,,,,,B.lion,,,,12026,phantasim,,,,,,,,,,
2453,12024,TAL Education Group,XX-XY,,,TAL Education Group,TAL,,,,,,,,,,,,,China,company.public,USD-marketcap,"$7,190,000,000",$11.26,,12024.03,,,B.lion,,,,12026,phantasim,,,,,,,,,,
2454,12024,CCC Intelligent Solutions,XX-XY,,,CCC Intelligent Solutions,CCCS,,,,,,,,,,,,,United States,company.public,USD-marketcap,"$7,190,000,000",$11.90,,12024.03,,,B.lion,,,,12026,phantasim,,,,,,,,,,
2455,12024,Eurobank Ergasias Services and Holdings,XX-XY,,,Eurobank Ergasias Services and Holdings,EUROB.AT,,,,,,,,,,,,,Greece,company.public,USD-marketcap,"$7,190,000,000",$1.94,,,,,B.lion,,,,12026,phantasim,,,,,,,,,,
2456,12024,Comerica,XX-XY,,,Comerica,CMA,,,,,,,,,,,,,United States,company.public,USD-marketcap,"$7,180,000,000",$54.23,,12024.03,,,B.lion,,,,12026,phantasim,,,,,,,,,,
2457,12024,Globus Medical,XX-XY,,,Globus Medical,GMED,,,,,,,,,,,,,United States,company.public,USD-marketcap,"$7,180,000,000",$53.06,,12024.03,,,B.lion,,,,12026,phantasim,,,,,,,,,,
2458,12024,SoFi,XX-XY,,,SoFi,SOFI,,,,,,,,,,,,,United States,company.public,USD-marketcap,"$7,180,000,000",$7.36,,12024.03,,,B.lion,,,,12026,phantasim,,,,,,,,,,
2459,12024,Alkem Laboratories,XX-XY,,,Alkem Laboratories,ALKEM.NS,,,,,,,,,,,,,India,company.public,USD-marketcap,"$7,180,000,000",$60.09,,,,,B.lion,,,,12026,phantasim,,,,,,,,,,
2460,12024,Hankyu Hanshin Holdings,XX-XY,,,Hankyu Hanshin Holdings,9042.T,,,,,,,,,,,,,Japan,company.public,USD-marketcap,"$7,160,000,000",$29.61,,12024.03,,,B.lion,,,,12026,phantasim,,,,,,,,,,
2461,12024,Topicus,XX-XY,,,Topicus,TOI.V,,,,,,,,,,,,,Canada,company.public,USD-marketcap,"$7,150,000,000",$87.32,,12024.03,,,B.lion,,,,12026,phantasim,,,,,,,,,,
2462,12024,Acciona Energías Renovables,XX-XY,,,Acciona Energías Renovables,ANE.MC,,,,,,,,,,,,,Spain,company.public,USD-marketcap,"$7,150,000,000",$22.05,,12024.03,,,B.lion,,,,12026,phantasim,,,,,,,,,,
2463,12024,Akbank,XX-XY,,,Akbank,AKBNK.IS,,,,,,,,,,,,,Turkey,company.public,USD-marketcap,"$7,150,000,000",$1.38,,,,,B.lion,,,,12026,phantasim,,,,,,,,,,
2464,12024,Cullen/Frost Bankers,XX-XY,,,Cullen/Frost Bankers,CFR,,,,,,,,,,,,,United States,company.public,USD-marketcap,"$7,140,000,000",$111.32,,12024.03,,,B.lion,,,,12026,phantasim,,,,,,,,,,
2465,12024,Sembcorp,XX-XY,,,Sembcorp,U96.SI,,,,,,,,,,,,,Singapore,company.public,USD-marketcap,"$7,140,000,000",$4.01,,,,,B.lion,,,,12026,phantasim,,,,,,,,,,
2466,12024,M&G plc,XX-XY,,,M&G plc,MNG.L,,,,,,,,,,,,,United Kingdom,company.public,USD-marketcap,"$7,130,000,000",$2.97,,12024.03,,,B.lion,,,,12026,phantasim,,,,,,,,,,
2467,12024,Bâloise,XX-XY,,,Bâloise,BALN.SW,,,,,,,,,,,,,Switzerland,company.public,USD-marketcap,"$7,130,000,000",$157.08,,,,,B.lion,,,,12026,phantasim,,,,,,,,,,
2468,12024,Fluor Corporation,XX-XY,,,Fluor Corporation,FLR,,,,,,,,,,,,,United States,company.public,USD-marketcap,"$7,120,000,000",$41.91,,12024.03,,,B.lion,,,,12026,phantasim,,,,,,,,,,
2469,12024,Muthoot Finance,XX-XY,,,Muthoot Finance,MUTHOOTFIN.NS,,,,,,,,,,,,,India,company.public,USD-marketcap,"$7,120,000,000",$17.75,,,,,B.lion,,,,12026,phantasim,,,,,,,,,,
2470,12024,TKO Group,XX-XY,,,TKO Group,TKO,,,,,,,,,,,,,United States,company.public,USD-marketcap,"$7,110,000,000",$86.39,,12024.03,,,B.lion,,,,12026,phantasim,,,,,,,,,,
2471,12024,Altair Engineering,XX-XY,,,Altair Engineering,ALTR,,,,,,,,,,,,,United States,company.public,USD-marketcap,"$7,110,000,000",$86.27,,12024.03,,,B.lion,,,,12026,phantasim,,,,,,,,,,
2472,12024,Bill.com,XX-XY,,,Bill.com,BILL,,,,,,,,,,,,,United States,company.public,USD-marketcap,"$7,110,000,000",$67.65,,12024.03,,,B.lion,,,,12026,phantasim,,,,,,,,,,
2473,12024,The Ensign Group,XX-XY,,,The Ensign Group,ENSG,,,,,,,,,,,,,United States,company.public,USD-marketcap,"$7,110,000,000",$125.62,,12024.03,,,B.lion,,,,12026,phantasim,,,,,,,,,,
2474,12024,Shoprite,XX-XY,,,Shoprite,SHP.JO,,,,,,,,,,,,,South Africa,company.public,USD-marketcap,"$7,110,000,000",$13.09,,,,,B.lion,,,,12026,phantasim,,,,,,,,,,
2483,12024,Omron,XX-XY,,,Omron,6645.T,,,,,,,,,,,,,Japan,company.public,USD-marketcap,"$7,090,000,000",$36.02,,12024.03,,,B.lion,,,,12026,phantasim,,,,,,,,,,
2484,12024,Want Want China,XX-XY,,,Want Want China,0151.HK,,,,,,,,,,,,,Hong Kong,company.public,USD-marketcap,"$7,090,000,000",$0.60,,,,,B.lion,,,,12026,phantasim,,,,,,,,,,
2485,12024,STAG Industrial,XX-XY,,,STAG Industrial,STAG,,,,,,,,,,,,,United States,company.public,USD-marketcap,"$7,080,000,000",$38.09,,12024.03,,,B.lion,,,,12026,phantasim,,,,,,,,,,
2486,12024,Orkla,XX-XY,,,Orkla,ORK.OL,,,,,,,,,,,,,Norway,company.public,USD-marketcap,"$7,080,000,000",$7.10,,,,,B.lion,,,,12026,phantasim,,,,,,,,,,
2487,12024,Western Alliance Bancorporation,XX-XY,,,Western Alliance Bancorporation,WAL,,,,,,,,,,,,,United States,company.public,USD-marketcap,"$7,070,000,000",$64.22,,12024.03,,,B.lion,,,,12026,phantasim,,,,,,,,,,
2488,12024,West Fraser Timber,XX-XY,,,West Fraser Timber,WFG,,,,,,,,,,,,,Canada,company.public,USD-marketcap,"$7,070,000,000",$86.79,,12024.03,,,B.lion,,,,12026,phantasim,,,,,,,,,,
2489,12024,Aaon,XX-XY,,,Aaon,AAON,,,,,,,,,,,,,United States,company.public,USD-marketcap,"$7,070,000,000",$86.67,,12024.03,,,B.lion,,,,12026,phantasim,,,,,,,,,,
2490,12024,Korea Zinc,XX-XY,,,Korea Zinc,010130.KS,,,,,,,,,,,,,South Korea,company.public,USD-marketcap,"$7,070,000,000",$340.80,,,,,B.lion,,,,12026,phantasim,,,,,,,,,,
2491,12024,First Industrial Realty Trust,XX-XY,,,First Industrial Realty Trust,FR,,,,,,,,,,,,,United States,company.public,USD-marketcap,"$7,060,000,000",$52.07,,12024.03,,,B.lion,,,,12026,phantasim,,,,,,,,,,
2492,12024,Apellis Pharmaceuticals,XX-XY,,,Apellis Pharmaceuticals,APLS,,,,,,,,,,,,,United States,company.public,USD-marketcap,"$7,050,000,000",$58.49,,12024.03,,,B.lion,,,,12026,phantasim,,,,,,,,,,
2493,12024,Americold,XX-XY,,,Americold,COLD,,,,,,,,,,,,,United States,company.public,USD-marketcap,"$7,050,000,000",$24.77,,12024.03,,,B.lion,,,,12026,phantasim,,,,,,,,,,
2494,12024,Watts Water Technologies,XX-XY,,,Watts Water Technologies,WTS,,,,,,,,,,,,,United States,company.public,USD-marketcap,"$7,040,000,000",$211.57,,12024.03,,,B.lion,,,,12026,phantasim,,,,,,,,,,
2495,12024,Taishin Financial Holdings,XX-XY,,,Taishin Financial Holdings,2887.TW,,,,,,,,,,,,,Taiwan,company.public,USD-marketcap,"$7,040,000,000",$0.56,,,,,B.lion,,,,12026,phantasim,,,,,,,,,,
2496,12024,Rockwool,XX-XY,,,Rockwool,ROCK-B.CO,,,,,,,,,,,,,Denmark,company.public,USD-marketcap,"$7,040,000,000",$329.46,,,,,B.lion,,,,12026,phantasim,,,,,,,,,,
2497,12024,KT Corporation,XX-XY,,,KT Corporation,KT,,,,,,,,,,,,,South Korea,company.public,USD-marketcap,"$7,030,000,000",$14.16,,12024.03,,,B.lion,,,,12026,phantasim,,,,,,,,,,
2498,12024,Jardine Cycle & Carriage,XX-XY,,,Jardine Cycle & Carriage,C07.SI,,,,,,,,,,,,,Singapore,company.public,USD-marketcap,"$7,030,000,000",$17.81,,12024.03,,,B.lion,,,,12026,phantasim,,,,,,,,,,
2499,12024,Zurich Airport,XX-XY,,,Zurich Airport,FHZN.SW,,,,,,,,,,,,,Switzerland,company.public,USD-marketcap,"$7,020,000,000",$228.83,,,,,B.lion,,,,12026,phantasim,,,,,,,,,,
2500,12024,Schibsted,XX-XY,,,Schibsted,SCHA.OL,,,,,,,,,,,,,Norway,company.public,USD-marketcap,"$7,020,000,000",$32.18,,,,,B.lion,,,,12026,phantasim,,,,,,,,,,
2501,12024,Brixmor Property Group,XX-XY,,,Brixmor Property Group,BRX,,,,,,,,,,,,,United States,company.public,USD-marketcap,"$7,010,000,000",$23.27,,12024.03,,,B.lion,,,,12026,phantasim,,,,,,,,,,
2502,12024,Berry Global,XX-XY,,,Berry Global,BERY,,,,,,,,,,,,,United States,company.public,USD-marketcap,"$7,010,000,000",$60.48,,12024.03,,,B.lion,,,,12026,phantasim,,,,,,,,,,
2503,12024,LPP SA,XX-XY,,,LPP SA,LPP.WA,,,,,,,,,,,,,Poland,company.public,USD-marketcap,"$7,010,000,000","$3,782.00",,,,,B.lion,,,,12026,phantasim,,,,,,,,,,
2516,12024,Ubiquiti,XX-XY,,,Ubiquiti,UI,,,,,,,,,,,,,United States,company.public,USD-marketcap,"$7,000,000,000",$115.92,,12024.03,,,B.lion,,,,12026,phantasim,,,,,,,,,,
2517,12024,Arrow Electronics,XX-XY,,,Arrow Electronics,ARW,,,,,,,,,,,,,United States,company.public,USD-marketcap,"$7,000,000,000",$130.11,,12024.03,,,B.lion,,,,12026,phantasim,,,,,,,,,,
2518,12024,Groupe SEB,XX-XY,,,Groupe SEB,SK.PA,,,,,,,,,,,,,France,company.public,USD-marketcap,"$7,000,000,000",$128.90,,12024.03,,,B.lion,,,,12026,phantasim,,,,,,,,,,
2519,12024,AirTAC International,XX-XY,,,AirTAC International,1590.TW,,,,,,,,,,,,,Taiwan,company.public,USD-marketcap,"$7,000,000,000",$35.03,,,,,B.lion,,,,12026,phantasim,,,,,,,,,,
2520,12024,Bachem,XX-XY,,,Bachem,BANB.SW,,,,,,,,,,,,,Switzerland,company.public,USD-marketcap,"$7,000,000,000",$93.46,,,,,B.lion,,,,12026,phantasim,,,,,,,,,,
2521,12024,National Mineral Development Corporation,XX-XY,,,National Mineral Development Corporation,NMDC.NS,,,,,,,,,,,,,India,company.public,USD-marketcap,"$7,000,000,000",$2.39,,,,,B.lion,,,,12026,phantasim,,,,,,,,,,
2523,12024,AutoNation,XX-XY,,,AutoNation,AN,,,,,,,,,,,,,United States,company.public,USD-marketcap,"$6,980,000,000",$167.46,,12024.03,,,B.lion,,,,12026,phantasim,,,,,,,,,,
2524,12024,Chart Industries,XX-XY,,,Chart Industries,GTLS,,,,,,,,,,,,,United States,company.public,USD-marketcap,"$6,980,000,000",$165.31,,12024.03,,,B.lion,,,,12026,phantasim,,,,,,,,,,
2525,12024,KION Group,XX-XY,,,KION Group,KGX.DE,,,,,,,,,,,,,Germany,company.public,USD-marketcap,"$6,980,000,000",$53.30,,,,,B.lion,,,,12026,phantasim,,,,,,,,,,
2526,12024,General Insurance Corporation of India,XX-XY,,,General Insurance Corporation of India,GICRE.NS,,,,,,,,,,,,,India,company.public,USD-marketcap,"$6,980,000,000",$3.98,,,,,B.lion,,,,12026,phantasim,,,,,,,,,,
2527,12024,PI Industries,XX-XY,,,PI Industries,PIIND.NS,,,,,,,,,,,,,India,company.public,USD-marketcap,"$6,980,000,000",$46.05,,,,,B.lion,,,,12026,phantasim,,,,,,,,,,
2528,12024,Israel Chemicals,XX-XY,,,Israel Chemicals,ICL,,,,,,,,,,,,,Israel,company.public,USD-marketcap,"$6,970,000,000",$5.36,,12024.03,,,B.lion,,,,12026,phantasim,,,,,,,,,,
2529,12024,Olin,XX-XY,,,Olin,OLN,,,,,,,,,,,,,United States,company.public,USD-marketcap,"$6,960,000,000",$58.25,,12024.03,,,B.lion,,,,12026,phantasim,,,,,,,,,,
2530,12024,Zain (Mobile Telecommunications Company),XX-XY,,,Zain (Mobile Telecommunications Company),ZAIN.KW,,,,,,,,,,,,,Kuwait,company.public,USD-marketcap,"$6,960,000,000","$1,610.00",,,,,B.lion,,,,12026,phantasim,,,,,,,,,,
2531,12024,APA Group,XX-XY,,,APA Group,APA.AX,,,,,,,,,,,,,Australia,company.public,USD-marketcap,"$6,950,000,000",$5.42,,12024.03,,,B.lion,,,,12026,phantasim,,,,,,,,,,
2532,12024,Jindal Stainless,XX-XY,,,Jindal Stainless,JSL.NS,,,,,,,,,,,,,India,company.public,USD-marketcap,"$6,950,000,000",$8.44,,,,,B.lion,,,,12026,phantasim,,,,,,,,,,
2533,12024,Fabrinet,XX-XY,,,Fabrinet,FN,,,,,,,,,,,,,Cayman Islands,company.public,USD-marketcap,"$6,940,000,000",$191.37,,12024.03,,,B.lion,,,,12026,phantasim,,,,,,,,,,
2534,12024,Ryman Hospitality Properties,XX-XY,,,Ryman Hospitality Properties,RHP,,,,,,,,,,,,,United States,company.public,USD-marketcap,"$6,930,000,000",$116.10,,12024.03,,,B.lion,,,,12026,phantasim,,,,,,,,,,
2535,12024,Trend Micro,XX-XY,,,Trend Micro,4704.T,,,,,,,,,,,,,Japan,company.public,USD-marketcap,"$6,930,000,000",$51.18,,12024.03,,,B.lion,,,,12026,phantasim,,,,,,,,,,
2536,12024,Commerce Bancshares,XX-XY,,,Commerce Bancshares,CBSH,,,,,,,,,,,,,United States,company.public,USD-marketcap,"$6,920,000,000",$53.33,,12024.03,,,B.lion,,,,12026,phantasim,,,,,,,,,,
2537,12024,DS Smith,XX-XY,,,DS Smith,SMDS.L,,,,,,,,,,,,,United Kingdom,company.public,USD-marketcap,"$6,920,000,000",$5.01,,,,,B.lion,,,,12026,phantasim,,,,,,,,,,
2538,12024,B&M European Value Retail,XX-XY,,,B&M European Value Retail,BME.L,,,,,,,,,,,,,Luxembourg,company.public,USD-marketcap,"$6,910,000,000",$6.90,,12024.03,,,B.lion,,,,12026,phantasim,,,,,,,,,,
2539,12024,L&T Technology Services,XX-XY,,,L&T Technology Services,LTTS.NS,,,,,,,,,,,,,India,company.public,USD-marketcap,"$6,910,000,000",$65.40,,,,,B.lion,,,,12026,phantasim,,,,,,,,,,
2540,12024,Yapı Kredi,XX-XY,,,Yapı Kredi,YKBNK.IS,,,,,,,,,,,,,Turkey,company.public,USD-marketcap,"$6,910,000,000",$0.82,,,,,B.lion,,,,12026,phantasim,,,,,,,,,,
2541,12024,HYBE,XX-XY,,,HYBE,352820.KS,,,,,,,,,,,,,South Korea,company.public,USD-marketcap,"$6,910,000,000",$165.95,,,,,B.lion,,,,12026,phantasim,,,,,,,,,,
2550,12024,Dentsply Sirona,XX-XY,,,Dentsply Sirona,XRAY,,,,,,,,,,,,,United States,company.public,USD-marketcap,"$6,900,000,000",$33.31,,12024.03,,,B.lion,,,,12026,phantasim,,,,,,,,,,
2551,12024,Gruma (Maseca),XX-XY,,,Gruma (Maseca),GRUMAB.MX,,,,,,,,,,,,,Mexico,company.public,USD-marketcap,"$6,900,000,000",$18.77,,,,,B.lion,,,,12026,phantasim,,,,,,,,,,
2552,12024,Murphy Oil,XX-XY,,,Murphy Oil,MUR,,,,,,,,,,,,,United States,company.public,USD-marketcap,"$6,880,000,000",$45.11,,12024.03,,,B.lion,,,,12026,phantasim,,,,,,,,,,
2553,12024,OGE Energy,XX-XY,,,OGE Energy,OGE,,,,,,,,,,,,,United States,company.public,USD-marketcap,"$6,880,000,000",$34.35,,12024.03,,,B.lion,,,,12026,phantasim,,,,,,,,,,
2554,12024,Vontier,XX-XY,,,Vontier,VNT,,,,,,,,,,,,,United States,company.public,USD-marketcap,"$6,880,000,000",$44.74,,12024.03,,,B.lion,,,,12026,phantasim,,,,,,,,,,
2555,12024,MACOM,XX-XY,,,MACOM,MTSI,,,,,,,,,,,,,United States,company.public,USD-marketcap,"$6,880,000,000",$95.54,,12024.03,,,B.lion,,,,12026,phantasim,,,,,,,,,,
2556,12024,Noble Corporation,XX-XY,,,Noble Corporation,NE,,,,,,,,,,,,,United Kingdom,company.public,USD-marketcap,"$6,870,000,000",$48.12,,12024.03,,,B.lion,,,,12026,phantasim,,,,,,,,,,
2557,12024,HealthEquity,XX-XY,,,HealthEquity,HQY,,,,,,,,,,,,,United States,company.public,USD-marketcap,"$6,860,000,000",$79.72,,12024.03,,,B.lion,,,,12026,phantasim,,,,,,,,,,
2558,12024,Klaviyo,XX-XY,,,Klaviyo,KVYO,,,,,,,,,,,,,United States,company.public,USD-marketcap,"$6,860,000,000",$26.27,,12024.03,,,B.lion,,,,12026,phantasim,,,,,,,,,,
2559,12024,Phoenix Group,XX-XY,,,Phoenix Group,PHNX.L,,,,,,,,,,,,,United Kingdom,company.public,USD-marketcap,"$6,860,000,000",$6.85,,,,,B.lion,,,,12026,phantasim,,,,,,,,,,
2560,12024,Zhuzhou CRRC Times Electric,XX-XY,,,Zhuzhou CRRC Times Electric,3898.HK,,,,,,,,,,,,,Hong Kong,company.public,USD-marketcap,"$6,860,000,000",$3.09,,,,,B.lion,,,,12026,phantasim,,,,,,,,,,
2561,12024,Multiply Group,XX-XY,,,Multiply Group,MULTIPLY.AE,,,,,,,,,,,,,United Arab Emirates,company.public,USD-marketcap,"$6,860,000,000",$0.61,,,,,B.lion,,,,12026,phantasim,,,,,,,,,,
2562,12024,Rambus,XX-XY,,,Rambus,RMBS,,,,,,,,,,,,,United States,company.public,USD-marketcap,"$6,850,000,000",$63.10,,12024.03,,,B.lion,,,,12026,phantasim,,,,,,,,,,
2563,12024,Atkore,XX-XY,,,Atkore,ATKR,,,,,,,,,,,,,United States,company.public,USD-marketcap,"$6,840,000,000",$186.06,,12024.03,,,B.lion,,,,12026,phantasim,,,,,,,,,,
2564,12024,Lucid Motors,XX-XY,,,Lucid Motors,LCID,,,,,,,,,,,,,United States,company.public,USD-marketcap,"$6,820,000,000",$2.97,,12024.03,,,B.lion,,,,12026,phantasim,,,,,,,,,,
2565,12024,Marks & Spencer,XX-XY,,,Marks & Spencer,MKS.L,,,,,,,,,,,,,United Kingdom,company.public,USD-marketcap,"$6,820,000,000",$3.36,,12024.03,,,B.lion,,,,12026,phantasim,,,,,,,,,,
2566,12024,Lawson,XX-XY,,,Lawson,2651.T,,,,,,,,,,,,,Japan,company.public,USD-marketcap,"$6,820,000,000",$68.09,,12024.03,,,B.lion,,,,12026,phantasim,,,,,,,,,,
2567,12024,Saudi Research and Media Group,XX-XY,,,Saudi Research and Media Group,4210.SR,,,,,,,,,,,,,Saudi Arabia,company.public,USD-marketcap,"$6,820,000,000",$85.37,,,,,B.lion,,,,12026,phantasim,,,,,,,,,,
2568,12024,AGNC Investment,XX-XY,,,AGNC Investment,AGNC,,,,,,,,,,,,,United States,company.public,USD-marketcap,"$6,810,000,000",$9.79,,12024.03,,,B.lion,,,,12026,phantasim,,,,,,,,,,
2569,12024,Abbott India,XX-XY,,,Abbott India,ABBOTINDIA.NS,,,,,,,,,,,,,India,company.public,USD-marketcap,"$6,810,000,000",$320.76,,,,,B.lion,,,,12026,phantasim,,,,,,,,,,
2583,12024,Chewy,XX-XY,,,Chewy,CHWY,,,,,,,,,,,,,United States,company.public,USD-marketcap,"$6,800,000,000",$15.65,,12024.03,,,B.lion,,,,12026,phantasim,,,,,,,,,,
2584,12024,Mattel,XX-XY,,,Mattel,MAT,,,,,,,,,,,,,United States,company.public,USD-marketcap,"$6,790,000,000",$19.76,,12024.03,,,B.lion,,,,12026,phantasim,,,,,,,,,,
2585,12024,SPS Commerce,XX-XY,,,SPS Commerce,SPSC,,,,,,,,,,,,,United States,company.public,USD-marketcap,"$6,790,000,000",$183.89,,12024.03,,,B.lion,,,,12026,phantasim,,,,,,,,,,
2586,12024,Chongqing Rural Commercial Bank,XX-XY,,,Chongqing Rural Commercial Bank,3618.HK,,,,,,,,,,,,,China,company.public,USD-marketcap,"$6,790,000,000",$0.42,,,,,B.lion,,,,12026,phantasim,,,,,,,,,,
2587,12024,H&R Block,XX-XY,,,H&R Block,HRB,,,,,,,,,,,,,United States,company.public,USD-marketcap,"$6,780,000,000",$48.66,,12024.03,,,B.lion,,,,12026,phantasim,,,,,,,,,,
2588,12024,RLI Corp.,XX-XY,,,RLI Corp.,RLI,,,,,,,,,,,,,United States,company.public,USD-marketcap,"$6,780,000,000",$148.48,,12024.03,,,B.lion,,,,12026,phantasim,,,,,,,,,,
2589,12024,Credit Acceptance,XX-XY,,,Credit Acceptance,CACC,,,,,,,,,,,,,United States,company.public,USD-marketcap,"$6,780,000,000",$551.60,,12024.03,,,B.lion,,,,12026,phantasim,,,,,,,,,,
2590,12024,MatsukiyoCocokara,XX-XY,,,MatsukiyoCocokara,3088.T,,,,,,,,,,,,,Japan,company.public,USD-marketcap,"$6,780,000,000",$16.27,,12024.03,,,B.lion,,,,12026,phantasim,,,,,,,,,,
2591,12024,SentinelOne,XX-XY,,,SentinelOne,S,,,,,,,,,,,,,United States,company.public,USD-marketcap,"$6,770,000,000",$22.68,,12024.03,,,B.lion,,,,12026,phantasim,,,,,,,,,,
2592,12024,ChampionX,XX-XY,,,ChampionX,CHX,,,,,,,,,,,,,United States,company.public,USD-marketcap,"$6,770,000,000",$35.45,,12024.03,,,B.lion,,,,12026,phantasim,,,,,,,,,,
2593,12024,Hongkong Land,XX-XY,,,Hongkong Land,H78.SI,,,,,,,,,,,,,Hong Kong,company.public,USD-marketcap,"$6,770,000,000",$3.07,,,,,B.lion,,,,12026,phantasim,,,,,,,,,,
2594,12024,Mesaieed Petrochemical Holding Company,XX-XY,,,Mesaieed Petrochemical Holding Company,MPHC.QA,,,,,,,,,,,,,Qatar,company.public,USD-marketcap,"$6,770,000,000",$0.54,,,,,B.lion,,,,12026,phantasim,,,,,,,,,,
2595,12024,Commercial Metals Company,XX-XY,,,Commercial Metals Company,CMC,,,,,,,,,,,,,United States,company.public,USD-marketcap,"$6,760,000,000",$58.28,,12024.03,,,B.lion,,,,12026,phantasim,,,,,,,,,,
2596,12024,S-OIL,XX-XY,,,S-OIL,010950.KS,,,,,,,,,,,,,South Korea,company.public,USD-marketcap,"$6,760,000,000",$57.86,,,,,B.lion,,,,12026,phantasim,,,,,,,,,,
2597,12024,Nippon Building Fund,XX-XY,,,Nippon Building Fund,8951.T,,,,,,,,,,,,,Japan,company.public,USD-marketcap,"$6,750,000,000","$3,971.00",,12024.03,,,B.lion,,,,12026,phantasim,,,,,,,,,,
2598,12024,Acciona,XX-XY,,,Acciona,ANA.MC,,,,,,,,,,,,,Spain,company.public,USD-marketcap,"$6,750,000,000",$124.46,,12024.03,,,B.lion,,,,12026,phantasim,,,,,,,,,,
2599,12024,Tata Communications,XX-XY,,,Tata Communications,TATACOMM.NS,,,,,,,,,,,,,India,company.public,USD-marketcap,"$6,750,000,000",$23.69,,,,,B.lion,,,,12026,phantasim,,,,,,,,,,
2600,12024,Intra-Cellular Therapies,XX-XY,,,Intra-Cellular Therapies,ITCI,,,,,,,,,,,,,United States,company.public,USD-marketcap,"$6,740,000,000",$69.72,,12024.03,,,B.lion,,,,12026,phantasim,,,,,,,,,,
2601,12024,Luckin Coffee,XX-XY,,,Luckin Coffee,LKNCY,,,,,,,,,,,,,China,company.public,USD-marketcap,"$6,720,000,000",$24.36,,12024.03,,,B.lion,,,,12026,phantasim,,,,,,,,,,
2602,12024,Komerční banka,XX-XY,,,Komerční banka,KOMB.PR,,,,,,,,,,,,,Czech Republic,company.public,USD-marketcap,"$6,720,000,000",$35.62,,,,,B.lion,,,,12026,phantasim,,,,,,,,,,
2603,12024,SAIC,XX-XY,,,SAIC,SAIC,,,,,,,,,,,,,United States,company.public,USD-marketcap,"$6,710,000,000",$130.08,,12024.03,,,B.lion,,,,12026,phantasim,,,,,,,,,,
2604,12024,Madras Rubber Factory,XX-XY,,,Madras Rubber Factory,MRF.NS,,,,,,,,,,,,,India,company.public,USD-marketcap,"$6,710,000,000","$1,583.00",,,,,B.lion,,,,12026,phantasim,,,,,,,,,,
2621,12024,BlueScope Steel,XX-XY,,,BlueScope Steel,BSL.AX,,,,,,,,,,,,,Australia,company.public,USD-marketcap,"$6,700,000,000",$15.03,,12024.03,,,B.lion,,,,12026,phantasim,,,,,,,,,,
2622,12024,PUMA,XX-XY,,,PUMA,PUM.DE,,,,,,,,,,,,,Germany,company.public,USD-marketcap,"$6,700,000,000",$44.63,,,,,B.lion,,,,12026,phantasim,,,,,,,,,,
2623,12024,Landstar System,XX-XY,,,Landstar System,LSTR,,,,,,,,,,,,,United States,company.public,USD-marketcap,"$6,690,000,000",$187.31,,12024.03,,,B.lion,,,,12026,phantasim,,,,,,,,,,
2624,12024,Viper Energy Partners,XX-XY,,,Viper Energy Partners,VNOM,,,,,,,,,,,,,United States,company.public,USD-marketcap,"$6,690,000,000",$37.86,,12024.03,,,B.lion,,,,12026,phantasim,,,,,,,,,,
2625,12024,Medibank,XX-XY,,,Medibank,MPL.AX,,,,,,,,,,,,,Australia,company.public,USD-marketcap,"$6,690,000,000",$2.43,,,,,B.lion,,,,12026,phantasim,,,,,,,,,,
2626,12024,DSME (Daewoo Shipbuilding),XX-XY,,,DSME (Daewoo Shipbuilding),042660.KS,,,,,,,,,,,,,South Korea,company.public,USD-marketcap,"$6,690,000,000",$20.89,,,,,B.lion,,,,12026,phantasim,,,,,,,,,,
2627,12024,PBF Energy,XX-XY,,,PBF Energy,PBF,,,,,,,,,,,,,United States,company.public,USD-marketcap,"$6,680,000,000",$56.08,,12024.03,,,B.lion,,,,12026,phantasim,,,,,,,,,,
2628,12024,FTAI Aviation,XX-XY,,,FTAI Aviation,FTAI,,,,,,,,,,,,,United States,company.public,USD-marketcap,"$6,680,000,000",$66.72,,12024.03,,,B.lion,,,,12026,phantasim,,,,,,,,,,
2629,12024,TriNet,XX-XY,,,TriNet,TNET,,,,,,,,,,,,,United States,company.public,USD-marketcap,"$6,680,000,000",$132.26,,12024.03,,,B.lion,,,,12026,phantasim,,,,,,,,,,
2630,12024,Holmen,XX-XY,,,Holmen,HOLM-B.ST,,,,,,,,,,,,,Sweden,company.public,USD-marketcap,"$6,670,000,000",$41.92,,,,,B.lion,,,,12026,phantasim,,,,,,,,,,
2631,12024,Antero Midstream,XX-XY,,,Antero Midstream,AM,,,,,,,,,,,,,United States,company.public,USD-marketcap,"$6,660,000,000",$13.89,,12024.03,,,B.lion,,,,12026,phantasim,,,,,,,,,,
2632,12024,The Company for Cooperative Insurance,XX-XY,,,The Company for Cooperative Insurance,8010.SR,,,,,,,,,,,,,Saudi Arabia,company.public,USD-marketcap,"$6,650,000,000",$44.34,,,,,B.lion,,,,12026,phantasim,,,,,,,,,,
2633,12024,ESAB,XX-XY,,,ESAB,ESAB,,,,,,,,,,,,,United States,company.public,USD-marketcap,"$6,640,000,000",$110.10,,12024.03,,,B.lion,,,,12026,phantasim,,,,,,,,,,
2634,12024,BPER Banca,XX-XY,,,BPER Banca,BPE.MI,,,,,,,,,,,,,Italy,company.public,USD-marketcap,"$6,640,000,000",$4.70,,12024.03,,,B.lion,,,,12026,phantasim,,,,,,,,,,
2635,12024,The Weir Group,XX-XY,,,The Weir Group,WEIR.L,,,,,,,,,,,,,United Kingdom,company.public,USD-marketcap,"$6,630,000,000",$25.54,,,,,B.lion,,,,12026,phantasim,,,,,,,,,,
2636,12024,Steel Authority of India,XX-XY,,,Steel Authority of India,SAIL.NS,,,,,,,,,,,,,India,company.public,USD-marketcap,"$6,630,000,000",$1.60,,,,,B.lion,,,,12026,phantasim,,,,,,,,,,
2637,12024,Oberoi Realty,XX-XY,,,Oberoi Realty,OBEROIRLTY.NS,,,,,,,,,,,,,India,company.public,USD-marketcap,"$6,610,000,000",$18.19,,,,,B.lion,,,,12026,phantasim,,,,,,,,,,
2645,12024,Pinnacle Financial Partners,XX-XY,,,Pinnacle Financial Partners,PNFP,,,,,,,,,,,,,United States,company.public,USD-marketcap,"$6,600,000,000",$85.65,,12024.03,,,B.lion,,,,12026,phantasim,,,,,,,,,,
2646,12024,Bechtle,XX-XY,,,Bechtle,BC8.F,,,,,,,,,,,,,Germany,company.public,USD-marketcap,"$6,600,000,000",$52.34,,12024.03,,,B.lion,,,,12026,phantasim,,,,,,,,,,
2647,12024,IDFC FIRST Bank,XX-XY,,,IDFC FIRST Bank,IDFCFIRSTB.NS,,,,,,,,,,,,,India,company.public,USD-marketcap,"$6,600,000,000",$0.93,,,,,B.lion,,,,12026,phantasim,,,,,,,,,,
2648,12024,Nanya Technology,XX-XY,,,Nanya Technology,2408.TW,,,,,,,,,,,,,Taiwan,company.public,USD-marketcap,"$6,590,000,000",$2.12,,,,,B.lion,,,,12026,phantasim,,,,,,,,,,
2649,12024,Starwood Property Trust,XX-XY,,,Starwood Property Trust,STWD,,,,,,,,,,,,,United States,company.public,USD-marketcap,"$6,580,000,000",$20.33,,12024.03,,,B.lion,,,,12026,phantasim,,,,,,,,,,
2650,12024,Bankinter,XX-XY,,,Bankinter,BKT.MC,,,,,,,,,,,,,Spain,company.public,USD-marketcap,"$6,580,000,000",$7.32,,12024.03,,,B.lion,,,,12026,phantasim,,,,,,,,,,
2651,12024,Li Ning Company,XX-XY,,,Li Ning Company,2331.HK,,,,,,,,,,,,,China,company.public,USD-marketcap,"$6,580,000,000",$2.55,,,,,B.lion,,,,12026,phantasim,,,,,,,,,,
2652,12024,ENGIE Brasil,XX-XY,,,ENGIE Brasil,EGIE3.SA,,,,,,,,,,,,,Brazil,company.public,USD-marketcap,"$6,580,000,000",$8.06,,,,,B.lion,,,,12026,phantasim,,,,,,,,,,
2653,12024,Adecco Group,XX-XY,,,Adecco Group,ADEN.SW,,,,,,,,,,,,,Switzerland,company.public,USD-marketcap,"$6,570,000,000",$39.02,,,,,B.lion,,,,12026,phantasim,,,,,,,,,,
2654,12024,Castellum,XX-XY,,,Castellum,CAST.ST,,,,,,,,,,,,,Sweden,company.public,USD-marketcap,"$6,570,000,000",$13.34,,,,,B.lion,,,,12026,phantasim,,,,,,,,,,
2655,12024,Unilever Indonesia,XX-XY,,,Unilever Indonesia,UNVR.JK,,,,,,,,,,,,,Indonesia,company.public,USD-marketcap,"$6,570,000,000",$0.17,,,,,B.lion,,,,12026,phantasim,,,,,,,,,,
2656,12024,Bright Horizons,XX-XY,,,Bright Horizons,BFAM,,,,,,,,,,,,,United States,company.public,USD-marketcap,"$6,540,000,000",$112.83,,12024.03,,,B.lion,,,,12026,phantasim,,,,,,,,,,
2657,12024,Hitachi Construction Machinery,XX-XY,,,Hitachi Construction Machinery,6305.T,,,,,,,,,,,,,Japan,company.public,USD-marketcap,"$6,540,000,000",$30.80,,12024.03,,,B.lion,,,,12026,phantasim,,,,,,,,,,
2658,12024,Liberty Global,XX-XY,,,Liberty Global,LBTYB,,,,,,,,,,,,,United Kingdom,company.public,USD-marketcap,"$6,530,000,000",$17.05,,12024.03,,,B.lion,,,,12026,phantasim,,,,,,,,,,
2659,12024,Kunlun Tech,XX-XY,,,Kunlun Tech,300418.SZ,,,,,,,,,,,,,China,company.public,USD-marketcap,"$6,530,000,000",$5.04,,,,,B.lion,,,,12026,phantasim,,,,,,,,,,
2660,12024,Falabella,XX-XY,,,Falabella,FALABELLA.SN,,,,,,,,,,,,,Chile,company.public,USD-marketcap,"$6,530,000,000",$2.60,,,,,B.lion,,,,12026,phantasim,,,,,,,,,,
2661,12024,Linde India,XX-XY,,,Linde India,LINDEINDIA.NS,,,,,,,,,,,,,India,company.public,USD-marketcap,"$6,530,000,000",$76.57,,,,,B.lion,,,,12026,phantasim,,,,,,,,,,
2662,12024,CAE,XX-XY,,,CAE,CAE,,,,,,,,,,,,,Canada,company.public,USD-marketcap,"$6,520,000,000",$20.50,,12024.03,,,B.lion,,,,12026,phantasim,,,,,,,,,,
2663,12024,Taylor Morrison,XX-XY,,,Taylor Morrison,TMHC,,,,,,,,,,,,,United States,company.public,USD-marketcap,"$6,520,000,000",$61.31,,12024.03,,,B.lion,,,,12026,phantasim,,,,,,,,,,
2664,12024,Alibaba Health Information Technology,XX-XY,,,Alibaba Health Information Technology,0241.HK,,,,,,,,,,,,,Hong Kong,company.public,USD-marketcap,"$6,520,000,000",$0.41,,,,,B.lion,,,,12026,phantasim,,,,,,,,,,
2665,12024,Selective Insurance,XX-XY,,,Selective Insurance,SIGI,,,,,,,,,,,,,United States,company.public,USD-marketcap,"$6,510,000,000",$107.42,,12024.03,,,B.lion,,,,12026,phantasim,,,,,,,,,,
2673,12024,Brunswick Corporation,XX-XY,,,Brunswick Corporation,BC,,,,,,,,,,,,,United States,company.public,USD-marketcap,"$6,500,000,000",$95.71,,12024.03,,,B.lion,,,,12026,phantasim,,,,,,,,,,
2674,12024,Allegheny Technologies,XX-XY,,,Allegheny Technologies,ATI,,,,,,,,,,,,,United States,company.public,USD-marketcap,"$6,500,000,000",$50.92,,12024.03,,,B.lion,,,,12026,phantasim,,,,,,,,,,
2675,12024,Ionis Pharmaceuticals,XX-XY,,,Ionis Pharmaceuticals,IONS,,,,,,,,,,,,,United States,company.public,USD-marketcap,"$6,500,000,000",$44.66,,12024.03,,,B.lion,,,,12026,phantasim,,,,,,,,,,
2676,12024,Raiffeisen Bank International,XX-XY,,,Raiffeisen Bank International,RAW.F,,,,,,,,,,,,,Austria,company.public,USD-marketcap,"$6,500,000,000",$19.80,,12024.03,,,B.lion,,,,12026,phantasim,,,,,,,,,,
2677,12024,Sprouts Farmers Market,XX-XY,,,Sprouts Farmers Market,SFM,,,,,,,,,,,,,United States,company.public,USD-marketcap,"$6,480,000,000",$64.04,,12024.03,,,B.lion,,,,12026,phantasim,,,,,,,,,,
2678,12024,Post Holdings,XX-XY,,,Post Holdings,POST,,,,,,,,,,,,,United States,company.public,USD-marketcap,"$6,480,000,000",$106.87,,12024.03,,,B.lion,,,,12026,phantasim,,,,,,,,,,
2679,12024,OPAP (Organization of Football Prognostics),XX-XY,,,OPAP (Organization of Football Prognostics),OPAP.AT,,,,,,,,,,,,,Greece,company.public,USD-marketcap,"$6,480,000,000",$17.61,,,,,B.lion,,,,12026,phantasim,,,,,,,,,,
2680,12024,Treasury Wine Estates,XX-XY,,,Treasury Wine Estates,TWE.AX,,,,,,,,,,,,,Australia,company.public,USD-marketcap,"$6,470,000,000",$7.99,,,,,B.lion,,,,12026,phantasim,,,,,,,,,,
2681,12024,YTL Power International,XX-XY,,,YTL Power International,6742.KL,,,,,,,,,,,,,Malaysia,company.public,USD-marketcap,"$6,470,000,000",$0.80,,,,,B.lion,,,,12026,phantasim,,,,,,,,,,
2682,12024,Inspire Medical Systems,XX-XY,,,Inspire Medical Systems,INSP,,,,,,,,,,,,,United States,company.public,USD-marketcap,"$6,460,000,000",$213.50,,12024.03,,,B.lion,,,,12026,phantasim,,,,,,,,,,
2683,12024,Krung Thai Bank,XX-XY,,,Krung Thai Bank,KTB.BK,,,,,,,,,,,,,Thailand,company.public,USD-marketcap,"$6,460,000,000",$0.46,,,,,B.lion,,,,12026,phantasim,,,,,,,,,,
2684,12024,MGM China Holdings,XX-XY,,,MGM China Holdings,2282.HK,,,,,,,,,,,,,Macau,company.public,USD-marketcap,"$6,460,000,000",$1.70,,,,,B.lion,,,,12026,phantasim,,,,,,,,,,
2685,12024,Mobile TeleSystems,XX-XY,,,Mobile TeleSystems,MTSS.ME,,,,,,,,,,,,,Russia,company.public,USD-marketcap,"$6,460,000,000",$3.18,,,,,B.lion,,,,12026,phantasim,,,,,,,,,,
2686,12024,BİM Birleşik Mağazalar,XX-XY,,,BİM Birleşik Mağazalar,BIMAS.IS,,,,,,,,,,,,,Turkey,company.public,USD-marketcap,"$6,460,000,000",$10.84,,,,,B.lion,,,,12026,phantasim,,,,,,,,,,
2687,12024,Sasa Polyester,XX-XY,,,Sasa Polyester,SASA.IS,,,,,,,,,,,,,Turkey,company.public,USD-marketcap,"$6,450,000,000",$1.21,,,,,B.lion,,,,12026,phantasim,,,,,,,,,,
2688,12024,Astral Poly Technik,XX-XY,,,Astral Poly Technik,ASTRAL.NS,,,,,,,,,,,,,India,company.public,USD-marketcap,"$6,440,000,000",$23.99,,,,,B.lion,,,,12026,phantasim,,,,,,,,,,
2689,12024,Wintrust Financial,XX-XY,,,Wintrust Financial,WTFC,,,,,,,,,,,,,United States,company.public,USD-marketcap,"$6,430,000,000",$104.67,,12024.03,,,B.lion,,,,12026,phantasim,,,,,,,,,,
2690,12024,Whirlpool,XX-XY,,,Whirlpool,WHR,,,,,,,,,,,,,United States,company.public,USD-marketcap,"$6,420,000,000",$117.89,,12024.03,,,B.lion,,,,12026,phantasim,,,,,,,,,,
2691,12024,Great Eastern,XX-XY,,,Great Eastern,G07.SI,,,,,,,,,,,,,Singapore,company.public,USD-marketcap,"$6,420,000,000",$13.58,,,,,B.lion,,,,12026,phantasim,,,,,,,,,,
2692,12024,South State Corp,XX-XY,,,South State Corp,SSB,,,,,,,,,,,,,United States,company.public,USD-marketcap,"$6,410,000,000",$84.13,,12024.03,,,B.lion,,,,12026,phantasim,,,,,,,,,,
2693,12024,AltaGas,XX-XY,,,AltaGas,ALA.TO,,,,,,,,,,,,,Canada,company.public,USD-marketcap,"$6,410,000,000",$21.72,,12024.03,,,B.lion,,,,12026,phantasim,,,,,,,,,,
2694,12024,Procter & Gamble India,XX-XY,,,Procter & Gamble India,PGHH.NS,,,,,,,,,,,,,India,company.public,USD-marketcap,"$6,410,000,000",$197.71,,,,,B.lion,,,,12026,phantasim,,,,,,,,,,
2703,12024,MINISO Group,XX-XY,,,MINISO Group,MNSO,,,,,,,,,,,,,China,company.public,USD-marketcap,"$6,400,000,000",$20.27,,12024.03,,,B.lion,,,,12026,phantasim,,,,,,,,,,
2704,12024,Eurazeo,XX-XY,,,Eurazeo,RF.PA,,,,,,,,,,,,,France,company.public,USD-marketcap,"$6,400,000,000",$87.41,,12024.03,,,B.lion,,,,12026,phantasim,,,,,,,,,,
2705,12024,Toyo Suisan,XX-XY,,,Toyo Suisan,2875.T,,,,,,,,,,,,,Japan,company.public,USD-marketcap,"$6,400,000,000",$62.76,,12024.03,,,B.lion,,,,12026,phantasim,,,,,,,,,,
2706,12024,Israel Discount Bank,XX-XY,,,Israel Discount Bank,ISDAY,,,,,,,,,,,,,Israel,company.public,USD-marketcap,"$6,380,000,000",$48.50,,12024.03,,,B.lion,,,,12026,phantasim,,,,,,,,,,
2707,12024,LEG Immobilien,XX-XY,,,LEG Immobilien,LEG.DE,,,,,,,,,,,,,Germany,company.public,USD-marketcap,"$6,380,000,000",$86.11,,,,,B.lion,,,,12026,phantasim,,,,,,,,,,
2708,12024,Sampoerna,XX-XY,,,Sampoerna,HMSP.JK,,,,,,,,,,,,,Indonesia,company.public,USD-marketcap,"$6,380,000,000",$0.05,,,,,B.lion,,,,12026,phantasim,,,,,,,,,,
2709,12024,Zions Bancorporation,XX-XY,,,Zions Bancorporation,ZION,,,,,,,,,,,,,United States,company.public,USD-marketcap,"$6,360,000,000",$43.15,,12024.03,,,B.lion,,,,12026,phantasim,,,,,,,,,,
2710,12024,Sime Darby Plantation,XX-XY,,,Sime Darby Plantation,5285.KL,,,,,,,,,,,,,Malaysia,company.public,USD-marketcap,"$6,360,000,000",$0.92,,,,,B.lion,,,,12026,phantasim,,,,,,,,,,
2711,12024,Supreme Industries,XX-XY,,,Supreme Industries,SUPREMEIND.NS,,,,,,,,,,,,,India,company.public,USD-marketcap,"$6,360,000,000",$50.07,,,,,B.lion,,,,12026,phantasim,,,,,,,,,,
2712,12024,Boyd Gaming,XX-XY,,,Boyd Gaming,BYD,,,,,,,,,,,,,United States,company.public,USD-marketcap,"$6,350,000,000",$66.42,,12024.03,,,B.lion,,,,12026,phantasim,,,,,,,,,,
2713,12024,Diploma plc,XX-XY,,,Diploma plc,DPLM.L,,,,,,,,,,,,,United Kingdom,company.public,USD-marketcap,"$6,350,000,000",$47.40,,,,,B.lion,,,,12026,phantasim,,,,,,,,,,
2714,12024,Meiji Holdings,XX-XY,,,Meiji Holdings,2269.T,,,,,,,,,,,,,Japan,company.public,USD-marketcap,"$6,340,000,000",$22.74,,12024.03,,,B.lion,,,,12026,phantasim,,,,,,,,,,
2715,12024,Choice Hotels International,XX-XY,,,Choice Hotels International,CHH,,,,,,,,,,,,,United States,company.public,USD-marketcap,"$6,330,000,000",$127.90,,12024.03,,,B.lion,,,,12026,phantasim,,,,,,,,,,
2716,12024,Entain,XX-XY,,,Entain,ENT.L,,,,,,,,,,,,,Isle of Man,company.public,USD-marketcap,"$6,330,000,000",$9.92,,12024.03,,,B.lion,,,,12026,phantasim,,,,,,,,,,
2717,12024,Sekisui Chemical,XX-XY,,,Sekisui Chemical,4204.T,,,,,,,,,,,,,Japan,company.public,USD-marketcap,"$6,330,000,000",$14.99,,12024.03,,,B.lion,,,,12026,phantasim,,,,,,,,,,
2718,12024,Endeavour Group,XX-XY,,,Endeavour Group,EDV.AX,,,,,,,,,,,,,Australia,company.public,USD-marketcap,"$6,330,000,000",$3.54,,,,,B.lion,,,,12026,phantasim,,,,,,,,,,
2719,12024,Element Fleet Management,XX-XY,,,Element Fleet Management,EFN.TO,,,,,,,,,,,,,Canada,company.public,USD-marketcap,"$6,330,000,000",$16.28,,,,,B.lion,,,,12026,phantasim,,,,,,,,,,
2720,12024,Container Corporation of India,XX-XY,,,Container Corporation of India,CONCOR.NS,,,,,,,,,,,,,India,company.public,USD-marketcap,"$6,330,000,000",$10.40,,,,,B.lion,,,,12026,phantasim,,,,,,,,,,
2721,12024,MOL Group,XX-XY,,,MOL Group,MOL.BD,,,,,,,,,,,,,Hungary,company.public,USD-marketcap,"$6,320,000,000",$8.02,,,,,B.lion,,,,12026,phantasim,,,,,,,,,,
2722,12024,Yakult,XX-XY,,,Yakult,2267.T,,,,,,,,,,,,,Japan,company.public,USD-marketcap,"$6,310,000,000",$20.68,,12024.03,,,B.lion,,,,12026,phantasim,,,,,,,,,,
2729,12024,Essent Group,XX-XY,,,Essent Group,ESNT,,,,,,,,,,,,,Bermuda,company.public,USD-marketcap,"$6,300,000,000",$59.04,,12024.03,,,B.lion,,,,12026,phantasim,,,,,,,,,,
2731,12024,Banco Popular,XX-XY,,,Banco Popular,BPOP,,,,,,,,,,,,,United States,company.public,USD-marketcap,"$6,290,000,000",$87.19,,12024.03,,,B.lion,,,,12026,phantasim,,,,,,,,,,
2732,12024,Axfood,XX-XY,,,Axfood,AXFO.ST,,,,,,,,,,,,,Sweden,company.public,USD-marketcap,"$6,290,000,000",$29.15,,,,,B.lion,,,,12026,phantasim,,,,,,,,,,
2733,12024,Tingyi (master kang),XX-XY,,,Tingyi (master kang),0322.HK,,,,,,,,,,,,,China,company.public,USD-marketcap,"$6,280,000,000",$1.11,,,,,B.lion,,,,12026,phantasim,,,,,,,,,,
2734,12024,Suzlon,XX-XY,,,Suzlon,SUZLON.NS,,,,,,,,,,,,,India,company.public,USD-marketcap,"$6,280,000,000",$0.46,,,,,B.lion,,,,12026,phantasim,,,,,,,,,,
2735,12024,Fertiglobe,XX-XY,,,Fertiglobe,FERTIGLB.AE,,,,,,,,,,,,,United Arab Emirates,company.public,USD-marketcap,"$6,280,000,000",$0.76,,,,,B.lion,,,,12026,phantasim,,,,,,,,,,
2736,12024,GXO Logistics,XX-XY,,,GXO Logistics,GXO,,,,,,,,,,,,,United States,company.public,USD-marketcap,"$6,270,000,000",$52.63,,12024.03,,,B.lion,,,,12026,phantasim,,,,,,,,,,
2737,12024,Rohm,XX-XY,,,Rohm,6963.T,,,,,,,,,,,,,Japan,company.public,USD-marketcap,"$6,270,000,000",$16.25,,12024.03,,,B.lion,,,,12026,phantasim,,,,,,,,,,
2738,12024,Taylor Wimpey,XX-XY,,,Taylor Wimpey,TW.L,,,,,,,,,,,,,United Kingdom,company.public,USD-marketcap,"$6,260,000,000",$1.77,,12024.03,,,B.lion,,,,12026,phantasim,,,,,,,,,,
2739,12024,Isetan Mitsukoshi Holdings,XX-XY,,,Isetan Mitsukoshi Holdings,3099.T,,,,,,,,,,,,,Japan,company.public,USD-marketcap,"$6,260,000,000",$16.55,,12024.03,,,B.lion,,,,12026,phantasim,,,,,,,,,,
2740,12024,Warehouses De Pauw,XX-XY,,,Warehouses De Pauw,WDP.BR,,,,,,,,,,,,,Belgium,company.public,USD-marketcap,"$6,260,000,000",$28.53,,,,,B.lion,,,,12026,phantasim,,,,,,,,,,
2741,12024,Meritage Homes,XX-XY,,,Meritage Homes,MTH,,,,,,,,,,,,,United States,company.public,USD-marketcap,"$6,240,000,000",$172.63,,12024.03,,,B.lion,,,,12026,phantasim,,,,,,,,,,
2742,12024,Vicinity Centres,XX-XY,,,Vicinity Centres,VCX.AX,,,,,,,,,,,,,Australia,company.public,USD-marketcap,"$6,240,000,000",$1.37,,,,,B.lion,,,,12026,phantasim,,,,,,,,,,
2743,12024,Chang Hwa Commercial Bank,XX-XY,,,Chang Hwa Commercial Bank,2801.TW,,,,,,,,,,,,,Taiwan,company.public,USD-marketcap,"$6,240,000,000",$0.57,,,,,B.lion,,,,12026,phantasim,,,,,,,,,,
2744,12024,SPIE,XX-XY,,,SPIE,SPIE.PA,,,,,,,,,,,,,France,company.public,USD-marketcap,"$6,240,000,000",$37.54,,,,,B.lion,,,,12026,phantasim,,,,,,,,,,
2745,12024,Novanta,XX-XY,,,Novanta,NOVT,,,,,,,,,,,,,United States,company.public,USD-marketcap,"$6,220,000,000",$173.80,,12024.03,,,B.lion,,,,12026,phantasim,,,,,,,,,,
2746,12024,AutoStore Holdings,XX-XY,,,AutoStore Holdings,AUTO.OL,,,,,,,,,,,,,Norway,company.public,USD-marketcap,"$6,220,000,000",$1.85,,,,,B.lion,,,,12026,phantasim,,,,,,,,,,
2747,12024,Wyndham Hotels & Resorts,XX-XY,,,Wyndham Hotels & Resorts,WH,,,,,,,,,,,,,United States,company.public,USD-marketcap,"$6,210,000,000",$76.70,,12024.03,,,B.lion,,,,12026,phantasim,,,,,,,,,,
2748,12024,Andritz,XX-XY,,,Andritz,AZ2.F,,,,,,,,,,,,,Austria,company.public,USD-marketcap,"$6,210,000,000",$62.07,,12024.03,,,B.lion,,,,12026,phantasim,,,,,,,,,,
2749,12024,iA Financial,XX-XY,,,iA Financial,IAG.TO,,,,,,,,,,,,,Canada,company.public,USD-marketcap,"$6,210,000,000",$62.38,,,,,B.lion,,,,12026,phantasim,,,,,,,,,,
2750,12024,Bharat Forge,XX-XY,,,Bharat Forge,BHARATFORG.NS,,,,,,,,,,,,,India,company.public,USD-marketcap,"$6,210,000,000",$13.34,,,,,B.lion,,,,12026,phantasim,,,,,,,,,,
2758,12024,ADT,XX-XY,,,ADT,ADT,,,,,,,,,,,,,United States,company.public,USD-marketcap,"$6,200,000,000",$6.73,,12024.03,,,B.lion,,,,12026,phantasim,,,,,,,,,,
2759,12024,Timken Company,XX-XY,,,Timken Company,TKR,,,,,,,,,,,,,United States,company.public,USD-marketcap,"$6,200,000,000",$88.14,,12024.03,,,B.lion,,,,12026,phantasim,,,,,,,,,,
2760,12024,Addtech AB,XX-XY,,,Addtech AB,ADDT-B.ST,,,,,,,,,,,,,Sweden,company.public,USD-marketcap,"$6,200,000,000",$22.99,,,,,B.lion,,,,12026,phantasim,,,,,,,,,,
2762,12024,Hamilton Lane,XX-XY,,,Hamilton Lane,HLNE,,,,,,,,,,,,,United States,company.public,USD-marketcap,"$6,190,000,000",$110.87,,12024.03,,,B.lion,,,,12026,phantasim,,,,,,,,,,
2763,12024,Howden Joinery,XX-XY,,,Howden Joinery,HWDN.L,,,,,,,,,,,,,United Kingdom,company.public,USD-marketcap,"$6,190,000,000",$11.29,,,,,B.lion,,,,12026,phantasim,,,,,,,,,,
2764,12024,Land Securities Group,XX-XY,,,Land Securities Group,LAND.L,,,,,,,,,,,,,United Kingdom,company.public,USD-marketcap,"$6,190,000,000",$8.31,,,,,B.lion,,,,12026,phantasim,,,,,,,,,,
2765,12024,MEG Energy,XX-XY,,,MEG Energy,MEG.TO,,,,,,,,,,,,,Canada,company.public,USD-marketcap,"$6,180,000,000",$22.74,,,,,B.lion,,,,12026,phantasim,,,,,,,,,,
2766,12024,Gildan,XX-XY,,,Gildan,GIL,,,,,,,,,,,,,Canada,company.public,USD-marketcap,"$6,170,000,000",$36.61,,12024.03,,,B.lion,,,,12026,phantasim,,,,,,,,,,
2767,12024,First American,XX-XY,,,First American,FAF,,,,,,,,,,,,,United States,company.public,USD-marketcap,"$6,160,000,000",$59.83,,12024.03,,,B.lion,,,,12026,phantasim,,,,,,,,,,
2768,12024,Ultrapar Participacoes,XX-XY,,,Ultrapar Participacoes,UGP,,,,,,,,,,,,,Brazil,company.public,USD-marketcap,"$6,160,000,000",$5.66,,12024.03,,,B.lion,,,,12026,phantasim,,,,,,,,,,
2769,12024,Colliers International,XX-XY,,,Colliers International,CIGI,,,,,,,,,,,,,Canada,company.public,USD-marketcap,"$6,150,000,000",$123.10,,12024.03,,,B.lion,,,,12026,phantasim,,,,,,,,,,
2770,12024,Pirelli,XX-XY,,,Pirelli,PIRC.MI,,,,,,,,,,,,,Italy,company.public,USD-marketcap,"$6,150,000,000",$6.14,,,,,B.lion,,,,12026,phantasim,,,,,,,,,,
2771,12024,Zealand Pharma,XX-XY,,,Zealand Pharma,ZEAL.CO,,,,,,,,,,,,,Denmark,company.public,USD-marketcap,"$6,150,000,000",$98.95,,,,,B.lion,,,,12026,phantasim,,,,,,,,,,
2772,12024,AAK,XX-XY,,,AAK,AAK.ST,,,,,,,,,,,,,Sweden,company.public,USD-marketcap,"$6,140,000,000",$23.67,,12024.03,,,B.lion,,,,12026,phantasim,,,,,,,,,,
2773,12024,Ampol,XX-XY,,,Ampol,ALD.AX,,,,,,,,,,,,,Australia,company.public,USD-marketcap,"$6,140,000,000",$25.79,,12024.03,,,B.lion,,,,12026,phantasim,,,,,,,,,,
2774,12024,IGM Financial,XX-XY,,,IGM Financial,IGM.TO,,,,,,,,,,,,,Canada,company.public,USD-marketcap,"$6,130,000,000",$25.76,,,,,B.lion,,,,12026,phantasim,,,,,,,,,,
2775,12024,ENKA,XX-XY,,,ENKA,ENKAI.IS,,,,,,,,,,,,,Turkey,company.public,USD-marketcap,"$6,130,000,000",$1.07,,,,,B.lion,,,,12026,phantasim,,,,,,,,,,
2776,12024,Abercrombie & Fitch,XX-XY,,,Abercrombie & Fitch,ANF,,,,,,,,,,,,,United States,company.public,USD-marketcap,"$6,120,000,000",$121.36,,12024.03,,,B.lion,,,,12026,phantasim,,,,,,,,,,
2777,12024,Ibiden,XX-XY,,,Ibiden,4062.T,,,,,,,,,,,,,Japan,company.public,USD-marketcap,"$6,120,000,000",$43.84,,12024.03,,,B.lion,,,,12026,phantasim,,,,,,,,,,
2778,12024,Thor Industries,XX-XY,,,Thor Industries,THO,,,,,,,,,,,,,United States,company.public,USD-marketcap,"$6,110,000,000",$114.63,,12024.03,,,B.lion,,,,12026,phantasim,,,,,,,,,,
2779,12024,Intouch Holdings,XX-XY,,,Intouch Holdings,INTUCH.BK,,,,,,,,,,,,,Thailand,company.public,USD-marketcap,"$6,110,000,000",$1.91,,,,,B.lion,,,,12026,phantasim,,,,,,,,,,
2787,12024,Red Rock Resorts,XX-XY,,,Red Rock Resorts,RRR,,,,,,,,,,,,,United States,company.public,USD-marketcap,"$6,100,000,000",$59.76,,12024.03,,,B.lion,,,,12026,phantasim,,,,,,,,,,
2788,12024,Qualys,XX-XY,,,Qualys,QLYS,,,,,,,,,,,,,United States,company.public,USD-marketcap,"$6,100,000,000",$165.20,,12024.03,,,B.lion,,,,12026,phantasim,,,,,,,,,,
2789,12024,Qantas Airways,XX-XY,,,Qantas Airways,QAN.AX,,,,,,,,,,,,,Australia,company.public,USD-marketcap,"$6,090,000,000",$3.54,,,,,B.lion,,,,12026,phantasim,,,,,,,,,,
2790,12024,Prosperity Bancshares,XX-XY,,,Prosperity Bancshares,PB,,,,,,,,,,,,,United States,company.public,USD-marketcap,"$6,080,000,000",$65.06,,12024.03,,,B.lion,,,,12026,phantasim,,,,,,,,,,
2791,12024,Cosan,XX-XY,,,Cosan,CSAN,,,,,,,,,,,,,Brazil,company.public,USD-marketcap,"$6,080,000,000",$13.02,,12024.03,,,B.lion,,,,12026,phantasim,,,,,,,,,,
2792,12024,ADES Holding Company,XX-XY,,,ADES Holding Company,2382.SR,,,,,,,,,,,,,Saudi Arabia,company.public,USD-marketcap,"$6,080,000,000",$5.55,,,,,B.lion,,,,12026,phantasim,,,,,,,,,,
2793,12024,Qatar Gas Transport Company,XX-XY,,,Qatar Gas Transport Company,QGTS.QA,,,,,,,,,,,,,Qatar,company.public,USD-marketcap,"$6,080,000,000",$1.10,,,,,B.lion,,,,12026,phantasim,,,,,,,,,,
2794,12024,Georg Fischer,XX-XY,,,Georg Fischer,GF.SW,,,,,,,,,,,,,Switzerland,company.public,USD-marketcap,"$6,070,000,000",$74.17,,12024.03,,,B.lion,,,,12026,phantasim,,,,,,,,,,
2795,12024,Mueller Industries,XX-XY,,,Mueller Industries,MLI,,,,,,,,,,,,,United States,company.public,USD-marketcap,"$6,060,000,000",$53.40,,12024.03,,,B.lion,,,,12026,phantasim,,,,,,,,,,
2796,12024,New Fortress Energy,XX-XY,,,New Fortress Energy,NFE,,,,,,,,,,,,,United States,company.public,USD-marketcap,"$6,060,000,000",$29.60,,12024.03,,,B.lion,,,,12026,phantasim,,,,,,,,,,
2797,12024,Beacon Roofing Supply,XX-XY,,,Beacon Roofing Supply,BECN,,,,,,,,,,,,,United States,company.public,USD-marketcap,"$6,060,000,000",$95.05,,12024.03,,,B.lion,,,,12026,phantasim,,,,,,,,,,
2798,12024,Bausch + Lomb,XX-XY,,,Bausch + Lomb,BLCO,,,,,,,,,,,,,Canada,company.public,USD-marketcap,"$6,060,000,000",$17.21,,12024.03,,,B.lion,,,,12026,phantasim,,,,,,,,,,
2799,12024,Insight Enterprises,XX-XY,,,Insight Enterprises,NSIT,,,,,,,,,,,,,United States,company.public,USD-marketcap,"$6,060,000,000",$186.15,,12024.03,,,B.lion,,,,12026,phantasim,,,,,,,,,,
2800,12024,BELIMO Holding,XX-XY,,,BELIMO Holding,BEAN.SW,,,,,,,,,,,,,Switzerland,company.public,USD-marketcap,"$6,060,000,000",$493.25,,,,,B.lion,,,,12026,phantasim,,,,,,,,,,
2801,12024,OneMain Financial,XX-XY,,,OneMain Financial,OMF,,,,,,,,,,,,,United States,company.public,USD-marketcap,"$6,050,000,000",$50.52,,12024.03,,,B.lion,,,,12026,phantasim,,,,,,,,,,
2802,12024,Frontier Communications,XX-XY,,,Frontier Communications,FYBR,,,,,,,,,,,,,United States,company.public,USD-marketcap,"$6,050,000,000",$24.64,,12024.03,,,B.lion,,,,12026,phantasim,,,,,,,,,,
2803,12024,Hexcel,XX-XY,,,Hexcel,HXL,,,,,,,,,,,,,United States,company.public,USD-marketcap,"$6,040,000,000",$72.80,,12024.03,,,B.lion,,,,12026,phantasim,,,,,,,,,,
2804,12024,Louisiana-Pacific,XX-XY,,,Louisiana-Pacific,LPX,,,,,,,,,,,,,United States,company.public,USD-marketcap,"$6,040,000,000",$83.60,,12024.03,,,B.lion,,,,12026,phantasim,,,,,,,,,,
2805,12024,EnLink Midstream,XX-XY,,,EnLink Midstream,ENLC,,,,,,,,,,,,,United States,company.public,USD-marketcap,"$6,040,000,000",$13.35,,12024.03,,,B.lion,,,,12026,phantasim,,,,,,,,,,
2806,12024,Reynolds Consumer,XX-XY,,,Reynolds Consumer,REYN,,,,,,,,,,,,,United States,company.public,USD-marketcap,"$6,040,000,000",$28.77,,12024.03,,,B.lion,,,,12026,phantasim,,,,,,,,,,
2807,12024,NewMarket Corp,XX-XY,,,NewMarket Corp,NEU,,,,,,,,,,,,,United States,company.public,USD-marketcap,"$6,030,000,000",$629.58,,12024.03,,,B.lion,,,,12026,phantasim,,,,,,,,,,
2808,12024,Chiba Bank,XX-XY,,,Chiba Bank,CHBAY,,,,,,,,,,,,,Japan,company.public,USD-marketcap,"$6,030,000,000",$37.04,,12024.03,,,B.lion,,,,12026,phantasim,,,,,,,,,,
2809,12024,Saudi International Petrochemical Company (Sipchem),XX-XY,,,Saudi International Petrochemical Company (Sipchem),2310.SR,,,,,,,,,,,,,Saudi Arabia,company.public,USD-marketcap,"$6,030,000,000",$8.23,,,,,B.lion,,,,12026,phantasim,,,,,,,,,,
2810,12024,Masraf Al Rayan,XX-XY,,,Masraf Al Rayan,MARK.QA,,,,,,,,,,,,,Qatar,company.public,USD-marketcap,"$6,030,000,000",$0.65,,,,,B.lion,,,,12026,phantasim,,,,,,,,,,
2811,12024,Element Solutions,XX-XY,,,Element Solutions,ESI,,,,,,,,,,,,,United States,company.public,USD-marketcap,"$6,020,000,000",$24.89,,12024.03,,,B.lion,,,,12026,phantasim,,,,,,,,,,
2812,12024,Banco de Crédito e Inversiones,XX-XY,,,Banco de Crédito e Inversiones,BCI.SN,,,,,,,,,,,,,Chile,company.public,USD-marketcap,"$6,020,000,000",$28.60,,12024.03,,,B.lion,,,,12026,phantasim,,,,,,,,,,
2813,12024,YTL Corporation Berhad,XX-XY,,,YTL Corporation Berhad,1773.T,,,,,,,,,,,,,Malaysia,company.public,USD-marketcap,"$6,010,000,000",$0.55,,12024.03,,,B.lion,,,,12026,phantasim,,,,,,,,,,
2826,12024,Boise Cascade,XX-XY,,,Boise Cascade,BCC,,,,,,,,,,,,,United States,company.public,USD-marketcap,"$6,000,000,000",$151.83,,12024.03,,,B.lion,,,,12026,phantasim,,,,,,,,,,
2827,12024,Flowserve,XX-XY,,,Flowserve,FLS,,,,,,,,,,,,,United States,company.public,USD-marketcap,"$6,000,000,000",$45.73,,12024.03,,,B.lion,,,,12026,phantasim,,,,,,,,,,
2828,12024,McDonald's Japan,XX-XY,,,McDonald's Japan,2702.T,,,,,,,,,,,,,Japan,company.public,USD-marketcap,"$6,000,000,000",$45.13,,12024.03,,,B.lion,,,,12026,phantasim,,,,,,,,,,
2829,12024,National Marine Dredging,XX-XY,,,National Marine Dredging,NMDC.AE,,,,,,,,,,,,,United Arab Emirates,company.public,USD-marketcap,"$6,000,000,000",$7.28,,,,,B.lion,,,,12026,phantasim,,,,,,,,,,
2832,12024,IMI plc,XX-XY,,,IMI plc,IMI.L,,,,,,,,,,,,,United Kingdom,company.public,USD-marketcap,"$5,990,000,000",$22.93,,12024.03,,,B.lion,,,,12026,phantasim,,,,,,,,,,
2833,12024,Investec,XX-XY,,,Investec,INVR.L,,,,,,,,,,,,,United Kingdom,company.public,USD-marketcap,"$5,990,000,000",$6.79,,,,,B.lion,,,,12026,phantasim,,,,,,,,,,
2834,12024,Unipol Gruppo,XX-XY,,,Unipol Gruppo,UNI.MI,,,,,,,,,,,,,Italy,company.public,USD-marketcap,"$5,990,000,000",$8.36,,,,,B.lion,,,,12026,phantasim,,,,,,,,,,
2835,12024,Littelfuse,XX-XY,,,Littelfuse,LFUS,,,,,,,,,,,,,United States,company.public,USD-marketcap,"$5,980,000,000",$239.98,,12024.03,,,B.lion,,,,12026,phantasim,,,,,,,,,,
2836,12024,Fuchs Petrolub,XX-XY,,,Fuchs Petrolub,FPE.F,,,,,,,,,,,,,Germany,company.public,USD-marketcap,"$5,980,000,000",$39.59,,12024.03,,,B.lion,,,,12026,phantasim,,,,,,,,,,
2837,12024,OTE Group,XX-XY,,,OTE Group,OTE.F,,,,,,,,,,,,,Greece,company.public,USD-marketcap,"$5,980,000,000",$14.37,,12024.03,,,B.lion,,,,12026,phantasim,,,,,,,,,,
2838,12024,Securitas AB,XX-XY,,,Securitas AB,SECU-B.ST,,,,,,,,,,,,,Sweden,company.public,USD-marketcap,"$5,980,000,000",$10.45,,,,,B.lion,,,,12026,phantasim,,,,,,,,,,
2839,12024,Central Retail Corporation,XX-XY,,,Central Retail Corporation,CRC.BK,,,,,,,,,,,,,Thailand,company.public,USD-marketcap,"$5,970,000,000",$0.99,,,,,B.lion,,,,12026,phantasim,,,,,,,,,,
2840,12024,Copenhagen Airport,XX-XY,,,Copenhagen Airport,KBHL.CO,,,,,,,,,,,,,Denmark,company.public,USD-marketcap,"$5,970,000,000",$760.84,,,,,B.lion,,,,12026,phantasim,,,,,,,,,,
2841,12024,Alcoa,XX-XY,,,Alcoa,AA,,,,,,,,,,,,,United States,company.public,USD-marketcap,"$5,960,000,000",$33.21,,12024.03,,,B.lion,,,,12026,phantasim,,,,,,,,,,
2842,12024,Harley-Davidson,XX-XY,,,Harley-Davidson,HOG,,,,,,,,,,,,,United States,company.public,USD-marketcap,"$5,960,000,000",$43.66,,12024.03,,,B.lion,,,,12026,phantasim,,,,,,,,,,
2843,12024,Sojitz Corporation,XX-XY,,,Sojitz Corporation,2768.T,,,,,,,,,,,,,Japan,company.public,USD-marketcap,"$5,960,000,000",$26.98,,12024.03,,,B.lion,,,,12026,phantasim,,,,,,,,,,
2844,12024,Australian Foundation Investment Company,XX-XY,,,Australian Foundation Investment Company,AFI.AX,,,,,,,,,,,,,Australia,company.public,USD-marketcap,"$5,960,000,000",$4.76,,12024.03,,,B.lion,,,,12026,phantasim,,,,,,,,,,
2845,12024,PSP Swiss Property,XX-XY,,,PSP Swiss Property,PSPN.SW,,,,,,,,,,,,,Switzerland,company.public,USD-marketcap,"$5,960,000,000",$130.11,,,,,B.lion,,,,12026,phantasim,,,,,,,,,,
2846,12024,Korean Air Lines,XX-XY,,,Korean Air Lines,003495.KS,,,,,,,,,,,,,South Korea,company.public,USD-marketcap,"$5,960,000,000",$18.30,,,,,B.lion,,,,12026,phantasim,,,,,,,,,,
2847,12024,Ashok Leyland,XX-XY,,,Ashok Leyland,ASHOKLEY.NS,,,,,,,,,,,,,India,company.public,USD-marketcap,"$5,960,000,000",$2.03,,,,,B.lion,,,,12026,phantasim,,,,,,,,,,
2848,12024,Central Bank of India,XX-XY,,,Central Bank of India,CENTRALBK.NS,,,,,,,,,,,,,India,company.public,USD-marketcap,"$5,960,000,000",$0.69,,,,,B.lion,,,,12026,phantasim,,,,,,,,,,
2849,12024,Fomento de Construcciones y Contratas,XX-XY,,,Fomento de Construcciones y Contratas,FCC.MC,,,,,,,,,,,,,Spain,company.public,USD-marketcap,"$5,950,000,000",$13.65,,,,,B.lion,,,,12026,phantasim,,,,,,,,,,
2850,12024,Mirvac Group,XX-XY,,,Mirvac Group,MGR.AX,,,,,,,,,,,,,Australia,company.public,USD-marketcap,"$5,950,000,000",$1.51,,,,,B.lion,,,,12026,phantasim,,,,,,,,,,
2851,12024,Empire Company,XX-XY,,,Empire Company,EMP-A.TO,,,,,,,,,,,,,Canada,company.public,USD-marketcap,"$5,950,000,000",$24.40,,,,,B.lion,,,,12026,phantasim,,,,,,,,,,
2852,12024,MGIC Investment,XX-XY,,,MGIC Investment,MTG,,,,,,,,,,,,,United States,company.public,USD-marketcap,"$5,940,000,000",$22.13,,12024.03,,,B.lion,,,,12026,phantasim,,,,,,,,,,
2853,12024,Global-e,XX-XY,,,Global-e,GLBE,,,,,,,,,,,,,Israel,company.public,USD-marketcap,"$5,940,000,000",$36.22,,12024.03,,,B.lion,,,,12026,phantasim,,,,,,,,,,
2854,12024,PB Fintech,XX-XY,,,PB Fintech,POLICYBZR.NS,,,,,,,,,,,,,India,company.public,USD-marketcap,"$5,940,000,000",$13.30,,,,,B.lion,,,,12026,phantasim,,,,,,,,,,
2855,12024,SCSK Corporation,XX-XY,,,SCSK Corporation,9719.T,,,,,,,,,,,,,Japan,company.public,USD-marketcap,"$5,920,000,000",$18.97,,12024.03,,,B.lion,,,,12026,phantasim,,,,,,,,,,
2856,12024,NEXTDC,XX-XY,,,NEXTDC,NXT.AX,,,,,,,,,,,,,Australia,company.public,USD-marketcap,"$5,920,000,000",$11.49,,,,,B.lion,,,,12026,phantasim,,,,,,,,,,
2857,12024,Scor,XX-XY,,,Scor,SCR.PA,,,,,,,,,,,,,France,company.public,USD-marketcap,"$5,920,000,000",$33.15,,,,,B.lion,,,,12026,phantasim,,,,,,,,,,
2858,12024,Cemig,XX-XY,,,Cemig,CIG,,,,,,,,,,,,,Brazil,company.public,USD-marketcap,"$5,910,000,000",$2.51,,12024.03,,,B.lion,,,,12026,phantasim,,,,,,,,,,
2859,12024,PTT Oil and Retail Business,XX-XY,,,PTT Oil and Retail Business,OR.BK,,,,,,,,,,,,,Thailand,company.public,USD-marketcap,"$5,910,000,000",$0.49,,12024.03,,,B.lion,,,,12026,phantasim,,,,,,,,,,
2865,12024,Genpact,XX-XY,,,Genpact,G,,,,,,,,,,,,,Bermuda,company.public,USD-marketcap,"$5,900,000,000",$32.76,,12024.03,,,B.lion,,,,12026,phantasim,,,,,,,,,,
2866,12024,Marathon Digital Holdings,XX-XY,,,Marathon Digital Holdings,MARA,,,,,,,,,,,,,United States,company.public,USD-marketcap,"$5,900,000,000",$22.07,,12024.03,,,B.lion,,,,12026,phantasim,,,,,,,,,,
2867,12024,Toho Co.,XX-XY,,,Toho Co.,9602.T,,,,,,,,,,,,,Japan,company.public,USD-marketcap,"$5,900,000,000",$33.73,,12024.03,,,B.lion,,,,12026,phantasim,,,,,,,,,,
2868,12024,Patanjali Foods,XX-XY,,,Patanjali Foods,PATANJALI.NS,,,,,,,,,,,,,India,company.public,USD-marketcap,"$5,900,000,000",$16.32,,,,,B.lion,,,,12026,phantasim,,,,,,,,,,
2871,12024,Colruyt,XX-XY,,,Colruyt,COLR.BR,,,,,,,,,,,,,Belgium,company.public,USD-marketcap,"$5,890,000,000",$46.95,,,,,B.lion,,,,12026,phantasim,,,,,,,,,,
2872,12024,New Hope Liuhe,XX-XY,,,New Hope Liuhe,000876.SZ,,,,,,,,,,,,,China,company.public,USD-marketcap,"$5,890,000,000",$1.30,,,,,B.lion,,,,12026,phantasim,,,,,,,,,,
2873,12024,BOK Financial,XX-XY,,,BOK Financial,BOKF,,,,,,,,,,,,,United States,company.public,USD-marketcap,"$5,880,000,000",$91.07,,12024.03,,,B.lion,,,,12026,phantasim,,,,,,,,,,
2874,12024,Terreno Realty,XX-XY,,,Terreno Realty,TRNO,,,,,,,,,,,,,United States,company.public,USD-marketcap,"$5,880,000,000",$65.33,,12024.03,,,B.lion,,,,12026,phantasim,,,,,,,,,,
2875,12024,Monotaro,XX-XY,,,Monotaro,3064.T,,,,,,,,,,,,,Japan,company.public,USD-marketcap,"$5,880,000,000",$11.84,,12024.03,,,B.lion,,,,12026,phantasim,,,,,,,,,,
2876,12024,Atacadão,XX-XY,,,Atacadão,CRFB3.SA,,,,,,,,,,,,,Brazil,company.public,USD-marketcap,"$5,880,000,000",$2.79,,,,,B.lion,,,,12026,phantasim,,,,,,,,,,
2877,12024,Copel,XX-XY,,,Copel,ELP,,,,,,,,,,,,,Brazil,company.public,USD-marketcap,"$5,870,000,000",$7.88,,12024.03,,,B.lion,,,,12026,phantasim,,,,,,,,,,
2878,12024,Dutch Bros,XX-XY,,,Dutch Bros,BROS,,,,,,,,,,,,,United States,company.public,USD-marketcap,"$5,870,000,000",$33.15,,12024.03,,,B.lion,,,,12026,phantasim,,,,,,,,,,
2879,12024,VF Corporation,XX-XY,,,VF Corporation,VFC,,,,,,,,,,,,,United States,company.public,USD-marketcap,"$5,860,000,000",$15.09,,12024.03,,,B.lion,,,,12026,phantasim,,,,,,,,,,
2880,12024,Phoenix Mills,XX-XY,,,Phoenix Mills,PHOENIXLTD.NS,,,,,,,,,,,,,India,company.public,USD-marketcap,"$5,860,000,000",$32.76,,,,,B.lion,,,,12026,phantasim,,,,,,,,,,
2881,12024,L'Occitane International,XX-XY,,,L'Occitane International,COC.F,,,,,,,,,,,,,Luxembourg,company.public,USD-marketcap,"$5,850,000,000",$3.93,,12024.03,,,B.lion,,,,12026,phantasim,,,,,,,,,,
2882,12024,Kintetsu GHD,XX-XY,,,Kintetsu GHD,9041.T,,,,,,,,,,,,,Japan,company.public,USD-marketcap,"$5,850,000,000",$30.78,,12024.03,,,B.lion,,,,12026,phantasim,,,,,,,,,,
2883,12024,Barratt Developments,XX-XY,,,Barratt Developments,BDEV.L,,,,,,,,,,,,,United Kingdom,company.public,USD-marketcap,"$5,850,000,000",$6.01,,12024.03,,,B.lion,,,,12026,phantasim,,,,,,,,,,
2884,12024,Nestle Malaysia,XX-XY,,,Nestle Malaysia,4707.KL,,,,,,,,,,,,,Malaysia,company.public,USD-marketcap,"$5,850,000,000",$24.95,,,,,B.lion,,,,12026,phantasim,,,,,,,,,,
2885,12024,Keyera,XX-XY,,,Keyera,KEY.TO,,,,,,,,,,,,,Canada,company.public,USD-marketcap,"$5,840,000,000",$25.49,,,,,B.lion,,,,12026,phantasim,,,,,,,,,,
2886,12024,OCI,XX-XY,,,OCI,OCI.AS,,,,,,,,,,,,,Netherlands,company.public,USD-marketcap,"$5,840,000,000",$27.73,,,,,B.lion,,,,12026,phantasim,,,,,,,,,,
2887,12024,Teleperformance,XX-XY,,,Teleperformance,TEP.PA,,,,,,,,,,,,,France,company.public,USD-marketcap,"$5,840,000,000",$98.22,,,,,B.lion,,,,12026,phantasim,,,,,,,,,,
2888,12024,CSN Mineração,XX-XY,,,CSN Mineração,CMIN3.SA,,,,,,,,,,,,,Brazil,company.public,USD-marketcap,"$5,840,000,000",$1.07,,,,,B.lion,,,,12026,phantasim,,,,,,,,,,
2889,12024,Tele2,XX-XY,,,Tele2,TEL2-A.ST,,,,,,,,,,,,,Sweden,company.public,USD-marketcap,"$5,840,000,000",$8.85,,,,,B.lion,,,,12026,phantasim,,,,,,,,,,
2890,12024,Synovus,XX-XY,,,Synovus,SNV,,,,,,,,,,,,,United States,company.public,USD-marketcap,"$5,830,000,000",$39.82,,12024.03,,,B.lion,,,,12026,phantasim,,,,,,,,,,
2891,12024,Ezdan Holding Group,XX-XY,,,Ezdan Holding Group,ERES.QA,,,,,,,,,,,,,Qatar,company.public,USD-marketcap,"$5,830,000,000",$0.22,,,,,B.lion,,,,12026,phantasim,,,,,,,,,,
2892,12024,Kingfisher,XX-XY,,,Kingfisher,KGF.L,,,,,,,,,,,,,United Kingdom,company.public,USD-marketcap,"$5,820,000,000",$3.11,,12024.03,,,B.lion,,,,12026,phantasim,,,,,,,,,,
2893,12024,eMemory Technology,XX-XY,,,eMemory Technology,3529.TWO,,,,,,,,,,,,,Taiwan,company.public,USD-marketcap,"$5,820,000,000",$77.40,,,,,B.lion,,,,12026,phantasim,,,,,,,,,,
2897,12024,Blueprint Medicines,XX-XY,,,Blueprint Medicines,BPMC,,,,,,,,,,,,,United States,company.public,USD-marketcap,"$5,800,000,000",$94.79,,12024.03,,,B.lion,,,,12026,phantasim,,,,,,,,,,
2898,12024,Quiñenco,XX-XY,,,Quiñenco,QUINENCO.SN,,,,,,,,,,,,,Chile,company.public,USD-marketcap,"$5,800,000,000",$3.49,,,,,B.lion,,,,12026,phantasim,,,,,,,,,,
2899,12024,SJVN,XX-XY,,,SJVN,SJVN.NS,,,,,,,,,,,,,India,company.public,USD-marketcap,"$5,790,000,000",$1.47,,,,,B.lion,,,,12026,phantasim,,,,,,,,,,
2900,12024,DT Midstream,XX-XY,,,DT Midstream,DTM,,,,,,,,,,,,,United States,company.public,USD-marketcap,"$5,780,000,000",$59.61,,12024.03,,,B.lion,,,,12026,phantasim,,,,,,,,,,
2901,12024,Seek Limited,XX-XY,,,Seek Limited,SEK.AX,,,,,,,,,,,,,Australia,company.public,USD-marketcap,"$5,780,000,000",$16.25,,,,,B.lion,,,,12026,phantasim,,,,,,,,,,
2902,12024,Canadian Apartment Properties REIT,XX-XY,,,Canadian Apartment Properties REIT,CAR-UN.TO,,,,,,,,,,,,,Canada,company.public,USD-marketcap,"$5,780,000,000",$34.21,,,,,B.lion,,,,12026,phantasim,,,,,,,,,,
2903,12024,GMR Group,XX-XY,,,GMR Group,GMRINFRA.NS,,,,,,,,,,,,,India,company.public,USD-marketcap,"$5,780,000,000",$0.96,,,,,B.lion,,,,12026,phantasim,,,,,,,,,,
2904,12024,Alamos Gold,XX-XY,,,Alamos Gold,AGI,,,,,,,,,,,,,Canada,company.public,USD-marketcap,"$5,770,000,000",$14.55,,12024.03,,,B.lion,,,,12026,phantasim,,,,,,,,,,
2905,12024,Tokyu Fudosan Holdings,XX-XY,,,Tokyu Fudosan Holdings,3289.T,,,,,,,,,,,,,Japan,company.public,USD-marketcap,"$5,770,000,000",$8.12,,12024.03,,,B.lion,,,,12026,phantasim,,,,,,,,,,
2906,12024,Valvoline,XX-XY,,,Valvoline,VVV,,,,,,,,,,,,,United States,company.public,USD-marketcap,"$5,760,000,000",$44.50,,12024.03,,,B.lion,,,,12026,phantasim,,,,,,,,,,
2907,12024,Option Care Health,XX-XY,,,Option Care Health,OPCH,,,,,,,,,,,,,United States,company.public,USD-marketcap,"$5,750,000,000",$33.18,,12024.03,,,B.lion,,,,12026,phantasim,,,,,,,,,,
2908,12024,Onex,XX-XY,,,Onex,ONEX.TO,,,,,,,,,,,,,Canada,company.public,USD-marketcap,"$5,750,000,000",$74.26,,,,,B.lion,,,,12026,phantasim,,,,,,,,,,
2909,12024,Nexstar Media Group,XX-XY,,,Nexstar Media Group,NXST,,,,,,,,,,,,,United States,company.public,USD-marketcap,"$5,740,000,000",$171.89,,12024.03,,,B.lion,,,,12026,phantasim,,,,,,,,,,
2910,12024,Mercury NZ,XX-XY,,,Mercury NZ,MCY.AX,,,,,,,,,,,,,New Zealand,company.public,USD-marketcap,"$5,740,000,000",$4.13,,,,,B.lion,,,,12026,phantasim,,,,,,,,,,
2911,12024,Leonardo DRS,XX-XY,,,Leonardo DRS,DRS,,,,,,,,,,,,,United States,company.public,USD-marketcap,"$5,730,000,000",$21.83,,12024.03,,,B.lion,,,,12026,phantasim,,,,,,,,,,
2912,12024,Alstom,XX-XY,,,Alstom,ALO.PA,,,,,,,,,,,,,France,company.public,USD-marketcap,"$5,730,000,000",$14.92,,12024.03,,,B.lion,,,,12026,phantasim,,,,,,,,,,
2913,12024,Worley,XX-XY,,,Worley,WOR.AX,,,,,,,,,,,,,Australia,company.public,USD-marketcap,"$5,730,000,000",$10.87,,,,,B.lion,,,,12026,phantasim,,,,,,,,,,
2914,12024,Prestige Group,XX-XY,,,Prestige Group,PRESTIGE.NS,,,,,,,,,,,,,India,company.public,USD-marketcap,"$5,730,000,000",$14.30,,,,,B.lion,,,,12026,phantasim,,,,,,,,,,
2915,12024,Tata Elxsi,XX-XY,,,Tata Elxsi,TATAELXSI.NS,,,,,,,,,,,,,India,company.public,USD-marketcap,"$5,730,000,000",$92.16,,,,,B.lion,,,,12026,phantasim,,,,,,,,,,
2916,12024,Casella Waste Systems,XX-XY,,,Casella Waste Systems,CWST,,,,,,,,,,,,,United States,company.public,USD-marketcap,"$5,720,000,000",$98.78,,12024.03,,,B.lion,,,,12026,phantasim,,,,,,,,,,
2917,12024,Banca Monte dei Paschi di Siena,XX-XY,,,Banca Monte dei Paschi di Siena,BMPS.MI,,,,,,,,,,,,,Italy,company.public,USD-marketcap,"$5,720,000,000",$4.55,,,,,B.lion,,,,12026,phantasim,,,,,,,,,,
2918,12024,Indosat,XX-XY,,,Indosat,ISAT.JK,,,,,,,,,,,,,Indonesia,company.public,USD-marketcap,"$5,720,000,000",$0.71,,,,,B.lion,,,,12026,phantasim,,,,,,,,,,
2919,12024,Agree Realty,XX-XY,,,Agree Realty,ADC,,,,,,,,,,,,,United States,company.public,USD-marketcap,"$5,710,000,000",$56.68,,12024.03,,,B.lion,,,,12026,phantasim,,,,,,,,,,
2920,12024,Canadian Tire,XX-XY,,,Canadian Tire,CTC.TO,,,,,,,,,,,,,Canada,company.public,USD-marketcap,"$5,710,000,000",$182.78,,,,,B.lion,,,,12026,phantasim,,,,,,,,,,
2931,12024,Vornado Realty Trust,XX-XY,,,Vornado Realty Trust,VNO,,,,,,,,,,,,,United States,company.public,USD-marketcap,"$5,690,000,000",$27.48,,12024.03,,,B.lion,,,,12026,phantasim,,,,,,,,,,
2932,12024,BridgeBio Pharma,XX-XY,,,BridgeBio Pharma,BBIO,,,,,,,,,,,,,United States,company.public,USD-marketcap,"$5,690,000,000",$30.86,,12024.03,,,B.lion,,,,12026,phantasim,,,,,,,,,,
2933,12024,FirstCash,XX-XY,,,FirstCash,FCFS,,,,,,,,,,,,,United States,company.public,USD-marketcap,"$5,690,000,000",$126.21,,12024.03,,,B.lion,,,,12026,phantasim,,,,,,,,,,
2934,12024,Lancaster Colony Corporation,XX-XY,,,Lancaster Colony Corporation,LANC,,,,,,,,,,,,,United States,company.public,USD-marketcap,"$5,690,000,000",$207.07,,12024.03,,,B.lion,,,,12026,phantasim,,,,,,,,,,
2935,12024,SAL Saudi Logistics Services,XX-XY,,,SAL Saudi Logistics Services,4263.SR,,,,,,,,,,,,,Saudi Arabia,company.public,USD-marketcap,"$5,690,000,000",$71.18,,,,,B.lion,,,,12026,phantasim,,,,,,,,,,
2936,12024,Wacker Chemie,XX-XY,,,Wacker Chemie,WCH.F,,,,,,,,,,,,,Germany,company.public,USD-marketcap,"$5,680,000,000",$114.38,,12024.03,,,B.lion,,,,12026,phantasim,,,,,,,,,,
2937,12024,A2A,XX-XY,,,A2A,A2A.MI,,,,,,,,,,,,,Italy,company.public,USD-marketcap,"$5,680,000,000",$1.81,,12024.03,,,B.lion,,,,12026,phantasim,,,,,,,,,,
2938,12024,Ackermans & Van Haaren,XX-XY,,,Ackermans & Van Haaren,ACKB.BR,,,,,,,,,,,,,Belgium,company.public,USD-marketcap,"$5,680,000,000",$173.96,,,,,B.lion,,,,12026,phantasim,,,,,,,,,,
2939,12024,SM Energy,XX-XY,,,SM Energy,SM,,,,,,,,,,,,,United States,company.public,USD-marketcap,"$5,670,000,000",$49.05,,12024.03,,,B.lion,,,,12026,phantasim,,,,,,,,,,
2940,12024,Tenable,XX-XY,,,Tenable,TENB,,,,,,,,,,,,,United States,company.public,USD-marketcap,"$5,670,000,000",$48.01,,12024.03,,,B.lion,,,,12026,phantasim,,,,,,,,,,
2941,12024,Orica,XX-XY,,,Orica,ORI.AX,,,,,,,,,,,,,Australia,company.public,USD-marketcap,"$5,670,000,000",$11.66,,,,,B.lion,,,,12026,phantasim,,,,,,,,,,
2942,12024,Thermax,XX-XY,,,Thermax,THERMAX.NS,,,,,,,,,,,,,India,company.public,USD-marketcap,"$5,660,000,000",$50.28,,,,,B.lion,,,,12026,phantasim,,,,,,,,,,
2943,12024,Air Lease Corporation,XX-XY,,,Air Lease Corporation,AL,,,,,,,,,,,,,United States,company.public,USD-marketcap,"$5,650,000,000",$50.76,,12024.03,,,B.lion,,,,12026,phantasim,,,,,,,,,,
2944,12024,Shift4 Payments,XX-XY,,,Shift4 Payments,FOUR,,,,,,,,,,,,,United States,company.public,USD-marketcap,"$5,650,000,000",$65.60,,12024.03,,,B.lion,,,,12026,phantasim,,,,,,,,,,
2945,12024,Hapvida,XX-XY,,,Hapvida,HAPV3.SA,,,,,,,,,,,,,Brazil,company.public,USD-marketcap,"$5,650,000,000",$0.76,,,,,B.lion,,,,12026,phantasim,,,,,,,,,,
2946,12024,Sonoco,XX-XY,,,Sonoco,SON,,,,,,,,,,,,,United States,company.public,USD-marketcap,"$5,640,000,000",$57.64,,12024.03,,,B.lion,,,,12026,phantasim,,,,,,,,,,
2947,12024,FAW Car,XX-XY,,,FAW Car,000800.SZ,,,,,,,,,,,,,China,company.public,USD-marketcap,"$5,640,000,000",$1.22,,,,,B.lion,,,,12026,phantasim,,,,,,,,,,
2948,12024,DoubleVerify,XX-XY,,,DoubleVerify,DV,,,,,,,,,,,,,United States,company.public,USD-marketcap,"$5,630,000,000",$32.91,,12024.03,,,B.lion,,,,12026,phantasim,,,,,,,,,,
2949,12024,Zurn Water Solutions,XX-XY,,,Zurn Water Solutions,ZWS,,,,,,,,,,,,,United States,company.public,USD-marketcap,"$5,630,000,000",$32.76,,12024.03,,,B.lion,,,,12026,phantasim,,,,,,,,,,
2950,12024,CRISPR Therapeutics,XX-XY,,,CRISPR Therapeutics,CRSP,,,,,,,,,,,,,Switzerland,company.public,USD-marketcap,"$5,630,000,000",$70.16,,12024.03,,,B.lion,,,,12026,phantasim,,,,,,,,,,
2951,12024,United Tractors,XX-XY,,,United Tractors,UNTR.JK,,,,,,,,,,,,,Indonesia,company.public,USD-marketcap,"$5,630,000,000",$1.55,,,,,B.lion,,,,12026,phantasim,,,,,,,,,,
2952,12024,Beazley,XX-XY,,,Beazley,BEZ.L,,,,,,,,,,,,,United Kingdom,company.public,USD-marketcap,"$5,620,000,000",$8.49,,12024.03,,,B.lion,,,,12026,phantasim,,,,,,,,,,
2953,12024,ALD Automotive,XX-XY,,,ALD Automotive,ALD.PA,,,,,,,,,,,,,France,company.public,USD-marketcap,"$5,620,000,000",$6.89,,12024.03,,,B.lion,,,,12026,phantasim,,,,,,,,,,
2954,12024,GPT Group,XX-XY,,,GPT Group,GPT.AX,,,,,,,,,,,,,Australia,company.public,USD-marketcap,"$5,620,000,000",$2.93,,,,,B.lion,,,,12026,phantasim,,,,,,,,,,
2955,12024,MSC Industrial Direct,XX-XY,,,MSC Industrial Direct,MSM,,,,,,,,,,,,,United States,company.public,USD-marketcap,"$5,610,000,000",$99.52,,12024.03,,,B.lion,,,,12026,phantasim,,,,,,,,,,
2967,12024,Nedbank,XX-XY,,,Nedbank,NED.JO,,,,,,,,,,,,,South Africa,company.public,USD-marketcap,"$5,600,000,000",$12.05,,,,,B.lion,,,,12026,phantasim,,,,,,,,,,
2968,12024,Polaris,XX-XY,,,Polaris,PII,,,,,,,,,,,,,United States,company.public,USD-marketcap,"$5,590,000,000",$99.08,,12024.03,,,B.lion,,,,12026,phantasim,,,,,,,,,,
2969,12024,Dechra Pharmaceuticals,XX-XY,,,Dechra Pharmaceuticals,DPH.L,,,,,,,,,,,,,United Kingdom,company.public,USD-marketcap,"$5,590,000,000",$49.14,,12024.03,,,B.lion,,,,12026,phantasim,,,,,,,,,,
2970,12024,Freshpet,XX-XY,,,Freshpet,FRPT,,,,,,,,,,,,,United States,company.public,USD-marketcap,"$5,580,000,000",$115.71,,12024.03,,,B.lion,,,,12026,phantasim,,,,,,,,,,
2971,12024,Grifols,XX-XY,,,Grifols,GRFS,,,,,,,,,,,,,Spain,company.public,USD-marketcap,"$5,580,000,000",$6.65,,12024.03,,,B.lion,,,,12026,phantasim,,,,,,,,,,
2972,12024,A1 Telekom Austria,XX-XY,,,A1 Telekom Austria,TA1.F,,,,,,,,,,,,,Austria,company.public,USD-marketcap,"$5,580,000,000",$8.32,,12024.03,,,B.lion,,,,12026,phantasim,,,,,,,,,,
2973,12024,Burberry,XX-XY,,,Burberry,BRBY.L,,,,,,,,,,,,,United Kingdom,company.public,USD-marketcap,"$5,580,000,000",$15.57,,12024.03,,,B.lion,,,,12026,phantasim,,,,,,,,,,
2974,12024,Maxis Berhad,XX-XY,,,Maxis Berhad,6012.KL,,,,,,,,,,,,,Malaysia,company.public,USD-marketcap,"$5,580,000,000",$0.71,,,,,B.lion,,,,12026,phantasim,,,,,,,,,,
2975,12024,Barito Pacific,XX-XY,,,Barito Pacific,BRPT.JK,,,,,,,,,,,,,Indonesia,company.public,USD-marketcap,"$5,570,000,000",$0.06,,,,,B.lion,,,,12026,phantasim,,,,,,,,,,
2976,12024,Amorepacific,XX-XY,,,Amorepacific,090430.KS,,,,,,,,,,,,,South Korea,company.public,USD-marketcap,"$5,570,000,000",$90.61,,,,,B.lion,,,,12026,phantasim,,,,,,,,,,
2977,12024,Hamamatsu,XX-XY,,,Hamamatsu,6965.T,,,,,,,,,,,,,Japan,company.public,USD-marketcap,"$5,560,000,000",$35.91,,12024.03,,,B.lion,,,,12026,phantasim,,,,,,,,,,
2978,12024,Parkland Corp,XX-XY,,,Parkland Corp,PKI.TO,,,,,,,,,,,,,Canada,company.public,USD-marketcap,"$5,560,000,000",$31.68,,,,,B.lion,,,,12026,phantasim,,,,,,,,,,
2979,12024,Getinge,XX-XY,,,Getinge,GETI-B.ST,,,,,,,,,,,,,Sweden,company.public,USD-marketcap,"$5,560,000,000",$20.42,,,,,B.lion,,,,12026,phantasim,,,,,,,,,,
2980,12024,Kirby Corporation,XX-XY,,,Kirby Corporation,KEX,,,,,,,,,,,,,United States,company.public,USD-marketcap,"$5,550,000,000",$95.03,,12024.03,,,B.lion,,,,12026,phantasim,,,,,,,,,,
2981,12024,Gaztransport & Technigaz,XX-XY,,,Gaztransport & Technigaz,GTT.PA,,,,,,,,,,,,,France,company.public,USD-marketcap,"$5,550,000,000",$150.45,,,,,B.lion,,,,12026,phantasim,,,,,,,,,,
2982,12024,Yanbu National Petrochemical,XX-XY,,,Yanbu National Petrochemical,2290.SR,,,,,,,,,,,,,Saudi Arabia,company.public,USD-marketcap,"$5,550,000,000",$9.87,,,,,B.lion,,,,12026,phantasim,,,,,,,,,,
2983,12024,Nykaa,XX-XY,,,Nykaa,NYKAA.NS,,,,,,,,,,,,,India,company.public,USD-marketcap,"$5,550,000,000",$1.95,,,,,B.lion,,,,12026,phantasim,,,,,,,,,,
2984,12024,SPX Corporation,XX-XY,,,SPX Corporation,SPXC,,,,,,,,,,,,,United States,company.public,USD-marketcap,"$5,540,000,000",$121.42,,12024.03,,,B.lion,,,,12026,phantasim,,,,,,,,,,
2985,12024,Sunny Optical,XX-XY,,,Sunny Optical,2382.HK,,,,,,,,,,,,,China,company.public,USD-marketcap,"$5,540,000,000",$5.06,,,,,B.lion,,,,12026,phantasim,,,,,,,,,,
2986,12024,Dukhan Bank,XX-XY,,,Dukhan Bank,DUBK.QA,,,,,,,,,,,,,Qatar,company.public,USD-marketcap,"$5,540,000,000",$1.06,,,,,B.lion,,,,12026,phantasim,,,,,,,,,,
2987,12024,ACC,XX-XY,,,ACC,ACC.NS,,,,,,,,,,,,,India,company.public,USD-marketcap,"$5,530,000,000",$29.47,,12024.03,,,B.lion,,,,12026,phantasim,,,,,,,,,,
2988,12024,Samsonite International,XX-XY,,,Samsonite International,1SO.F,,,,,,,,,,,,,Luxembourg,company.public,USD-marketcap,"$5,520,000,000",$3.71,,12024.03,,,B.lion,,,,12026,phantasim,,,,,,,,,,
2989,12024,Technoprobe,XX-XY,,,Technoprobe,TPRO.MI,,,,,,,,,,,,,Italy,company.public,USD-marketcap,"$5,520,000,000",$9.19,,,,,B.lion,,,,12026,phantasim,,,,,,,,,,
2990,12024,Arcadis,XX-XY,,,Arcadis,ARCAD.AS,,,,,,,,,,,,,Netherlands,company.public,USD-marketcap,"$5,520,000,000",$61.36,,,,,B.lion,,,,12026,phantasim,,,,,,,,,,
2991,12024,Scout24,XX-XY,,,Scout24,G24.F,,,,,,,,,,,,,Germany,company.public,USD-marketcap,"$5,510,000,000",$74.26,,12024.03,,,B.lion,,,,12026,phantasim,,,,,,,,,,
2992,12024,The Commercial Bank (P.S.Q.C.),XX-XY,,,The Commercial Bank (P.S.Q.C.),CBQK.QA,,,,,,,,,,,,,Qatar,company.public,USD-marketcap,"$5,510,000,000",$1.36,,,,,B.lion,,,,12026,phantasim,,,,,,,,,,
3013,12024,KGHM Polska Miedź,XX-XY,,,KGHM Polska Miedź,KGH.WA,,,,,,,,,,,,,Poland,company.public,USD-marketcap,"$5,500,000,000",$27.52,,,,,B.lion,,,,12026,phantasim,,,,,,,,,,
3014,12024,HK Electric Investments,XX-XY,,,HK Electric Investments,2638.HK,,,,,,,,,,,,,Hong Kong,company.public,USD-marketcap,"$5,500,000,000",$0.62,,,,,B.lion,,,,12026,phantasim,,,,,,,,,,
3015,12024,Far Eastern New Century,XX-XY,,,Far Eastern New Century,1402.TW,,,,,,,,,,,,,Taiwan,company.public,USD-marketcap,"$5,490,000,000",$1.03,,,,,B.lion,,,,12026,phantasim,,,,,,,,,,
3016,12024,China State Construction International,XX-XY,,,China State Construction International,3311.HK,,,,,,,,,,,,,Hong Kong,company.public,USD-marketcap,"$5,490,000,000",$1.09,,,,,B.lion,,,,12026,phantasim,,,,,,,,,,
3017,12024,Yonyou,XX-XY,,,Yonyou,600588.SS,,,,,,,,,,,,,China,company.public,USD-marketcap,"$5,490,000,000",$1.61,,,,,B.lion,,,,12026,phantasim,,,,,,,,,,
3018,12024,Sensata Technologies,XX-XY,,,Sensata Technologies,ST,,,,,,,,,,,,,United States,company.public,USD-marketcap,"$5,480,000,000",$36.43,,12024.03,,,B.lion,,,,12026,phantasim,,,,,,,,,,
3019,12024,AXIS Capital,XX-XY,,,AXIS Capital,AXS,,,,,,,,,,,,,Bermuda,company.public,USD-marketcap,"$5,480,000,000",$64.99,,12024.03,,,B.lion,,,,12026,phantasim,,,,,,,,,,
3020,12024,Rightmove,XX-XY,,,Rightmove,RMV.L,,,,,,,,,,,,,United Kingdom,company.public,USD-marketcap,"$5,480,000,000",$6.86,,12024.03,,,B.lion,,,,12026,phantasim,,,,,,,,,,
3021,12024,Yunnan Energy New Material,XX-XY,,,Yunnan Energy New Material,002812.SZ,,,,,,,,,,,,,China,company.public,USD-marketcap,"$5,480,000,000",$5.61,,,,,B.lion,,,,12026,phantasim,,,,,,,,,,
3022,12024,Aditya Birla Capital,XX-XY,,,Aditya Birla Capital,ABCAPITAL.NS,,,,,,,,,,,,,India,company.public,USD-marketcap,"$5,480,000,000",$2.11,,,,,B.lion,,,,12026,phantasim,,,,,,,,,,
3023,12024,Alight,XX-XY,,,Alight,ALIT,,,,,,,,,,,,,United States,company.public,USD-marketcap,"$5,470,000,000",$9.79,,12024.03,,,B.lion,,,,12026,phantasim,,,,,,,,,,
3024,12024,Rithm Capital,XX-XY,,,Rithm Capital,RITM,,,,,,,,,,,,,United States,company.public,USD-marketcap,"$5,470,000,000",$11.32,,12024.03,,,B.lion,,,,12026,phantasim,,,,,,,,,,
3025,12024,Kobe Bussan,XX-XY,,,Kobe Bussan,3038.T,,,,,,,,,,,,,Japan,company.public,USD-marketcap,"$5,470,000,000",$24.79,,12024.03,,,B.lion,,,,12026,phantasim,,,,,,,,,,
3026,12024,R1 RCM,XX-XY,,,R1 RCM,RCM,,,,,,,,,,,,,United States,company.public,USD-marketcap,"$5,460,000,000",$13.00,,12024.03,,,B.lion,,,,12026,phantasim,,,,,,,,,,
3027,12024,Pegasystems,XX-XY,,,Pegasystems,PEGA,,,,,,,,,,,,,United States,company.public,USD-marketcap,"$5,460,000,000",$65.10,,12024.03,,,B.lion,,,,12026,phantasim,,,,,,,,,,
3028,12024,Dexus,XX-XY,,,Dexus,DXS.AX,,,,,,,,,,,,,Australia,company.public,USD-marketcap,"$5,460,000,000",$5.08,,,,,B.lion,,,,12026,phantasim,,,,,,,,,,
3029,12024,Mphasis,XX-XY,,,Mphasis,MPHASIS.NS,,,,,,,,,,,,,India,company.public,USD-marketcap,"$5,460,000,000",$28.90,,,,,B.lion,,,,12026,phantasim,,,,,,,,,,
3030,12024,Affiliated Managers Group,XX-XY,,,Affiliated Managers Group,AMG,,,,,,,,,,,,,United States,company.public,USD-marketcap,"$5,450,000,000",$166.36,,12024.03,,,B.lion,,,,12026,phantasim,,,,,,,,,,
3031,12024,Armstrong World Industries,XX-XY,,,Armstrong World Industries,AWI,,,,,,,,,,,,,United States,company.public,USD-marketcap,"$5,450,000,000",$124.47,,12024.03,,,B.lion,,,,12026,phantasim,,,,,,,,,,
3032,12024,Ricoh Company,XX-XY,,,Ricoh Company,7752.T,,,,,,,,,,,,,Japan,company.public,USD-marketcap,"$5,450,000,000",$9.00,,12024.03,,,B.lion,,,,12026,phantasim,,,,,,,,,,
3033,12024,Bosideng,XX-XY,,,Bosideng,3998.HK,,,,,,,,,,,,,Hong Kong,company.public,USD-marketcap,"$5,450,000,000",$0.50,,,,,B.lion,,,,12026,phantasim,,,,,,,,,,
3034,12024,Macy's,XX-XY,,,Macy's,M,,,,,,,,,,,,,United States,company.public,USD-marketcap,"$5,440,000,000",$19.85,,12024.03,,,B.lion,,,,12026,phantasim,,,,,,,,,,
3035,12024,Lincoln National Corporation,XX-XY,,,Lincoln National Corporation,LNC,,,,,,,,,,,,,United States,company.public,USD-marketcap,"$5,440,000,000",$32.08,,12024.03,,,B.lion,,,,12026,phantasim,,,,,,,,,,
3036,12024,GoTo,XX-XY,,,GoTo,GOTO.JK,,,,,,,,,,,,,Indonesia,company.public,USD-marketcap,"$5,440,000,000",$0.01,,,,,B.lion,,,,12026,phantasim,,,,,,,,,,
3037,12024,Celestica,XX-XY,,,Celestica,CLS,,,,,,,,,,,,,Canada,company.public,USD-marketcap,"$5,430,000,000",$45.56,,12024.03,,,B.lion,,,,12026,phantasim,,,,,,,,,,
3038,12024,Umicore,XX-XY,,,Umicore,UMI.VI,,,,,,,,,,,,,Belgium,company.public,USD-marketcap,"$5,430,000,000",$21.85,,,,,B.lion,,,,12026,phantasim,,,,,,,,,,
3039,12024,Jyske Bank,XX-XY,,,Jyske Bank,JYSK.CO,,,,,,,,,,,,,Denmark,company.public,USD-marketcap,"$5,430,000,000",$84.59,,,,,B.lion,,,,12026,phantasim,,,,,,,,,,
3040,12024,Commercial Bank of Dubai,XX-XY,,,Commercial Bank of Dubai,CBD.AE,,,,,,,,,,,,,United Arab Emirates,company.public,USD-marketcap,"$5,420,000,000",$1.82,,12024.03,,,B.lion,,,,12026,phantasim,,,,,,,,,,
3041,12024,Restoration Hardware,XX-XY,,,Restoration Hardware,RH,,,,,,,,,,,,,United States,company.public,USD-marketcap,"$5,410,000,000",$296.99,,12024.03,,,B.lion,,,,12026,phantasim,,,,,,,,,,
3042,12024,Mapletree Logistics Trust,XX-XY,,,Mapletree Logistics Trust,M44U.SI,,,,,,,,,,,,,Singapore,company.public,USD-marketcap,"$5,410,000,000",$1.08,,,,,B.lion,,,,12026,phantasim,,,,,,,,,,
3054,12024,Infratil,XX-XY,,,Infratil,IFT.NZ,,,,,,,,,,,,,New Zealand,company.public,USD-marketcap,"$5,400,000,000",$6.49,,,,,B.lion,,,,12026,phantasim,,,,,,,,,,
3055,12024,Hiscox,XX-XY,,,Hiscox,HSX.L,,,,,,,,,,,,,Bermuda,company.public,USD-marketcap,"$5,390,000,000",$15.62,,12024.03,,,B.lion,,,,12026,phantasim,,,,,,,,,,
3056,12024,United Breweries,XX-XY,,,United Breweries,UBL.NS,,,,,,,,,,,,,India,company.public,USD-marketcap,"$5,390,000,000",$20.39,,,,,B.lion,,,,12026,phantasim,,,,,,,,,,
3057,12024,HashiCorp,XX-XY,,,HashiCorp,HCP,,,,,,,,,,,,,United States,company.public,USD-marketcap,"$5,380,000,000",$27.00,,12024.03,,,B.lion,,,,12026,phantasim,,,,,,,,,,
3058,12024,Freshworks,XX-XY,,,Freshworks,FRSH,,,,,,,,,,,,,United States,company.public,USD-marketcap,"$5,380,000,000",$18.09,,12024.03,,,B.lion,,,,12026,phantasim,,,,,,,,,,
3059,12024,Nissan Chemical,XX-XY,,,Nissan Chemical,4021.T,,,,,,,,,,,,,Japan,company.public,USD-marketcap,"$5,380,000,000",$38.85,,12024.03,,,B.lion,,,,12026,phantasim,,,,,,,,,,
3060,12024,Tobu Railway,XX-XY,,,Tobu Railway,9001.T,,,,,,,,,,,,,Japan,company.public,USD-marketcap,"$5,380,000,000",$26.04,,12024.03,,,B.lion,,,,12026,phantasim,,,,,,,,,,
3061,12024,Schaeffler India,XX-XY,,,Schaeffler India,SCHAEFFLER.NS,,,,,,,,,,,,,India,company.public,USD-marketcap,"$5,380,000,000",$34.43,,,,,B.lion,,,,12026,phantasim,,,,,,,,,,
3062,12024,Healthcare Realty,XX-XY,,,Healthcare Realty,HR,,,,,,,,,,,,,United States,company.public,USD-marketcap,"$5,370,000,000",$13.94,,12024.03,,,B.lion,,,,12026,phantasim,,,,,,,,,,
3063,12024,Planet Fitness,XX-XY,,,Planet Fitness,PLNT,,,,,,,,,,,,,United States,company.public,USD-marketcap,"$5,370,000,000",$61.01,,12024.03,,,B.lion,,,,12026,phantasim,,,,,,,,,,
3064,12024,Southwest Gas,XX-XY,,,Southwest Gas,SWX,,,,,,,,,,,,,United States,company.public,USD-marketcap,"$5,360,000,000",$74.95,,12024.03,,,B.lion,,,,12026,phantasim,,,,,,,,,,
3065,12024,Reply,XX-XY,,,Reply,REY.MI,,,,,,,,,,,,,Italy,company.public,USD-marketcap,"$5,360,000,000",$143.85,,,,,B.lion,,,,12026,phantasim,,,,,,,,,,
3066,12024,Emmi AG,XX-XY,,,Emmi AG,EMMN.SW,,,,,,,,,,,,,Switzerland,company.public,USD-marketcap,"$5,360,000,000","$1,003.00",,,,,B.lion,,,,12026,phantasim,,,,,,,,,,
3067,12024,Mytilineos,XX-XY,,,Mytilineos,MYTIL.AT,,,,,,,,,,,,,Greece,company.public,USD-marketcap,"$5,360,000,000",$38.82,,,,,B.lion,,,,12026,phantasim,,,,,,,,,,
3068,12024,TPG Telecom,XX-XY,,,TPG Telecom,TPG.AX,,,,,,,,,,,,,Australia,company.public,USD-marketcap,"$5,350,000,000",$2.88,,,,,B.lion,,,,12026,phantasim,,,,,,,,,,
3069,12024,EVA Air,XX-XY,,,EVA Air,2618.TW,,,,,,,,,,,,,Taiwan,company.public,USD-marketcap,"$5,350,000,000",$0.99,,,,,B.lion,,,,12026,phantasim,,,,,,,,,,
3070,12024,Charoen Pokphand Indonesia,XX-XY,,,Charoen Pokphand Indonesia,CPIN.JK,,,,,,,,,,,,,Indonesia,company.public,USD-marketcap,"$5,350,000,000",$0.33,,,,,B.lion,,,,12026,phantasim,,,,,,,,,,
3071,12024,Valaris,XX-XY,,,Valaris,VAL,,,,,,,,,,,,,United Kingdom,company.public,USD-marketcap,"$5,340,000,000",$73.77,,12024.03,,,B.lion,,,,12026,phantasim,,,,,,,,,,
3072,12024,Madrigal Pharmaceuticals,XX-XY,,,Madrigal Pharmaceuticals,MDGL,,,,,,,,,,,,,United States,company.public,USD-marketcap,"$5,340,000,000",$258.81,,12024.03,,,B.lion,,,,12026,phantasim,,,,,,,,,,
3073,12024,Unite Group (Unite Students),XX-XY,,,Unite Group (Unite Students),UTG.L,,,,,,,,,,,,,United Kingdom,company.public,USD-marketcap,"$5,340,000,000",$12.20,,12024.03,,,B.lion,,,,12026,phantasim,,,,,,,,,,
3074,12024,Sealed Air,XX-XY,,,Sealed Air,SEE,,,,,,,,,,,,,United States,company.public,USD-marketcap,"$5,330,000,000",$36.91,,12024.03,,,B.lion,,,,12026,phantasim,,,,,,,,,,
3075,12024,RTL Group,XX-XY,,,RTL Group,RRTL.F,,,,,,,,,,,,,Luxembourg,company.public,USD-marketcap,"$5,330,000,000",$34.45,,,,,B.lion,,,,12026,phantasim,,,,,,,,,,
3076,12024,BOC Aviation,XX-XY,,,BOC Aviation,2588.HK,,,,,,,,,,,,,Singapore,company.public,USD-marketcap,"$5,330,000,000",$7.67,,,,,B.lion,,,,12026,phantasim,,,,,,,,,,
3077,12024,Dixon Technologies,XX-XY,,,Dixon Technologies,DIXON.NS,,,,,,,,,,,,,India,company.public,USD-marketcap,"$5,330,000,000",$89.15,,,,,B.lion,,,,12026,phantasim,,,,,,,,,,
3078,12024,PLDT,XX-XY,,,PLDT,PHI,,,,,,,,,,,,,Philippines,company.public,USD-marketcap,"$5,320,000,000",$24.42,,12024.03,,,B.lion,,,,12026,phantasim,,,,,,,,,,
3079,12024,Hensoldt,XX-XY,,,Hensoldt,HAG.F,,,,,,,,,,,,,Germany,company.public,USD-marketcap,"$5,320,000,000",$46.14,,12024.03,,,B.lion,,,,12026,phantasim,,,,,,,,,,
3080,12024,Hikma Pharmaceuticals,XX-XY,,,Hikma Pharmaceuticals,HIK.L,,,,,,,,,,,,,United Kingdom,company.public,USD-marketcap,"$5,320,000,000",$23.77,,12024.03,,,B.lion,,,,12026,phantasim,,,,,,,,,,
3081,12024,Metropolitan Bank (Metrobank),XX-XY,,,Metropolitan Bank (Metrobank),MTPOY,,,,,,,,,,,,,Philippines,company.public,USD-marketcap,"$5,320,000,000",$23.68,,12024.03,,,B.lion,,,,12026,phantasim,,,,,,,,,,
3082,12024,Vistry Group,XX-XY,,,Vistry Group,VTY.L,,,,,,,,,,,,,United Kingdom,company.public,USD-marketcap,"$5,320,000,000",$15.64,,12024.03,,,B.lion,,,,12026,phantasim,,,,,,,,,,
3083,12024,Aalberts,XX-XY,,,Aalberts,AALB.AS,,,,,,,,,,,,,Netherlands,company.public,USD-marketcap,"$5,320,000,000",$48.14,,,,,B.lion,,,,12026,phantasim,,,,,,,,,,
3084,12024,Janus Henderson,XX-XY,,,Janus Henderson,JHG,,,,,,,,,,,,,United Kingdom,company.public,USD-marketcap,"$5,310,000,000",$32.98,,12024.03,,,B.lion,,,,12026,phantasim,,,,,,,,,,
3085,12024,BRF,XX-XY,,,BRF,BRFS,,,,,,,,,,,,,Brazil,company.public,USD-marketcap,"$5,310,000,000",$3.17,,12024.03,,,B.lion,,,,12026,phantasim,,,,,,,,,,
3086,12024,Pan American Silver,XX-XY,,,Pan American Silver,PAAS,,,,,,,,,,,,,Canada,company.public,USD-marketcap,"$5,310,000,000",$14.58,,12024.03,,,B.lion,,,,12026,phantasim,,,,,,,,,,
3087,12024,Oberbank,XX-XY,,,Oberbank,OBS.VI,,,,,,,,,,,,,Austria,company.public,USD-marketcap,"$5,310,000,000",$75.39,,,,,B.lion,,,,12026,phantasim,,,,,,,,,,
3088,12024,Balkrishna Industries,XX-XY,,,Balkrishna Industries,BALKRISIND.NS,,,,,,,,,,,,,India,company.public,USD-marketcap,"$5,310,000,000",$27.51,,,,,B.lion,,,,12026,phantasim,,,,,,,,,,
3103,12024,FS KKR Capital,XX-XY,,,FS KKR Capital,FSK,,,,,,,,,,,,,United States,company.public,USD-marketcap,"$5,300,000,000",$18.95,,12024.03,,,B.lion,,,,12026,phantasim,,,,,,,,,,
3104,12024,easyJet,XX-XY,,,easyJet,EZJ.L,,,,,,,,,,,,,United Kingdom,company.public,USD-marketcap,"$5,300,000,000",$7.05,,12024.03,,,B.lion,,,,12026,phantasim,,,,,,,,,,
3105,12024,Global Unichip Corp.,XX-XY,,,Global Unichip Corp.,3443.TW,,,,,,,,,,,,,Taiwan,company.public,USD-marketcap,"$5,300,000,000",$38.78,,,,,B.lion,,,,12026,phantasim,,,,,,,,,,
3106,12024,Adaro Energy,XX-XY,,,Adaro Energy,ADRO.JK,,,,,,,,,,,,,Indonesia,company.public,USD-marketcap,"$5,300,000,000",$0.17,,,,,B.lion,,,,12026,phantasim,,,,,,,,,,
3107,12024,37 Interactive Entertainment,XX-XY,,,37 Interactive Entertainment,002555.SZ,,,,,,,,,,,,,China,company.public,USD-marketcap,"$5,300,000,000",$2.39,,,,,B.lion,,,,12026,phantasim,,,,,,,,,,
3108,12024,Alaska Airlines,XX-XY,,,Alaska Airlines,ALK,,,,,,,,,,,,,United States,company.public,USD-marketcap,"$5,290,000,000",$42.01,,12024.03,,,B.lion,,,,12026,phantasim,,,,,,,,,,
3109,12024,Equitrans Midstream,XX-XY,,,Equitrans Midstream,ETRN,,,,,,,,,,,,,United States,company.public,USD-marketcap,"$5,290,000,000",$12.22,,12024.03,,,B.lion,,,,12026,phantasim,,,,,,,,,,
3110,12024,Taiwan High Speed Rail,XX-XY,,,Taiwan High Speed Rail,2633.TW,,,,,,,,,,,,,Taiwan,company.public,USD-marketcap,"$5,280,000,000",$0.94,,,,,B.lion,,,,12026,phantasim,,,,,,,,,,
3111,12024,KB Home,XX-XY,,,KB Home,KBH,,,,,,,,,,,,,United States,company.public,USD-marketcap,"$5,270,000,000",$69.56,,12024.03,,,B.lion,,,,12026,phantasim,,,,,,,,,,
3112,12024,Cadence Bancorp,XX-XY,,,Cadence Bancorp,CADE,,,,,,,,,,,,,United States,company.public,USD-marketcap,"$5,270,000,000",$28.94,,12024.03,,,B.lion,,,,12026,phantasim,,,,,,,,,,
3113,12024,Capri Holdings,XX-XY,,,Capri Holdings,CPRI,,,,,,,,,,,,,United Kingdom,company.public,USD-marketcap,"$5,270,000,000",$45.26,,12024.03,,,B.lion,,,,12026,phantasim,,,,,,,,,,
3114,12024,Smartsheet,XX-XY,,,Smartsheet,SMAR,,,,,,,,,,,,,United States,company.public,USD-marketcap,"$5,270,000,000",$38.40,,12024.03,,,B.lion,,,,12026,phantasim,,,,,,,,,,
3115,12024,Orion Corporation,XX-XY,,,Orion Corporation,ORNAV.HE,,,,,,,,,,,,,Finland,company.public,USD-marketcap,"$5,270,000,000",$37.53,,,,,B.lion,,,,12026,phantasim,,,,,,,,,,
3116,12024,Persimmon,XX-XY,,,Persimmon,PSN.L,,,,,,,,,,,,,United Kingdom,company.public,USD-marketcap,"$5,260,000,000",$16.48,,12024.03,,,B.lion,,,,12026,phantasim,,,,,,,,,,
3117,12024,Emperador Brandy,XX-XY,,,Emperador Brandy,EMI.SI,,,,,,,,,,,,,Philippines,company.public,USD-marketcap,"$5,260,000,000",$0.32,,,,,B.lion,,,,12026,phantasim,,,,,,,,,,
3118,12024,Nahdi Medical Company,XX-XY,,,Nahdi Medical Company,4164.SR,,,,,,,,,,,,,Saudi Arabia,company.public,USD-marketcap,"$5,260,000,000",$40.50,,,,,B.lion,,,,12026,phantasim,,,,,,,,,,
3119,12024,Ryder,XX-XY,,,Ryder,R,,,,,,,,,,,,,United States,company.public,USD-marketcap,"$5,250,000,000",$118.61,,12024.03,,,B.lion,,,,12026,phantasim,,,,,,,,,,
3120,12024,National Storage,XX-XY,,,National Storage,NSA,,,,,,,,,,,,,United States,company.public,USD-marketcap,"$5,240,000,000",$38.92,,12024.03,,,B.lion,,,,12026,phantasim,,,,,,,,,,
3121,12024,Commercial International Bank,XX-XY,,,Commercial International Bank,CIN.F,,,,,,,,,,,,,Egypt,company.public,USD-marketcap,"$5,230,000,000",$1.62,,12024.03,,,B.lion,,,,12026,phantasim,,,,,,,,,,
3122,12024,De' Longhi,XX-XY,,,De' Longhi,DLG.MI,,,,,,,,,,,,,Italy,company.public,USD-marketcap,"$5,230,000,000",$34.77,,,,,B.lion,,,,12026,phantasim,,,,,,,,,,
3123,12024,Hera Group,XX-XY,,,Hera Group,HER.MI,,,,,,,,,,,,,Italy,company.public,USD-marketcap,"$5,230,000,000",$3.56,,,,,B.lion,,,,12026,phantasim,,,,,,,,,,
3124,12024,Elis,XX-XY,,,Elis,ELIS.PA,,,,,,,,,,,,,France,company.public,USD-marketcap,"$5,230,000,000",$22.36,,,,,B.lion,,,,12026,phantasim,,,,,,,,,,
3125,12024,Revolution Medicines,XX-XY,,,Revolution Medicines,RVMD,,,,,,,,,,,,,United States,company.public,USD-marketcap,"$5,220,000,000",$31.72,,12024.03,,,B.lion,,,,12026,phantasim,,,,,,,,,,
3126,12024,Axiata Group,XX-XY,,,Axiata Group,6888.KL,,,,,,,,,,,,,Malaysia,company.public,USD-marketcap,"$5,220,000,000",$0.57,,,,,B.lion,,,,12026,phantasim,,,,,,,,,,
3127,12024,Magnolia Oil & Gas,XX-XY,,,Magnolia Oil & Gas,MGY,,,,,,,,,,,,,United States,company.public,USD-marketcap,"$5,210,000,000",$25.53,,12024.03,,,B.lion,,,,12026,phantasim,,,,,,,,,,
3128,12024,Nova Measuring Instruments,XX-XY,,,Nova Measuring Instruments,NVMI,,,,,,,,,,,,,Israel,company.public,USD-marketcap,"$5,210,000,000",$179.74,,12024.03,,,B.lion,,,,12026,phantasim,,,,,,,,,,
3129,12024,Tokyo Century,XX-XY,,,Tokyo Century,8439.T,,,,,,,,,,,,,Japan,company.public,USD-marketcap,"$5,210,000,000",$10.66,,12024.03,,,B.lion,,,,12026,phantasim,,,,,,,,,,
3142,12024,Temenos,XX-XY,,,Temenos,TEMN.SW,,,,,,,,,,,,,Switzerland,company.public,USD-marketcap,"$5,200,000,000",$72.30,,,,,B.lion,,,,12026,phantasim,,,,,,,,,,
3143,12024,Glanbia plc,XX-XY,,,Glanbia plc,GL9.IR,,,,,,,,,,,,,Ireland,company.public,USD-marketcap,"$5,190,000,000",$19.84,,,,,B.lion,,,,12026,phantasim,,,,,,,,,,
3144,12024,MBC Group Co.,XX-XY,,,MBC Group Co.,4072.SR,,,,,,,,,,,,,Saudi Arabia,company.public,USD-marketcap,"$5,190,000,000",$15.63,,,,,B.lion,,,,12026,phantasim,,,,,,,,,,
3145,12024,Tecan,XX-XY,,,Tecan,TECN.SW,,,,,,,,,,,,,Switzerland,company.public,USD-marketcap,"$5,190,000,000",$406.58,,,,,B.lion,,,,12026,phantasim,,,,,,,,,,
3146,12024,Frontline,XX-XY,,,Frontline,FRO,,,,,,,,,,,,,Bermuda,company.public,USD-marketcap,"$5,180,000,000",$23.28,,12024.03,,,B.lion,,,,12026,phantasim,,,,,,,,,,
3147,12024,EXL Service,XX-XY,,,EXL Service,EXLS,,,,,,,,,,,,,United States,company.public,USD-marketcap,"$5,180,000,000",$31.28,,12024.03,,,B.lion,,,,12026,phantasim,,,,,,,,,,
3148,12024,Air Canada,XX-XY,,,Air Canada,AC.TO,,,,,,,,,,,,,Canada,company.public,USD-marketcap,"$5,180,000,000",$14.48,,12024.03,,,B.lion,,,,12026,phantasim,,,,,,,,,,
3149,12024,Nippon Prologis REIT,XX-XY,,,Nippon Prologis REIT,3283.T,,,,,,,,,,,,,Japan,company.public,USD-marketcap,"$5,180,000,000","$1,784.00",,12024.03,,,B.lion,,,,12026,phantasim,,,,,,,,,,
3150,12024,Fukuoka Financial Group,XX-XY,,,Fukuoka Financial Group,8354.T,,,,,,,,,,,,,Japan,company.public,USD-marketcap,"$5,180,000,000",$27.43,,12024.03,,,B.lion,,,,12026,phantasim,,,,,,,,,,
3151,12024,Japan Real Estate Investment,XX-XY,,,Japan Real Estate Investment,8952.T,,,,,,,,,,,,,Japan,company.public,USD-marketcap,"$5,180,000,000","$3,647.00",,12024.03,,,B.lion,,,,12026,phantasim,,,,,,,,,,
3152,12024,Azelis Group,XX-XY,,,Azelis Group,AZE.BR,,,,,,,,,,,,,Belgium,company.public,USD-marketcap,"$5,180,000,000",$21.31,,12024.03,,,B.lion,,,,12026,phantasim,,,,,,,,,,
3153,12024,ASM Pacific Technology,XX-XY,,,ASM Pacific Technology,0522.HK,,,,,,,,,,,,,Hong Kong,company.public,USD-marketcap,"$5,180,000,000",$12.51,,,,,B.lion,,,,12026,phantasim,,,,,,,,,,
3154,12024,IOI Corporation Berhad,XX-XY,,,IOI Corporation Berhad,1961.KL,,,,,,,,,,,,,Malaysia,company.public,USD-marketcap,"$5,180,000,000",$0.84,,,,,B.lion,,,,12026,phantasim,,,,,,,,,,
3155,12024,Allegro MicroSystems,XX-XY,,,Allegro MicroSystems,ALGM,,,,,,,,,,,,,United States,company.public,USD-marketcap,"$5,170,000,000",$26.80,,12024.03,,,B.lion,,,,12026,phantasim,,,,,,,,,,
3156,12024,Halozyme Therapeutics,XX-XY,,,Halozyme Therapeutics,HALO,,,,,,,,,,,,,United States,company.public,USD-marketcap,"$5,170,000,000",$40.73,,12024.03,,,B.lion,,,,12026,phantasim,,,,,,,,,,
3157,12024,Interpump Group,XX-XY,,,Interpump Group,IP.MI,,,,,,,,,,,,,Italy,company.public,USD-marketcap,"$5,170,000,000",$48.35,,12024.03,,,B.lion,,,,12026,phantasim,,,,,,,,,,
3158,12024,Piraeus Financial Holdings,XX-XY,,,Piraeus Financial Holdings,TPEIR.AT,,,,,,,,,,,,,Greece,company.public,USD-marketcap,"$5,170,000,000",$4.15,,,,,B.lion,,,,12026,phantasim,,,,,,,,,,
3159,12024,StoneCo,XX-XY,,,StoneCo,STNE,,,,,,,,,,,,,Brazil,company.public,USD-marketcap,"$5,160,000,000",$16.72,,12024.03,,,B.lion,,,,12026,phantasim,,,,,,,,,,
3160,12024,Varonis,XX-XY,,,Varonis,VRNS,,,,,,,,,,,,,United States,company.public,USD-marketcap,"$5,160,000,000",$47.31,,12024.03,,,B.lion,,,,12026,phantasim,,,,,,,,,,
3161,12024,Kuala Lumpur Kepong,XX-XY,,,Kuala Lumpur Kepong,2445.KL,,,,,,,,,,,,,Malaysia,company.public,USD-marketcap,"$5,160,000,000",$4.71,,,,,B.lion,,,,12026,phantasim,,,,,,,,,,
3162,12024,Federal Signal,XX-XY,,,Federal Signal,FSS,,,,,,,,,,,,,United States,company.public,USD-marketcap,"$5,150,000,000",$84.54,,12024.03,,,B.lion,,,,12026,phantasim,,,,,,,,,,
3163,12024,Spark New Zealand,XX-XY,,,Spark New Zealand,NZTCF,,,,,,,,,,,,,New Zealand,company.public,USD-marketcap,"$5,150,000,000",$2.84,,12024.03,,,B.lion,,,,12026,phantasim,,,,,,,,,,
3164,12024,Hyundai Glovis,XX-XY,,,Hyundai Glovis,086280.KS,,,,,,,,,,,,,South Korea,company.public,USD-marketcap,"$5,150,000,000",$137.43,,,,,B.lion,,,,12026,phantasim,,,,,,,,,,
3165,12024,Bank OZK,XX-XY,,,Bank OZK,OZK,,,,,,,,,,,,,United States,company.public,USD-marketcap,"$5,140,000,000",$45.55,,12024.03,,,B.lion,,,,12026,phantasim,,,,,,,,,,
3166,12024,LondonMetric Property,XX-XY,,,LondonMetric Property,LMP.L,,,,,,,,,,,,,United Kingdom,company.public,USD-marketcap,"$5,140,000,000",$2.53,,12024.03,,,B.lion,,,,12026,phantasim,,,,,,,,,,
3167,12024,Bank Muscat,XX-XY,,,Bank Muscat,BKMB.OM,,,,,,,,,,,,,Oman,company.public,USD-marketcap,"$5,140,000,000",$0.69,,,,,B.lion,,,,12026,phantasim,,,,,,,,,,
3168,12024,Minor International,XX-XY,,,Minor International,MINT.BK,,,,,,,,,,,,,Thailand,company.public,USD-marketcap,"$5,140,000,000",$0.91,,,,,B.lion,,,,12026,phantasim,,,,,,,,,,
3169,12024,SFS Group,XX-XY,,,SFS Group,SFSN.SW,,,,,,,,,,,,,Switzerland,company.public,USD-marketcap,"$5,140,000,000",$132.21,,,,,B.lion,,,,12026,phantasim,,,,,,,,,,
3170,12024,Agility Public Warehousing Company,XX-XY,,,Agility Public Warehousing Company,AGLTY.KW,,,,,,,,,,,,,Kuwait,company.public,USD-marketcap,"$5,140,000,000","$2,017.00",,,,,B.lion,,,,12026,phantasim,,,,,,,,,,
3171,12024,Quebecor,XX-XY,,,Quebecor,QBR-B.TO,,,,,,,,,,,,,Canada,company.public,USD-marketcap,"$5,140,000,000",$22.21,,,,,B.lion,,,,12026,phantasim,,,,,,,,,,
3172,12024,Odakyu Electric Railway,XX-XY,,,Odakyu Electric Railway,9007.T,,,,,,,,,,,,,Japan,company.public,USD-marketcap,"$5,130,000,000",$14.36,,12024.03,,,B.lion,,,,12026,phantasim,,,,,,,,,,
3173,12024,Aspen Pharmacare,XX-XY,,,Aspen Pharmacare,APN.JO,,,,,,,,,,,,,South Africa,company.public,USD-marketcap,"$5,130,000,000",$11.56,,12024.03,,,B.lion,,,,12026,phantasim,,,,,,,,,,
3174,12024,DiaSorin,XX-XY,,,DiaSorin,DIA.MI,,,,,,,,,,,,,Italy,company.public,USD-marketcap,"$5,130,000,000",$96.30,,,,,B.lion,,,,12026,phantasim,,,,,,,,,,
3175,12024,Rémy Cointreau,XX-XY,,,Rémy Cointreau,RCO.PA,,,,,,,,,,,,,France,company.public,USD-marketcap,"$5,130,000,000",$100.80,,,,,B.lion,,,,12026,phantasim,,,,,,,,,,
3176,12024,Hankook Tire,XX-XY,,,Hankook Tire,161390.KS,,,,,,,,,,,,,South Korea,company.public,USD-marketcap,"$5,130,000,000",$42.08,,,,,B.lion,,,,12026,phantasim,,,,,,,,,,
3177,12024,Jackson Financial,XX-XY,,,Jackson Financial,JXN,,,,,,,,,,,,,United States,company.public,USD-marketcap,"$5,120,000,000",$66.14,,12024.03,,,B.lion,,,,12026,phantasim,,,,,,,,,,
3178,12024,Jollibee,XX-XY,,,Jollibee,JBFCF,,,,,,,,,,,,,Philippines,company.public,USD-marketcap,"$5,120,000,000",$4.57,,12024.03,,,B.lion,,,,12026,phantasim,,,,,,,,,,
3179,12024,Sabancı Holding,XX-XY,,,Sabancı Holding,SAHOL.IS,,,,,,,,,,,,,Turkey,company.public,USD-marketcap,"$5,110,000,000",$2.44,,,,,B.lion,,,,12026,phantasim,,,,,,,,,,
3191,12024,TIS,XX-XY,,,TIS,3626.T,,,,,,,,,,,,,Japan,company.public,USD-marketcap,"$5,100,000,000",$21.75,,12024.03,,,B.lion,,,,12026,phantasim,,,,,,,,,,
3192,12024,Telecom Italia,XX-XY,,,Telecom Italia,TIT.MI,,,,,,,,,,,,,Italy,company.public,USD-marketcap,"$5,100,000,000",$0.24,,,,,B.lion,,,,12026,phantasim,,,,,,,,,,
3193,12024,China Gas,XX-XY,,,China Gas,0384.HK,,,,,,,,,,,,,China,company.public,USD-marketcap,"$5,100,000,000",$0.93,,,,,B.lion,,,,12026,phantasim,,,,,,,,,,
3194,12024,Cabot Corporation,XX-XY,,,Cabot Corporation,CBT,,,,,,,,,,,,,United States,company.public,USD-marketcap,"$5,090,000,000",$91.85,,12024.03,,,B.lion,,,,12026,phantasim,,,,,,,,,,
3195,12024,Harmony Gold,XX-XY,,,Harmony Gold,HMY,,,,,,,,,,,,,South Africa,company.public,USD-marketcap,"$5,090,000,000",$8.02,,12024.03,,,B.lion,,,,12026,phantasim,,,,,,,,,,
3196,12024,Maximus,XX-XY,,,Maximus,MMS,,,,,,,,,,,,,United States,company.public,USD-marketcap,"$5,090,000,000",$83.49,,12024.03,,,B.lion,,,,12026,phantasim,,,,,,,,,,
3197,12024,Old National Bank,XX-XY,,,Old National Bank,ONB,,,,,,,,,,,,,United States,company.public,USD-marketcap,"$5,090,000,000",$17.41,,12024.03,,,B.lion,,,,12026,phantasim,,,,,,,,,,
3198,12024,Advance Auto Parts,XX-XY,,,Advance Auto Parts,AAP,,,,,,,,,,,,,United States,company.public,USD-marketcap,"$5,080,000,000",$85.32,,12024.03,,,B.lion,,,,12026,phantasim,,,,,,,,,,
3199,12024,Euronet Worldwide,XX-XY,,,Euronet Worldwide,EEFT,,,,,,,,,,,,,United States,company.public,USD-marketcap,"$5,080,000,000",$111.17,,12024.03,,,B.lion,,,,12026,phantasim,,,,,,,,,,
3200,12024,Sunoco,XX-XY,,,Sunoco,SUN,,,,,,,,,,,,,United States,company.public,USD-marketcap,"$5,070,000,000",$60.15,,12024.03,,,B.lion,,,,12026,phantasim,,,,,,,,,,
3201,12024,Yamato Holdings,XX-XY,,,Yamato Holdings,9064.T,,,,,,,,,,,,,Japan,company.public,USD-marketcap,"$5,070,000,000",$14.76,,12024.03,,,B.lion,,,,12026,phantasim,,,,,,,,,,
3202,12024,UGI Corporation,XX-XY,,,UGI Corporation,UGI,,,,,,,,,,,,,United States,company.public,USD-marketcap,"$5,060,000,000",$24.16,,12024.03,,,B.lion,,,,12026,phantasim,,,,,,,,,,
3203,12024,Voestalpine,XX-XY,,,Voestalpine,VAS.F,,,,,,,,,,,,,Austria,company.public,USD-marketcap,"$5,060,000,000",$28.14,,12024.03,,,B.lion,,,,12026,phantasim,,,,,,,,,,
3204,12024,Covivio,XX-XY,,,Covivio,COV.PA,,,,,,,,,,,,,France,company.public,USD-marketcap,"$5,060,000,000",$50.35,,,,,B.lion,,,,12026,phantasim,,,,,,,,,,
3205,12024,Academy Sports,XX-XY,,,Academy Sports,ASO,,,,,,,,,,,,,United States,company.public,USD-marketcap,"$5,050,000,000",$67.90,,12024.03,,,B.lion,,,,12026,phantasim,,,,,,,,,,
3206,12024,Transocean,XX-XY,,,Transocean,RIG,,,,,,,,,,,,,Switzerland,company.public,USD-marketcap,"$5,050,000,000",$6.25,,12024.03,,,B.lion,,,,12026,phantasim,,,,,,,,,,
3207,12024,Braze,XX-XY,,,Braze,BRZE,,,,,,,,,,,,,United States,company.public,USD-marketcap,"$5,050,000,000",$50.58,,12024.03,,,B.lion,,,,12026,phantasim,,,,,,,,,,
3208,12024,China Power International Development,XX-XY,,,China Power International Development,2380.HK,,,,,,,,,,,,,Hong Kong,company.public,USD-marketcap,"$5,050,000,000",$0.40,,,,,B.lion,,,,12026,phantasim,,,,,,,,,,
3209,12024,Adani Wilmar,XX-XY,,,Adani Wilmar,AWL.NS,,,,,,,,,,,,,India,company.public,USD-marketcap,"$5,040,000,000",$3.88,,12024.03,,,B.lion,,,,12026,phantasim,,,,,,,,,,
3210,12024,F.N.B. Corporation,XX-XY,,,F.N.B. Corporation,FNB,,,,,,,,,,,,,United States,company.public,USD-marketcap,"$5,030,000,000",$14.02,,12024.03,,,B.lion,,,,12026,phantasim,,,,,,,,,,
3211,12024,Radian Group,XX-XY,,,Radian Group,RDN,,,,,,,,,,,,,United States,company.public,USD-marketcap,"$5,030,000,000",$33.24,,12024.03,,,B.lion,,,,12026,phantasim,,,,,,,,,,
3212,12024,Rayonier,XX-XY,,,Rayonier,RYN,,,,,,,,,,,,,United States,company.public,USD-marketcap,"$5,030,000,000",$33.41,,12024.03,,,B.lion,,,,12026,phantasim,,,,,,,,,,
3213,12024,Grupo Simec,XX-XY,,,Grupo Simec,SIM,,,,,,,,,,,,,Mexico,company.public,USD-marketcap,"$5,030,000,000",$32.25,,12024.03,,,B.lion,,,,12026,phantasim,,,,,,,,,,
3214,12024,Mr. Cooper Group,XX-XY,,,Mr. Cooper Group,COOP,,,,,,,,,,,,,United States,company.public,USD-marketcap,"$5,030,000,000",$78.01,,12024.03,,,B.lion,,,,12026,phantasim,,,,,,,,,,
3215,12024,Doximity,XX-XY,,,Doximity,DOCS,,,,,,,,,,,,,United States,company.public,USD-marketcap,"$5,030,000,000",$26.99,,12024.03,,,B.lion,,,,12026,phantasim,,,,,,,,,,
3216,12024,Bank of Maharashtra,XX-XY,,,Bank of Maharashtra,MAHABANK.NS,,,,,,,,,,,,,India,company.public,USD-marketcap,"$5,030,000,000",$0.71,,,,,B.lion,,,,12026,phantasim,,,,,,,,,,
3217,12024,Silgan Holdings,XX-XY,,,Silgan Holdings,SLGN,,,,,,,,,,,,,United States,company.public,USD-marketcap,"$5,020,000,000",$47.17,,12024.03,,,B.lion,,,,12026,phantasim,,,,,,,,,,
3218,12024,Aboitiz Power,XX-XY,,,Aboitiz Power,ABZPY,,,,,,,,,,,,,Philippines,company.public,USD-marketcap,"$5,020,000,000",$13.96,,12024.03,,,B.lion,,,,12026,phantasim,,,,,,,,,,
3219,12024,China Merchants Port,XX-XY,,,China Merchants Port,0144.HK,,,,,,,,,,,,,Hong Kong,company.public,USD-marketcap,"$5,020,000,000",$1.20,,,,,B.lion,,,,12026,phantasim,,,,,,,,,,
3220,12024,Empresas CMPC,XX-XY,,,Empresas CMPC,CMPC.SN,,,,,,,,,,,,,Chile,company.public,USD-marketcap,"$5,020,000,000",$2.01,,,,,B.lion,,,,12026,phantasim,,,,,,,,,,
3221,12024,Mapletree Commercial Trust,XX-XY,,,Mapletree Commercial Trust,N2IU.SI,,,,,,,,,,,,,Singapore,company.public,USD-marketcap,"$5,020,000,000",$0.96,,,,,B.lion,,,,12026,phantasim,,,,,,,,,,
3222,12024,Krystal Biotech,XX-XY,,,Krystal Biotech,KRYS,,,,,,,,,,,,,United States,company.public,USD-marketcap,"$5,010,000,000",$177.20,,12024.03,,,B.lion,,,,12026,phantasim,,,,,,,,,,
3223,12024,Akeso,XX-XY,,,Akeso,9926.HK,,,,,,,,,,,,,China,company.public,USD-marketcap,"$5,010,000,000",$5.96,,,,,B.lion,,,,12026,phantasim,,,,,,,,,,
3242,12024,Lufax,XX-XY,,,Lufax,LU,,,,,,,,,,,,,China,company.public,USD-marketcap,"$5,000,000,000",$4.29,,12024.03,,,B.lion,,,,12026,phantasim,,,,,,,,,,
3243,12024,Crescent Point Energy,XX-XY,,,Crescent Point Energy,CPG,,,,,,,,,,,,,Canada,company.public,USD-marketcap,"$5,000,000,000",$8.06,,12024.03,,,B.lion,,,,12026,phantasim,,,,,,,,,,
3244,12024,Hilton Grand Vacations,XX-XY,,,Hilton Grand Vacations,HGV,,,,,,,,,,,,,United States,company.public,USD-marketcap,"$5,000,000,000",$47.75,,12024.03,,,B.lion,,,,12026,phantasim,,,,,,,,,,
3245,12024,Flowers Foods,XX-XY,,,Flowers Foods,FLO,,,,,,,,,,,,,United States,company.public,USD-marketcap,"$4,990,000,000",$23.72,,12024.03,,,B.lion,,,,12026,phantasim,,,,,,,,,,
3246,12024,MDU Resources,XX-XY,,,MDU Resources,MDU,,,,,,,,,,,,,United States,company.public,USD-marketcap,"$4,990,000,000",$24.50,,12024.03,,,B.lion,,,,12026,phantasim,,,,,,,,,,
3247,12024,Squarespace,XX-XY,,,Squarespace,SQSP,,,,,,,,,,,,,United States,company.public,USD-marketcap,"$4,990,000,000",$36.56,,12024.03,,,B.lion,,,,12026,phantasim,,,,,,,,,,
3248,12024,ALTEN,XX-XY,,,ALTEN,ATE.PA,,,,,,,,,,,,,France,company.public,USD-marketcap,"$4,990,000,000",$144.06,,12024.03,,,B.lion,,,,12026,phantasim,,,,,,,,,,
3249,12024,Banco Comercial Português (Millennium bcp),XX-XY,,,Banco Comercial Português (Millennium bcp),BCP.LS,,,,,,,,,,,,,Portugal,company.public,USD-marketcap,"$4,990,000,000",$0.33,,12024.03,,,B.lion,,,,12026,phantasim,,,,,,,,,,
3250,12024,Balchem,XX-XY,,,Balchem,BCPC,,,,,,,,,,,,,United States,company.public,USD-marketcap,"$4,980,000,000",$154.46,,12024.03,,,B.lion,,,,12026,phantasim,,,,,,,,,,
3251,12024,Clarivate,XX-XY,,,Clarivate,CLVT,,,,,,,,,,,,,United Kingdom,company.public,USD-marketcap,"$4,980,000,000",$7.46,,12024.03,,,B.lion,,,,12026,phantasim,,,,,,,,,,
3252,12024,GMO Payment Gateway,XX-XY,,,GMO Payment Gateway,3769.T,,,,,,,,,,,,,Japan,company.public,USD-marketcap,"$4,980,000,000",$65.31,,12024.03,,,B.lion,,,,12026,phantasim,,,,,,,,,,
3253,12024,Modine Manufacturing,XX-XY,,,Modine Manufacturing,MOD,,,,,,,,,,,,,United States,company.public,USD-marketcap,"$4,970,000,000",$95.25,,12024.03,,,B.lion,,,,12026,phantasim,,,,,,,,,,
3254,12024,Airtel Africa,XX-XY,,,Airtel Africa,AAF.L,,,,,,,,,,,,,United Kingdom,company.public,USD-marketcap,"$4,960,000,000",$1.32,,12024.03,,,B.lion,,,,12026,phantasim,,,,,,,,,,
3255,12024,Endeavour Mining,XX-XY,,,Endeavour Mining,EDV.TO,,,,,,,,,,,,,United Kingdom,company.public,USD-marketcap,"$4,960,000,000",$20.24,,,,,B.lion,,,,12026,phantasim,,,,,,,,,,
3256,12024,Merlin Properties,XX-XY,,,Merlin Properties,MRL.MC,,,,,,,,,,,,,Spain,company.public,USD-marketcap,"$4,960,000,000",$10.61,,,,,B.lion,,,,12026,phantasim,,,,,,,,,,
3257,12024,American Eagle Outfitters,XX-XY,,,American Eagle Outfitters,AEO,,,,,,,,,,,,,United States,company.public,USD-marketcap,"$4,950,000,000",$25.14,,12024.03,,,B.lion,,,,12026,phantasim,,,,,,,,,,
3258,12024,Cirrus Logic,XX-XY,,,Cirrus Logic,CRUS,,,,,,,,,,,,,United States,company.public,USD-marketcap,"$4,950,000,000",$91.94,,12024.03,,,B.lion,,,,12026,phantasim,,,,,,,,,,
3259,12024,Galicia Financial Group,XX-XY,,,Galicia Financial Group,GGAL,,,,,,,,,,,,,Argentina,company.public,USD-marketcap,"$4,950,000,000",$26.15,,12024.03,,,B.lion,,,,12026,phantasim,,,,,,,,,,
3260,12024,Sopra Steria Group,XX-XY,,,Sopra Steria Group,SOP.PA,,,,,,,,,,,,,France,company.public,USD-marketcap,"$4,950,000,000",$242.85,,,,,B.lion,,,,12026,phantasim,,,,,,,,,,
3261,12024,Sasol,XX-XY,,,Sasol,SSL,,,,,,,,,,,,,South Africa,company.public,USD-marketcap,"$4,940,000,000",$7.65,,12024.03,,,B.lion,,,,12026,phantasim,,,,,,,,,,
3262,12024,BAWAG Group,XX-XY,,,BAWAG Group,0B2.F,,,,,,,,,,,,,Austria,company.public,USD-marketcap,"$4,940,000,000",$62.82,,12024.03,,,B.lion,,,,12026,phantasim,,,,,,,,,,
3263,12024,Valmet,XX-XY,,,Valmet,VALMT.HE,,,,,,,,,,,,,Finland,company.public,USD-marketcap,"$4,940,000,000",$26.87,,,,,B.lion,,,,12026,phantasim,,,,,,,,,,
3264,12024,Kyndryl,XX-XY,,,Kyndryl,KD,,,,,,,,,,,,,United States,company.public,USD-marketcap,"$4,930,000,000",$21.46,,12024.03,,,B.lion,,,,12026,phantasim,,,,,,,,,,
3265,12024,Home BancShares,XX-XY,,,Home BancShares,HOMB,,,,,,,,,,,,,United States,company.public,USD-marketcap,"$4,930,000,000",$24.54,,12024.03,,,B.lion,,,,12026,phantasim,,,,,,,,,,
3266,12024,Husqvarna,XX-XY,,,Husqvarna,HUSQ-A.ST,,,,,,,,,,,,,Sweden,company.public,USD-marketcap,"$4,930,000,000",$8.52,,,,,B.lion,,,,12026,phantasim,,,,,,,,,,
3267,12024,Enact Holdings,XX-XY,,,Enact Holdings,ACT,,,,,,,,,,,,,United States,company.public,USD-marketcap,"$4,920,000,000",$30.96,,12024.03,,,B.lion,,,,12026,phantasim,,,,,,,,,,
3268,12024,Yadea Group,XX-XY,,,Yadea Group,1585.HK,,,,,,,,,,,,,China,company.public,USD-marketcap,"$4,920,000,000",$1.64,,,,,B.lion,,,,12026,phantasim,,,,,,,,,,
3269,12024,Franklin Electric,XX-XY,,,Franklin Electric,FELE,,,,,,,,,,,,,United States,company.public,USD-marketcap,"$4,910,000,000",$106.64,,12024.03,,,B.lion,,,,12026,phantasim,,,,,,,,,,
3270,12024,Nuvalent,XX-XY,,,Nuvalent,NUVL,,,,,,,,,,,,,United States,company.public,USD-marketcap,"$4,910,000,000",$76.64,,12024.03,,,B.lion,,,,12026,phantasim,,,,,,,,,,
3271,12024,Patterson-UTI Energy,XX-XY,,,Patterson-UTI Energy,PTEN,,,,,,,,,,,,,United States,company.public,USD-marketcap,"$4,910,000,000",$12.05,,12024.03,,,B.lion,,,,12026,phantasim,,,,,,,,,,
3272,12024,Stericycle,XX-XY,,,Stericycle,SRCL,,,,,,,,,,,,,United States,company.public,USD-marketcap,"$4,910,000,000",$53.10,,12024.03,,,B.lion,,,,12026,phantasim,,,,,,,,,,
3273,12024,Mitsubishi Motors,XX-XY,,,Mitsubishi Motors,7211.T,,,,,,,,,,,,,Japan,company.public,USD-marketcap,"$4,910,000,000",$3.30,,12024.03,,,B.lion,,,,12026,phantasim,,,,,,,,,,
3274,12024,TMBThanachart Bank (ttb),XX-XY,,,TMBThanachart Bank (ttb),TTB.BK,,,,,,,,,,,,,Thailand,company.public,USD-marketcap,"$4,910,000,000",$0.05,,,,,B.lion,,,,12026,phantasim,,,,,,,,,,
3275,12024,JAC Motors,XX-XY,,,JAC Motors,600418.SS,,,,,,,,,,,,,China,company.public,USD-marketcap,"$4,910,000,000",$2.25,,,,,B.lion,,,,12026,phantasim,,,,,,,,,,
3276,12024,APL Apollo,XX-XY,,,APL Apollo,APLAPOLLO.NS,,,,,,,,,,,,,India,company.public,USD-marketcap,"$4,910,000,000",$17.71,,,,,B.lion,,,,12026,phantasim,,,,,,,,,,
3292,12024,Hualan Biological Engineering,XX-XY,,,Hualan Biological Engineering,002007.SZ,,,,,,,,,,,,,China,company.public,USD-marketcap,"$4,900,000,000",$2.68,,,,,B.lion,,,,12026,phantasim,,,,,,,,,,
3293,12024,Embraer,XX-XY,,,Embraer,ERJ,,,,,,,,,,,,,Brazil,company.public,USD-marketcap,"$4,890,000,000",$26.65,,12024.03,,,B.lion,,,,12026,phantasim,,,,,,,,,,
3294,12024,Bumrungrad Hospital,XX-XY,,,Bumrungrad Hospital,BH.BK,,,,,,,,,,,,,Thailand,company.public,USD-marketcap,"$4,890,000,000",$6.16,,12024.03,,,B.lion,,,,12026,phantasim,,,,,,,,,,
3295,12024,JSC Halyk Bank,XX-XY,,,JSC Halyk Bank,H4L1.F,,,,,,,,,,,,,Kazakhstan,company.public,USD-marketcap,"$4,890,000,000",$17.33,,,,,B.lion,,,,12026,phantasim,,,,,,,,,,
3296,12024,Qatar Electricity & Water Company,XX-XY,,,Qatar Electricity & Water Company,QEWS.QA,,,,,,,,,,,,,Qatar,company.public,USD-marketcap,"$4,890,000,000",$4.45,,,,,B.lion,,,,12026,phantasim,,,,,,,,,,
3297,12024,Ashland,XX-XY,,,Ashland,ASH,,,,,,,,,,,,,United States,company.public,USD-marketcap,"$4,880,000,000",$97.61,,12024.03,,,B.lion,,,,12026,phantasim,,,,,,,,,,
3298,12024,National Fuel Gas,XX-XY,,,National Fuel Gas,NFG,,,,,,,,,,,,,United States,company.public,USD-marketcap,"$4,880,000,000",$52.98,,12024.03,,,B.lion,,,,12026,phantasim,,,,,,,,,,
3299,12024,Fraport,XX-XY,,,Fraport,FRA.DE,,,,,,,,,,,,,Germany,company.public,USD-marketcap,"$4,880,000,000",$52.87,,,,,B.lion,,,,12026,phantasim,,,,,,,,,,
3300,12024,Richter Gedeon,XX-XY,,,Richter Gedeon,RIG2.F,,,,,,,,,,,,,Hungary,company.public,USD-marketcap,"$4,880,000,000",$25.87,,,,,B.lion,,,,12026,phantasim,,,,,,,,,,
3301,12024,Telekom Malaysia,XX-XY,,,Telekom Malaysia,4863.KL,,,,,,,,,,,,,Malaysia,company.public,USD-marketcap,"$4,870,000,000",$1.27,,,,,B.lion,,,,12026,phantasim,,,,,,,,,,
3302,12024,Asahi Intecc,XX-XY,,,Asahi Intecc,7747.T,,,,,,,,,,,,,Japan,company.public,USD-marketcap,"$4,860,000,000",$17.93,,12024.03,,,B.lion,,,,12026,phantasim,,,,,,,,,,
3303,12024,Hanover Insurance Group,XX-XY,,,Hanover Insurance Group,THG,,,,,,,,,,,,,United States,company.public,USD-marketcap,"$4,850,000,000",$135.54,,12024.03,,,B.lion,,,,12026,phantasim,,,,,,,,,,
3304,12024,Ollie's Bargain Outlet,XX-XY,,,Ollie's Bargain Outlet,OLLI,,,,,,,,,,,,,United States,company.public,USD-marketcap,"$4,850,000,000",$78.82,,12024.03,,,B.lion,,,,12026,phantasim,,,,,,,,,,
3305,12024,Mapletree Industrial Trust,XX-XY,,,Mapletree Industrial Trust,ME8U.SI,,,,,,,,,,,,,Singapore,company.public,USD-marketcap,"$4,850,000,000",$1.71,,,,,B.lion,,,,12026,phantasim,,,,,,,,,,
3306,12024,Assured Guaranty,XX-XY,,,Assured Guaranty,AGO,,,,,,,,,,,,,Bermuda,company.public,USD-marketcap,"$4,840,000,000",$87.35,,12024.03,,,B.lion,,,,12026,phantasim,,,,,,,,,,
3307,12024,Phillips Edison & Company,XX-XY,,,Phillips Edison & Company,PECO,,,,,,,,,,,,,United States,company.public,USD-marketcap,"$4,840,000,000",$35.60,,12024.03,,,B.lion,,,,12026,phantasim,,,,,,,,,,
3308,12024,Atlas Arteria,XX-XY,,,Atlas Arteria,ALX.AX,,,,,,,,,,,,,Australia,company.public,USD-marketcap,"$4,840,000,000",$3.34,,12024.03,,,B.lion,,,,12026,phantasim,,,,,,,,,,
3309,12024,Skyline Champion,XX-XY,,,Skyline Champion,SKY,,,,,,,,,,,,,United States,company.public,USD-marketcap,"$4,830,000,000",$83.65,,12024.03,,,B.lion,,,,12026,phantasim,,,,,,,,,,
3310,12024,PTT Global Chemical,XX-XY,,,PTT Global Chemical,PTTGC.BK,,,,,,,,,,,,,Thailand,company.public,USD-marketcap,"$4,830,000,000",$1.06,,,,,B.lion,,,,12026,phantasim,,,,,,,,,,
3311,12024,Ocado,XX-XY,,,Ocado,OCDO.L,,,,,,,,,,,,,United Kingdom,company.public,USD-marketcap,"$4,820,000,000",$5.90,,,,,B.lion,,,,12026,phantasim,,,,,,,,,,
3312,12024,Yang Ming,XX-XY,,,Yang Ming,2609.TW,,,,,,,,,,,,,Taiwan,company.public,USD-marketcap,"$4,820,000,000",$1.38,,,,,B.lion,,,,12026,phantasim,,,,,,,,,,
3313,12024,Cencosud,XX-XY,,,Cencosud,CENCOSUD.SN,,,,,,,,,,,,,Chile,company.public,USD-marketcap,"$4,820,000,000",$1.72,,,,,B.lion,,,,12026,phantasim,,,,,,,,,,
3314,12024,KPIT Technologies,XX-XY,,,KPIT Technologies,KPITTECH.NS,,,,,,,,,,,,,India,company.public,USD-marketcap,"$4,820,000,000",$17.80,,,,,B.lion,,,,12026,phantasim,,,,,,,,,,
3315,12024,Herc Holdings,XX-XY,,,Herc Holdings,HRI,,,,,,,,,,,,,United States,company.public,USD-marketcap,"$4,810,000,000",$170.00,,12024.03,,,B.lion,,,,12026,phantasim,,,,,,,,,,
3316,12024,Tidewater,XX-XY,,,Tidewater,TDW,,,,,,,,,,,,,United States,company.public,USD-marketcap,"$4,810,000,000",$92.20,,12024.03,,,B.lion,,,,12026,phantasim,,,,,,,,,,
3317,12024,ASGN,XX-XY,,,ASGN,ASGN,,,,,,,,,,,,,United States,company.public,USD-marketcap,"$4,810,000,000",$103.49,,12024.03,,,B.lion,,,,12026,phantasim,,,,,,,,,,
3331,12024,Bombardier Recreational Products,XX-XY,,,Bombardier Recreational Products,DOOO,,,,,,,,,,,,,Canada,company.public,USD-marketcap,"$4,800,000,000",$63.65,,12024.03,,,B.lion,,,,12026,phantasim,,,,,,,,,,
3332,12024,SITC International,XX-XY,,,SITC International,1308.HK,,,,,,,,,,,,,Hong Kong,company.public,USD-marketcap,"$4,800,000,000",$1.79,,,,,B.lion,,,,12026,phantasim,,,,,,,,,,
3333,12024,Vopak,XX-XY,,,Vopak,VPK.AS,,,,,,,,,,,,,Netherlands,company.public,USD-marketcap,"$4,790,000,000",$38.33,,,,,B.lion,,,,12026,phantasim,,,,,,,,,,
3334,12024,Subsea 7,XX-XY,,,Subsea 7,SUBC.OL,,,,,,,,,,,,,Luxembourg,company.public,USD-marketcap,"$4,790,000,000",$16.01,,,,,B.lion,,,,12026,phantasim,,,,,,,,,,
3335,12024,Kite Realty,XX-XY,,,Kite Realty,KRG,,,,,,,,,,,,,United States,company.public,USD-marketcap,"$4,780,000,000",$21.44,,12024.03,,,B.lion,,,,12026,phantasim,,,,,,,,,,
3336,12024,Aurizon Holdings,XX-XY,,,Aurizon Holdings,AZJ.AX,,,,,,,,,,,,,Australia,company.public,USD-marketcap,"$4,780,000,000",$2.60,,12024.03,,,B.lion,,,,12026,phantasim,,,,,,,,,,
3337,12024,VZ Holding,XX-XY,,,VZ Holding,VZN.SW,,,,,,,,,,,,,Switzerland,company.public,USD-marketcap,"$4,780,000,000",$121.60,,,,,B.lion,,,,12026,phantasim,,,,,,,,,,
3338,12024,Megacable Holdings,XX-XY,,,Megacable Holdings,MEGACPO.MX,,,,,,,,,,,,,Mexico,company.public,USD-marketcap,"$4,780,000,000",$2.79,,,,,B.lion,,,,12026,phantasim,,,,,,,,,,
3339,12024,United Bankshares,XX-XY,,,United Bankshares,UBSI,,,,,,,,,,,,,United States,company.public,USD-marketcap,"$4,770,000,000",$35.37,,12024.03,,,B.lion,,,,12026,phantasim,,,,,,,,,,
3340,12024,Zhejiang Century Huatong,XX-XY,,,Zhejiang Century Huatong,002602.SZ,,,,,,,,,,,,,China,company.public,USD-marketcap,"$4,770,000,000",$0.64,,,,,B.lion,,,,12026,phantasim,,,,,,,,,,
3341,12024,Asbury Automotive Group,XX-XY,,,Asbury Automotive Group,ABG,,,,,,,,,,,,,United States,company.public,USD-marketcap,"$4,760,000,000",$233.73,,12024.03,,,B.lion,,,,12026,phantasim,,,,,,,,,,
3342,12024,Columbia Sportswear,XX-XY,,,Columbia Sportswear,COLM,,,,,,,,,,,,,United States,company.public,USD-marketcap,"$4,760,000,000",$79.62,,12024.03,,,B.lion,,,,12026,phantasim,,,,,,,,,,
3343,12024,Clearwater Analytics,XX-XY,,,Clearwater Analytics,CWAN,,,,,,,,,,,,,United States,company.public,USD-marketcap,"$4,760,000,000",$17.47,,12024.03,,,B.lion,,,,12026,phantasim,,,,,,,,,,
3344,12024,Sallie Mae,XX-XY,,,Sallie Mae,SLM,,,,,,,,,,,,,United States,company.public,USD-marketcap,"$4,750,000,000",$21.60,,12024.03,,,B.lion,,,,12026,phantasim,,,,,,,,,,
3345,12024,Arcadium Lithium,XX-XY,,,Arcadium Lithium,ALTM,,,,,,,,,,,,,United States,company.public,USD-marketcap,"$4,750,000,000",$4.43,,12024.03,,,B.lion,,,,12026,phantasim,,,,,,,,,,
3346,12024,GATX,XX-XY,,,GATX,GATX,,,,,,,,,,,,,United States,company.public,USD-marketcap,"$4,750,000,000",$133.93,,12024.03,,,B.lion,,,,12026,phantasim,,,,,,,,,,
3347,12024,TOTO,XX-XY,,,TOTO,5332.T,,,,,,,,,,,,,Japan,company.public,USD-marketcap,"$4,750,000,000",$28.04,,12024.03,,,B.lion,,,,12026,phantasim,,,,,,,,,,
3348,12024,International Games System,XX-XY,,,International Games System,3293.TWO,,,,,,,,,,,,,Taiwan,company.public,USD-marketcap,"$4,750,000,000",$33.78,,,,,B.lion,,,,12026,phantasim,,,,,,,,,,
3349,12024,Petronet LNG,XX-XY,,,Petronet LNG,PETRONET.NS,,,,,,,,,,,,,India,company.public,USD-marketcap,"$4,750,000,000",$3.17,,,,,B.lion,,,,12026,phantasim,,,,,,,,,,
3350,12024,Italgas,XX-XY,,,Italgas,IG.MI,,,,,,,,,,,,,Italy,company.public,USD-marketcap,"$4,740,000,000",$5.85,,12024.03,,,B.lion,,,,12026,phantasim,,,,,,,,,,
3351,12024,Public Power Corporation,XX-XY,,,Public Power Corporation,PPC.AT,,,,,,,,,,,,,Greece,company.public,USD-marketcap,"$4,740,000,000",$12.41,,,,,B.lion,,,,12026,phantasim,,,,,,,,,,
3352,12024,Soitec,XX-XY,,,Soitec,SOI.PA,,,,,,,,,,,,,France,company.public,USD-marketcap,"$4,740,000,000",$130.80,,,,,B.lion,,,,12026,phantasim,,,,,,,,,,
3353,12024,Makkah Construction & Development,XX-XY,,,Makkah Construction & Development,4100.SR,,,,,,,,,,,,,Saudi Arabia,company.public,USD-marketcap,"$4,740,000,000",$28.81,,,,,B.lion,,,,12026,phantasim,,,,,,,,,,
3354,12024,Vertex,XX-XY,,,Vertex,VERX,,,,,,,,,,,,,United States,company.public,USD-marketcap,"$4,730,000,000",$30.66,,12024.03,,,B.lion,,,,12026,phantasim,,,,,,,,,,
3355,12024,Square Enix,XX-XY,,,Square Enix,9684.T,,,,,,,,,,,,,Japan,company.public,USD-marketcap,"$4,730,000,000",$39.53,,12024.03,,,B.lion,,,,12026,phantasim,,,,,,,,,,
3356,12024,UNO Minda,XX-XY,,,UNO Minda,UNOMINDA.NS,,,,,,,,,,,,,India,company.public,USD-marketcap,"$4,730,000,000",$8.24,,,,,B.lion,,,,12026,phantasim,,,,,,,,,,
3357,12024,Badger Meter,XX-XY,,,Badger Meter,BMI,,,,,,,,,,,,,United States,company.public,USD-marketcap,"$4,720,000,000",$161.00,,12024.03,,,B.lion,,,,12026,phantasim,,,,,,,,,,
3358,12024,Immunovant,XX-XY,,,Immunovant,IMVT,,,,,,,,,,,,,United States,company.public,USD-marketcap,"$4,720,000,000",$32.52,,12024.03,,,B.lion,,,,12026,phantasim,,,,,,,,,,
3359,12024,Beijing Enterprises Holdings,XX-XY,,,Beijing Enterprises Holdings,0392.HK,,,,,,,,,,,,,Hong Kong,company.public,USD-marketcap,"$4,720,000,000",$3.74,,,,,B.lion,,,,12026,phantasim,,,,,,,,,,
3360,12024,MDC Holdings,XX-XY,,,MDC Holdings,MDC,,,,,,,,,,,,,United States,company.public,USD-marketcap,"$4,710,000,000",$62.87,,12024.03,,,B.lion,,,,12026,phantasim,,,,,,,,,,
3361,12024,Organon,XX-XY,,,Organon,OGN,,,,,,,,,,,,,United States,company.public,USD-marketcap,"$4,710,000,000",$18.45,,12024.03,,,B.lion,,,,12026,phantasim,,,,,,,,,,
3362,12024,Bilibili,XX-XY,,,Bilibili,BILI,,,,,,,,,,,,,China,company.public,USD-marketcap,"$4,710,000,000",$11.03,,12024.03,,,B.lion,,,,12026,phantasim,,,,,,,,,,
3363,12024,Ternium Argentina,XX-XY,,,Ternium Argentina,TXAR.BA,,,,,,,,,,,,,Argentina,company.public,USD-marketcap,"$4,710,000,000",$1.04,,,,,B.lion,,,,12026,phantasim,,,,,,,,,,
3375,12024,MARAFIQ (The Power and Water Utility Company for Jubail and Yanbu),XX-XY,,,MARAFIQ (The Power and Water Utility Company for Jubail and Yanbu),2083.SR,,,,,,,,,,,,,Saudi Arabia,company.public,USD-marketcap,"$4,700,000,000",$18.83,,,,,B.lion,,,,12026,phantasim,,,,,,,,,,
3376,12024,Jarir,XX-XY,,,Jarir,4190.SR,,,,,,,,,,,,,Saudi Arabia,company.public,USD-marketcap,"$4,700,000,000",$3.92,,,,,B.lion,,,,12026,phantasim,,,,,,,,,,
3377,12024,Western Union,XX-XY,,,Western Union,WU,,,,,,,,,,,,,United States,company.public,USD-marketcap,"$4,690,000,000",$13.71,,12024.03,,,B.lion,,,,12026,phantasim,,,,,,,,,,
3378,12024,Nomura Real Estate Master Fund,XX-XY,,,Nomura Real Estate Master Fund,3462.T,,,,,,,,,,,,,Japan,company.public,USD-marketcap,"$4,690,000,000",$996.40,,12024.03,,,B.lion,,,,12026,phantasim,,,,,,,,,,
3379,12024,Rohto Pharmaceutical,XX-XY,,,Rohto Pharmaceutical,4527.T,,,,,,,,,,,,,Japan,company.public,USD-marketcap,"$4,690,000,000",$20.42,,12024.03,,,B.lion,,,,12026,phantasim,,,,,,,,,,
3380,12024,PPB Group Berhad,XX-XY,,,PPB Group Berhad,4065.KL,,,,,,,,,,,,,Malaysia,company.public,USD-marketcap,"$4,690,000,000",$3.30,,,,,B.lion,,,,12026,phantasim,,,,,,,,,,
3381,12024,Idacorp,XX-XY,,,Idacorp,IDA,,,,,,,,,,,,,United States,company.public,USD-marketcap,"$4,680,000,000",$92.44,,12024.03,,,B.lion,,,,12026,phantasim,,,,,,,,,,
3382,12024,ABC-Mart,XX-XY,,,ABC-Mart,2670.T,,,,,,,,,,,,,Japan,company.public,USD-marketcap,"$4,680,000,000",$18.91,,12024.03,,,B.lion,,,,12026,phantasim,,,,,,,,,,
3383,12024,Saipem,XX-XY,,,Saipem,SPM.MI,,,,,,,,,,,,,Italy,company.public,USD-marketcap,"$4,680,000,000",$2.38,,,,,B.lion,,,,12026,phantasim,,,,,,,,,,
3384,12024,Enstar Group,XX-XY,,,Enstar Group,ESGR,,,,,,,,,,,,,Bermuda,company.public,USD-marketcap,"$4,670,000,000",$307.86,,12024.03,,,B.lion,,,,12026,phantasim,,,,,,,,,,
3385,12024,Capstone Copper,XX-XY,,,Capstone Copper,CS.TO,,,,,,,,,,,,,Canada,company.public,USD-marketcap,"$4,670,000,000",$6.21,,12024.03,,,B.lion,,,,12026,phantasim,,,,,,,,,,
3386,12024,EVN Group,XX-XY,,,EVN Group,EVN.F,,,,,,,,,,,,,Austria,company.public,USD-marketcap,"$4,670,000,000",$26.21,,12024.03,,,B.lion,,,,12026,phantasim,,,,,,,,,,
3387,12024,Jfrog,XX-XY,,,Jfrog,FROG,,,,,,,,,,,,,United States,company.public,USD-marketcap,"$4,660,000,000",$43.92,,12024.03,,,B.lion,,,,12026,phantasim,,,,,,,,,,
3388,12024,Biohaven Pharmaceutical,XX-XY,,,Biohaven Pharmaceutical,BHVN,,,,,,,,,,,,,United States,company.public,USD-marketcap,"$4,650,000,000",$57.02,,12024.03,,,B.lion,,,,12026,phantasim,,,,,,,,,,
3389,12024,Lundbeck,XX-XY,,,Lundbeck,HLUN-B.CO,,,,,,,,,,,,,Denmark,company.public,USD-marketcap,"$4,650,000,000",$4.82,,,,,B.lion,,,,12026,phantasim,,,,,,,,,,
3390,12024,Banco del Bajío,XX-XY,,,Banco del Bajío,BBAJIOO.MX,,,,,,,,,,,,,Mexico,company.public,USD-marketcap,"$4,650,000,000",$3.91,,,,,B.lion,,,,12026,phantasim,,,,,,,,,,
3391,12024,First Financial Bankshares,XX-XY,,,First Financial Bankshares,FFIN,,,,,,,,,,,,,United States,company.public,USD-marketcap,"$4,640,000,000",$32.55,,12024.03,,,B.lion,,,,12026,phantasim,,,,,,,,,,
3392,12024,Taisho Pharmaceutical,XX-XY,,,Taisho Pharmaceutical,4581.T,,,,,,,,,,,,,Japan,company.public,USD-marketcap,"$4,640,000,000",$56.63,,12024.03,,,B.lion,,,,12026,phantasim,,,,,,,,,,
3393,12024,Tomra,XX-XY,,,Tomra,TOM.OL,,,,,,,,,,,,,Norway,company.public,USD-marketcap,"$4,640,000,000",$15.73,,,,,B.lion,,,,12026,phantasim,,,,,,,,,,
3394,12024,Ringkjøbing Landbobank,XX-XY,,,Ringkjøbing Landbobank,RILBA.CO,,,,,,,,,,,,,Denmark,company.public,USD-marketcap,"$4,640,000,000",$175.55,,,,,B.lion,,,,12026,phantasim,,,,,,,,,,
3395,12024,Romgaz,XX-XY,,,Romgaz,RZ8G.F,,,,,,,,,,,,,Romania,company.public,USD-marketcap,"$4,630,000,000",$10.78,,,,,B.lion,,,,12026,phantasim,,,,,,,,,,
3396,12024,Aluminium Bahrain (Alba),XX-XY,,,Aluminium Bahrain (Alba),ALBH.BH,,,,,,,,,,,,,Bahrain,company.public,USD-marketcap,"$4,630,000,000",N/A,,,,,B.lion,,,,12026,phantasim,,,,,,,,,,
3397,12024,Apartment Income REIT,XX-XY,,,Apartment Income REIT,AIRC,,,,,,,,,,,,,United States,company.public,USD-marketcap,"$4,620,000,000",$31.93,,12024.03,,,B.lion,,,,12026,phantasim,,,,,,,,,,
3398,12024,Natura&Co,XX-XY,,,Natura&Co,NTCO,,,,,,,,,,,,,Brazil,company.public,USD-marketcap,"$4,620,000,000",$6.57,,12024.03,,,B.lion,,,,12026,phantasim,,,,,,,,,,
3399,12024,PennyMac,XX-XY,,,PennyMac,PFSI,,,,,,,,,,,,,United States,company.public,USD-marketcap,"$4,620,000,000",$91.71,,12024.03,,,B.lion,,,,12026,phantasim,,,,,,,,,,
3400,12024,Canadian Utilities,XX-XY,,,Canadian Utilities,CU.TO,,,,,,,,,,,,,Canada,company.public,USD-marketcap,"$4,620,000,000",$22.62,,12024.03,,,B.lion,,,,12026,phantasim,,,,,,,,,,
3401,12024,Nexans,XX-XY,,,Nexans,NEX.PA,,,,,,,,,,,,,France,company.public,USD-marketcap,"$4,620,000,000",$105.02,,,,,B.lion,,,,12026,phantasim,,,,,,,,,,
3402,12024,Wynn Macau,XX-XY,,,Wynn Macau,1128.HK,,,,,,,,,,,,,Macau,company.public,USD-marketcap,"$4,620,000,000",$0.88,,,,,B.lion,,,,12026,phantasim,,,,,,,,,,
3403,12024,Workiva,XX-XY,,,Workiva,WK,,,,,,,,,,,,,United States,company.public,USD-marketcap,"$4,610,000,000",$84.37,,12024.03,,,B.lion,,,,12026,phantasim,,,,,,,,,,
3404,12024,Gates Industrial Corp,XX-XY,,,Gates Industrial Corp,GTES,,,,,,,,,,,,,United States,company.public,USD-marketcap,"$4,610,000,000",$17.74,,12024.03,,,B.lion,,,,12026,phantasim,,,,,,,,,,
3405,12024,Qatar International Islamic Bank,XX-XY,,,Qatar International Islamic Bank,QIIK.QA,,,,,,,,,,,,,Qatar,company.public,USD-marketcap,"$4,610,000,000",$3.05,,,,,B.lion,,,,12026,phantasim,,,,,,,,,,
3406,12024,Page Industries,XX-XY,,,Page Industries,PAGEIND.NS,,,,,,,,,,,,,India,company.public,USD-marketcap,"$4,610,000,000",$413.57,,,,,B.lion,,,,12026,phantasim,,,,,,,,,,
3427,12024,White Mountains Insurance Group,XX-XY,,,White Mountains Insurance Group,WTM,,,,,,,,,,,,,Bermuda,company.public,USD-marketcap,"$4,600,000,000","$1,803.00",,12024.03,,,B.lion,,,,12026,phantasim,,,,,,,,,,
3428,12024,Technip Energies,XX-XY,,,Technip Energies,TE.PA,,,,,,,,,,,,,France,company.public,USD-marketcap,"$4,600,000,000",$25.39,,12024.03,,,B.lion,,,,12026,phantasim,,,,,,,,,,
3429,12024,British Land,XX-XY,,,British Land,BLND.L,,,,,,,,,,,,,United Kingdom,company.public,USD-marketcap,"$4,600,000,000",$4.97,,12024.03,,,B.lion,,,,12026,phantasim,,,,,,,,,,
3430,12024,Vienna Airport,XX-XY,,,Vienna Airport,FLW1.F,,,,,,,,,,,,,Austria,company.public,USD-marketcap,"$4,600,000,000",$54.38,,,,,B.lion,,,,12026,phantasim,,,,,,,,,,
3432,12024,PagSeguro,XX-XY,,,PagSeguro,PAGS,,,,,,,,,,,,,Brazil,company.public,USD-marketcap,"$4,590,000,000",$14.36,,12024.03,,,B.lion,,,,12026,phantasim,,,,,,,,,,
3433,12024,Strabag,XX-XY,,,Strabag,XD4.F,,,,,,,,,,,,,Austria,company.public,USD-marketcap,"$4,590,000,000",$43.33,,12024.03,,,B.lion,,,,12026,phantasim,,,,,,,,,,
3434,12024,Boyd Group,XX-XY,,,Boyd Group,BYD.TO,,,,,,,,,,,,,Canada,company.public,USD-marketcap,"$4,590,000,000",$213.77,,12024.03,,,B.lion,,,,12026,phantasim,,,,,,,,,,
3435,12024,Hang Lung Properties,XX-XY,,,Hang Lung Properties,0101.HK,,,,,,,,,,,,,Hong Kong,company.public,USD-marketcap,"$4,590,000,000",$1.02,,,,,B.lion,,,,12026,phantasim,,,,,,,,,,
3436,12024,DKSH Holding,XX-XY,,,DKSH Holding,DKSH.SW,,,,,,,,,,,,,Switzerland,company.public,USD-marketcap,"$4,590,000,000",$70.69,,,,,B.lion,,,,12026,phantasim,,,,,,,,,,
3437,12024,Glaukos,XX-XY,,,Glaukos,GKOS,,,,,,,,,,,,,United States,company.public,USD-marketcap,"$4,580,000,000",$92.69,,12024.03,,,B.lion,,,,12026,phantasim,,,,,,,,,,
3438,12024,Flughafen Wien (Vienna Airport),XX-XY,,,Flughafen Wien (Vienna Airport),FLU.VI,,,,,,,,,,,,,Austria,company.public,USD-marketcap,"$4,580,000,000",$54.70,,,,,B.lion,,,,12026,phantasim,,,,,,,,,,
3439,12024,Punjab & Sind Bank,XX-XY,,,Punjab & Sind Bank,PSB.NS,,,,,,,,,,,,,India,company.public,USD-marketcap,"$4,580,000,000",$0.68,,,,,B.lion,,,,12026,phantasim,,,,,,,,,,
3440,12024,PrairieSky Royalty,XX-XY,,,PrairieSky Royalty,PSK.TO,,,,,,,,,,,,,Canada,company.public,USD-marketcap,"$4,580,000,000",$19.17,,,,,B.lion,,,,12026,phantasim,,,,,,,,,,
3441,12024,CleanSpark,XX-XY,,,CleanSpark,CLSK,,,,,,,,,,,,,United States,company.public,USD-marketcap,"$4,570,000,000",$23.11,,12024.03,,,B.lion,,,,12026,phantasim,,,,,,,,,,
3442,12024,Frasers Group,XX-XY,,,Frasers Group,FRAS.L,,,,,,,,,,,,,United Kingdom,company.public,USD-marketcap,"$4,570,000,000",$10.11,,,,,B.lion,,,,12026,phantasim,,,,,,,,,,
3443,12024,New India Assurance,XX-XY,,,New India Assurance,NIACL.NS,,,,,,,,,,,,,India,company.public,USD-marketcap,"$4,570,000,000",$2.77,,,,,B.lion,,,,12026,phantasim,,,,,,,,,,
3444,12024,Five9,XX-XY,,,Five9,FIVN,,,,,,,,,,,,,United States,company.public,USD-marketcap,"$4,560,000,000",$62.30,,12024.03,,,B.lion,,,,12026,phantasim,,,,,,,,,,
3445,12024,Evolution Mining,XX-XY,,,Evolution Mining,EVN.AX,,,,,,,,,,,,,Australia,company.public,USD-marketcap,"$4,560,000,000",$2.30,,,,,B.lion,,,,12026,phantasim,,,,,,,,,,
3446,12024,JB Hi-Fi,XX-XY,,,JB Hi-Fi,JBH.AX,,,,,,,,,,,,,Australia,company.public,USD-marketcap,"$4,560,000,000",$41.76,,,,,B.lion,,,,12026,phantasim,,,,,,,,,,
3447,12024,Asia Cement,XX-XY,,,Asia Cement,1102.TW,,,,,,,,,,,,,Taiwan,company.public,USD-marketcap,"$4,560,000,000",$1.29,,,,,B.lion,,,,12026,phantasim,,,,,,,,,,
3448,12024,Valmont Industries,XX-XY,,,Valmont Industries,VMI,,,,,,,,,,,,,United States,company.public,USD-marketcap,"$4,550,000,000",$225.42,,12024.03,,,B.lion,,,,12026,phantasim,,,,,,,,,,
3449,12024,Alkermes,XX-XY,,,Alkermes,ALKS,,,,,,,,,,,,,Ireland,company.public,USD-marketcap,"$4,550,000,000",$27.25,,12024.03,,,B.lion,,,,12026,phantasim,,,,,,,,,,
3450,12024,Banca Generali,XX-XY,,,Banca Generali,BGN.MI,,,,,,,,,,,,,Italy,company.public,USD-marketcap,"$4,550,000,000",$40.01,,12024.03,,,B.lion,,,,12026,phantasim,,,,,,,,,,
3451,12024,Haitian International Holdings,XX-XY,,,Haitian International Holdings,1882.HK,,,,,,,,,,,,,Hong Kong,company.public,USD-marketcap,"$4,550,000,000",$2.86,,,,,B.lion,,,,12026,phantasim,,,,,,,,,,
3452,12024,IAC/InterActiveCorp,XX-XY,,,IAC/InterActiveCorp,IAC,,,,,,,,,,,,,United States,company.public,USD-marketcap,"$4,540,000,000",$52.83,,12024.03,,,B.lion,,,,12026,phantasim,,,,,,,,,,
3453,12024,Bucher Industries,XX-XY,,,Bucher Industries,BUCN.SW,,,,,,,,,,,,,Switzerland,company.public,USD-marketcap,"$4,540,000,000",$443.50,,,,,B.lion,,,,12026,phantasim,,,,,,,,,,
3454,12024,Verallia,XX-XY,,,Verallia,VRLA.PA,,,,,,,,,,,,,France,company.public,USD-marketcap,"$4,540,000,000",$38.86,,,,,B.lion,,,,12026,phantasim,,,,,,,,,,
3455,12024,Knife River Corporation,XX-XY,,,Knife River Corporation,KNF,,,,,,,,,,,,,United States,company.public,USD-marketcap,"$4,520,000,000",$80.06,,12024.03,,,B.lion,,,,12026,phantasim,,,,,,,,,,
3456,12024,Nippon Express,XX-XY,,,Nippon Express,9147.T,,,,,,,,,,,,,Japan,company.public,USD-marketcap,"$4,520,000,000",$51.40,,12024.03,,,B.lion,,,,12026,phantasim,,,,,,,,,,
3457,12024,Grupo Catalana Occidente,XX-XY,,,Grupo Catalana Occidente,GCO.MC,,,,,,,,,,,,,Spain,company.public,USD-marketcap,"$4,520,000,000",$38.34,,,,,B.lion,,,,12026,phantasim,,,,,,,,,,
3458,12024,Glacier Bancorp,XX-XY,,,Glacier Bancorp,GBCI,,,,,,,,,,,,,United States,company.public,USD-marketcap,"$4,510,000,000",$39.86,,12024.03,,,B.lion,,,,12026,phantasim,,,,,,,,,,
3459,12024,Fannie Mae,XX-XY,,,Fannie Mae,FNMAL,,,,,,,,,,,,,United States,company.public,USD-marketcap,"$4,510,000,000",$6.04,,12024.03,,,B.lion,,,,12026,phantasim,,,,,,,,,,
3460,12024,"Globe Telecom, Inc.",XX-XY,,,"Globe Telecom, Inc.",GTMEY,,,,,,,,,,,,,Philippines,company.public,USD-marketcap,"$4,510,000,000",$28.66,,12024.03,,,B.lion,,,,12026,phantasim,,,,,,,,,,
3461,12024,Schaeffler,XX-XY,,,Schaeffler,SHA.F,,,,,,,,,,,,,Germany,company.public,USD-marketcap,"$4,510,000,000",$6.81,,12024.03,,,B.lion,,,,12026,phantasim,,,,,,,,,,
3462,12024,Yancoal,XX-XY,,,Yancoal,YAL.AX,,,,,,,,,,,,,Australia,company.public,USD-marketcap,"$4,510,000,000",$3.42,,,,,B.lion,,,,12026,phantasim,,,,,,,,,,
3463,12024,AU Small Finance Bank,XX-XY,,,AU Small Finance Bank,AUBANK.NS,,,,,,,,,,,,,India,company.public,USD-marketcap,"$4,510,000,000",$6.74,,,,,B.lion,,,,12026,phantasim,,,,,,,,,,
3477,12024,Essential Properties Realty Trust,XX-XY,,,Essential Properties Realty Trust,EPRT,,,,,,,,,,,,,United States,company.public,USD-marketcap,"$4,500,000,000",$26.53,,12024.03,,,B.lion,,,,12026,phantasim,,,,,,,,,,
3478,12024,Fluidra,XX-XY,,,Fluidra,FDR.MC,,,,,,,,,,,,,Spain,company.public,USD-marketcap,"$4,500,000,000",$23.72,,,,,B.lion,,,,12026,phantasim,,,,,,,,,,
3479,12024,H.B. Fuller,XX-XY,,,H.B. Fuller,FUL,,,,,,,,,,,,,United States,company.public,USD-marketcap,"$4,490,000,000",$82.58,,12024.03,,,B.lion,,,,12026,phantasim,,,,,,,,,,
3480,12024,Hudco,XX-XY,,,Hudco,HUDCO.NS,,,,,,,,,,,,,India,company.public,USD-marketcap,"$4,490,000,000",$2.24,,,,,B.lion,,,,12026,phantasim,,,,,,,,,,
3481,12024,Huntsman Corporation,XX-XY,,,Huntsman Corporation,HUN,,,,,,,,,,,,,United States,company.public,USD-marketcap,"$4,480,000,000",$25.90,,12024.03,,,B.lion,,,,12026,phantasim,,,,,,,,,,
3482,12024,Whitecap Resources,XX-XY,,,Whitecap Resources,WCP.TO,,,,,,,,,,,,,Canada,company.public,USD-marketcap,"$4,480,000,000",$7.50,,,,,B.lion,,,,12026,phantasim,,,,,,,,,,
3483,12024,Laboratorios Farmaceuticos Rovi,XX-XY,,,Laboratorios Farmaceuticos Rovi,ROVI.MC,,,,,,,,,,,,,Spain,company.public,USD-marketcap,"$4,480,000,000",$87.36,,,,,B.lion,,,,12026,phantasim,,,,,,,,,,
3484,12024,Cargotec,XX-XY,,,Cargotec,CGCBV.HE,,,,,,,,,,,,,Finland,company.public,USD-marketcap,"$4,480,000,000",$69.92,,,,,B.lion,,,,12026,phantasim,,,,,,,,,,
3485,12024,Avnet,XX-XY,,,Avnet,AVT,,,,,,,,,,,,,United States,company.public,USD-marketcap,"$4,470,000,000",$49.47,,12024.03,,,B.lion,,,,12026,phantasim,,,,,,,,,,
3486,12024,Silicon Labs,XX-XY,,,Silicon Labs,SLAB,,,,,,,,,,,,,United States,company.public,USD-marketcap,"$4,470,000,000",$140.25,,12024.03,,,B.lion,,,,12026,phantasim,,,,,,,,,,
3487,12024,Budimex,XX-XY,,,Budimex,BDX.WA,,,,,,,,,,,,,Poland,company.public,USD-marketcap,"$4,470,000,000",$175.43,,12024.03,,,B.lion,,,,12026,phantasim,,,,,,,,,,
3488,12024,Gujarat Gas,XX-XY,,,Gujarat Gas,GUJGASLTD.NS,,,,,,,,,,,,,India,company.public,USD-marketcap,"$4,470,000,000",$6.51,,,,,B.lion,,,,12026,phantasim,,,,,,,,,,
3489,12024,American Equity Investment Life Holding,XX-XY,,,American Equity Investment Life Holding,AEL,,,,,,,,,,,,,United States,company.public,USD-marketcap,"$4,460,000,000",$56.20,,12024.03,,,B.lion,,,,12026,phantasim,,,,,,,,,,
3490,12024,Turkcell,XX-XY,,,Turkcell,TKC,,,,,,,,,,,,,Turkey,company.public,USD-marketcap,"$4,460,000,000",$5.06,,12024.03,,,B.lion,,,,12026,phantasim,,,,,,,,,,
3491,12024,Strathcona Resources,XX-XY,,,Strathcona Resources,SCR.TO,,,,,,,,,,,,,Canada,company.public,USD-marketcap,"$4,460,000,000",$20.85,,,,,B.lion,,,,12026,phantasim,,,,,,,,,,
3492,12024,Saudi Industrial Investment Group,XX-XY,,,Saudi Industrial Investment Group,2250.SR,,,,,,,,,,,,,Saudi Arabia,company.public,USD-marketcap,"$4,460,000,000",$5.91,,,,,B.lion,,,,12026,phantasim,,,,,,,,,,
3493,12024,Interparfums,XX-XY,,,Interparfums,IPAR,,,,,,,,,,,,,United States,company.public,USD-marketcap,"$4,450,000,000",$139.22,,12024.03,,,B.lion,,,,12026,phantasim,,,,,,,,,,
3494,12024,International Game Technology,XX-XY,,,International Game Technology,IGT,,,,,,,,,,,,,United Kingdom,company.public,USD-marketcap,"$4,440,000,000",$22.16,,12024.03,,,B.lion,,,,12026,phantasim,,,,,,,,,,
3495,12024,GamaLife,XX-XY,,,GamaLife,BTRVB.LS,,,,,,,,,,,,,Portugal,company.public,USD-marketcap,"$4,440,000,000",$88.82,,,,,B.lion,,,,12026,phantasim,,,,,,,,,,
3496,12024,Coca-Cola İçecek,XX-XY,,,Coca-Cola İçecek,CCOLA.IS,,,,,,,,,,,,,Turkey,company.public,USD-marketcap,"$4,440,000,000",$17.46,,,,,B.lion,,,,12026,phantasim,,,,,,,,,,
3497,12024,Clariant,XX-XY,,,Clariant,CLN.SW,,,,,,,,,,,,,Switzerland,company.public,USD-marketcap,"$4,430,000,000",$13.49,,,,,B.lion,,,,12026,phantasim,,,,,,,,,,
3498,12024,NKT A/S,XX-XY,,,NKT A/S,NKT.CO,,,,,,,,,,,,,Denmark,company.public,USD-marketcap,"$4,430,000,000",$82.68,,,,,B.lion,,,,12026,phantasim,,,,,,,,,,
3499,12024,Signet Jewelers,XX-XY,,,Signet Jewelers,SIG,,,,,,,,,,,,,Bermuda,company.public,USD-marketcap,"$4,420,000,000",$99.43,,12024.03,,,B.lion,,,,12026,phantasim,,,,,,,,,,
3500,12024,CorVel Corporation,XX-XY,,,CorVel Corporation,CRVL,,,,,,,,,,,,,United States,company.public,USD-marketcap,"$4,420,000,000",$258.61,,12024.03,,,B.lion,,,,12026,phantasim,,,,,,,,,,
3501,12024,Hargreaves Lansdown,XX-XY,,,Hargreaves Lansdown,HL.L,,,,,,,,,,,,,United Kingdom,company.public,USD-marketcap,"$4,420,000,000",$9.33,,12024.03,,,B.lion,,,,12026,phantasim,,,,,,,,,,
3502,12024,MSG Sports,XX-XY,,,MSG Sports,MSGS,,,,,,,,,,,,,United States,company.public,USD-marketcap,"$4,420,000,000",$184.78,,12024.03,,,B.lion,,,,12026,phantasim,,,,,,,,,,
3503,12024,Wendel,XX-XY,,,Wendel,MF.PA,,,,,,,,,,,,,France,company.public,USD-marketcap,"$4,420,000,000",$102.04,,12024.03,,,B.lion,,,,12026,phantasim,,,,,,,,,,
3504,12024,Texas Pacific Land Trust,XX-XY,,,Texas Pacific Land Trust,TPL,,,,,,,,,,,,,United States,company.public,USD-marketcap,"$4,410,000,000",$576.33,,12024.03,,,B.lion,,,,12026,phantasim,,,,,,,,,,
3505,12024,Clearway Energy,XX-XY,,,Clearway Energy,CWEN,,,,,,,,,,,,,United States,company.public,USD-marketcap,"$4,410,000,000",$22.39,,12024.03,,,B.lion,,,,12026,phantasim,,,,,,,,,,
3506,12024,Shake Shack,XX-XY,,,Shake Shack,SHAK,,,,,,,,,,,,,United States,company.public,USD-marketcap,"$4,410,000,000",$104.28,,12024.03,,,B.lion,,,,12026,phantasim,,,,,,,,,,
3507,12024,Vanguard International Semiconductor,XX-XY,,,Vanguard International Semiconductor,5347.TWO,,,,,,,,,,,,,Taiwan,company.public,USD-marketcap,"$4,410,000,000",$2.70,,,,,B.lion,,,,12026,phantasim,,,,,,,,,,
3508,12024,Huhtamäki,XX-XY,,,Huhtamäki,HUH1V.HE,,,,,,,,,,,,,Finland,company.public,USD-marketcap,"$4,410,000,000",$42.14,,,,,B.lion,,,,12026,phantasim,,,,,,,,,,
3521,12024,Vallourec,XX-XY,,,Vallourec,VK.PA,,,,,,,,,,,,,France,company.public,USD-marketcap,"$4,400,000,000",$18.56,,12024.03,,,B.lion,,,,12026,phantasim,,,,,,,,,,
3522,12024,AIA Engineering,XX-XY,,,AIA Engineering,AIAENG.NS,,,,,,,,,,,,,India,company.public,USD-marketcap,"$4,400,000,000",$46.67,,,,,B.lion,,,,12026,phantasim,,,,,,,,,,
3523,12024,Dalmia Bharat,XX-XY,,,Dalmia Bharat,DALBHARAT.NS,,,,,,,,,,,,,India,company.public,USD-marketcap,"$4,400,000,000",$23.51,,,,,B.lion,,,,12026,phantasim,,,,,,,,,,
3524,12024,10x Genomics,XX-XY,,,10x Genomics,TXG,,,,,,,,,,,,,United States,company.public,USD-marketcap,"$4,390,000,000",$36.89,,12024.03,,,B.lion,,,,12026,phantasim,,,,,,,,,,
3525,12024,Boral,XX-XY,,,Boral,BLD.AX,,,,,,,,,,,,,Australia,company.public,USD-marketcap,"$4,390,000,000",$3.99,,12024.03,,,B.lion,,,,12026,phantasim,,,,,,,,,,
3526,12024,Ambu,XX-XY,,,Ambu,AMBU-B.CO,,,,,,,,,,,,,Denmark,company.public,USD-marketcap,"$4,390,000,000",$16.49,,,,,B.lion,,,,12026,phantasim,,,,,,,,,,
3527,12024,Brookfield Renewable,XX-XY,,,Brookfield Renewable,BEPC,,,,,,,,,,,,,United States,company.public,USD-marketcap,"$4,380,000,000",$24.42,,12024.03,,,B.lion,,,,12026,phantasim,,,,,,,,,,
3528,12024,National Beverage,XX-XY,,,National Beverage,FIZZ,,,,,,,,,,,,,United States,company.public,USD-marketcap,"$4,380,000,000",$46.87,,12024.03,,,B.lion,,,,12026,phantasim,,,,,,,,,,
3529,12024,Argo Investments,XX-XY,,,Argo Investments,ARG.AX,,,,,,,,,,,,,Australia,company.public,USD-marketcap,"$4,380,000,000",$5.76,,12024.03,,,B.lion,,,,12026,phantasim,,,,,,,,,,
3530,12024,LG Household & Health Care,XX-XY,,,LG Household & Health Care,051905.KS,,,,,,,,,,,,,South Korea,company.public,USD-marketcap,"$4,380,000,000",$126.02,,,,,B.lion,,,,12026,phantasim,,,,,,,,,,
3531,12024,Federal Bank,XX-XY,,,Federal Bank,FEDERALBNK.NS,,,,,,,,,,,,,India,company.public,USD-marketcap,"$4,380,000,000",$1.80,,,,,B.lion,,,,12026,phantasim,,,,,,,,,,
3532,12024,Avis Budget Group,XX-XY,,,Avis Budget Group,CAR,,,,,,,,,,,,,United States,company.public,USD-marketcap,"$4,370,000,000",$123.23,,12024.03,,,B.lion,,,,12026,phantasim,,,,,,,,,,
3533,12024,Dun & Bradstreet,XX-XY,,,Dun & Bradstreet,DNB,,,,,,,,,,,,,United States,company.public,USD-marketcap,"$4,370,000,000",$9.96,,12024.03,,,B.lion,,,,12026,phantasim,,,,,,,,,,
3534,12024,Commvault,XX-XY,,,Commvault,CVLT,,,,,,,,,,,,,United States,company.public,USD-marketcap,"$4,370,000,000",$100.26,,12024.03,,,B.lion,,,,12026,phantasim,,,,,,,,,,
3535,12024,Merit Medical,XX-XY,,,Merit Medical,MMSI,,,,,,,,,,,,,United States,company.public,USD-marketcap,"$4,370,000,000",$75.46,,12024.03,,,B.lion,,,,12026,phantasim,,,,,,,,,,
3536,12024,RS Group,XX-XY,,,RS Group,RS1.L,,,,,,,,,,,,,United Kingdom,company.public,USD-marketcap,"$4,370,000,000",$9.22,,12024.03,,,B.lion,,,,12026,phantasim,,,,,,,,,,
3537,12024,The Bidvest Group,XX-XY,,,The Bidvest Group,BVT.JO,,,,,,,,,,,,,South Africa,company.public,USD-marketcap,"$4,370,000,000",$12.88,,12024.03,,,B.lion,,,,12026,phantasim,,,,,,,,,,
3538,12024,Saudi Investment Bank,XX-XY,,,Saudi Investment Bank,1030.SR,,,,,,,,,,,,,Saudi Arabia,company.public,USD-marketcap,"$4,370,000,000",$4.38,,,,,B.lion,,,,12026,phantasim,,,,,,,,,,
3539,12024,Innolux,XX-XY,,,Innolux,3481.TW,,,,,,,,,,,,,Taiwan,company.public,USD-marketcap,"$4,370,000,000",$0.48,,,,,B.lion,,,,12026,phantasim,,,,,,,,,,
3540,12024,GCL Technology,XX-XY,,,GCL Technology,3800.HK,,,,,,,,,,,,,Hong Kong,company.public,USD-marketcap,"$4,370,000,000",$0.16,,,,,B.lion,,,,12026,phantasim,,,,,,,,,,
3541,12024,Erdemir,XX-XY,,,Erdemir,EREGL.IS,,,,,,,,,,,,,Turkey,company.public,USD-marketcap,"$4,370,000,000",$1.30,,,,,B.lion,,,,12026,phantasim,,,,,,,,,,
3542,12024,CRISIL,XX-XY,,,CRISIL,CRISIL.NS,,,,,,,,,,,,,India,company.public,USD-marketcap,"$4,370,000,000",$59.79,,,,,B.lion,,,,12026,phantasim,,,,,,,,,,
3543,12024,Nuvei,XX-XY,,,Nuvei,NVEI,,,,,,,,,,,,,Canada,company.public,USD-marketcap,"$4,350,000,000",$31.31,,12024.03,,,B.lion,,,,12026,phantasim,,,,,,,,,,
3544,12024,Bank AlJazira,XX-XY,,,Bank AlJazira,1020.SR,,,,,,,,,,,,,Saudi Arabia,company.public,USD-marketcap,"$4,350,000,000",$5.31,,,,,B.lion,,,,12026,phantasim,,,,,,,,,,
3545,12024,Acer,XX-XY,,,Acer,2353.TW,,,,,,,,,,,,,Taiwan,company.public,USD-marketcap,"$4,350,000,000",$1.45,,,,,B.lion,,,,12026,phantasim,,,,,,,,,,
3546,12024,Braskem,XX-XY,,,Braskem,BAK,,,,,,,,,,,,,Brazil,company.public,USD-marketcap,"$4,340,000,000",$10.90,,12024.03,,,B.lion,,,,12026,phantasim,,,,,,,,,,
3547,12024,GOL Airlines,XX-XY,,,GOL Airlines,GOL,,,,,,,,,,,,,Brazil,company.public,USD-marketcap,"$4,340,000,000",$2.72,,12024.03,,,B.lion,,,,12026,phantasim,,,,,,,,,,
3548,12024,Voltas,XX-XY,,,Voltas,VOLTAS.NS,,,,,,,,,,,,,India,company.public,USD-marketcap,"$4,340,000,000",$13.12,,,,,B.lion,,,,12026,phantasim,,,,,,,,,,
3549,12024,ESR,XX-XY,,,ESR,1821.HK,,,,,,,,,,,,,Hong Kong,company.public,USD-marketcap,"$4,330,000,000",$1.01,,,,,B.lion,,,,12026,phantasim,,,,,,,,,,
3550,12024,Ecopro BM,XX-XY,,,Ecopro BM,247540.KQ,,,,,,,,,,,,,South Korea,company.public,USD-marketcap,"$4,330,000,000",$213.00,,,,,B.lion,,,,12026,phantasim,,,,,,,,,,
3551,12024,HEXPOL AB,XX-XY,,,HEXPOL AB,HPOL-B.ST,,,,,,,,,,,,,Sweden,company.public,USD-marketcap,"$4,330,000,000",$12.59,,,,,B.lion,,,,12026,phantasim,,,,,,,,,,
3552,12024,Copa Holdings,XX-XY,,,Copa Holdings,CPA,,,,,,,,,,,,,Panama,company.public,USD-marketcap,"$4,320,000,000",$102.92,,12024.03,,,B.lion,,,,12026,phantasim,,,,,,,,,,
3553,12024,Terex,XX-XY,,,Terex,TEX,,,,,,,,,,,,,United States,company.public,USD-marketcap,"$4,320,000,000",$64.52,,12024.03,,,B.lion,,,,12026,phantasim,,,,,,,,,,
3554,12024,Concentrix,XX-XY,,,Concentrix,CNXC,,,,,,,,,,,,,United States,company.public,USD-marketcap,"$4,320,000,000",$65.20,,12024.03,,,B.lion,,,,12026,phantasim,,,,,,,,,,
3555,12024,Discovery Limited,XX-XY,,,Discovery Limited,DSY.JO,,,,,,,,,,,,,South Africa,company.public,USD-marketcap,"$4,320,000,000",$6.56,,,,,B.lion,,,,12026,phantasim,,,,,,,,,,
3556,12024,Xinyi Glass Holdings,XX-XY,,,Xinyi Glass Holdings,0868.HK,,,,,,,,,,,,,Hong Kong,company.public,USD-marketcap,"$4,320,000,000",$1.03,,,,,B.lion,,,,12026,phantasim,,,,,,,,,,
3557,12024,Shurgard Self Storage,XX-XY,,,Shurgard Self Storage,SHUR.BR,,,,,,,,,,,,,Luxembourg,company.public,USD-marketcap,"$4,320,000,000",$44.41,,,,,B.lion,,,,12026,phantasim,,,,,,,,,,
3581,12024,Algonquin Power & Utilities,XX-XY,,,Algonquin Power & Utilities,AQN,,,,,,,,,,,,,Canada,company.public,USD-marketcap,"$4,300,000,000",$6.25,,12024.03,,,B.lion,,,,12026,phantasim,,,,,,,,,,
3582,12024,Ryohin Keikaku,XX-XY,,,Ryohin Keikaku,7453.T,,,,,,,,,,,,,Japan,company.public,USD-marketcap,"$4,290,000,000",$16.26,,12024.03,,,B.lion,,,,12026,phantasim,,,,,,,,,,
3583,12024,Aker ASA,XX-XY,,,Aker ASA,AKER.OL,,,,,,,,,,,,,Norway,company.public,USD-marketcap,"$4,290,000,000",$57.85,,,,,B.lion,,,,12026,phantasim,,,,,,,,,,
3584,12024,Chemours,XX-XY,,,Chemours,CC,,,,,,,,,,,,,United States,company.public,USD-marketcap,"$4,280,000,000",$28.88,,12024.03,,,B.lion,,,,12026,phantasim,,,,,,,,,,
3585,12024,Grupo Aeroportuario Centro Norte,XX-XY,,,Grupo Aeroportuario Centro Norte,OMAB,,,,,,,,,,,,,Mexico,company.public,USD-marketcap,"$4,280,000,000",$79.00,,12024.03,,,B.lion,,,,12026,phantasim,,,,,,,,,,
3586,12024,Haemonetics,XX-XY,,,Haemonetics,HAE,,,,,,,,,,,,,United States,company.public,USD-marketcap,"$4,270,000,000",$84.09,,12024.03,,,B.lion,,,,12026,phantasim,,,,,,,,,,
3587,12024,Kilroy Realty,XX-XY,,,Kilroy Realty,KRC,,,,,,,,,,,,,United States,company.public,USD-marketcap,"$4,270,000,000",$36.12,,12024.03,,,B.lion,,,,12026,phantasim,,,,,,,,,,
3588,12024,Lotus Technology,XX-XY,,,Lotus Technology,LOT,,,,,,,,,,,,,China,company.public,USD-marketcap,"$4,270,000,000",$6.35,,12024.03,,,B.lion,,,,12026,phantasim,,,,,,,,,,
3589,12024,Nisshin Seifun Group,XX-XY,,,Nisshin Seifun Group,2002.T,,,,,,,,,,,,,Japan,company.public,USD-marketcap,"$4,270,000,000",$14.37,,12024.03,,,B.lion,,,,12026,phantasim,,,,,,,,,,
3590,12024,Konecranes,XX-XY,,,Konecranes,KCR.HE,,,,,,,,,,,,,Finland,company.public,USD-marketcap,"$4,270,000,000",$53.94,,,,,B.lion,,,,12026,phantasim,,,,,,,,,,
3591,12024,Şişecam,XX-XY,,,Şişecam,SISE.IS,,,,,,,,,,,,,Turkey,company.public,USD-marketcap,"$4,270,000,000",$1.40,,,,,B.lion,,,,12026,phantasim,,,,,,,,,,
3592,12024,Buenaventura Mining Company,XX-XY,,,Buenaventura Mining Company,BVN,,,,,,,,,,,,,Peru,company.public,USD-marketcap,"$4,260,000,000",$16.01,,12024.03,,,B.lion,,,,12026,phantasim,,,,,,,,,,
3593,12024,Perrigo,XX-XY,,,Perrigo,PRGO,,,,,,,,,,,,,Ireland,company.public,USD-marketcap,"$4,260,000,000",$31.46,,12024.03,,,B.lion,,,,12026,phantasim,,,,,,,,,,
3594,12024,Yuhan,XX-XY,,,Yuhan,000100.KS,,,,,,,,,,,,,South Korea,company.public,USD-marketcap,"$4,260,000,000",$56.53,,,,,B.lion,,,,12026,phantasim,,,,,,,,,,
3595,12024,Finning,XX-XY,,,Finning,FTT.TO,,,,,,,,,,,,,Canada,company.public,USD-marketcap,"$4,250,000,000",$29.54,,,,,B.lion,,,,12026,phantasim,,,,,,,,,,
3596,12024,Siegfried Holding,XX-XY,,,Siegfried Holding,SFZN.SW,,,,,,,,,,,,,Switzerland,company.public,USD-marketcap,"$4,250,000,000","$1,003.00",,,,,B.lion,,,,12026,phantasim,,,,,,,,,,
3597,12024,3M India,XX-XY,,,3M India,3MINDIA.NS,,,,,,,,,,,,,India,company.public,USD-marketcap,"$4,250,000,000",$377.97,,,,,B.lion,,,,12026,phantasim,,,,,,,,,,
3598,12024,dLocal,XX-XY,,,dLocal,DLO,,,,,,,,,,,,,Uruguay,company.public,USD-marketcap,"$4,240,000,000",$14.69,,12024.03,,,B.lion,,,,12026,phantasim,,,,,,,,,,
3599,12024,Freedom Holding,XX-XY,,,Freedom Holding,FRHC,,,,,,,,,,,,,Kazakhstan,company.public,USD-marketcap,"$4,240,000,000",$71.11,,12024.03,,,B.lion,,,,12026,phantasim,,,,,,,,,,
3600,12024,Burjeel Holdings,XX-XY,,,Burjeel Holdings,BURJEEL.AE,,,,,,,,,,,,,United Arab Emirates,company.public,USD-marketcap,"$4,230,000,000",$0.81,,,,,B.lion,,,,12026,phantasim,,,,,,,,,,
3601,12024,Companhia Siderúrgica Nacional,XX-XY,,,Companhia Siderúrgica Nacional,SID,,,,,,,,,,,,,Brazil,company.public,USD-marketcap,"$4,220,000,000",$3.14,,12024.03,,,B.lion,,,,12026,phantasim,,,,,,,,,,
3602,12024,Fresnillo,XX-XY,,,Fresnillo,FNLPF,,,,,,,,,,,,,Mexico,company.public,USD-marketcap,"$4,220,000,000",$5.70,,12024.03,,,B.lion,,,,12026,phantasim,,,,,,,,,,
3603,12024,Acom,XX-XY,,,Acom,8572.T,,,,,,,,,,,,,Japan,company.public,USD-marketcap,"$4,220,000,000",$2.70,,12024.03,,,B.lion,,,,12026,phantasim,,,,,,,,,,
3604,12024,Portland General Electric,XX-XY,,,Portland General Electric,POR,,,,,,,,,,,,,United States,company.public,USD-marketcap,"$4,210,000,000",$41.68,,12024.03,,,B.lion,,,,12026,phantasim,,,,,,,,,,
3605,12024,Acushnet Holdings,XX-XY,,,Acushnet Holdings,GOLF,,,,,,,,,,,,,United States,company.public,USD-marketcap,"$4,210,000,000",$66.34,,12024.03,,,B.lion,,,,12026,phantasim,,,,,,,,,,
3606,12024,Northland Power,XX-XY,,,Northland Power,NPI.TO,,,,,,,,,,,,,Canada,company.public,USD-marketcap,"$4,210,000,000",$16.47,,,,,B.lion,,,,12026,phantasim,,,,,,,,,,
3607,12024,Bombardier,XX-XY,,,Bombardier,BBD-B.TO,,,,,,,,,,,,,Canada,company.public,USD-marketcap,"$4,210,000,000",$43.14,,,,,B.lion,,,,12026,phantasim,,,,,,,,,,
3608,12024,Neoen,XX-XY,,,Neoen,NEOEN.PA,,,,,,,,,,,,,France,company.public,USD-marketcap,"$4,210,000,000",$27.79,,,,,B.lion,,,,12026,phantasim,,,,,,,,,,
3609,12024,Hisense Visual Technology,XX-XY,,,Hisense Visual Technology,600060.SS,,,,,,,,,,,,,China,company.public,USD-marketcap,"$4,210,000,000",$3.23,,,,,B.lion,,,,12026,phantasim,,,,,,,,,,
3630,12024,Alpha Metallurgical Resources,XX-XY,,,Alpha Metallurgical Resources,AMR,,,,,,,,,,,,,United States,company.public,USD-marketcap,"$4,200,000,000",$323.02,,12024.03,,,B.lion,,,,12026,phantasim,,,,,,,,,,
3631,12024,AeroVironment,XX-XY,,,AeroVironment,AVAV,,,,,,,,,,,,,United States,company.public,USD-marketcap,"$4,200,000,000",$149.28,,12024.03,,,B.lion,,,,12026,phantasim,,,,,,,,,,
3632,12024,Plains GP,XX-XY,,,Plains GP,PAGP,,,,,,,,,,,,,United States,company.public,USD-marketcap,"$4,200,000,000",$18.00,,12024.03,,,B.lion,,,,12026,phantasim,,,,,,,,,,
3633,12024,Krones,XX-XY,,,Krones,KRN.F,,,,,,,,,,,,,Germany,company.public,USD-marketcap,"$4,200,000,000",$132.69,,12024.03,,,B.lion,,,,12026,phantasim,,,,,,,,,,
3634,12024,Sixt,XX-XY,,,Sixt,SIX2.F,,,,,,,,,,,,,Germany,company.public,USD-marketcap,"$4,200,000,000",$98.62,,,,,B.lion,,,,12026,phantasim,,,,,,,,,,
3635,12024,Riyadh Cables Group Company,XX-XY,,,Riyadh Cables Group Company,4142.SR,,,,,,,,,,,,,Saudi Arabia,company.public,USD-marketcap,"$4,200,000,000",$28.12,,,,,B.lion,,,,12026,phantasim,,,,,,,,,,
3636,12024,Max Financial Services,XX-XY,,,Max Financial Services,MFSL.NS,,,,,,,,,,,,,India,company.public,USD-marketcap,"$4,200,000,000",$12.20,,,,,B.lion,,,,12026,phantasim,,,,,,,,,,
3638,12024,Itron,XX-XY,,,Itron,ITRI,,,,,,,,,,,,,United States,company.public,USD-marketcap,"$4,190,000,000",$91.54,,12024.03,,,B.lion,,,,12026,phantasim,,,,,,,,,,
3639,12024,Steadfast Group,XX-XY,,,Steadfast Group,SDF.AX,,,,,,,,,,,,,Australia,company.public,USD-marketcap,"$4,190,000,000",$3.79,,,,,B.lion,,,,12026,phantasim,,,,,,,,,,
3640,12024,Alpha Services and Holdings,XX-XY,,,Alpha Services and Holdings,ALPHA.AT,,,,,,,,,,,,,Greece,company.public,USD-marketcap,"$4,190,000,000",$1.79,,,,,B.lion,,,,12026,phantasim,,,,,,,,,,
3641,12024,Johnson Matthey,XX-XY,,,Johnson Matthey,JMAT.L,,,,,,,,,,,,,United Kingdom,company.public,USD-marketcap,"$4,180,000,000",$22.68,,,,,B.lion,,,,12026,phantasim,,,,,,,,,,
3642,12024,Indoritel,XX-XY,,,Indoritel,DNET.JK,,,,,,,,,,,,,Indonesia,company.public,USD-marketcap,"$4,180,000,000",$0.30,,,,,B.lion,,,,12026,phantasim,,,,,,,,,,
3643,12024,Dycom Industries,XX-XY,,,Dycom Industries,DY,,,,,,,,,,,,,United States,company.public,USD-marketcap,"$4,170,000,000",$143.65,,12024.03,,,B.lion,,,,12026,phantasim,,,,,,,,,,
3644,12024,Helmerich & Payne,XX-XY,,,Helmerich & Payne,HP,,,,,,,,,,,,,United States,company.public,USD-marketcap,"$4,170,000,000",$42.23,,12024.03,,,B.lion,,,,12026,phantasim,,,,,,,,,,
3645,12024,Arcosa,XX-XY,,,Arcosa,ACA,,,,,,,,,,,,,United States,company.public,USD-marketcap,"$4,170,000,000",$86.00,,12024.03,,,B.lion,,,,12026,phantasim,,,,,,,,,,
3646,12024,ScottsMiracle-Gro,XX-XY,,,ScottsMiracle-Gro,SMG,,,,,,,,,,,,,United States,company.public,USD-marketcap,"$4,170,000,000",$73.61,,12024.03,,,B.lion,,,,12026,phantasim,,,,,,,,,,
3647,12024,IPG Photonics,XX-XY,,,IPG Photonics,IPGP,,,,,,,,,,,,,United States,company.public,USD-marketcap,"$4,170,000,000",$90.57,,12024.03,,,B.lion,,,,12026,phantasim,,,,,,,,,,
3648,12024,UMB Financial,XX-XY,,,UMB Financial,UMBF,,,,,,,,,,,,,United States,company.public,USD-marketcap,"$4,170,000,000",$85.61,,12024.03,,,B.lion,,,,12026,phantasim,,,,,,,,,,
3649,12024,Verra Mobility,XX-XY,,,Verra Mobility,VRRM,,,,,,,,,,,,,United States,company.public,USD-marketcap,"$4,170,000,000",$25.16,,12024.03,,,B.lion,,,,12026,phantasim,,,,,,,,,,
3650,12024,Brembo,XX-XY,,,Brembo,BRE.MI,,,,,,,,,,,,,Italy,company.public,USD-marketcap,"$4,170,000,000",$12.93,,12024.03,,,B.lion,,,,12026,phantasim,,,,,,,,,,
3651,12024,Global Power Synergy,XX-XY,,,Global Power Synergy,GPSC.BK,,,,,,,,,,,,,Thailand,company.public,USD-marketcap,"$4,170,000,000",$1.46,,,,,B.lion,,,,12026,phantasim,,,,,,,,,,
3652,12024,Banco Macro,XX-XY,,,Banco Macro,BMA,,,,,,,,,,,,,Argentina,company.public,USD-marketcap,"$4,160,000,000",$51.67,,12024.03,,,B.lion,,,,12026,phantasim,,,,,,,,,,
3653,12024,New Jersey Resources,XX-XY,,,New Jersey Resources,NJR,,,,,,,,,,,,,United States,company.public,USD-marketcap,"$4,160,000,000",$42.37,,12024.03,,,B.lion,,,,12026,phantasim,,,,,,,,,,
3654,12024,Enel Chile,XX-XY,,,Enel Chile,ENIC,,,,,,,,,,,,,Chile,company.public,USD-marketcap,"$4,160,000,000",$3.01,,12024.03,,,B.lion,,,,12026,phantasim,,,,,,,,,,
3655,12024,Spectris,XX-XY,,,Spectris,SXS.L,,,,,,,,,,,,,United Kingdom,company.public,USD-marketcap,"$4,160,000,000",$41.39,,12024.03,,,B.lion,,,,12026,phantasim,,,,,,,,,,
3656,12024,Charter Hall Group,XX-XY,,,Charter Hall Group,CHC.AX,,,,,,,,,,,,,Australia,company.public,USD-marketcap,"$4,160,000,000",$8.81,,,,,B.lion,,,,12026,phantasim,,,,,,,,,,
3657,12024,Silergy,XX-XY,,,Silergy,6415.TW,,,,,,,,,,,,,China,company.public,USD-marketcap,"$4,160,000,000",$10.52,,,,,B.lion,,,,12026,phantasim,,,,,,,,,,
3658,12024,Doosan Bobcat,XX-XY,,,Doosan Bobcat,241560.KS,,,,,,,,,,,,,South Korea,company.public,USD-marketcap,"$4,160,000,000",$41.56,,,,,B.lion,,,,12026,phantasim,,,,,,,,,,
3659,12024,China Resources Pharmaceutical Group,XX-XY,,,China Resources Pharmaceutical Group,3320.HK,,,,,,,,,,,,,Hong Kong,company.public,USD-marketcap,"$4,150,000,000",$0.65,,,,,B.lion,,,,12026,phantasim,,,,,,,,,,
3660,12024,Compagnie du Cambodge,XX-XY,,,Compagnie du Cambodge,CBDG.PA,,,,,,,,,,,,,France,company.public,USD-marketcap,"$4,150,000,000","$7,420.00",,,,,B.lion,,,,12026,phantasim,,,,,,,,,,
3661,12024,NexGen Energy,XX-XY,,,NexGen Energy,NXE,,,,,,,,,,,,,Canada,company.public,USD-marketcap,"$4,140,000,000",$7.69,,12024.03,,,B.lion,,,,12026,phantasim,,,,,,,,,,
3662,12024,Spirit AeroSystems,XX-XY,,,Spirit AeroSystems,SPR,,,,,,,,,,,,,United States,company.public,USD-marketcap,"$4,140,000,000",$35.65,,12024.03,,,B.lion,,,,12026,phantasim,,,,,,,,,,
3663,12024,Corporación América Airports,XX-XY,,,Corporación América Airports,CAAP,,,,,,,,,,,,,Luxembourg,company.public,USD-marketcap,"$4,140,000,000",$16.19,,12024.03,,,B.lion,,,,12026,phantasim,,,,,,,,,,
3664,12024,Lantheus Holdings,XX-XY,,,Lantheus Holdings,LNTH,,,,,,,,,,,,,United States,company.public,USD-marketcap,"$4,140,000,000",$60.46,,12024.03,,,B.lion,,,,12026,phantasim,,,,,,,,,,
3665,12024,Games Workshop Group,XX-XY,,,Games Workshop Group,GAW.L,,,,,,,,,,,,,United Kingdom,company.public,USD-marketcap,"$4,140,000,000",$124.63,,12024.03,,,B.lion,,,,12026,phantasim,,,,,,,,,,
3666,12024,Mainfreight,XX-XY,,,Mainfreight,MFT.NZ,,,,,,,,,,,,,New Zealand,company.public,USD-marketcap,"$4,140,000,000",$41.18,,,,,B.lion,,,,12026,phantasim,,,,,,,,,,
3667,12024,Swissquote,XX-XY,,,Swissquote,SQN.SW,,,,,,,,,,,,,Switzerland,company.public,USD-marketcap,"$4,140,000,000",$279.23,,,,,B.lion,,,,12026,phantasim,,,,,,,,,,
3668,12024,Kingsoft,XX-XY,,,Kingsoft,3888.HK,,,,,,,,,,,,,China,company.public,USD-marketcap,"$4,140,000,000",$2.99,,,,,B.lion,,,,12026,phantasim,,,,,,,,,,
3669,12024,Exponent,XX-XY,,,Exponent,EXPO,,,,,,,,,,,,,United States,company.public,USD-marketcap,"$4,130,000,000",$81.86,,12024.03,,,B.lion,,,,12026,phantasim,,,,,,,,,,
3670,12024,Koito Manufacturing,XX-XY,,,Koito Manufacturing,7276.T,,,,,,,,,,,,,Japan,company.public,USD-marketcap,"$4,130,000,000",$13.44,,12024.03,,,B.lion,,,,12026,phantasim,,,,,,,,,,
3671,12024,Sweco,XX-XY,,,Sweco,SWEC-A.ST,,,,,,,,,,,,,Sweden,company.public,USD-marketcap,"$4,130,000,000",$11.49,,,,,B.lion,,,,12026,phantasim,,,,,,,,,,
3672,12024,Kemper,XX-XY,,,Kemper,KMPR,,,,,,,,,,,,,United States,company.public,USD-marketcap,"$4,120,000,000",$64.05,,12024.03,,,B.lion,,,,12026,phantasim,,,,,,,,,,
3673,12024,ALS Global,XX-XY,,,ALS Global,ALQ.AX,,,,,,,,,,,,,Australia,company.public,USD-marketcap,"$4,120,000,000",$8.53,,12024.03,,,B.lion,,,,12026,phantasim,,,,,,,,,,
3674,12024,TUI,XX-XY,,,TUI,TUI1.F,,,,,,,,,,,,,Germany,company.public,USD-marketcap,"$4,120,000,000",$8.14,,,,,B.lion,,,,12026,phantasim,,,,,,,,,,
3675,12024,Fosun,XX-XY,,,Fosun,0656.HK,,,,,,,,,,,,,China,company.public,USD-marketcap,"$4,120,000,000",$0.50,,,,,B.lion,,,,12026,phantasim,,,,,,,,,,
3676,12024,Topsports International,XX-XY,,,Topsports International,6110.HK,,,,,,,,,,,,,Hong Kong,company.public,USD-marketcap,"$4,120,000,000",$0.66,,,,,B.lion,,,,12026,phantasim,,,,,,,,,,
3677,12024,Nan Ya PCB,XX-XY,,,Nan Ya PCB,8046.TW,,,,,,,,,,,,,Taiwan,company.public,USD-marketcap,"$4,120,000,000",$6.32,,,,,B.lion,,,,12026,phantasim,,,,,,,,,,
3678,12024,Galenica,XX-XY,,,Galenica,GALE.SW,,,,,,,,,,,,,Switzerland,company.public,USD-marketcap,"$4,120,000,000",$82.69,,,,,B.lion,,,,12026,phantasim,,,,,,,,,,
3679,12024,Tofaş Türk Otomobil Fabrikası,XX-XY,,,Tofaş Türk Otomobil Fabrikası,TOASO.IS,,,,,,,,,,,,,Turkey,company.public,USD-marketcap,"$4,120,000,000",$8.25,,,,,B.lion,,,,12026,phantasim,,,,,,,,,,
3680,12024,Mirati Therapeutics,XX-XY,,,Mirati Therapeutics,MRTX,,,,,,,,,,,,,United States,company.public,USD-marketcap,"$4,110,000,000",$58.70,,12024.03,,,B.lion,,,,12026,phantasim,,,,,,,,,,
3681,12024,Rush Enterprises,XX-XY,,,Rush Enterprises,RUSHA,,,,,,,,,,,,,United States,company.public,USD-marketcap,"$4,110,000,000",$52.99,,12024.03,,,B.lion,,,,12026,phantasim,,,,,,,,,,
3682,12024,GLP J-REIT,XX-XY,,,GLP J-REIT,3281.T,,,,,,,,,,,,,Japan,company.public,USD-marketcap,"$4,110,000,000",$835.18,,12024.03,,,B.lion,,,,12026,phantasim,,,,,,,,,,
3683,12024,Harvey Norman,XX-XY,,,Harvey Norman,HVN.AX,,,,,,,,,,,,,Australia,company.public,USD-marketcap,"$4,110,000,000",$3.30,,,,,B.lion,,,,12026,phantasim,,,,,,,,,,
3684,12024,Storebrand,XX-XY,,,Storebrand,STB.OL,,,,,,,,,,,,,Norway,company.public,USD-marketcap,"$4,110,000,000",$9.28,,,,,B.lion,,,,12026,phantasim,,,,,,,,,,
3685,12024,Dar Al Arkan Real Estate Development Company,XX-XY,,,Dar Al Arkan Real Estate Development Company,4300.SR,,,,,,,,,,,,,Saudi Arabia,company.public,USD-marketcap,"$4,110,000,000",$3.81,,,,,B.lion,,,,12026,phantasim,,,,,,,,,,
3686,12024,Coforge,XX-XY,,,Coforge,COFORGE.NS,,,,,,,,,,,,,India,company.public,USD-marketcap,"$4,110,000,000",$66.64,,,,,B.lion,,,,12026,phantasim,,,,,,,,,,
3707,12024,Universal Robina Corporation,XX-XY,,,Universal Robina Corporation,UVRBF,,,,,,,,,,,,,Philippines,company.public,USD-marketcap,"$4,100,000,000",$1.73,,12024.03,,,B.lion,,,,12026,phantasim,,,,,,,,,,
3708,12024,UPL,XX-XY,,,UPL,UPL.NS,,,,,,,,,,,,,India,company.public,USD-marketcap,"$4,100,000,000",$5.47,,,,,B.lion,,,,12026,phantasim,,,,,,,,,,
3709,12024,HUGO BOSS,XX-XY,,,HUGO BOSS,BOSS.DE,,,,,,,,,,,,,Germany,company.public,USD-marketcap,"$4,100,000,000",$59.51,,,,,B.lion,,,,12026,phantasim,,,,,,,,,,
3710,12024,Box,XX-XY,,,Box,BOX,,,,,,,,,,,,,United States,company.public,USD-marketcap,"$4,090,000,000",$28.40,,12024.03,,,B.lion,,,,12026,phantasim,,,,,,,,,,
3711,12024,Synnex Technology International,XX-XY,,,Synnex Technology International,2347.TW,,,,,,,,,,,,,Taiwan,company.public,USD-marketcap,"$4,090,000,000",$2.45,,,,,B.lion,,,,12026,phantasim,,,,,,,,,,
3712,12024,Arabian Drilling Company,XX-XY,,,Arabian Drilling Company,2381.SR,,,,,,,,,,,,,Saudi Arabia,company.public,USD-marketcap,"$4,090,000,000",$46.05,,,,,B.lion,,,,12026,phantasim,,,,,,,,,,
3713,12024,First International Bank of Israel,XX-XY,,,First International Bank of Israel,FIBI.TA,,,,,,,,,,,,,Israel,company.public,USD-marketcap,"$4,090,000,000",$40.80,,,,,B.lion,,,,12026,phantasim,,,,,,,,,,
3714,12024,Sino-American Silicon Products,XX-XY,,,Sino-American Silicon Products,5483.TWO,,,,,,,,,,,,,Taiwan,company.public,USD-marketcap,"$4,090,000,000",$6.99,,,,,B.lion,,,,12026,phantasim,,,,,,,,,,
3715,12024,Gujarat Fluorochemicals,XX-XY,,,Gujarat Fluorochemicals,FLUOROCHEM.NS,,,,,,,,,,,,,India,company.public,USD-marketcap,"$4,090,000,000",$37.28,,,,,B.lion,,,,12026,phantasim,,,,,,,,,,
3716,12024,LG Display,XX-XY,,,LG Display,LPL,,,,,,,,,,,,,South Korea,company.public,USD-marketcap,"$4,080,000,000",$4.08,,12024.03,,,B.lion,,,,12026,phantasim,,,,,,,,,,
3717,12024,JCDecaux,XX-XY,,,JCDecaux,DEC.PA,,,,,,,,,,,,,France,company.public,USD-marketcap,"$4,080,000,000",$19.04,,,,,B.lion,,,,12026,phantasim,,,,,,,,,,
3718,12024,Sunway,XX-XY,,,Sunway,5211.KL,,,,,,,,,,,,,Malaysia,company.public,USD-marketcap,"$4,080,000,000",$0.74,,,,,B.lion,,,,12026,phantasim,,,,,,,,,,
3719,12024,Brink's,XX-XY,,,Brink's,BCO,,,,,,,,,,,,,United States,company.public,USD-marketcap,"$4,070,000,000",$91.13,,12024.03,,,B.lion,,,,12026,phantasim,,,,,,,,,,
3720,12024,RioCan REIT,XX-XY,,,RioCan REIT,REI-UN.TO,,,,,,,,,,,,,Canada,company.public,USD-marketcap,"$4,070,000,000",$13.55,,,,,B.lion,,,,12026,phantasim,,,,,,,,,,
3721,12024,Aurora Innovation,XX-XY,,,Aurora Innovation,AUR,,,,,,,,,,,,,United States,company.public,USD-marketcap,"$4,060,000,000",$2.65,,12024.03,,,B.lion,,,,12026,phantasim,,,,,,,,,,
3722,12024,nCino,XX-XY,,,nCino,NCNO,,,,,,,,,,,,,United States,company.public,USD-marketcap,"$4,060,000,000",$35.90,,12024.03,,,B.lion,,,,12026,phantasim,,,,,,,,,,
3723,12024,Taiwan Business Bank,XX-XY,,,Taiwan Business Bank,2834.TW,,,,,,,,,,,,,Taiwan,company.public,USD-marketcap,"$4,060,000,000",$0.49,,,,,B.lion,,,,12026,phantasim,,,,,,,,,,
3724,12024,Assaí Atacadista,XX-XY,,,Assaí Atacadista,ASAI,,,,,,,,,,,,,Brazil,company.public,USD-marketcap,"$4,050,000,000",$15.01,,12024.03,,,B.lion,,,,12026,phantasim,,,,,,,,,,
3725,12024,Insmed,XX-XY,,,Insmed,INSM,,,,,,,,,,,,,United States,company.public,USD-marketcap,"$4,050,000,000",$27.32,,12024.03,,,B.lion,,,,12026,phantasim,,,,,,,,,,
3726,12024,Grand Canyon Education,XX-XY,,,Grand Canyon Education,LOPE,,,,,,,,,,,,,United States,company.public,USD-marketcap,"$4,050,000,000",$134.92,,12024.03,,,B.lion,,,,12026,phantasim,,,,,,,,,,
3727,12024,Vienna Insurance Group,XX-XY,,,Vienna Insurance Group,WSV2.F,,,,,,,,,,,,,Austria,company.public,USD-marketcap,"$4,050,000,000",$31.41,,,,,B.lion,,,,12026,phantasim,,,,,,,,,,
3728,12024,Delhivery,XX-XY,,,Delhivery,DELHIVERY.NS,,,,,,,,,,,,,India,company.public,USD-marketcap,"$4,050,000,000",$5.51,,,,,B.lion,,,,12026,phantasim,,,,,,,,,,
3729,12024,Insperity,XX-XY,,,Insperity,NSP,,,,,,,,,,,,,United States,company.public,USD-marketcap,"$4,040,000,000",$108.57,,12024.03,,,B.lion,,,,12026,phantasim,,,,,,,,,,
3730,12024,Curaleaf,XX-XY,,,Curaleaf,CURLF,,,,,,,,,,,,,United States,company.public,USD-marketcap,"$4,040,000,000",$5.50,,12024.03,,,B.lion,,,,12026,phantasim,,,,,,,,,,
3731,12024,Greencoat UK Wind,XX-XY,,,Greencoat UK Wind,UKW.L,,,,,,,,,,,,,United Kingdom,company.public,USD-marketcap,"$4,040,000,000",$1.75,,12024.03,,,B.lion,,,,12026,phantasim,,,,,,,,,,
3732,12024,Contact Energy,XX-XY,,,Contact Energy,CEN.NZ,,,,,,,,,,,,,New Zealand,company.public,USD-marketcap,"$4,040,000,000",$5.13,,,,,B.lion,,,,12026,phantasim,,,,,,,,,,
3733,12024,Iveco Group,XX-XY,,,Iveco Group,IVG.MI,,,,,,,,,,,,,Italy,company.public,USD-marketcap,"$4,040,000,000",$15.26,,,,,B.lion,,,,12026,phantasim,,,,,,,,,,
3734,12024,Sulzer,XX-XY,,,Sulzer,SUN.SW,,,,,,,,,,,,,Switzerland,company.public,USD-marketcap,"$4,040,000,000",$119.72,,,,,B.lion,,,,12026,phantasim,,,,,,,,,,
3735,12024,GameStop,XX-XY,,,GameStop,GME,,,,,,,,,,,,,United States,company.public,USD-marketcap,"$4,020,000,000",$13.17,,12024.03,,,B.lion,,,,12026,phantasim,,,,,,,,,,
3736,12024,Valley Bank,XX-XY,,,Valley Bank,VLY,,,,,,,,,,,,,United States,company.public,USD-marketcap,"$4,020,000,000",$7.90,,12024.03,,,B.lion,,,,12026,phantasim,,,,,,,,,,
3737,12024,Vista Oil & Gas,XX-XY,,,Vista Oil & Gas,VIST,,,,,,,,,,,,,Mexico,company.public,USD-marketcap,"$4,020,000,000",$42.24,,12024.03,,,B.lion,,,,12026,phantasim,,,,,,,,,,
3738,12024,PGE Polska,XX-XY,,,PGE Polska,PGE.WA,,,,,,,,,,,,,Poland,company.public,USD-marketcap,"$4,020,000,000",$1.79,,,,,B.lion,,,,12026,phantasim,,,,,,,,,,
3739,12024,Qatar Fuel Company (WOQOD),XX-XY,,,Qatar Fuel Company (WOQOD),QFLS.QA,,,,,,,,,,,,,Qatar,company.public,USD-marketcap,"$4,020,000,000",$4.05,,,,,B.lion,,,,12026,phantasim,,,,,,,,,,
3740,12024,Honeywell Automation India,XX-XY,,,Honeywell Automation India,HONAUT.NS,,,,,,,,,,,,,India,company.public,USD-marketcap,"$4,020,000,000",$454.41,,,,,B.lion,,,,12026,phantasim,,,,,,,,,,
3741,12024,Power Integrations,XX-XY,,,Power Integrations,POWI,,,,,,,,,,,,,United States,company.public,USD-marketcap,"$4,010,000,000",$70.61,,12024.03,,,B.lion,,,,12026,phantasim,,,,,,,,,,
3766,12024,Ormat Technologies,XX-XY,,,Ormat Technologies,ORA,,,,,,,,,,,,,United States,company.public,USD-marketcap,"$4,000,000,000",$66.29,,12024.03,,,B.lion,,,,12026,phantasim,,,,,,,,,,
3767,12024,BSE,XX-XY,,,BSE,BSE.NS,,,,,,,,,,,,,India,company.public,USD-marketcap,"$4,000,000,000",$29.58,,12024.03,,,B.lion,,,,12026,phantasim,,,,,,,,,,
3771,12024,Apple Hospitality REIT,XX-XY,,,Apple Hospitality REIT,APLE,,,,,,,,,,,,,United States,company.public,USD-marketcap,"$3,990,000,000",$16.52,,12024.03,,,B.lion,,,,12026,phantasim,,,,,,,,,,
3772,12024,Encore Wire,XX-XY,,,Encore Wire,WIRE,,,,,,,,,,,,,United States,company.public,USD-marketcap,"$3,990,000,000",$253.19,,12024.03,,,B.lion,,,,12026,phantasim,,,,,,,,,,
3773,12024,IHI Corporation,XX-XY,,,IHI Corporation,7013.T,,,,,,,,,,,,,Japan,company.public,USD-marketcap,"$3,990,000,000",$26.41,,12024.03,,,B.lion,,,,12026,phantasim,,,,,,,,,,
3774,12024,Seatrium,XX-XY,,,Seatrium,S51.SI,,,,,,,,,,,,,Singapore,company.public,USD-marketcap,"$3,990,000,000",$0.06,,,,,B.lion,,,,12026,phantasim,,,,,,,,,,
3775,12024,Columbia Banking System,XX-XY,,,Columbia Banking System,COLB,,,,,,,,,,,,,United States,company.public,USD-marketcap,"$3,980,000,000",$19.10,,12024.03,,,B.lion,,,,12026,phantasim,,,,,,,,,,
3776,12024,SolarEdge,XX-XY,,,SolarEdge,SEDG,,,,,,,,,,,,,Israel,company.public,USD-marketcap,"$3,980,000,000",$69.69,,12024.03,,,B.lion,,,,12026,phantasim,,,,,,,,,,
3777,12024,Softcat,XX-XY,,,Softcat,SCT.L,,,,,,,,,,,,,United Kingdom,company.public,USD-marketcap,"$3,980,000,000",$19.93,,12024.03,,,B.lion,,,,12026,phantasim,,,,,,,,,,
3778,12024,ALK-Abelló,XX-XY,,,ALK-Abelló,ALK-B.CO,,,,,,,,,,,,,Denmark,company.public,USD-marketcap,"$3,980,000,000",$18.02,,,,,B.lion,,,,12026,phantasim,,,,,,,,,,
3779,12024,AllianceBernstein,XX-XY,,,AllianceBernstein,AB,,,,,,,,,,,,,United States,company.public,USD-marketcap,"$3,970,000,000",$34.75,,12024.03,,,B.lion,,,,12026,phantasim,,,,,,,,,,
3780,12024,Group 1 Automotive,XX-XY,,,Group 1 Automotive,GPI,,,,,,,,,,,,,United States,company.public,USD-marketcap,"$3,970,000,000",$290.61,,12024.03,,,B.lion,,,,12026,phantasim,,,,,,,,,,
3781,12024,Hancock Whitney,XX-XY,,,Hancock Whitney,HWC,,,,,,,,,,,,,United States,company.public,USD-marketcap,"$3,970,000,000",$45.73,,12024.03,,,B.lion,,,,12026,phantasim,,,,,,,,,,
3782,12024,Main Street Capital,XX-XY,,,Main Street Capital,MAIN,,,,,,,,,,,,,United States,company.public,USD-marketcap,"$3,970,000,000",$46.78,,12024.03,,,B.lion,,,,12026,phantasim,,,,,,,,,,
3783,12024,StepStone Group,XX-XY,,,StepStone Group,STEP,,,,,,,,,,,,,United States,company.public,USD-marketcap,"$3,970,000,000",$35.10,,12024.03,,,B.lion,,,,12026,phantasim,,,,,,,,,,
3784,12024,Bellway,XX-XY,,,Bellway,BWY.L,,,,,,,,,,,,,United Kingdom,company.public,USD-marketcap,"$3,970,000,000",$33.44,,12024.03,,,B.lion,,,,12026,phantasim,,,,,,,,,,
3785,12024,Urban Outfitters,XX-XY,,,Urban Outfitters,URBN,,,,,,,,,,,,,United States,company.public,USD-marketcap,"$3,960,000,000",$42.78,,12024.03,,,B.lion,,,,12026,phantasim,,,,,,,,,,
3786,12024,City Developments,XX-XY,,,City Developments,C09.SI,,,,,,,,,,,,,Singapore,company.public,USD-marketcap,"$3,960,000,000",$4.38,,12024.03,,,B.lion,,,,12026,phantasim,,,,,,,,,,
3787,12024,Netmarble,XX-XY,,,Netmarble,251270.KS,,,,,,,,,,,,,South Korea,company.public,USD-marketcap,"$3,950,000,000",$48.16,,,,,B.lion,,,,12026,phantasim,,,,,,,,,,
3788,12024,Remitly,XX-XY,,,Remitly,RELY,,,,,,,,,,,,,United States,company.public,USD-marketcap,"$3,940,000,000",$20.92,,12024.03,,,B.lion,,,,12026,phantasim,,,,,,,,,,
3789,12024,MISUMI Group,XX-XY,,,MISUMI Group,9962.T,,,,,,,,,,,,,Japan,company.public,USD-marketcap,"$3,940,000,000",$14.02,,12024.03,,,B.lion,,,,12026,phantasim,,,,,,,,,,
3790,12024,Ebos Group,XX-XY,,,Ebos Group,EBO.NZ,,,,,,,,,,,,,New Zealand,company.public,USD-marketcap,"$3,940,000,000",$20.56,,,,,B.lion,,,,12026,phantasim,,,,,,,,,,
3791,12024,Home Product Center,XX-XY,,,Home Product Center,HMPRO.BK,,,,,,,,,,,,,Thailand,company.public,USD-marketcap,"$3,940,000,000",$0.30,,,,,B.lion,,,,12026,phantasim,,,,,,,,,,
3792,12024,Enerplus,XX-XY,,,Enerplus,ERF,,,,,,,,,,,,,Canada,company.public,USD-marketcap,"$3,930,000,000",$19.38,,12024.03,,,B.lion,,,,12026,phantasim,,,,,,,,,,
3793,12024,Northern Oil and Gas,XX-XY,,,Northern Oil and Gas,NOG,,,,,,,,,,,,,United States,company.public,USD-marketcap,"$3,930,000,000",$39.02,,12024.03,,,B.lion,,,,12026,phantasim,,,,,,,,,,
3794,12024,Iovance Biotherapeutics,XX-XY,,,Iovance Biotherapeutics,IOVA,,,,,,,,,,,,,United States,company.public,USD-marketcap,"$3,930,000,000",$14.10,,12024.03,,,B.lion,,,,12026,phantasim,,,,,,,,,,
3795,12024,Schneider,XX-XY,,,Schneider,SNDR,,,,,,,,,,,,,United States,company.public,USD-marketcap,"$3,930,000,000",$22.35,,12024.03,,,B.lion,,,,12026,phantasim,,,,,,,,,,
3796,12024,Hong Leong Financial Group,XX-XY,,,Hong Leong Financial Group,1082.KL,,,,,,,,,,,,,Malaysia,company.public,USD-marketcap,"$3,930,000,000",$3.47,,,,,B.lion,,,,12026,phantasim,,,,,,,,,,
3797,12024,Astra Industrial Group Company,XX-XY,,,Astra Industrial Group Company,1212.SR,,,,,,,,,,,,,Saudi Arabia,company.public,USD-marketcap,"$3,930,000,000",$49.25,,,,,B.lion,,,,12026,phantasim,,,,,,,,,,
3798,12024,Shin Kong Financial Holding,XX-XY,,,Shin Kong Financial Holding,2888.TW,,,,,,,,,,,,,Taiwan,company.public,USD-marketcap,"$3,930,000,000",$0.25,,,,,B.lion,,,,12026,phantasim,,,,,,,,,,
3799,12024,Kakao Pay,XX-XY,,,Kakao Pay,377300.KS,,,,,,,,,,,,,South Korea,company.public,USD-marketcap,"$3,930,000,000",$29.26,,,,,B.lion,,,,12026,phantasim,,,,,,,,,,
3800,12024,Camtek,XX-XY,,,Camtek,CAMT,,,,,,,,,,,,,Israel,company.public,USD-marketcap,"$3,920,000,000",$87.05,,12024.03,,,B.lion,,,,12026,phantasim,,,,,,,,,,
3801,12024,Charoen Pokphand Foods,XX-XY,,,Charoen Pokphand Foods,CPF.BK,,,,,,,,,,,,,Thailand,company.public,USD-marketcap,"$3,920,000,000",$0.51,,,,,B.lion,,,,12026,phantasim,,,,,,,,,,
3802,12024,BlackLine,XX-XY,,,BlackLine,BL,,,,,,,,,,,,,United States,company.public,USD-marketcap,"$3,910,000,000",$63.63,,12024.03,,,B.lion,,,,12026,phantasim,,,,,,,,,,
3803,12024,Dream Finders Homes,XX-XY,,,Dream Finders Homes,DFH,,,,,,,,,,,,,United States,company.public,USD-marketcap,"$3,910,000,000",$41.98,,12024.03,,,B.lion,,,,12026,phantasim,,,,,,,,,,
3804,12024,Avient,XX-XY,,,Avient,AVNT,,,,,,,,,,,,,United States,company.public,USD-marketcap,"$3,910,000,000",$42.96,,12024.03,,,B.lion,,,,12026,phantasim,,,,,,,,,,
3805,12024,Cleanaway Waste Management,XX-XY,,,Cleanaway Waste Management,CWY.AX,,,,,,,,,,,,,Australia,company.public,USD-marketcap,"$3,910,000,000",$1.76,,,,,B.lion,,,,12026,phantasim,,,,,,,,,,
3833,12024,CBIZ,XX-XY,,,CBIZ,CBZ,,,,,,,,,,,,,United States,company.public,USD-marketcap,"$3,900,000,000",$78.05,,12024.03,,,B.lion,,,,12026,phantasim,,,,,,,,,,
3834,12024,Kadant,XX-XY,,,Kadant,KAI,,,,,,,,,,,,,United States,company.public,USD-marketcap,"$3,900,000,000",$333.28,,12024.03,,,B.lion,,,,12026,phantasim,,,,,,,,,,
3835,12024,United Internet,XX-XY,,,United Internet,UTDI.F,,,,,,,,,,,,,Germany,company.public,USD-marketcap,"$3,900,000,000",$22.31,,,,,B.lion,,,,12026,phantasim,,,,,,,,,,
3836,12024,Wan Hai Lines,XX-XY,,,Wan Hai Lines,2615.TW,,,,,,,,,,,,,Taiwan,company.public,USD-marketcap,"$3,900,000,000",$1.39,,,,,B.lion,,,,12026,phantasim,,,,,,,,,,
3837,12024,LIC Housing Finance,XX-XY,,,LIC Housing Finance,LICHSGFIN.NS,,,,,,,,,,,,,India,company.public,USD-marketcap,"$3,900,000,000",$7.10,,,,,B.lion,,,,12026,phantasim,,,,,,,,,,
3838,12024,Sitio Royalties,XX-XY,,,Sitio Royalties,STR,,,,,,,,,,,,,United States,company.public,USD-marketcap,"$3,890,000,000",$24.72,,12024.03,,,B.lion,,,,12026,phantasim,,,,,,,,,,
3839,12024,Blackbaud,XX-XY,,,Blackbaud,BLKB,,,,,,,,,,,,,United States,company.public,USD-marketcap,"$3,890,000,000",$72.91,,12024.03,,,B.lion,,,,12026,phantasim,,,,,,,,,,
3840,12024,Man Group,XX-XY,,,Man Group,EMG.L,,,,,,,,,,,,,Jersey,company.public,USD-marketcap,"$3,890,000,000",$3.34,,12024.03,,,B.lion,,,,12026,phantasim,,,,,,,,,,
3841,12024,Wendy’s Company,XX-XY,,,Wendy’s Company,WEN,,,,,,,,,,,,,United States,company.public,USD-marketcap,"$3,880,000,000",$18.90,,12024.03,,,B.lion,,,,12026,phantasim,,,,,,,,,,
3842,12024,EngageSmart,XX-XY,,,EngageSmart,ESMT,,,,,,,,,,,,,United States,company.public,USD-marketcap,"$3,880,000,000",$23.05,,12024.03,,,B.lion,,,,12026,phantasim,,,,,,,,,,
3843,12024,Synaptics,XX-XY,,,Synaptics,SYNA,,,,,,,,,,,,,United States,company.public,USD-marketcap,"$3,880,000,000",$98.81,,12024.03,,,B.lion,,,,12026,phantasim,,,,,,,,,,
3844,12024,Computacenter,XX-XY,,,Computacenter,CCC.L,,,,,,,,,,,,,United Kingdom,company.public,USD-marketcap,"$3,880,000,000",$34.05,,12024.03,,,B.lion,,,,12026,phantasim,,,,,,,,,,
3845,12024,Gerresheimer,XX-XY,,,Gerresheimer,GXI.F,,,,,,,,,,,,,Germany,company.public,USD-marketcap,"$3,880,000,000",$112.22,,12024.03,,,B.lion,,,,12026,phantasim,,,,,,,,,,
3846,12024,Sanwa Holdings,XX-XY,,,Sanwa Holdings,5929.T,,,,,,,,,,,,,Japan,company.public,USD-marketcap,"$3,880,000,000",$17.69,,12024.03,,,B.lion,,,,12026,phantasim,,,,,,,,,,
3847,12024,Tohoku Electric Power,XX-XY,,,Tohoku Electric Power,9506.T,,,,,,,,,,,,,Japan,company.public,USD-marketcap,"$3,880,000,000",$7.77,,12024.03,,,B.lion,,,,12026,phantasim,,,,,,,,,,
3848,12024,Signify,XX-XY,,,Signify,LIGHT.AS,,,,,,,,,,,,,Netherlands,company.public,USD-marketcap,"$3,880,000,000",$30.71,,,,,B.lion,,,,12026,phantasim,,,,,,,,,,
3849,12024,NLC India,XX-XY,,,NLC India,NLCINDIA.NS,,,,,,,,,,,,,India,company.public,USD-marketcap,"$3,880,000,000",$2.80,,,,,B.lion,,,,12026,phantasim,,,,,,,,,,
3850,12024,Jumbo S.A.,XX-XY,,,Jumbo S.A.,5JB.F,,,,,,,,,,,,,Greece,company.public,USD-marketcap,"$3,870,000,000",$27.77,,12024.03,,,B.lion,,,,12026,phantasim,,,,,,,,,,
3851,12024,Wienerberger,XX-XY,,,Wienerberger,WIB.F,,,,,,,,,,,,,Austria,company.public,USD-marketcap,"$3,870,000,000",$36.66,,12024.03,,,B.lion,,,,12026,phantasim,,,,,,,,,,
3852,12024,iQIYI,XX-XY,,,iQIYI,IQ,,,,,,,,,,,,,China,company.public,USD-marketcap,"$3,860,000,000",$4.03,,12024.03,,,B.lion,,,,12026,phantasim,,,,,,,,,,
3853,12024,GN Store Nord,XX-XY,,,GN Store Nord,GN.CO,,,,,,,,,,,,,Denmark,company.public,USD-marketcap,"$3,860,000,000",$26.51,,12024.03,,,B.lion,,,,12026,phantasim,,,,,,,,,,
3854,12024,Bharat Dynamics,XX-XY,,,Bharat Dynamics,BDL.NS,,,,,,,,,,,,,India,company.public,USD-marketcap,"$3,860,000,000",$21.08,,12024.03,,,B.lion,,,,12026,phantasim,,,,,,,,,,
3855,12024,Enagás,XX-XY,,,Enagás,ENG.MC,,,,,,,,,,,,,Spain,company.public,USD-marketcap,"$3,860,000,000",$14.83,,,,,B.lion,,,,12026,phantasim,,,,,,,,,,
3856,12024,Goodyear,XX-XY,,,Goodyear,GT,,,,,,,,,,,,,United States,company.public,USD-marketcap,"$3,850,000,000",$13.57,,12024.03,,,B.lion,,,,12026,phantasim,,,,,,,,,,
3857,12024,DXC Technology,XX-XY,,,DXC Technology,DXC,,,,,,,,,,,,,United States,company.public,USD-marketcap,"$3,850,000,000",$21.06,,12024.03,,,B.lion,,,,12026,phantasim,,,,,,,,,,
3858,12024,GMS,XX-XY,,,GMS,GMS,,,,,,,,,,,,,United States,company.public,USD-marketcap,"$3,850,000,000",$96.85,,12024.03,,,B.lion,,,,12026,phantasim,,,,,,,,,,
3859,12024,Ultragenyx,XX-XY,,,Ultragenyx,RARE,,,,,,,,,,,,,United States,company.public,USD-marketcap,"$3,850,000,000",$46.82,,12024.03,,,B.lion,,,,12026,phantasim,,,,,,,,,,
3860,12024,Fielmann,XX-XY,,,Fielmann,FIE.F,,,,,,,,,,,,,Germany,company.public,USD-marketcap,"$3,850,000,000",$45.84,,12024.03,,,B.lion,,,,12026,phantasim,,,,,,,,,,
3861,12024,Jet2,XX-XY,,,Jet2,JET2.L,,,,,,,,,,,,,United Kingdom,company.public,USD-marketcap,"$3,850,000,000",$17.94,,,,,B.lion,,,,12026,phantasim,,,,,,,,,,
3862,12024,Genscript Biotech,XX-XY,,,Genscript Biotech,1548.HK,,,,,,,,,,,,,China,company.public,USD-marketcap,"$3,850,000,000",$1.82,,,,,B.lion,,,,12026,phantasim,,,,,,,,,,
3863,12024,DEME Group,XX-XY,,,DEME Group,DEME.BR,,,,,,,,,,,,,Belgium,company.public,USD-marketcap,"$3,850,000,000",$152.30,,,,,B.lion,,,,12026,phantasim,,,,,,,,,,
3864,12024,Macerich,XX-XY,,,Macerich,MAC,,,,,,,,,,,,,United States,company.public,USD-marketcap,"$3,840,000,000",$17.09,,12024.03,,,B.lion,,,,12026,phantasim,,,,,,,,,,
3865,12024,Integer Holdings,XX-XY,,,Integer Holdings,ITGR,,,,,,,,,,,,,United States,company.public,USD-marketcap,"$3,840,000,000",$115.06,,12024.03,,,B.lion,,,,12026,phantasim,,,,,,,,,,
3866,12024,TripAdvisor,XX-XY,,,TripAdvisor,TRIP,,,,,,,,,,,,,United States,company.public,USD-marketcap,"$3,840,000,000",$27.85,,12024.03,,,B.lion,,,,12026,phantasim,,,,,,,,,,
3867,12024,Genting Berhad,XX-XY,,,Genting Berhad,3182.KL,,,,,,,,,,,,,Malaysia,company.public,USD-marketcap,"$3,840,000,000",$1.00,,,,,B.lion,,,,12026,phantasim,,,,,,,,,,
3868,12024,Luzerner Kantonalbank,XX-XY,,,Luzerner Kantonalbank,LUKN.SW,,,,,,,,,,,,,Switzerland,company.public,USD-marketcap,"$3,840,000,000",$77.60,,,,,B.lion,,,,12026,phantasim,,,,,,,,,,
3869,12024,Moelis & Company,XX-XY,,,Moelis & Company,MC,,,,,,,,,,,,,United States,company.public,USD-marketcap,"$3,830,000,000",$57.49,,12024.03,,,B.lion,,,,12026,phantasim,,,,,,,,,,
3870,12024,Bausch Health,XX-XY,,,Bausch Health,BHC,,,,,,,,,,,,,Canada,company.public,USD-marketcap,"$3,830,000,000",$10.49,,12024.03,,,B.lion,,,,12026,phantasim,,,,,,,,,,
3871,12024,Teradata,XX-XY,,,Teradata,TDC,,,,,,,,,,,,,United States,company.public,USD-marketcap,"$3,830,000,000",$39.37,,12024.03,,,B.lion,,,,12026,phantasim,,,,,,,,,,
3872,12024,Apogee Therapeutics,XX-XY,,,Apogee Therapeutics,APGE,,,,,,,,,,,,,United States,company.public,USD-marketcap,"$3,830,000,000",$68.11,,12024.03,,,B.lion,,,,12026,phantasim,,,,,,,,,,
3873,12024,Matson,XX-XY,,,Matson,MATX,,,,,,,,,,,,,United States,company.public,USD-marketcap,"$3,830,000,000",$111.17,,12024.03,,,B.lion,,,,12026,phantasim,,,,,,,,,,
3874,12024,Bank Mega,XX-XY,,,Bank Mega,MEGA.JK,,,,,,,,,,,,,Indonesia,company.public,USD-marketcap,"$3,830,000,000",$0.33,,,,,B.lion,,,,12026,phantasim,,,,,,,,,,
3875,12024,Bakkafrost,XX-XY,,,Bakkafrost,BAKKA.OL,,,,,,,,,,,,,Denmark,company.public,USD-marketcap,"$3,830,000,000",$64.67,,,,,B.lion,,,,12026,phantasim,,,,,,,,,,
3876,12024,Belden,XX-XY,,,Belden,BDC,,,,,,,,,,,,,United States,company.public,USD-marketcap,"$3,820,000,000",$93.21,,12024.03,,,B.lion,,,,12026,phantasim,,,,,,,,,,
3877,12024,BGC Group,XX-XY,,,BGC Group,BGC,,,,,,,,,,,,,United States,company.public,USD-marketcap,"$3,820,000,000",$7.64,,12024.03,,,B.lion,,,,12026,phantasim,,,,,,,,,,
3878,12024,Qube Holdings,XX-XY,,,Qube Holdings,QUB.AX,,,,,,,,,,,,,Australia,company.public,USD-marketcap,"$3,820,000,000",$2.16,,,,,B.lion,,,,12026,phantasim,,,,,,,,,,
3879,12024,Advanced Energy,XX-XY,,,Advanced Energy,AEIS,,,,,,,,,,,,,United States,company.public,USD-marketcap,"$3,810,000,000",$102.02,,12024.03,,,B.lion,,,,12026,phantasim,,,,,,,,,,
3880,12024,Renishaw,XX-XY,,,Renishaw,RSW.L,,,,,,,,,,,,,United Kingdom,company.public,USD-marketcap,"$3,810,000,000",$52.45,,12024.03,,,B.lion,,,,12026,phantasim,,,,,,,,,,
3899,12024,EnerSys,XX-XY,,,EnerSys,ENS,,,,,,,,,,,,,United States,company.public,USD-marketcap,"$3,800,000,000",$94.17,,12024.03,,,B.lion,,,,12026,phantasim,,,,,,,,,,
3900,12024,Joby Aviation,XX-XY,,,Joby Aviation,JOBY,,,,,,,,,,,,,United States,company.public,USD-marketcap,"$3,800,000,000",$5.42,,12024.03,,,B.lion,,,,12026,phantasim,,,,,,,,,,
3901,12024,EchoStar,XX-XY,,,EchoStar,SATS,,,,,,,,,,,,,United States,company.public,USD-marketcap,"$3,800,000,000",$14.01,,12024.03,,,B.lion,,,,12026,phantasim,,,,,,,,,,
3902,12024,Topdanmark,XX-XY,,,Topdanmark,TOP.CO,,,,,,,,,,,,,Denmark,company.public,USD-marketcap,"$3,800,000,000",$42.83,,,,,B.lion,,,,12026,phantasim,,,,,,,,,,
3904,12024,Surgery Partners,XX-XY,,,Surgery Partners,SGRY,,,,,,,,,,,,,United States,company.public,USD-marketcap,"$3,790,000,000",$29.94,,12024.03,,,B.lion,,,,12026,phantasim,,,,,,,,,,
3905,12024,EFG International,XX-XY,,,EFG International,EFGN.SW,,,,,,,,,,,,,Switzerland,company.public,USD-marketcap,"$3,790,000,000",$12.45,,,,,B.lion,,,,12026,phantasim,,,,,,,,,,
3906,12024,Coromandel,XX-XY,,,Coromandel,COROMANDEL.NS,,,,,,,,,,,,,India,company.public,USD-marketcap,"$3,790,000,000",$12.88,,,,,B.lion,,,,12026,phantasim,,,,,,,,,,
3907,12024,Select Medical Holdings,XX-XY,,,Select Medical Holdings,SEM,,,,,,,,,,,,,United States,company.public,USD-marketcap,"$3,780,000,000",$29.45,,12024.03,,,B.lion,,,,12026,phantasim,,,,,,,,,,
3908,12024,Azimut Holding,XX-XY,,,Azimut Holding,AZM.MI,,,,,,,,,,,,,Italy,company.public,USD-marketcap,"$3,780,000,000",$27.22,,12024.03,,,B.lion,,,,12026,phantasim,,,,,,,,,,
3909,12024,Darktrace,XX-XY,,,Darktrace,DARK.L,,,,,,,,,,,,,United Kingdom,company.public,USD-marketcap,"$3,780,000,000",$5.41,,,,,B.lion,,,,12026,phantasim,,,,,,,,,,
3910,12024,Inchcape,XX-XY,,,Inchcape,INCH.L,,,,,,,,,,,,,United Kingdom,company.public,USD-marketcap,"$3,780,000,000",$9.16,,,,,B.lion,,,,12026,phantasim,,,,,,,,,,
3911,12024,PCCW,XX-XY,,,PCCW,0008.HK,,,,,,,,,,,,,Hong Kong,company.public,USD-marketcap,"$3,780,000,000",$0.49,,,,,B.lion,,,,12026,phantasim,,,,,,,,,,
3912,12024,Guoco,XX-XY,,,Guoco,0053.HK,,,,,,,,,,,,,Hong Kong,company.public,USD-marketcap,"$3,780,000,000",$11.50,,,,,B.lion,,,,12026,phantasim,,,,,,,,,,
3913,12024,California Resources Corporation,XX-XY,,,California Resources Corporation,CRC,,,,,,,,,,,,,United States,company.public,USD-marketcap,"$3,770,000,000",$54.93,,12024.03,,,B.lion,,,,12026,phantasim,,,,,,,,,,
3914,12024,COSMOS Pharmaceutical,XX-XY,,,COSMOS Pharmaceutical,3349.T,,,,,,,,,,,,,Japan,company.public,USD-marketcap,"$3,760,000,000",$94.49,,12024.03,,,B.lion,,,,12026,phantasim,,,,,,,,,,
3915,12024,Tritax Big Box REIT,XX-XY,,,Tritax Big Box REIT,BBOX.L,,,,,,,,,,,,,United Kingdom,company.public,USD-marketcap,"$3,760,000,000",$1.98,,12024.03,,,B.lion,,,,12026,phantasim,,,,,,,,,,
3916,12024,LOTTE Chemical,XX-XY,,,LOTTE Chemical,011170.KS,,,,,,,,,,,,,South Korea,company.public,USD-marketcap,"$3,760,000,000",$88.98,,,,,B.lion,,,,12026,phantasim,,,,,,,,,,
3917,12024,JK Cement,XX-XY,,,JK Cement,JKCEMENT.NS,,,,,,,,,,,,,India,company.public,USD-marketcap,"$3,760,000,000",$48.69,,,,,B.lion,,,,12026,phantasim,,,,,,,,,,
3918,12024,Cohen & Steers,XX-XY,,,Cohen & Steers,CNS,,,,,,,,,,,,,United States,company.public,USD-marketcap,"$3,750,000,000",$75.87,,12024.03,,,B.lion,,,,12026,phantasim,,,,,,,,,,
3919,12024,Axsome Therapeutics,XX-XY,,,Axsome Therapeutics,AXSM,,,,,,,,,,,,,United States,company.public,USD-marketcap,"$3,750,000,000",$79.17,,12024.03,,,B.lion,,,,12026,phantasim,,,,,,,,,,
3920,12024,RayzeBio,XX-XY,,,RayzeBio,RYZB,,,,,,,,,,,,,United States,company.public,USD-marketcap,"$3,750,000,000",$62.49,,12024.03,,,B.lion,,,,12026,phantasim,,,,,,,,,,
3921,12024,Japan Airport Terminal,XX-XY,,,Japan Airport Terminal,9706.T,,,,,,,,,,,,,Japan,company.public,USD-marketcap,"$3,750,000,000",$40.34,,12024.03,,,B.lion,,,,12026,phantasim,,,,,,,,,,
3922,12024,Indorama Ventures,XX-XY,,,Indorama Ventures,IVL.BK,,,,,,,,,,,,,Thailand,company.public,USD-marketcap,"$3,750,000,000",$0.67,,,,,B.lion,,,,12026,phantasim,,,,,,,,,,
3923,12024,Zhongsheng Group,XX-XY,,,Zhongsheng Group,0881.HK,,,,,,,,,,,,,China,company.public,USD-marketcap,"$3,750,000,000",$1.57,,,,,B.lion,,,,12026,phantasim,,,,,,,,,,
3924,12024,TECOM Group,XX-XY,,,TECOM Group,TECOM.AE,,,,,,,,,,,,,United Arab Emirates,company.public,USD-marketcap,"$3,750,000,000",$0.75,,,,,B.lion,,,,12026,phantasim,,,,,,,,,,
3925,12024,Scorpio Tankers,XX-XY,,,Scorpio Tankers,STNG,,,,,,,,,,,,,Monaco,company.public,USD-marketcap,"$3,740,000,000",$70.54,,12024.03,,,B.lion,,,,12026,phantasim,,,,,,,,,,
3926,12024,DMG Mori,XX-XY,,,DMG Mori,GIL.F,,,,,,,,,,,,,Germany,company.public,USD-marketcap,"$3,740,000,000",$47.34,,12024.03,,,B.lion,,,,12026,phantasim,,,,,,,,,,
3927,12024,ITV plc,XX-XY,,,ITV plc,ITV.L,,,,,,,,,,,,,United Kingdom,company.public,USD-marketcap,"$3,740,000,000",$0.93,,12024.03,,,B.lion,,,,12026,phantasim,,,,,,,,,,
3928,12024,Jungheinrich,XX-XY,,,Jungheinrich,JUN3.F,,,,,,,,,,,,,Germany,company.public,USD-marketcap,"$3,740,000,000",$37.11,,,,,B.lion,,,,12026,phantasim,,,,,,,,,,
3929,12024,Tikehau Capital,XX-XY,,,Tikehau Capital,TKO.PA,,,,,,,,,,,,,France,company.public,USD-marketcap,"$3,740,000,000",$21.88,,,,,B.lion,,,,12026,phantasim,,,,,,,,,,
3930,12024,Sime Darby,XX-XY,,,Sime Darby,4197.KL,,,,,,,,,,,,,Malaysia,company.public,USD-marketcap,"$3,740,000,000",$0.55,,,,,B.lion,,,,12026,phantasim,,,,,,,,,,
3931,12024,Fortis Healthcare,XX-XY,,,Fortis Healthcare,FORTIS.NS,,,,,,,,,,,,,India,company.public,USD-marketcap,"$3,740,000,000",$4.96,,,,,B.lion,,,,12026,phantasim,,,,,,,,,,
3932,12024,Quaker Houghton,XX-XY,,,Quaker Houghton,KWR,,,,,,,,,,,,,United States,company.public,USD-marketcap,"$3,730,000,000",$207.47,,12024.03,,,B.lion,,,,12026,phantasim,,,,,,,,,,
3933,12024,PotlatchDeltic,XX-XY,,,PotlatchDeltic,PCH,,,,,,,,,,,,,United States,company.public,USD-marketcap,"$3,730,000,000",$46.96,,12024.03,,,B.lion,,,,12026,phantasim,,,,,,,,,,
3934,12024,KBC Ancora,XX-XY,,,KBC Ancora,KBCA.BR,,,,,,,,,,,,,Belgium,company.public,USD-marketcap,"$3,730,000,000",$48.46,,,,,B.lion,,,,12026,phantasim,,,,,,,,,,
3935,12024,Kimberly-Clark de México,XX-XY,,,Kimberly-Clark de México,KIMBERA.MX,,,,,,,,,,,,,Mexico,company.public,USD-marketcap,"$3,730,000,000",$2.33,,,,,B.lion,,,,12026,phantasim,,,,,,,,,,
3936,12024,Evolent Health,XX-XY,,,Evolent Health,EVH,,,,,,,,,,,,,United States,company.public,USD-marketcap,"$3,720,000,000",$32.73,,12024.03,,,B.lion,,,,12026,phantasim,,,,,,,,,,
3937,12024,PJT Partners,XX-XY,,,PJT Partners,PJT,,,,,,,,,,,,,United States,company.public,USD-marketcap,"$3,720,000,000",$94.06,,12024.03,,,B.lion,,,,12026,phantasim,,,,,,,,,,
3938,12024,CymaBay Therapeutics,XX-XY,,,CymaBay Therapeutics,CBAY,,,,,,,,,,,,,United States,company.public,USD-marketcap,"$3,720,000,000",$32.48,,12024.03,,,B.lion,,,,12026,phantasim,,,,,,,,,,
3939,12024,ACEA,XX-XY,,,ACEA,ACE.MI,,,,,,,,,,,,,Italy,company.public,USD-marketcap,"$3,720,000,000",$17.55,,12024.03,,,B.lion,,,,12026,phantasim,,,,,,,,,,
3940,12024,Bendigo and Adelaide Bank,XX-XY,,,Bendigo and Adelaide Bank,BEN.AX,,,,,,,,,,,,,Australia,company.public,USD-marketcap,"$3,720,000,000",$6.59,,12024.03,,,B.lion,,,,12026,phantasim,,,,,,,,,,
3941,12024,ERG,XX-XY,,,ERG,ERG.MI,,,,,,,,,,,,,Italy,company.public,USD-marketcap,"$3,720,000,000",$25.39,,,,,B.lion,,,,12026,phantasim,,,,,,,,,,
3942,12024,Viva Energy,XX-XY,,,Viva Energy,VEA.AX,,,,,,,,,,,,,Australia,company.public,USD-marketcap,"$3,720,000,000",$2.41,,,,,B.lion,,,,12026,phantasim,,,,,,,,,,
3943,12024,Park Hotels & Resorts,XX-XY,,,Park Hotels & Resorts,PK,,,,,,,,,,,,,United States,company.public,USD-marketcap,"$3,710,000,000",$17.65,,12024.03,,,B.lion,,,,12026,phantasim,,,,,,,,,,
3944,12024,Arcellx,XX-XY,,,Arcellx,ACLX,,,,,,,,,,,,,United States,company.public,USD-marketcap,"$3,710,000,000",$70.45,,12024.03,,,B.lion,,,,12026,phantasim,,,,,,,,,,
3945,12024,Iida Group,XX-XY,,,Iida Group,3291.T,,,,,,,,,,,,,Japan,company.public,USD-marketcap,"$3,710,000,000",$13.23,,12024.03,,,B.lion,,,,12026,phantasim,,,,,,,,,,
3946,12024,Clicks Group,XX-XY,,,Clicks Group,CLS.JO,,,,,,,,,,,,,South Africa,company.public,USD-marketcap,"$3,710,000,000",$15.61,,,,,B.lion,,,,12026,phantasim,,,,,,,,,,
3968,12024,Boston Beer Company,XX-XY,,,Boston Beer Company,SAM,,,,,,,,,,,,,United States,company.public,USD-marketcap,"$3,700,000,000",$307.97,,12024.03,,,B.lion,,,,12026,phantasim,,,,,,,,,,
3969,12024,Marriott Vacations Worldwide,XX-XY,,,Marriott Vacations Worldwide,VAC,,,,,,,,,,,,,United States,company.public,USD-marketcap,"$3,700,000,000",$105.30,,12024.03,,,B.lion,,,,12026,phantasim,,,,,,,,,,
3970,12024,Tower Semiconductor,XX-XY,,,Tower Semiconductor,TSEM,,,,,,,,,,,,,Israel,company.public,USD-marketcap,"$3,700,000,000",$32.99,,12024.03,,,B.lion,,,,12026,phantasim,,,,,,,,,,
3972,12024,Black Hills,XX-XY,,,Black Hills,BKH,,,,,,,,,,,,,United States,company.public,USD-marketcap,"$3,690,000,000",$54.04,,12024.03,,,B.lion,,,,12026,phantasim,,,,,,,,,,
3973,12024,Independence Realty Trust,XX-XY,,,Independence Realty Trust,IRT,,,,,,,,,,,,,United States,company.public,USD-marketcap,"$3,690,000,000",$16.01,,12024.03,,,B.lion,,,,12026,phantasim,,,,,,,,,,
3974,12024,ManpowerGroup,XX-XY,,,ManpowerGroup,MAN,,,,,,,,,,,,,United States,company.public,USD-marketcap,"$3,690,000,000",$76.37,,12024.03,,,B.lion,,,,12026,phantasim,,,,,,,,,,
3975,12024,Envista,XX-XY,,,Envista,NVST,,,,,,,,,,,,,United States,company.public,USD-marketcap,"$3,690,000,000",$21.55,,12024.03,,,B.lion,,,,12026,phantasim,,,,,,,,,,
3976,12024,SpringWorks Therapeutics,XX-XY,,,SpringWorks Therapeutics,SWTX,,,,,,,,,,,,,United States,company.public,USD-marketcap,"$3,690,000,000",$50.10,,12024.03,,,B.lion,,,,12026,phantasim,,,,,,,,,,
3977,12024,Virtu Financial,XX-XY,,,Virtu Financial,VIRT,,,,,,,,,,,,,United States,company.public,USD-marketcap,"$3,690,000,000",$20.27,,12024.03,,,B.lion,,,,12026,phantasim,,,,,,,,,,
3978,12024,CyberAgent,XX-XY,,,CyberAgent,4751.T,,,,,,,,,,,,,Japan,company.public,USD-marketcap,"$3,690,000,000",$7.29,,12024.03,,,B.lion,,,,12026,phantasim,,,,,,,,,,
3979,12024,China Airlines,XX-XY,,,China Airlines,2610.TW,,,,,,,,,,,,,Taiwan,company.public,USD-marketcap,"$3,690,000,000",$0.61,,,,,B.lion,,,,12026,phantasim,,,,,,,,,,
3980,12024,Biocon,XX-XY,,,Biocon,BIOCON.NS,,,,,,,,,,,,,India,company.public,USD-marketcap,"$3,690,000,000",$3.08,,,,,B.lion,,,,12026,phantasim,,,,,,,,,,
3981,12024,Korea Aerospace Industries,XX-XY,,,Korea Aerospace Industries,047810.KS,,,,,,,,,,,,,South Korea,company.public,USD-marketcap,"$3,680,000,000",$37.78,,,,,B.lion,,,,12026,phantasim,,,,,,,,,,
3982,12024,RLJ Lodging Trust,XX-XY,,,RLJ Lodging Trust,RLJ,,,,,,,,,,,,,United States,company.public,USD-marketcap,"$3,670,000,000",$11.74,,12024.03,,,B.lion,,,,12026,phantasim,,,,,,,,,,
3983,12024,ImmunityBio,XX-XY,,,ImmunityBio,IBRX,,,,,,,,,,,,,United States,company.public,USD-marketcap,"$3,670,000,000",$5.46,,12024.03,,,B.lion,,,,12026,phantasim,,,,,,,,,,
3984,12024,Ipca Laboratories,XX-XY,,,Ipca Laboratories,IPCALAB.NS,,,,,,,,,,,,,India,company.public,USD-marketcap,"$3,670,000,000",$14.47,,,,,B.lion,,,,12026,phantasim,,,,,,,,,,
3985,12024,Axcelis Technologies,XX-XY,,,Axcelis Technologies,ACLS,,,,,,,,,,,,,United States,company.public,USD-marketcap,"$3,660,000,000",$112.47,,12024.03,,,B.lion,,,,12026,phantasim,,,,,,,,,,
3986,12024,Progyny,XX-XY,,,Progyny,PGNY,,,,,,,,,,,,,United States,company.public,USD-marketcap,"$3,660,000,000",$37.99,,12024.03,,,B.lion,,,,12026,phantasim,,,,,,,,,,
3987,12024,Greggs,XX-XY,,,Greggs,GRG.L,,,,,,,,,,,,,United Kingdom,company.public,USD-marketcap,"$3,660,000,000",$36.15,,12024.03,,,B.lion,,,,12026,phantasim,,,,,,,,,,
3988,12024,Sumitomo Chemical,XX-XY,,,Sumitomo Chemical,4005.T,,,,,,,,,,,,,Japan,company.public,USD-marketcap,"$3,660,000,000",$2.24,,12024.03,,,B.lion,,,,12026,phantasim,,,,,,,,,,
3989,12024,Logista (Compañía de Distribución Integral Logista),XX-XY,,,Logista (Compañía de Distribución Integral Logista),LOG.MC,,,,,,,,,,,,,Spain,company.public,USD-marketcap,"$3,660,000,000",$27.90,,,,,B.lion,,,,12026,phantasim,,,,,,,,,,
3990,12024,Pepkor,XX-XY,,,Pepkor,PPH.JO,,,,,,,,,,,,,South Africa,company.public,USD-marketcap,"$3,660,000,000",$1.00,,,,,B.lion,,,,12026,phantasim,,,,,,,,,,
3991,12024,UOL Group,XX-XY,,,UOL Group,U14.SI,,,,,,,,,,,,,Singapore,company.public,USD-marketcap,"$3,660,000,000",$4.34,,,,,B.lion,,,,12026,phantasim,,,,,,,,,,
3992,12024,Tri Pointe Homes,XX-XY,,,Tri Pointe Homes,TPH,,,,,,,,,,,,,United States,company.public,USD-marketcap,"$3,640,000,000",$37.93,,12024.03,,,B.lion,,,,12026,phantasim,,,,,,,,,,
3993,12024,Alarm.com,XX-XY,,,Alarm.com,ALRM,,,,,,,,,,,,,United States,company.public,USD-marketcap,"$3,640,000,000",$72.94,,12024.03,,,B.lion,,,,12026,phantasim,,,,,,,,,,
3994,12024,Escorts Limited,XX-XY,,,Escorts Limited,ESCORTS.NS,,,,,,,,,,,,,India,company.public,USD-marketcap,"$3,640,000,000",$33.61,,,,,B.lion,,,,12026,phantasim,,,,,,,,,,
3995,12024,CNX Resources,XX-XY,,,CNX Resources,CNX,,,,,,,,,,,,,United States,company.public,USD-marketcap,"$3,630,000,000",$23.72,,12024.03,,,B.lion,,,,12026,phantasim,,,,,,,,,,
3996,12024,Howard Hughes Holdings,XX-XY,,,Howard Hughes Holdings,HHH,,,,,,,,,,,,,United States,company.public,USD-marketcap,"$3,630,000,000",$72.26,,12024.03,,,B.lion,,,,12026,phantasim,,,,,,,,,,
3997,12024,Ermenegildo Zegna,XX-XY,,,Ermenegildo Zegna,ZGN,,,,,,,,,,,,,Italy,company.public,USD-marketcap,"$3,630,000,000",$14.52,,12024.03,,,B.lion,,,,12026,phantasim,,,,,,,,,,
3998,12024,Yamaha,XX-XY,,,Yamaha,7951.T,,,,,,,,,,,,,Japan,company.public,USD-marketcap,"$3,630,000,000",$21.69,,12024.03,,,B.lion,,,,12026,phantasim,,,,,,,,,,
3999,12024,AGL Energy,XX-XY,,,AGL Energy,AGL.AX,,,,,,,,,,,,,Australia,company.public,USD-marketcap,"$3,630,000,000",$5.40,,12024.03,,,B.lion,,,,12026,phantasim,,,,,,,,,,
4000,12024,M/I Homes,XX-XY,,,M/I Homes,MHO,,,,,,,,,,,,,United States,company.public,USD-marketcap,"$3,620,000,000",$130.30,,12024.03,,,B.lion,,,,12026,phantasim,,,,,,,,,,
4001,12024,Asset World Corp,XX-XY,,,Asset World Corp,AWC.BK,,,,,,,,,,,,,Thailand,company.public,USD-marketcap,"$3,620,000,000",$0.11,,12024.03,,,B.lion,,,,12026,phantasim,,,,,,,,,,
4002,12024,Impala Platinum,XX-XY,,,Impala Platinum,IMP.JO,,,,,,,,,,,,,South Africa,company.public,USD-marketcap,"$3,620,000,000",$4.03,,,,,B.lion,,,,12026,phantasim,,,,,,,,,,
4003,12024,Bezeq,XX-XY,,,Bezeq,BEZQ.TA,,,,,,,,,,,,,Israel,company.public,USD-marketcap,"$3,620,000,000",$1.31,,,,,B.lion,,,,12026,phantasim,,,,,,,,,,
4004,12024,Mayora,XX-XY,,,Mayora,MYOR.JK,,,,,,,,,,,,,Indonesia,company.public,USD-marketcap,"$3,620,000,000",$0.16,,,,,B.lion,,,,12026,phantasim,,,,,,,,,,
4005,12024,Lazard,XX-XY,,,Lazard,LAZ,,,,,,,,,,,,,Bermuda,company.public,USD-marketcap,"$3,610,000,000",$41.38,,12024.03,,,B.lion,,,,12026,phantasim,,,,,,,,,,
4006,12024,CSW Industrials,XX-XY,,,CSW Industrials,CSWI,,,,,,,,,,,,,United States,company.public,USD-marketcap,"$3,610,000,000",$232.60,,12024.03,,,B.lion,,,,12026,phantasim,,,,,,,,,,
4007,12024,Santen Pharmaceutical,XX-XY,,,Santen Pharmaceutical,4536.T,,,,,,,,,,,,,Japan,company.public,USD-marketcap,"$3,610,000,000",$9.96,,12024.03,,,B.lion,,,,12026,phantasim,,,,,,,,,,
4008,12024,Remgro Limited,XX-XY,,,Remgro Limited,REM.JO,,,,,,,,,,,,,South Africa,company.public,USD-marketcap,"$3,610,000,000",$6.51,,,,,B.lion,,,,12026,phantasim,,,,,,,,,,
4009,12024,Thai Oil,XX-XY,,,Thai Oil,TOP.BK,,,,,,,,,,,,,Thailand,company.public,USD-marketcap,"$3,610,000,000",$1.62,,,,,B.lion,,,,12026,phantasim,,,,,,,,,,
4041,12024,Prestige Consumer Healthcare,XX-XY,,,Prestige Consumer Healthcare,PBH,,,,,,,,,,,,,United States,company.public,USD-marketcap,"$3,600,000,000",$72.63,,12024.03,,,B.lion,,,,12026,phantasim,,,,,,,,,,
4042,12024,ServisFirst Bancshares,XX-XY,,,ServisFirst Bancshares,SFBS,,,,,,,,,,,,,United States,company.public,USD-marketcap,"$3,600,000,000",$66.19,,12024.03,,,B.lion,,,,12026,phantasim,,,,,,,,,,
4043,12024,Gland Pharma,XX-XY,,,Gland Pharma,GLAND.NS,,,,,,,,,,,,,India,company.public,USD-marketcap,"$3,600,000,000",$21.86,,,,,B.lion,,,,12026,phantasim,,,,,,,,,,
4047,12024,Griffon Corporation,XX-XY,,,Griffon Corporation,GFF,,,,,,,,,,,,,United States,company.public,USD-marketcap,"$3,590,000,000",$72.75,,12024.03,,,B.lion,,,,12026,phantasim,,,,,,,,,,
4048,12024,Wolfspeed,XX-XY,,,Wolfspeed,WOLF,,,,,,,,,,,,,United States,company.public,USD-marketcap,"$3,590,000,000",$28.58,,12024.03,,,B.lion,,,,12026,phantasim,,,,,,,,,,
4049,12024,Rubis,XX-XY,,,Rubis,RUI.PA,,,,,,,,,,,,,France,company.public,USD-marketcap,"$3,590,000,000",$34.86,,,,,B.lion,,,,12026,phantasim,,,,,,,,,,
4050,12024,Jubilant FoodWorks,XX-XY,,,Jubilant FoodWorks,JUBLFOOD.NS,,,,,,,,,,,,,India,company.public,USD-marketcap,"$3,590,000,000",$5.46,,,,,B.lion,,,,12026,phantasim,,,,,,,,,,
4051,12024,Cousins Properties,XX-XY,,,Cousins Properties,CUZ,,,,,,,,,,,,,United States,company.public,USD-marketcap,"$3,580,000,000",$23.57,,12024.03,,,B.lion,,,,12026,phantasim,,,,,,,,,,
4052,12024,ONE Gas,XX-XY,,,ONE Gas,OGS,,,,,,,,,,,,,United States,company.public,USD-marketcap,"$3,580,000,000",$63.46,,12024.03,,,B.lion,,,,12026,phantasim,,,,,,,,,,
4053,12024,iRhythm,XX-XY,,,iRhythm,IRTC,,,,,,,,,,,,,United States,company.public,USD-marketcap,"$3,580,000,000",$115.76,,12024.03,,,B.lion,,,,12026,phantasim,,,,,,,,,,
4054,12024,RadNet,XX-XY,,,RadNet,RDNT,,,,,,,,,,,,,United States,company.public,USD-marketcap,"$3,570,000,000",$48.49,,12024.03,,,B.lion,,,,12026,phantasim,,,,,,,,,,
4055,12024,Energy Absolute,XX-XY,,,Energy Absolute,EA.BK,,,,,,,,,,,,,Thailand,company.public,USD-marketcap,"$3,570,000,000",$0.96,,12024.03,,,B.lion,,,,12026,phantasim,,,,,,,,,,
4056,12024,Indra Sistemas,XX-XY,,,Indra Sistemas,IDR.MC,,,,,,,,,,,,,Spain,company.public,USD-marketcap,"$3,570,000,000",$20.58,,,,,B.lion,,,,12026,phantasim,,,,,,,,,,
4057,12024,Indraprastha Gas,XX-XY,,,Indraprastha Gas,IGL.NS,,,,,,,,,,,,,India,company.public,USD-marketcap,"$3,570,000,000",$5.11,,,,,B.lion,,,,12026,phantasim,,,,,,,,,,
4058,12024,Sprinklr,XX-XY,,,Sprinklr,CXM,,,,,,,,,,,,,United States,company.public,USD-marketcap,"$3,560,000,000",$13.01,,12024.03,,,B.lion,,,,12026,phantasim,,,,,,,,,,
4059,12024,Seadrill,XX-XY,,,Seadrill,SDRL,,,,,,,,,,,,,Bermuda,company.public,USD-marketcap,"$3,560,000,000",$50.02,,12024.03,,,B.lion,,,,12026,phantasim,,,,,,,,,,
4060,12024,Sharp Corporation,XX-XY,,,Sharp Corporation,6753.T,,,,,,,,,,,,,Japan,company.public,USD-marketcap,"$3,560,000,000",$5.49,,12024.03,,,B.lion,,,,12026,phantasim,,,,,,,,,,
4061,12024,SES S.A.,XX-XY,,,SES S.A.,SESG.PA,,,,,,,,,,,,,Luxembourg,company.public,USD-marketcap,"$3,560,000,000",$6.53,,,,,B.lion,,,,12026,phantasim,,,,,,,,,,
4062,12024,Apollo Tyres,XX-XY,,,Apollo Tyres,APOLLOTYRE.NS,,,,,,,,,,,,,India,company.public,USD-marketcap,"$3,560,000,000",$5.62,,,,,B.lion,,,,12026,phantasim,,,,,,,,,,
4063,12024,Arrowhead Pharmaceuticals,XX-XY,,,Arrowhead Pharmaceuticals,ARWR,,,,,,,,,,,,,United States,company.public,USD-marketcap,"$3,550,000,000",$28.70,,12024.03,,,B.lion,,,,12026,phantasim,,,,,,,,,,
4064,12024,Otter Tail,XX-XY,,,Otter Tail,OTTR,,,,,,,,,,,,,United States,company.public,USD-marketcap,"$3,550,000,000",$85.15,,12024.03,,,B.lion,,,,12026,phantasim,,,,,,,,,,
4065,12024,Rotork,XX-XY,,,Rotork,ROR.L,,,,,,,,,,,,,United Kingdom,company.public,USD-marketcap,"$3,550,000,000",$4.13,,12024.03,,,B.lion,,,,12026,phantasim,,,,,,,,,,
4066,12024,Capital Power,XX-XY,,,Capital Power,CPX.TO,,,,,,,,,,,,,Canada,company.public,USD-marketcap,"$3,550,000,000",$28.15,,,,,B.lion,,,,12026,phantasim,,,,,,,,,,
4067,12024,Granite Real Estate,XX-XY,,,Granite Real Estate,GRP-UN,,,,,,,,,,,,,Canada,company.public,USD-marketcap,"$3,550,000,000",$56.05,,,,,B.lion,,,,12026,phantasim,,,,,,,,,,
4068,12024,Mabanee Company,XX-XY,,,Mabanee Company,MABANEE.KW,,,,,,,,,,,,,Kuwait,company.public,USD-marketcap,"$3,550,000,000","$2,551.00",,,,,B.lion,,,,12026,phantasim,,,,,,,,,,
4069,12024,Alvotech,XX-XY,,,Alvotech,ALVO,,,,,,,,,,,,,Iceland,company.public,USD-marketcap,"$3,540,000,000",$12.68,,12024.03,,,B.lion,,,,12026,phantasim,,,,,,,,,,
4070,12024,DigitalOcean,XX-XY,,,DigitalOcean,DOCN,,,,,,,,,,,,,United States,company.public,USD-marketcap,"$3,540,000,000",$39.08,,12024.03,,,B.lion,,,,12026,phantasim,,,,,,,,,,
4071,12024,Welcia Holdings,XX-XY,,,Welcia Holdings,3141.T,,,,,,,,,,,,,Japan,company.public,USD-marketcap,"$3,540,000,000",$17.18,,12024.03,,,B.lion,,,,12026,phantasim,,,,,,,,,,
4072,12024,Koei Tecmo,XX-XY,,,Koei Tecmo,3635.T,,,,,,,,,,,,,Japan,company.public,USD-marketcap,"$3,540,000,000",$11.25,,12024.03,,,B.lion,,,,12026,phantasim,,,,,,,,,,
4073,12024,Dätwyler,XX-XY,,,Dätwyler,DAE.SW,,,,,,,,,,,,,Switzerland,company.public,USD-marketcap,"$3,540,000,000",$208.71,,,,,B.lion,,,,12026,phantasim,,,,,,,,,,
4074,12024,Melisron,XX-XY,,,Melisron,MLSR.TA,,,,,,,,,,,,,Israel,company.public,USD-marketcap,"$3,540,000,000",$74.68,,,,,B.lion,,,,12026,phantasim,,,,,,,,,,
4075,12024,TFS Financial,XX-XY,,,TFS Financial,TFSL,,,,,,,,,,,,,United States,company.public,USD-marketcap,"$3,530,000,000",$12.60,,12024.03,,,B.lion,,,,12026,phantasim,,,,,,,,,,
4076,12024,Nikon,XX-XY,,,Nikon,NINOY,,,,,,,,,,,,,Japan,company.public,USD-marketcap,"$3,530,000,000",$10.19,,12024.03,,,B.lion,,,,12026,phantasim,,,,,,,,,,
4077,12024,Saudi Kayan Petrochemical Company,XX-XY,,,Saudi Kayan Petrochemical Company,2350.SR,,,,,,,,,,,,,Saudi Arabia,company.public,USD-marketcap,"$3,530,000,000",$2.36,,,,,B.lion,,,,12026,phantasim,,,,,,,,,,
4078,12024,COSCO SHIPPING Development,XX-XY,,,COSCO SHIPPING Development,601866.SS,,,,,,,,,,,,,China,company.public,USD-marketcap,"$3,530,000,000",$0.32,,,,,B.lion,,,,12026,phantasim,,,,,,,,,,
4079,12024,Deepak Nitrite,XX-XY,,,Deepak Nitrite,DEEPAKNTR.NS,,,,,,,,,,,,,India,company.public,USD-marketcap,"$3,530,000,000",$25.90,,,,,B.lion,,,,12026,phantasim,,,,,,,,,,
4080,12024,Alteryx,XX-XY,,,Alteryx,AYX,,,,,,,,,,,,,United States,company.public,USD-marketcap,"$3,520,000,000",$48.26,,12024.03,,,B.lion,,,,12026,phantasim,,,,,,,,,,
4081,12024,Aldrees Petroleum and Transport Services,XX-XY,,,Aldrees Petroleum and Transport Services,4200.SR,,,,,,,,,,,,,Saudi Arabia,company.public,USD-marketcap,"$3,520,000,000",$46.95,,,,,B.lion,,,,12026,phantasim,,,,,,,,,,
4082,12024,ATS Automation,XX-XY,,,ATS Automation,ATS,,,,,,,,,,,,,Canada,company.public,USD-marketcap,"$3,510,000,000",$35.77,,12024.03,,,B.lion,,,,12026,phantasim,,,,,,,,,,
4083,12024,Burford Capital,XX-XY,,,Burford Capital,BUR,,,,,,,,,,,,,Guernsey,company.public,USD-marketcap,"$3,510,000,000",$16.05,,12024.03,,,B.lion,,,,12026,phantasim,,,,,,,,,,
4084,12024,AMTD IDEA Group,XX-XY,,,AMTD IDEA Group,AMTD,,,,,,,,,,,,,Hong Kong,company.public,USD-marketcap,"$3,510,000,000",$1.76,,12024.03,,,B.lion,,,,12026,phantasim,,,,,,,,,,
4085,12024,Axonics Modulation Tech,XX-XY,,,Axonics Modulation Tech,AXNX,,,,,,,,,,,,,United States,company.public,USD-marketcap,"$3,510,000,000",$68.90,,12024.03,,,B.lion,,,,12026,phantasim,,,,,,,,,,
4086,12024,Green Thumb Industries,XX-XY,,,Green Thumb Industries,GTII.CN,,,,,,,,,,,,,United States,company.public,USD-marketcap,"$3,510,000,000",$14.82,,,,,B.lion,,,,12026,phantasim,,,,,,,,,,
4087,12024,TOTVS,XX-XY,,,TOTVS,TOTS3.SA,,,,,,,,,,,,,Brazil,company.public,USD-marketcap,"$3,510,000,000",$5.83,,,,,B.lion,,,,12026,phantasim,,,,,,,,,,
4122,12024,CVR Energy,XX-XY,,,CVR Energy,CVI,,,,,,,,,,,,,United States,company.public,USD-marketcap,"$3,500,000,000",$34.87,,12024.03,,,B.lion,,,,12026,phantasim,,,,,,,,,,
4123,12024,Amicus Therapeutics,XX-XY,,,Amicus Therapeutics,FOLD,,,,,,,,,,,,,United States,company.public,USD-marketcap,"$3,500,000,000",$11.86,,12024.03,,,B.lion,,,,12026,phantasim,,,,,,,,,,
4124,12024,Sterling Construction,XX-XY,,,Sterling Construction,STRL,,,,,,,,,,,,,United States,company.public,USD-marketcap,"$3,500,000,000",$113.43,,12024.03,,,B.lion,,,,12026,phantasim,,,,,,,,,,
4125,12024,Shaftesbury Capital,XX-XY,,,Shaftesbury Capital,SHC.L,,,,,,,,,,,,,United Kingdom,company.public,USD-marketcap,"$3,500,000,000",$1.80,,12024.03,,,B.lion,,,,12026,phantasim,,,,,,,,,,
4126,12024,Tsuruha Holdings,XX-XY,,,Tsuruha Holdings,3391.T,,,,,,,,,,,,,Japan,company.public,USD-marketcap,"$3,500,000,000",$71.99,,12024.03,,,B.lion,,,,12026,phantasim,,,,,,,,,,
4127,12024,Virgin Money UK,XX-XY,,,Virgin Money UK,VMUK.L,,,,,,,,,,,,,United Kingdom,company.public,USD-marketcap,"$3,500,000,000",$2.70,,,,,B.lion,,,,12026,phantasim,,,,,,,,,,
4128,12024,INFICON,XX-XY,,,INFICON,IFCN.SW,,,,,,,,,,,,,Switzerland,company.public,USD-marketcap,"$3,500,000,000","$1,433.00",,,,,B.lion,,,,12026,phantasim,,,,,,,,,,
4129,12024,Indofood,XX-XY,,,Indofood,INDF.JK,,,,,,,,,,,,,Indonesia,company.public,USD-marketcap,"$3,500,000,000",$0.40,,,,,B.lion,,,,12026,phantasim,,,,,,,,,,
4130,12024,AntarChile,XX-XY,,,AntarChile,ANTARCHILE.SN,,,,,,,,,,,,,Chile,company.public,USD-marketcap,"$3,500,000,000",$7.71,,,,,B.lion,,,,12026,phantasim,,,,,,,,,,
4131,12024,Hillenbrand,XX-XY,,,Hillenbrand,HI,,,,,,,,,,,,,United States,company.public,USD-marketcap,"$3,490,000,000",$49.86,,12024.03,,,B.lion,,,,12026,phantasim,,,,,,,,,,
4132,12024,EnPro Industries,XX-XY,,,EnPro Industries,NPO,,,,,,,,,,,,,United States,company.public,USD-marketcap,"$3,490,000,000",$167.05,,12024.03,,,B.lion,,,,12026,phantasim,,,,,,,,,,
4133,12024,SL Green Realty,XX-XY,,,SL Green Realty,SLG,,,,,,,,,,,,,United States,company.public,USD-marketcap,"$3,490,000,000",$53.74,,12024.03,,,B.lion,,,,12026,phantasim,,,,,,,,,,
4134,12024,Accelleron Industries,XX-XY,,,Accelleron Industries,ACLN.SW,,,,,,,,,,,,,Switzerland,company.public,USD-marketcap,"$3,490,000,000",$37.28,,,,,B.lion,,,,12026,phantasim,,,,,,,,,,
4135,12024,Bandhan Bank,XX-XY,,,Bandhan Bank,BANDHANBNK.NS,,,,,,,,,,,,,India,company.public,USD-marketcap,"$3,490,000,000",$2.17,,,,,B.lion,,,,12026,phantasim,,,,,,,,,,
4136,12024,FormFactor,XX-XY,,,FormFactor,FORM,,,,,,,,,,,,,United States,company.public,USD-marketcap,"$3,480,000,000",$44.85,,12024.03,,,B.lion,,,,12026,phantasim,,,,,,,,,,
4137,12024,Immofinanz,XX-XY,,,Immofinanz,IMO1.F,,,,,,,,,,,,,Austria,company.public,USD-marketcap,"$3,480,000,000",$25.24,,,,,B.lion,,,,12026,phantasim,,,,,,,,,,
4138,12024,National Shipping Company of Saudi Arabia (Bahri),XX-XY,,,National Shipping Company of Saudi Arabia (Bahri),4030.SR,,,,,,,,,,,,,Saudi Arabia,company.public,USD-marketcap,"$3,480,000,000",$7.08,,,,,B.lion,,,,12026,phantasim,,,,,,,,,,
4139,12024,International Bancshares Corp,XX-XY,,,International Bancshares Corp,IBOC,,,,,,,,,,,,,United States,company.public,USD-marketcap,"$3,470,000,000",$55.84,,12024.03,,,B.lion,,,,12026,phantasim,,,,,,,,,,
4140,12024,Impinj,XX-XY,,,Impinj,PI,,,,,,,,,,,,,United States,company.public,USD-marketcap,"$3,460,000,000",$127.42,,12024.03,,,B.lion,,,,12026,phantasim,,,,,,,,,,
4141,12024,Carpenter Technology,XX-XY,,,Carpenter Technology,CRS,,,,,,,,,,,,,United States,company.public,USD-marketcap,"$3,460,000,000",$70.19,,12024.03,,,B.lion,,,,12026,phantasim,,,,,,,,,,
4142,12024,ACI Worldwide,XX-XY,,,ACI Worldwide,ACIW,,,,,,,,,,,,,United States,company.public,USD-marketcap,"$3,460,000,000",$32.54,,12024.03,,,B.lion,,,,12026,phantasim,,,,,,,,,,
4143,12024,Credo Technology,XX-XY,,,Credo Technology,CRDO,,,,,,,,,,,,,United States,company.public,USD-marketcap,"$3,460,000,000",$21.20,,12024.03,,,B.lion,,,,12026,phantasim,,,,,,,,,,
4144,12024,Crinetics Pharmaceuticals,XX-XY,,,Crinetics Pharmaceuticals,CRNX,,,,,,,,,,,,,United States,company.public,USD-marketcap,"$3,460,000,000",$44.43,,12024.03,,,B.lion,,,,12026,phantasim,,,,,,,,,,
4145,12024,Sanmina,XX-XY,,,Sanmina,SANM,,,,,,,,,,,,,United States,company.public,USD-marketcap,"$3,460,000,000",$62.12,,12024.03,,,B.lion,,,,12026,phantasim,,,,,,,,,,
4146,12024,Gulf Bank,XX-XY,,,Gulf Bank,GBK.KW,,,,,,,,,,,,,Kuwait,company.public,USD-marketcap,"$3,460,000,000",$956.44,,,,,B.lion,,,,12026,phantasim,,,,,,,,,,
4147,12024,Wallenius Wilhelmsen,XX-XY,,,Wallenius Wilhelmsen,WAWI.OL,,,,,,,,,,,,,Norway,company.public,USD-marketcap,"$3,460,000,000",$8.20,,,,,B.lion,,,,12026,phantasim,,,,,,,,,,
4148,12024,Nelnet,XX-XY,,,Nelnet,NNI,,,,,,,,,,,,,United States,company.public,USD-marketcap,"$3,450,000,000",$93.33,,12024.03,,,B.lion,,,,12026,phantasim,,,,,,,,,,
4149,12024,Asana,XX-XY,,,Asana,ASAN,,,,,,,,,,,,,United States,company.public,USD-marketcap,"$3,450,000,000",$15.39,,12024.03,,,B.lion,,,,12026,phantasim,,,,,,,,,,
4150,12024,Paycor,XX-XY,,,Paycor,PYCR,,,,,,,,,,,,,United States,company.public,USD-marketcap,"$3,450,000,000",$19.39,,12024.03,,,B.lion,,,,12026,phantasim,,,,,,,,,,
4151,12024,CA Immo,XX-XY,,,CA Immo,BZY.F,,,,,,,,,,,,,Austria,company.public,USD-marketcap,"$3,450,000,000",$35.26,,12024.03,,,B.lion,,,,12026,phantasim,,,,,,,,,,
4152,12024,IG Group,XX-XY,,,IG Group,IGG.L,,,,,,,,,,,,,United Kingdom,company.public,USD-marketcap,"$3,450,000,000",$9.19,,12024.03,,,B.lion,,,,12026,phantasim,,,,,,,,,,
4153,12024,Saudia Dairy & Foodstuff Company,XX-XY,,,Saudia Dairy & Foodstuff Company,2270.SR,,,,,,,,,,,,,Saudi Arabia,company.public,USD-marketcap,"$3,450,000,000",$106.18,,,,,B.lion,,,,12026,phantasim,,,,,,,,,,
4154,12024,Hanwha Solutions,XX-XY,,,Hanwha Solutions,009830.KS,,,,,,,,,,,,,South Korea,company.public,USD-marketcap,"$3,450,000,000",$20.08,,,,,B.lion,,,,12026,phantasim,,,,,,,,,,
4155,12024,Korn Ferry,XX-XY,,,Korn Ferry,KFY,,,,,,,,,,,,,United States,company.public,USD-marketcap,"$3,440,000,000",$65.94,,12024.03,,,B.lion,,,,12026,phantasim,,,,,,,,,,
4156,12024,PowerSchool,XX-XY,,,PowerSchool,PWSC,,,,,,,,,,,,,United States,company.public,USD-marketcap,"$3,440,000,000",$20.90,,12024.03,,,B.lion,,,,12026,phantasim,,,,,,,,,,
4157,12024,Leapmotor,XX-XY,,,Leapmotor,9863.HK,,,,,,,,,,,,,China,company.public,USD-marketcap,"$3,440,000,000",$2.95,,,,,B.lion,,,,12026,phantasim,,,,,,,,,,
4158,12024,Merdeka Copper Gold,XX-XY,,,Merdeka Copper Gold,MDKA.JK,,,,,,,,,,,,,Indonesia,company.public,USD-marketcap,"$3,440,000,000",$0.14,,,,,B.lion,,,,12026,phantasim,,,,,,,,,,
4159,12024,Travel + Leisure,XX-XY,,,Travel + Leisure,TNL,,,,,,,,,,,,,United States,company.public,USD-marketcap,"$3,430,000,000",$48.41,,12024.03,,,B.lion,,,,12026,phantasim,,,,,,,,,,
4160,12024,Blackstone Mortgage Trust,XX-XY,,,Blackstone Mortgage Trust,BXMT,,,,,,,,,,,,,United States,company.public,USD-marketcap,"$3,430,000,000",$19.78,,12024.03,,,B.lion,,,,12026,phantasim,,,,,,,,,,
4161,12024,Sportradar,XX-XY,,,Sportradar,SRAD,,,,,,,,,,,,,Switzerland,company.public,USD-marketcap,"$3,430,000,000",$11.53,,12024.03,,,B.lion,,,,12026,phantasim,,,,,,,,,,
4162,12024,United Parks & Resorts,XX-XY,,,United Parks & Resorts,PRKS,,,,,,,,,,,,,United States,company.public,USD-marketcap,"$3,420,000,000",$53.32,,12024.03,,,B.lion,,,,12026,phantasim,,,,,,,,,,
4163,12024,Credito Emiliano,XX-XY,,,Credito Emiliano,CE.MI,,,,,,,,,,,,,Italy,company.public,USD-marketcap,"$3,420,000,000",$10.10,,12024.03,,,B.lion,,,,12026,phantasim,,,,,,,,,,
4164,12024,National Bank of Bahrain,XX-XY,,,National Bank of Bahrain,NBB.BH,,,,,,,,,,,,,Bahrain,company.public,USD-marketcap,"$3,420,000,000",N/A,,,,,B.lion,,,,12026,phantasim,,,,,,,,,,
4165,12024,Syngene International,XX-XY,,,Syngene International,SYNGENE.NS,,,,,,,,,,,,,India,company.public,USD-marketcap,"$3,420,000,000",$8.55,,,,,B.lion,,,,12026,phantasim,,,,,,,,,,
4166,12024,Enovis,XX-XY,,,Enovis,ENOV,,,,,,,,,,,,,United States,company.public,USD-marketcap,"$3,410,000,000",$62.46,,12024.03,,,B.lion,,,,12026,phantasim,,,,,,,,,,
4193,12024,Vesta Real Estate,XX-XY,,,Vesta Real Estate,VTMX,,,,,,,,,,,,,Mexico,company.public,USD-marketcap,"$3,400,000,000",$39.15,,12024.03,,,B.lion,,,,12026,phantasim,,,,,,,,,,
4194,12024,Dongfeng Motor,XX-XY,,,Dongfeng Motor,0489.HK,,,,,,,,,,,,,China,company.public,USD-marketcap,"$3,400,000,000",$0.41,,,,,B.lion,,,,12026,phantasim,,,,,,,,,,
4196,12024,Millicom,XX-XY,,,Millicom,TIGO,,,,,,,,,,,,,Luxembourg,company.public,USD-marketcap,"$3,390,000,000",$19.80,,12024.03,,,B.lion,,,,12026,phantasim,,,,,,,,,,
4197,12024,Babcock International Group,XX-XY,,,Babcock International Group,BAB.L,,,,,,,,,,,,,United Kingdom,company.public,USD-marketcap,"$3,390,000,000",$6.72,,12024.03,,,B.lion,,,,12026,phantasim,,,,,,,,,,
4198,12024,Bangkok Expressway and Metro (BEM),XX-XY,,,Bangkok Expressway and Metro (BEM),BEM.BK,,,,,,,,,,,,,Thailand,company.public,USD-marketcap,"$3,390,000,000",$0.22,,12024.03,,,B.lion,,,,12026,phantasim,,,,,,,,,,
4199,12024,CIE Automotive,XX-XY,,,CIE Automotive,CIE.MC,,,,,,,,,,,,,Spain,company.public,USD-marketcap,"$3,390,000,000",$28.38,,,,,B.lion,,,,12026,phantasim,,,,,,,,,,
4200,12024,Banca Popolare di Sondrio,XX-XY,,,Banca Popolare di Sondrio,BPSO.MI,,,,,,,,,,,,,Italy,company.public,USD-marketcap,"$3,390,000,000",$7.55,,,,,B.lion,,,,12026,phantasim,,,,,,,,,,
4201,12024,Apar Industries,XX-XY,,,Apar Industries,APARINDS.NS,,,,,,,,,,,,,India,company.public,USD-marketcap,"$3,390,000,000",$84.42,,,,,B.lion,,,,12026,phantasim,,,,,,,,,,
4202,12024,Tata Chemicals,XX-XY,,,Tata Chemicals,TATACHEM.NS,,,,,,,,,,,,,India,company.public,USD-marketcap,"$3,390,000,000",$13.33,,,,,B.lion,,,,12026,phantasim,,,,,,,,,,
4203,12024,Walker & Dunlop,XX-XY,,,Walker & Dunlop,WD,,,,,,,,,,,,,United States,company.public,USD-marketcap,"$3,380,000,000",$100.80,,12024.03,,,B.lion,,,,12026,phantasim,,,,,,,,,,
4204,12024,Allete,XX-XY,,,Allete,ALE,,,,,,,,,,,,,United States,company.public,USD-marketcap,"$3,380,000,000",$58.82,,12024.03,,,B.lion,,,,12026,phantasim,,,,,,,,,,
4205,12024,Simply Good Foods,XX-XY,,,Simply Good Foods,SMPL,,,,,,,,,,,,,United States,company.public,USD-marketcap,"$3,380,000,000",$33.89,,12024.03,,,B.lion,,,,12026,phantasim,,,,,,,,,,
4206,12024,WD-40 Company,XX-XY,,,WD-40 Company,WDFC,,,,,,,,,,,,,United States,company.public,USD-marketcap,"$3,380,000,000",$249.71,,12024.03,,,B.lion,,,,12026,phantasim,,,,,,,,,,
4207,12024,Thyssenkrupp,XX-XY,,,Thyssenkrupp,TKA.F,,,,,,,,,,,,,Germany,company.public,USD-marketcap,"$3,380,000,000",$5.42,,12024.03,,,B.lion,,,,12026,phantasim,,,,,,,,,,
4208,12024,Graham Holdings,XX-XY,,,Graham Holdings,GHC,,,,,,,,,,,,,United States,company.public,USD-marketcap,"$3,370,000,000",$755.81,,12024.03,,,B.lion,,,,12026,phantasim,,,,,,,,,,
4209,12024,PNM Resources,XX-XY,,,PNM Resources,PNM,,,,,,,,,,,,,United States,company.public,USD-marketcap,"$3,370,000,000",$37.45,,12024.03,,,B.lion,,,,12026,phantasim,,,,,,,,,,
4210,12024,Sprout Social,XX-XY,,,Sprout Social,SPT,,,,,,,,,,,,,United States,company.public,USD-marketcap,"$3,370,000,000",$60.07,,12024.03,,,B.lion,,,,12026,phantasim,,,,,,,,,,
4211,12024,Hims & Hers Health,XX-XY,,,Hims & Hers Health,HIMS,,,,,,,,,,,,,United States,company.public,USD-marketcap,"$3,370,000,000",$15.74,,12024.03,,,B.lion,,,,12026,phantasim,,,,,,,,,,
4212,12024,Liberty Energy,XX-XY,,,Liberty Energy,LBRT,,,,,,,,,,,,,United States,company.public,USD-marketcap,"$3,370,000,000",$20.34,,12024.03,,,B.lion,,,,12026,phantasim,,,,,,,,,,
4213,12024,Polestar,XX-XY,,,Polestar,PSNY,,,,,,,,,,,,,Sweden,company.public,USD-marketcap,"$3,370,000,000",$1.60,,12024.03,,,B.lion,,,,12026,phantasim,,,,,,,,,,
4214,12024,Sabra Health Care REIT,XX-XY,,,Sabra Health Care REIT,SBRA,,,,,,,,,,,,,United States,company.public,USD-marketcap,"$3,370,000,000",$14.58,,12024.03,,,B.lion,,,,12026,phantasim,,,,,,,,,,
4215,12024,Freenet,XX-XY,,,Freenet,FNTN.F,,,,,,,,,,,,,Germany,company.public,USD-marketcap,"$3,370,000,000",$28.36,,,,,B.lion,,,,12026,phantasim,,,,,,,,,,
4216,12024,ISS A/S,XX-XY,,,ISS A/S,ISS.CO,,,,,,,,,,,,,Denmark,company.public,USD-marketcap,"$3,370,000,000",$18.25,,,,,B.lion,,,,12026,phantasim,,,,,,,,,,
4217,12024,Lynas,XX-XY,,,Lynas,LYC.AX,,,,,,,,,,,,,Australia,company.public,USD-marketcap,"$3,370,000,000",$3.61,,,,,B.lion,,,,12026,phantasim,,,,,,,,,,
4218,12024,Netwealth,XX-XY,,,Netwealth,NWL.AX,,,,,,,,,,,,,Australia,company.public,USD-marketcap,"$3,370,000,000",$13.83,,,,,B.lion,,,,12026,phantasim,,,,,,,,,,
4219,12024,Phoenix Group,XX-XY,,,Phoenix Group,PHX.AE,,,,,,,,,,,,,United Arab Emirates,company.public,USD-marketcap,"$3,370,000,000",$0.56,,,,,B.lion,,,,12026,phantasim,,,,,,,,,,
4220,12024,Vidrala,XX-XY,,,Vidrala,VID.MC,,,,,,,,,,,,,Spain,company.public,USD-marketcap,"$3,370,000,000",$104.96,,,,,B.lion,,,,12026,phantasim,,,,,,,,,,
4221,12024,Indah Kiat Pulp & Paper,XX-XY,,,Indah Kiat Pulp & Paper,INKP.JK,,,,,,,,,,,,,Indonesia,company.public,USD-marketcap,"$3,370,000,000",$0.62,,,,,B.lion,,,,12026,phantasim,,,,,,,,,,
4222,12024,Petro Rabigh,XX-XY,,,Petro Rabigh,2380.SR,,,,,,,,,,,,,Saudi Arabia,company.public,USD-marketcap,"$3,360,000,000",$2.01,,,,,B.lion,,,,12026,phantasim,,,,,,,,,,
4223,12024,Milaha - Qatar Navigation,XX-XY,,,Milaha - Qatar Navigation,QNNS.QA,,,,,,,,,,,,,Qatar,company.public,USD-marketcap,"$3,360,000,000",$2.96,,,,,B.lion,,,,12026,phantasim,,,,,,,,,,
4224,12024,ZF Commercial Vehicle Control Systems India,XX-XY,,,ZF Commercial Vehicle Control Systems India,ZFCVINDIA.NS,,,,,,,,,,,,,India,company.public,USD-marketcap,"$3,360,000,000",$177.18,,,,,B.lion,,,,12026,phantasim,,,,,,,,,,
4225,12024,Sotera Health,XX-XY,,,Sotera Health,SHC,,,,,,,,,,,,,United States,company.public,USD-marketcap,"$3,350,000,000",$11.87,,12024.03,,,B.lion,,,,12026,phantasim,,,,,,,,,,
4226,12024,Ströer,XX-XY,,,Ströer,SAX.F,,,,,,,,,,,,,Germany,company.public,USD-marketcap,"$3,350,000,000",$60.28,,12024.03,,,B.lion,,,,12026,phantasim,,,,,,,,,,
4227,12024,Worldline,XX-XY,,,Worldline,WLN.PA,,,,,,,,,,,,,France,company.public,USD-marketcap,"$3,350,000,000",$11.88,,,,,B.lion,,,,12026,phantasim,,,,,,,,,,
4228,12024,St. Joe Company,XX-XY,,,St. Joe Company,JOE,,,,,,,,,,,,,United States,company.public,USD-marketcap,"$3,340,000,000",$57.39,,12024.03,,,B.lion,,,,12026,phantasim,,,,,,,,,,
4229,12024,Neogen,XX-XY,,,Neogen,NEOG,,,,,,,,,,,,,United States,company.public,USD-marketcap,"$3,340,000,000",$15.46,,12024.03,,,B.lion,,,,12026,phantasim,,,,,,,,,,
4230,12024,Powerchip Semiconductor Manufacturing,XX-XY,,,Powerchip Semiconductor Manufacturing,6770.TW,,,,,,,,,,,,,Taiwan,company.public,USD-marketcap,"$3,340,000,000",$0.80,,,,,B.lion,,,,12026,phantasim,,,,,,,,,,
4231,12024,Vontobel,XX-XY,,,Vontobel,VONN.SW,,,,,,,,,,,,,Switzerland,company.public,USD-marketcap,"$3,340,000,000",$60.47,,,,,B.lion,,,,12026,phantasim,,,,,,,,,,
4232,12024,National Aluminum & Alloy,XX-XY,,,National Aluminum & Alloy,NATIONALUM.NS,,,,,,,,,,,,,India,company.public,USD-marketcap,"$3,340,000,000",$1.82,,,,,B.lion,,,,12026,phantasim,,,,,,,,,,
4233,12024,Spire Energy,XX-XY,,,Spire Energy,SR,,,,,,,,,,,,,United States,company.public,USD-marketcap,"$3,330,000,000",$60.57,,12024.03,,,B.lion,,,,12026,phantasim,,,,,,,,,,
4234,12024,Black Stone Minerals,XX-XY,,,Black Stone Minerals,BSM,,,,,,,,,,,,,United States,company.public,USD-marketcap,"$3,330,000,000",$15.84,,12024.03,,,B.lion,,,,12026,phantasim,,,,,,,,,,
4235,12024,Autohome,XX-XY,,,Autohome,ATHM,,,,,,,,,,,,,China,company.public,USD-marketcap,"$3,330,000,000",$26.52,,12024.03,,,B.lion,,,,12026,phantasim,,,,,,,,,,
4236,12024,YETI Holdings,XX-XY,,,YETI Holdings,YETI,,,,,,,,,,,,,United States,company.public,USD-marketcap,"$3,330,000,000",$38.34,,12024.03,,,B.lion,,,,12026,phantasim,,,,,,,,,,
4237,12024,C3 AI,XX-XY,,,C3 AI,AI,,,,,,,,,,,,,United States,company.public,USD-marketcap,"$3,320,000,000",$27.26,,12024.03,,,B.lion,,,,12026,phantasim,,,,,,,,,,
4238,12024,John Bean Technologies,XX-XY,,,John Bean Technologies,JBT,,,,,,,,,,,,,United States,company.public,USD-marketcap,"$3,320,000,000",$104.56,,12024.03,,,B.lion,,,,12026,phantasim,,,,,,,,,,
4239,12024,Telecom Argentina,XX-XY,,,Telecom Argentina,TEO,,,,,,,,,,,,,Argentina,company.public,USD-marketcap,"$3,320,000,000",$7.72,,12024.03,,,B.lion,,,,12026,phantasim,,,,,,,,,,
4240,12024,Ameris Bancorp,XX-XY,,,Ameris Bancorp,ABCB,,,,,,,,,,,,,United States,company.public,USD-marketcap,"$3,320,000,000",$48.14,,12024.03,,,B.lion,,,,12026,phantasim,,,,,,,,,,
4241,12024,Hayward,XX-XY,,,Hayward,HAYW,,,,,,,,,,,,,United States,company.public,USD-marketcap,"$3,320,000,000",$15.51,,12024.03,,,B.lion,,,,12026,phantasim,,,,,,,,,,
4242,12024,C&D International Investment Group,XX-XY,,,C&D International Investment Group,1908.HK,,,,,,,,,,,,,Hong Kong,company.public,USD-marketcap,"$3,320,000,000",$1.75,,,,,B.lion,,,,12026,phantasim,,,,,,,,,,
4243,12024,Türk Telekom,XX-XY,,,Türk Telekom,TTKOM.IS,,,,,,,,,,,,,Turkey,company.public,USD-marketcap,"$3,320,000,000",$0.95,,,,,B.lion,,,,12026,phantasim,,,,,,,,,,
4244,12024,Azenta,XX-XY,,,Azenta,AZTA,,,,,,,,,,,,,United States,company.public,USD-marketcap,"$3,310,000,000",$59.43,,12024.03,,,B.lion,,,,12026,phantasim,,,,,,,,,,
4245,12024,Rinnai Corporation,XX-XY,,,Rinnai Corporation,5947.T,,,,,,,,,,,,,Japan,company.public,USD-marketcap,"$3,310,000,000",$23.15,,12024.03,,,B.lion,,,,12026,phantasim,,,,,,,,,,
4246,12024,Lundin Gold,XX-XY,,,Lundin Gold,LUG.TO,,,,,,,,,,,,,Canada,company.public,USD-marketcap,"$3,310,000,000",$13.92,,,,,B.lion,,,,12026,phantasim,,,,,,,,,,
4247,12024,Royal Unibrew,XX-XY,,,Royal Unibrew,RBREW.CO,,,,,,,,,,,,,Denmark,company.public,USD-marketcap,"$3,310,000,000",$66.31,,,,,B.lion,,,,12026,phantasim,,,,,,,,,,
4248,12024,Hindustan Copper,XX-XY,,,Hindustan Copper,HINDCOPPER.NS,,,,,,,,,,,,,India,company.public,USD-marketcap,"$3,310,000,000",$3.42,,,,,B.lion,,,,12026,phantasim,,,,,,,,,,
4278,12024,B2Gold,XX-XY,,,B2Gold,BTG,,,,,,,,,,,,,Canada,company.public,USD-marketcap,"$3,300,000,000",$2.54,,12024.03,,,B.lion,,,,12026,phantasim,,,,,,,,,,
4279,12024,Kontoor Brands,XX-XY,,,Kontoor Brands,KTB,,,,,,,,,,,,,United States,company.public,USD-marketcap,"$3,300,000,000",$59.36,,12024.03,,,B.lion,,,,12026,phantasim,,,,,,,,,,
4280,12024,Stella-Jones,XX-XY,,,Stella-Jones,SJ.TO,,,,,,,,,,,,,Canada,company.public,USD-marketcap,"$3,300,000,000",$58.23,,12024.03,,,B.lion,,,,12026,phantasim,,,,,,,,,,
4281,12024,Brederode,XX-XY,,,Brederode,BREB.BR,,,,,,,,,,,,,Luxembourg,company.public,USD-marketcap,"$3,300,000,000",$111.57,,,,,B.lion,,,,12026,phantasim,,,,,,,,,,
4282,12024,Melexis NV,XX-XY,,,Melexis NV,MELE.BR,,,,,,,,,,,,,Belgium,company.public,USD-marketcap,"$3,300,000,000",$81.89,,,,,B.lion,,,,12026,phantasim,,,,,,,,,,
4283,12024,EIH Limited,XX-XY,,,EIH Limited,EIHOTEL.NS,,,,,,,,,,,,,India,company.public,USD-marketcap,"$3,300,000,000",$5.28,,,,,B.lion,,,,12026,phantasim,,,,,,,,,,
4284,12024,Cenomi Centers (Arabian Centres Company),XX-XY,,,Cenomi Centers (Arabian Centres Company),4321.SR,,,,,,,,,,,,,Saudi Arabia,company.public,USD-marketcap,"$3,290,000,000",$6.94,,,,,B.lion,,,,12026,phantasim,,,,,,,,,,
4285,12024,Cactus Inc,XX-XY,,,Cactus Inc,WHD,,,,,,,,,,,,,United States,company.public,USD-marketcap,"$3,280,000,000",$49.80,,12024.03,,,B.lion,,,,12026,phantasim,,,,,,,,,,
4286,12024,Krungthai Card,XX-XY,,,Krungthai Card,KTC.BK,,,,,,,,,,,,,Thailand,company.public,USD-marketcap,"$3,280,000,000",$1.27,,,,,B.lion,,,,12026,phantasim,,,,,,,,,,
4287,12024,Cavco Industries,XX-XY,,,Cavco Industries,CVCO,,,,,,,,,,,,,United States,company.public,USD-marketcap,"$3,270,000,000",$392.11,,12024.03,,,B.lion,,,,12026,phantasim,,,,,,,,,,
4288,12024,Société Foncière Lyonnaise,XX-XY,,,Société Foncière Lyonnaise,FLY.PA,,,,,,,,,,,,,France,company.public,USD-marketcap,"$3,270,000,000",$76.26,,,,,B.lion,,,,12026,phantasim,,,,,,,,,,
4289,12024,Linamar,XX-XY,,,Linamar,LNR.TO,,,,,,,,,,,,,Canada,company.public,USD-marketcap,"$3,270,000,000",$53.21,,,,,B.lion,,,,12026,phantasim,,,,,,,,,,
4290,12024,Genting Malaysia Berhad,XX-XY,,,Genting Malaysia Berhad,4715.KL,,,,,,,,,,,,,Malaysia,company.public,USD-marketcap,"$3,270,000,000",$0.58,,,,,B.lion,,,,12026,phantasim,,,,,,,,,,
4291,12024,Newell Brands,XX-XY,,,Newell Brands,NWL,,,,,,,,,,,,,United States,company.public,USD-marketcap,"$3,260,000,000",$7.87,,12024.03,,,B.lion,,,,12026,phantasim,,,,,,,,,,
4292,12024,CareTrust REIT,XX-XY,,,CareTrust REIT,CTRE,,,,,,,,,,,,,United States,company.public,USD-marketcap,"$3,260,000,000",$24.19,,12024.03,,,B.lion,,,,12026,phantasim,,,,,,,,,,
4293,12024,Lumentum,XX-XY,,,Lumentum,LITE,,,,,,,,,,,,,United States,company.public,USD-marketcap,"$3,260,000,000",$48.45,,12024.03,,,B.lion,,,,12026,phantasim,,,,,,,,,,
4294,12024,Oscar Health,XX-XY,,,Oscar Health,OSCR,,,,,,,,,,,,,United States,company.public,USD-marketcap,"$3,260,000,000",$14.21,,12024.03,,,B.lion,,,,12026,phantasim,,,,,,,,,,
4295,12024,Resideo Technologies,XX-XY,,,Resideo Technologies,REZI,,,,,,,,,,,,,United States,company.public,USD-marketcap,"$3,260,000,000",$22.47,,12024.03,,,B.lion,,,,12026,phantasim,,,,,,,,,,
4296,12024,NWS holdings,XX-XY,,,NWS holdings,0659.HK,,,,,,,,,,,,,Hong Kong,company.public,USD-marketcap,"$3,260,000,000",$0.84,,,,,B.lion,,,,12026,phantasim,,,,,,,,,,
4297,12024,Munters Group AB,XX-XY,,,Munters Group AB,MTRS.ST,,,,,,,,,,,,,Sweden,company.public,USD-marketcap,"$3,260,000,000",$17.90,,,,,B.lion,,,,12026,phantasim,,,,,,,,,,
4298,12024,Glenmark Pharmaceuticals,XX-XY,,,Glenmark Pharmaceuticals,GLENMARK.NS,,,,,,,,,,,,,India,company.public,USD-marketcap,"$3,260,000,000",$11.56,,,,,B.lion,,,,12026,phantasim,,,,,,,,,,
4299,12024,Greif,XX-XY,,,Greif,GEF,,,,,,,,,,,,,United States,company.public,USD-marketcap,"$3,250,000,000",$68.54,,12024.03,,,B.lion,,,,12026,phantasim,,,,,,,,,,
4300,12024,Nordstrom,XX-XY,,,Nordstrom,JWN,,,,,,,,,,,,,United States,company.public,USD-marketcap,"$3,250,000,000",$19.92,,12024.03,,,B.lion,,,,12026,phantasim,,,,,,,,,,
4301,12024,Unicaja Banco,XX-XY,,,Unicaja Banco,UNI.MC,,,,,,,,,,,,,Spain,company.public,USD-marketcap,"$3,250,000,000",$1.23,,,,,B.lion,,,,12026,phantasim,,,,,,,,,,
4302,12024,Warrior Met Coal,XX-XY,,,Warrior Met Coal,HCC,,,,,,,,,,,,,United States,company.public,USD-marketcap,"$3,240,000,000",$62.07,,12024.03,,,B.lion,,,,12026,phantasim,,,,,,,,,,
4303,12024,Euronav,XX-XY,,,Euronav,EURN,,,,,,,,,,,,,Belgium,company.public,USD-marketcap,"$3,240,000,000",$16.45,,12024.03,,,B.lion,,,,12026,phantasim,,,,,,,,,,
4304,12024,Xenon Pharmaceuticals,XX-XY,,,Xenon Pharmaceuticals,XENE,,,,,,,,,,,,,Canada,company.public,USD-marketcap,"$3,240,000,000",$43.00,,12024.03,,,B.lion,,,,12026,phantasim,,,,,,,,,,
4305,12024,Groupe Lagardère,XX-XY,,,Groupe Lagardère,MMB.PA,,,,,,,,,,,,,France,company.public,USD-marketcap,"$3,240,000,000",$22.80,,,,,B.lion,,,,12026,phantasim,,,,,,,,,,
4306,12024,Diodes Incorporated,XX-XY,,,Diodes Incorporated,DIOD,,,,,,,,,,,,,United States,company.public,USD-marketcap,"$3,230,000,000",$70.38,,12024.03,,,B.lion,,,,12026,phantasim,,,,,,,,,,
4307,12024,Nomad Foods,XX-XY,,,Nomad Foods,NOMD,,,,,,,,,,,,,United Kingdom,company.public,USD-marketcap,"$3,230,000,000",$19.70,,12024.03,,,B.lion,,,,12026,phantasim,,,,,,,,,,
4308,12024,Visteon,XX-XY,,,Visteon,VC,,,,,,,,,,,,,United States,company.public,USD-marketcap,"$3,220,000,000",$117.14,,12024.03,,,B.lion,,,,12026,phantasim,,,,,,,,,,
4309,12024,RingCentral,XX-XY,,,RingCentral,RNG,,,,,,,,,,,,,United States,company.public,USD-marketcap,"$3,220,000,000",$34.88,,12024.03,,,B.lion,,,,12026,phantasim,,,,,,,,,,
4310,12024,ArcBest,XX-XY,,,ArcBest,ARCB,,,,,,,,,,,,,United States,company.public,USD-marketcap,"$3,220,000,000",$137.17,,12024.03,,,B.lion,,,,12026,phantasim,,,,,,,,,,
4311,12024,IDEAYA Biosciences,XX-XY,,,IDEAYA Biosciences,IDYA,,,,,,,,,,,,,United States,company.public,USD-marketcap,"$3,220,000,000",$43.31,,12024.03,,,B.lion,,,,12026,phantasim,,,,,,,,,,
4312,12024,Innospec,XX-XY,,,Innospec,IOSP,,,,,,,,,,,,,United States,company.public,USD-marketcap,"$3,220,000,000",$129.55,,12024.03,,,B.lion,,,,12026,phantasim,,,,,,,,,,
4313,12024,Iridium Communications,XX-XY,,,Iridium Communications,IRDM,,,,,,,,,,,,,United States,company.public,USD-marketcap,"$3,220,000,000",$26.30,,12024.03,,,B.lion,,,,12026,phantasim,,,,,,,,,,
4314,12024,QuidelOrtho,XX-XY,,,QuidelOrtho,QDEL,,,,,,,,,,,,,United States,company.public,USD-marketcap,"$3,220,000,000",$48.26,,12024.03,,,B.lion,,,,12026,phantasim,,,,,,,,,,
4315,12024,Giant Network Group,XX-XY,,,Giant Network Group,002558.SZ,,,,,,,,,,,,,China,company.public,USD-marketcap,"$3,220,000,000",$1.63,,,,,B.lion,,,,12026,phantasim,,,,,,,,,,
4316,12024,Brighthouse Financial,XX-XY,,,Brighthouse Financial,BHF,,,,,,,,,,,,,United States,company.public,USD-marketcap,"$3,210,000,000",$51.19,,12024.03,,,B.lion,,,,12026,phantasim,,,,,,,,,,
4317,12024,Tanger Factory Outlet Centers,XX-XY,,,Tanger Factory Outlet Centers,SKT,,,,,,,,,,,,,United States,company.public,USD-marketcap,"$3,210,000,000",$29.55,,12024.03,,,B.lion,,,,12026,phantasim,,,,,,,,,,
4318,12024,UniFirst,XX-XY,,,UniFirst,UNF,,,,,,,,,,,,,United States,company.public,USD-marketcap,"$3,210,000,000",$172.07,,12024.03,,,B.lion,,,,12026,phantasim,,,,,,,,,,
4319,12024,abrdn,XX-XY,,,abrdn,ABDN.L,,,,,,,,,,,,,United Kingdom,company.public,USD-marketcap,"$3,210,000,000",$1.80,,12024.03,,,B.lion,,,,12026,phantasim,,,,,,,,,,
4320,12024,National Bank of Fujairah,XX-XY,,,National Bank of Fujairah,NBF.AE,,,,,,,,,,,,,United Arab Emirates,company.public,USD-marketcap,"$3,210,000,000",$1.44,,,,,B.lion,,,,12026,phantasim,,,,,,,,,,
4321,12024,Abdullah Al-Othaim Markets Company,XX-XY,,,Abdullah Al-Othaim Markets Company,4001.SR,,,,,,,,,,,,,Saudi Arabia,company.public,USD-marketcap,"$3,210,000,000",$3.57,,,,,B.lion,,,,12026,phantasim,,,,,,,,,,
4322,12024,St. Galler Kantonalbank,XX-XY,,,St. Galler Kantonalbank,SGKN.SW,,,,,,,,,,,,,Switzerland,company.public,USD-marketcap,"$3,210,000,000",$538.35,,,,,B.lion,,,,12026,phantasim,,,,,,,,,,
4323,12024,Kingnet Network,XX-XY,,,Kingnet Network,002517.SZ,,,,,,,,,,,,,China,company.public,USD-marketcap,"$3,210,000,000",$1.50,,,,,B.lion,,,,12026,phantasim,,,,,,,,,,
4324,12024,Blue Star,XX-XY,,,Blue Star,BLUESTARCO.NS,,,,,,,,,,,,,India,company.public,USD-marketcap,"$3,210,000,000",$15.62,,,,,B.lion,,,,12026,phantasim,,,,,,,,,,
4369,12024,Direct Line Group,XX-XY,,,Direct Line Group,DLG.L,,,,,,,,,,,,,United Kingdom,company.public,USD-marketcap,"$3,200,000,000",$2.47,,12024.03,,,B.lion,,,,12026,phantasim,,,,,,,,,,
4370,12024,Motor Oil (Hellas) Corinth Refineries,XX-XY,,,Motor Oil (Hellas) Corinth Refineries,MOH.AT,,,,,,,,,,,,,Greece,company.public,USD-marketcap,"$3,200,000,000",$29.51,,,,,B.lion,,,,12026,phantasim,,,,,,,,,,
4372,12024,Associated Banc-Corp,XX-XY,,,Associated Banc-Corp,ASB,,,,,,,,,,,,,United States,company.public,USD-marketcap,"$3,190,000,000",$21.26,,12024.03,,,B.lion,,,,12026,phantasim,,,,,,,,,,
4373,12024,EPR Properties,XX-XY,,,EPR Properties,EPR,,,,,,,,,,,,,United States,company.public,USD-marketcap,"$3,190,000,000",$42.18,,12024.03,,,B.lion,,,,12026,phantasim,,,,,,,,,,
4374,12024,Constellium,XX-XY,,,Constellium,CSTM,,,,,,,,,,,,,France,company.public,USD-marketcap,"$3,190,000,000",$21.73,,12024.03,,,B.lion,,,,12026,phantasim,,,,,,,,,,
4375,12024,Sibanye-Stillwater,XX-XY,,,Sibanye-Stillwater,SBSW,,,,,,,,,,,,,South Africa,company.public,USD-marketcap,"$3,190,000,000",$4.49,,12024.03,,,B.lion,,,,12026,phantasim,,,,,,,,,,
4376,12024,Corporación Financiera Alba,XX-XY,,,Corporación Financiera Alba,ALB.MC,,,,,,,,,,,,,Spain,company.public,USD-marketcap,"$3,190,000,000",$53.02,,12024.03,,,B.lion,,,,12026,phantasim,,,,,,,,,,
4377,12024,IDP Education,XX-XY,,,IDP Education,IEL.AX,,,,,,,,,,,,,Australia,company.public,USD-marketcap,"$3,190,000,000",$11.47,,,,,B.lion,,,,12026,phantasim,,,,,,,,,,
4378,12024,Kinaxis,XX-XY,,,Kinaxis,KXS.TO,,,,,,,,,,,,,Canada,company.public,USD-marketcap,"$3,190,000,000",$112.60,,,,,B.lion,,,,12026,phantasim,,,,,,,,,,
4379,12024,Stadler Rail,XX-XY,,,Stadler Rail,SRAIL.SW,,,,,,,,,,,,,Switzerland,company.public,USD-marketcap,"$3,190,000,000",$31.95,,,,,B.lion,,,,12026,phantasim,,,,,,,,,,
4380,12024,CLEAR Secure,XX-XY,,,CLEAR Secure,YOU,,,,,,,,,,,,,United States,company.public,USD-marketcap,"$3,180,000,000",$21.15,,12024.03,,,B.lion,,,,12026,phantasim,,,,,,,,,,
4381,12024,HASI (Hannon Armstrong),XX-XY,,,HASI (Hannon Armstrong),HASI,,,,,,,,,,,,,United States,company.public,USD-marketcap,"$3,180,000,000",$27.99,,12024.03,,,B.lion,,,,12026,phantasim,,,,,,,,,,
4382,12024,Melco Resorts & Entertainment,XX-XY,,,Melco Resorts & Entertainment,MLCO,,,,,,,,,,,,,Hong Kong,company.public,USD-marketcap,"$3,180,000,000",$7.18,,12024.03,,,B.lion,,,,12026,phantasim,,,,,,,,,,
4383,12024,St. James's Place,XX-XY,,,St. James's Place,STJ.L,,,,,,,,,,,,,United Kingdom,company.public,USD-marketcap,"$3,180,000,000",$5.72,,12024.03,,,B.lion,,,,12026,phantasim,,,,,,,,,,
4384,12024,ALSO Holding,XX-XY,,,ALSO Holding,ALSN.SW,,,,,,,,,,,,,Switzerland,company.public,USD-marketcap,"$3,180,000,000",$260.33,,,,,B.lion,,,,12026,phantasim,,,,,,,,,,
4385,12024,Sapporo,XX-XY,,,Sapporo,2501.T,,,,,,,,,,,,,Japan,company.public,USD-marketcap,"$3,170,000,000",$40.82,,12024.03,,,B.lion,,,,12026,phantasim,,,,,,,,,,
4386,12024,VGP NV,XX-XY,,,VGP NV,VGP.BR,,,,,,,,,,,,,Belgium,company.public,USD-marketcap,"$3,170,000,000",$116.44,,,,,B.lion,,,,12026,phantasim,,,,,,,,,,
4387,12024,Bank of East Asia,XX-XY,,,Bank of East Asia,0023.HK,,,,,,,,,,,,,Hong Kong,company.public,USD-marketcap,"$3,170,000,000",$1.20,,,,,B.lion,,,,12026,phantasim,,,,,,,,,,
4388,12024,Kinnevik,XX-XY,,,Kinnevik,KINV-A.ST,,,,,,,,,,,,,Sweden,company.public,USD-marketcap,"$3,170,000,000",$11.28,,,,,B.lion,,,,12026,phantasim,,,,,,,,,,
4389,12024,AmTrust Financial Services,XX-XY,,,AmTrust Financial Services,AFFS,,,,,,,,,,,,,United States,company.public,USD-marketcap,"$3,160,000,000",$16.00,,12024.03,,,B.lion,,,,12026,phantasim,,,,,,,,,,
4390,12024,Immunocore,XX-XY,,,Immunocore,IMCR,,,,,,,,,,,,,United Kingdom,company.public,USD-marketcap,"$3,160,000,000",$63.58,,12024.03,,,B.lion,,,,12026,phantasim,,,,,,,,,,
4391,12024,Envestnet,XX-XY,,,Envestnet,ENV,,,,,,,,,,,,,United States,company.public,USD-marketcap,"$3,150,000,000",$57.66,,12024.03,,,B.lion,,,,12026,phantasim,,,,,,,,,,
4392,12024,Kohl's,XX-XY,,,Kohl's,KSS,,,,,,,,,,,,,United States,company.public,USD-marketcap,"$3,150,000,000",$28.44,,12024.03,,,B.lion,,,,12026,phantasim,,,,,,,,,,
4393,12024,MoonLake Immunotherapeutics,XX-XY,,,MoonLake Immunotherapeutics,MLTX,,,,,,,,,,,,,Switzerland,company.public,USD-marketcap,"$3,150,000,000",$50.21,,12024.03,,,B.lion,,,,12026,phantasim,,,,,,,,,,
4394,12024,TORM,XX-XY,,,TORM,TRMD,,,,,,,,,,,,,United Kingdom,company.public,USD-marketcap,"$3,150,000,000",$34.27,,12024.03,,,B.lion,,,,12026,phantasim,,,,,,,,,,
4395,12024,Nordex,XX-XY,,,Nordex,NDX1.F,,,,,,,,,,,,,Germany,company.public,USD-marketcap,"$3,150,000,000",$13.24,,,,,B.lion,,,,12026,phantasim,,,,,,,,,,
4396,12024,Vishay Intertechnology,XX-XY,,,Vishay Intertechnology,VSH,,,,,,,,,,,,,United States,company.public,USD-marketcap,"$3,140,000,000",$22.88,,12024.03,,,B.lion,,,,12026,phantasim,,,,,,,,,,
4397,12024,Artisan Partners,XX-XY,,,Artisan Partners,APAM,,,,,,,,,,,,,United States,company.public,USD-marketcap,"$3,140,000,000",$45.56,,12024.03,,,B.lion,,,,12026,phantasim,,,,,,,,,,
4398,12024,DigitalBridge Group,XX-XY,,,DigitalBridge Group,DBRG,,,,,,,,,,,,,United States,company.public,USD-marketcap,"$3,140,000,000",$19.26,,12024.03,,,B.lion,,,,12026,phantasim,,,,,,,,,,
4399,12024,IONOS Group,XX-XY,,,IONOS Group,IOS.DE,,,,,,,,,,,,,Germany,company.public,USD-marketcap,"$3,140,000,000",$22.48,,,,,B.lion,,,,12026,phantasim,,,,,,,,,,
4400,12024,Tate & Lyle,XX-XY,,,Tate & Lyle,TATE.L,,,,,,,,,,,,,United Kingdom,company.public,USD-marketcap,"$3,140,000,000",$7.84,,,,,B.lion,,,,12026,phantasim,,,,,,,,,,
4401,12024,The Navigator Company,XX-XY,,,The Navigator Company,NVG.LS,,,,,,,,,,,,,Portugal,company.public,USD-marketcap,"$3,130,000,000",$4.40,,,,,B.lion,,,,12026,phantasim,,,,,,,,,,
4402,12024,Lojas Renner,XX-XY,,,Lojas Renner,LREN3.SA,,,,,,,,,,,,,Brazil,company.public,USD-marketcap,"$3,130,000,000",$3.28,,,,,B.lion,,,,12026,phantasim,,,,,,,,,,
4403,12024,Inmobiliaria Colonial,XX-XY,,,Inmobiliaria Colonial,COL.MC,,,,,,,,,,,,,Spain,company.public,USD-marketcap,"$3,120,000,000",$5.88,,,,,B.lion,,,,12026,phantasim,,,,,,,,,,
4404,12024,ATCO,XX-XY,,,ATCO,ACO-X.TO,,,,,,,,,,,,,Canada,company.public,USD-marketcap,"$3,120,000,000",$27.71,,,,,B.lion,,,,12026,phantasim,,,,,,,,,,
4405,12024,NCsoft,XX-XY,,,NCsoft,036570.KS,,,,,,,,,,,,,South Korea,company.public,USD-marketcap,"$3,120,000,000",$153.73,,,,,B.lion,,,,12026,phantasim,,,,,,,,,,
4406,12024,Peabody Energy,XX-XY,,,Peabody Energy,BTU,,,,,,,,,,,,,United States,company.public,USD-marketcap,"$3,110,000,000",$24.25,,12024.03,,,B.lion,,,,12026,phantasim,,,,,,,,,,
4407,12024,1&1,XX-XY,,,1&1,1U1.DE,,,,,,,,,,,,,Germany,company.public,USD-marketcap,"$3,110,000,000",$17.66,,12024.03,,,B.lion,,,,12026,phantasim,,,,,,,,,,
4408,12024,Dubai Financial Market (DFM),XX-XY,,,Dubai Financial Market (DFM),DFM.AE,,,,,,,,,,,,,United Arab Emirates,company.public,USD-marketcap,"$3,110,000,000",$0.39,,,,,B.lion,,,,12026,phantasim,,,,,,,,,,
4409,12024,Olam,XX-XY,,,Olam,VC2.SI,,,,,,,,,,,,,Singapore,company.public,USD-marketcap,"$3,110,000,000",$0.82,,,,,B.lion,,,,12026,phantasim,,,,,,,,,,
4443,12024,Q2,XX-XY,,,Q2,QTWO,,,,,,,,,,,,,United States,company.public,USD-marketcap,"$3,100,000,000",$52.50,,12024.03,,,B.lion,,,,12026,phantasim,,,,,,,,,,
4444,12024,Riot Blockchain,XX-XY,,,Riot Blockchain,RIOT,,,,,,,,,,,,,United States,company.public,USD-marketcap,"$3,100,000,000",$12.24,,12024.03,,,B.lion,,,,12026,phantasim,,,,,,,,,,
4445,12024,Kansai Paint,XX-XY,,,Kansai Paint,4613.T,,,,,,,,,,,,,Japan,company.public,USD-marketcap,"$3,100,000,000",$14.56,,12024.03,,,B.lion,,,,12026,phantasim,,,,,,,,,,
4446,12024,Trigano,XX-XY,,,Trigano,TRI.PA,,,,,,,,,,,,,France,company.public,USD-marketcap,"$3,100,000,000",$160.53,,,,,B.lion,,,,12026,phantasim,,,,,,,,,,
4447,12024,İsdemir,XX-XY,,,İsdemir,ISDMR.IS,,,,,,,,,,,,,Turkey,company.public,USD-marketcap,"$3,100,000,000",$1.07,,,,,B.lion,,,,12026,phantasim,,,,,,,,,,
4448,12024,Coway,XX-XY,,,Coway,021240.KS,,,,,,,,,,,,,South Korea,company.public,USD-marketcap,"$3,100,000,000",$42.75,,,,,B.lion,,,,12026,phantasim,,,,,,,,,,
4449,12024,Exide Industries,XX-XY,,,Exide Industries,EXIDEIND.NS,,,,,,,,,,,,,India,company.public,USD-marketcap,"$3,100,000,000",$3.66,,,,,B.lion,,,,12026,phantasim,,,,,,,,,,
4450,12024,Under Armour,XX-XY,,,Under Armour,UA,,,,,,,,,,,,,United States,company.public,USD-marketcap,"$3,090,000,000",$6.97,,12024.03,,,B.lion,,,,12026,phantasim,,,,,,,,,,
4451,12024,Seaboard,XX-XY,,,Seaboard,SEB,,,,,,,,,,,,,United States,company.public,USD-marketcap,"$3,090,000,000","$3,189.00",,12024.03,,,B.lion,,,,12026,phantasim,,,,,,,,,,
4452,12024,Worthington Industries,XX-XY,,,Worthington Industries,WOR,,,,,,,,,,,,,United States,company.public,USD-marketcap,"$3,090,000,000",$61.96,,12024.03,,,B.lion,,,,12026,phantasim,,,,,,,,,,
4453,12024,ACV Auctions,XX-XY,,,ACV Auctions,ACVA,,,,,,,,,,,,,United States,company.public,USD-marketcap,"$3,090,000,000",$18.86,,12024.03,,,B.lion,,,,12026,phantasim,,,,,,,,,,
4454,12024,Steve Madden,XX-XY,,,Steve Madden,SHOO,,,,,,,,,,,,,United States,company.public,USD-marketcap,"$3,090,000,000",$41.87,,12024.03,,,B.lion,,,,12026,phantasim,,,,,,,,,,
4455,12024,United Community Bank,XX-XY,,,United Community Bank,UCBI,,,,,,,,,,,,,United States,company.public,USD-marketcap,"$3,090,000,000",$25.97,,12024.03,,,B.lion,,,,12026,phantasim,,,,,,,,,,
4456,12024,Galaxy Digital Holdings,XX-XY,,,Galaxy Digital Holdings,7LX.F,,,,,,,,,,,,,United States,company.public,USD-marketcap,"$3,090,000,000",$9.57,,12024.03,,,B.lion,,,,12026,phantasim,,,,,,,,,,
4457,12024,Leejam Sports Company,XX-XY,,,Leejam Sports Company,1830.SR,,,,,,,,,,,,,Saudi Arabia,company.public,USD-marketcap,"$3,090,000,000",$59.06,,,,,B.lion,,,,12026,phantasim,,,,,,,,,,
4458,12024,Just Eat Takeaway,XX-XY,,,Just Eat Takeaway,TKWY.AS,,,,,,,,,,,,,Netherlands,company.public,USD-marketcap,"$3,090,000,000",$15.03,,,,,B.lion,,,,12026,phantasim,,,,,,,,,,
4459,12024,Virbac SA,XX-XY,,,Virbac SA,VIRP.PA,,,,,,,,,,,,,France,company.public,USD-marketcap,"$3,090,000,000",$366.66,,,,,B.lion,,,,12026,phantasim,,,,,,,,,,
4460,12024,QuantumScape,XX-XY,,,QuantumScape,QS,,,,,,,,,,,,,United States,company.public,USD-marketcap,"$3,080,000,000",$6.22,,12024.03,,,B.lion,,,,12026,phantasim,,,,,,,,,,
4461,12024,NorthWestern Corporation,XX-XY,,,NorthWestern Corporation,NWE,,,,,,,,,,,,,United States,company.public,USD-marketcap,"$3,080,000,000",$50.29,,12024.03,,,B.lion,,,,12026,phantasim,,,,,,,,,,
4462,12024,Hagerty,XX-XY,,,Hagerty,HGTY,,,,,,,,,,,,,United States,company.public,USD-marketcap,"$3,080,000,000",$9.18,,12024.03,,,B.lion,,,,12026,phantasim,,,,,,,,,,
4463,12024,Gamuda Berhad,XX-XY,,,Gamuda Berhad,5398.KL,,,,,,,,,,,,,Malaysia,company.public,USD-marketcap,"$3,080,000,000",$1.11,,,,,B.lion,,,,12026,phantasim,,,,,,,,,,
4464,12024,Cogent Communications,XX-XY,,,Cogent Communications,CCOI,,,,,,,,,,,,,United States,company.public,USD-marketcap,"$3,070,000,000",$64.81,,12024.03,,,B.lion,,,,12026,phantasim,,,,,,,,,,
4465,12024,Instructure Holdings,XX-XY,,,Instructure Holdings,INST,,,,,,,,,,,,,United States,company.public,USD-marketcap,"$3,070,000,000",$21.20,,12024.03,,,B.lion,,,,12026,phantasim,,,,,,,,,,
4466,12024,Bachoco,XX-XY,,,Bachoco,BACHOCOB.MX,,,,,,,,,,,,,Mexico,company.public,USD-marketcap,"$3,070,000,000",$5.13,,,,,B.lion,,,,12026,phantasim,,,,,,,,,,
4467,12024,Pampa Energía,XX-XY,,,Pampa Energía,PAM,,,,,,,,,,,,,Argentina,company.public,USD-marketcap,"$3,060,000,000",$43.50,,12024.03,,,B.lion,,,,12026,phantasim,,,,,,,,,,
4468,12024,Kosé,XX-XY,,,Kosé,4922.T,,,,,,,,,,,,,Japan,company.public,USD-marketcap,"$3,060,000,000",$53.74,,12024.03,,,B.lion,,,,12026,phantasim,,,,,,,,,,
4469,12024,Aritzia,XX-XY,,,Aritzia,ATZ.TO,,,,,,,,,,,,,Canada,company.public,USD-marketcap,"$3,060,000,000",$27.70,,12024.03,,,B.lion,,,,12026,phantasim,,,,,,,,,,
4470,12024,Venture Corporation,XX-XY,,,Venture Corporation,V03.SI,,,,,,,,,,,,,Singapore,company.public,USD-marketcap,"$3,060,000,000",$10.54,,,,,B.lion,,,,12026,phantasim,,,,,,,,,,
4471,12024,China Taiping Insurance,XX-XY,,,China Taiping Insurance,0966.HK,,,,,,,,,,,,,Hong Kong,company.public,USD-marketcap,"$3,060,000,000",$0.85,,,,,B.lion,,,,12026,phantasim,,,,,,,,,,
4472,12024,VisEra Technologies,XX-XY,,,VisEra Technologies,6789.TW,,,,,,,,,,,,,Taiwan,company.public,USD-marketcap,"$3,060,000,000",$9.62,,,,,B.lion,,,,12026,phantasim,,,,,,,,,,
4473,12024,Boardwalk Real Estate Investment Trust,XX-XY,,,Boardwalk Real Estate Investment Trust,BEI-UN.TO,,,,,,,,,,,,,Canada,company.public,USD-marketcap,"$3,060,000,000",$56.86,,,,,B.lion,,,,12026,phantasim,,,,,,,,,,
4474,12024,Endurance Technologies,XX-XY,,,Endurance Technologies,ENDURANCE.NS,,,,,,,,,,,,,India,company.public,USD-marketcap,"$3,060,000,000",$21.80,,,,,B.lion,,,,12026,phantasim,,,,,,,,,,
4475,12024,Savers Value Village,XX-XY,,,Savers Value Village,SVV,,,,,,,,,,,,,United States,company.public,USD-marketcap,"$3,050,000,000",$18.92,,12024.03,,,B.lion,,,,12026,phantasim,,,,,,,,,,
4476,12024,U.S. Cellular,XX-XY,,,U.S. Cellular,USM,,,,,,,,,,,,,United States,company.public,USD-marketcap,"$3,050,000,000",$35.99,,12024.03,,,B.lion,,,,12026,phantasim,,,,,,,,,,
4477,12024,LCI Industries,XX-XY,,,LCI Industries,LCII,,,,,,,,,,,,,United States,company.public,USD-marketcap,"$3,050,000,000",$120.54,,12024.03,,,B.lion,,,,12026,phantasim,,,,,,,,,,
4478,12024,Valeo,XX-XY,,,Valeo,FR.PA,,,,,,,,,,,,,France,company.public,USD-marketcap,"$3,050,000,000",$12.51,,12024.03,,,B.lion,,,,12026,phantasim,,,,,,,,,,
4479,12024,Aurubis,XX-XY,,,Aurubis,NDA.F,,,,,,,,,,,,,Germany,company.public,USD-marketcap,"$3,050,000,000",$69.95,,12024.03,,,B.lion,,,,12026,phantasim,,,,,,,,,,
4480,12024,Arabian Contracting Services Company,XX-XY,,,Arabian Contracting Services Company,4071.SR,,,,,,,,,,,,,Saudi Arabia,company.public,USD-marketcap,"$3,050,000,000",$61.14,,,,,B.lion,,,,12026,phantasim,,,,,,,,,,
4481,12024,Zain Saudi Arabia,XX-XY,,,Zain Saudi Arabia,7030.SR,,,,,,,,,,,,,Saudi Arabia,company.public,USD-marketcap,"$3,050,000,000",$3.40,,,,,B.lion,,,,12026,phantasim,,,,,,,,,,
4482,12024,Derwent London,XX-XY,,,Derwent London,DLN.L,,,,,,,,,,,,,United Kingdom,company.public,USD-marketcap,"$3,040,000,000",$27.15,,12024.03,,,B.lion,,,,12026,phantasim,,,,,,,,,,
4483,12024,Axos Financial,XX-XY,,,Axos Financial,AX,,,,,,,,,,,,,United States,company.public,USD-marketcap,"$3,030,000,000",$53.37,,12024.03,,,B.lion,,,,12026,phantasim,,,,,,,,,,
4484,12024,Carter's,XX-XY,,,Carter's,CRI,,,,,,,,,,,,,United States,company.public,USD-marketcap,"$3,030,000,000",$83.14,,12024.03,,,B.lion,,,,12026,phantasim,,,,,,,,,,
4485,12024,Life Time Group,XX-XY,,,Life Time Group,LTH,,,,,,,,,,,,,United States,company.public,USD-marketcap,"$3,030,000,000",$15.41,,12024.03,,,B.lion,,,,12026,phantasim,,,,,,,,,,
4486,12024,Tricon Residential,XX-XY,,,Tricon Residential,TCN,,,,,,,,,,,,,Canada,company.public,USD-marketcap,"$3,030,000,000",$11.15,,12024.03,,,B.lion,,,,12026,phantasim,,,,,,,,,,
4487,12024,Flywire,XX-XY,,,Flywire,FLYW,,,,,,,,,,,,,United States,company.public,USD-marketcap,"$3,030,000,000",$24.72,,12024.03,,,B.lion,,,,12026,phantasim,,,,,,,,,,
4488,12024,Methanex,XX-XY,,,Methanex,MEOH,,,,,,,,,,,,,Canada,company.public,USD-marketcap,"$3,030,000,000",$45.01,,12024.03,,,B.lion,,,,12026,phantasim,,,,,,,,,,
4489,12024,Construction Partners,XX-XY,,,Construction Partners,ROAD,,,,,,,,,,,,,United States,company.public,USD-marketcap,"$3,030,000,000",$57.40,,12024.03,,,B.lion,,,,12026,phantasim,,,,,,,,,,
4490,12024,SITE Centers,XX-XY,,,SITE Centers,SITC,,,,,,,,,,,,,United States,company.public,USD-marketcap,"$3,030,000,000",$14.48,,12024.03,,,B.lion,,,,12026,phantasim,,,,,,,,,,
4491,12024,Ipsos,XX-XY,,,Ipsos,IPS.PA,,,,,,,,,,,,,France,company.public,USD-marketcap,"$3,030,000,000",$70.73,,,,,B.lion,,,,12026,phantasim,,,,,,,,,,
4492,12024,Adient,XX-XY,,,Adient,ADNT,,,,,,,,,,,,,Ireland,company.public,USD-marketcap,"$3,020,000,000",$33.17,,12024.03,,,B.lion,,,,12026,phantasim,,,,,,,,,,
4493,12024,Amedisys,XX-XY,,,Amedisys,AMED,,,,,,,,,,,,,United States,company.public,USD-marketcap,"$3,020,000,000",$92.46,,12024.03,,,B.lion,,,,12026,phantasim,,,,,,,,,,
4494,12024,Archrock,XX-XY,,,Archrock,AROC,,,,,,,,,,,,,United States,company.public,USD-marketcap,"$3,020,000,000",$19.34,,12024.03,,,B.lion,,,,12026,phantasim,,,,,,,,,,
4495,12024,Dorman Products,XX-XY,,,Dorman Products,DORM,,,,,,,,,,,,,United States,company.public,USD-marketcap,"$3,020,000,000",$97.43,,12024.03,,,B.lion,,,,12026,phantasim,,,,,,,,,,
4496,12024,QL Resources,XX-XY,,,QL Resources,7084.KL,,,,,,,,,,,,,Malaysia,company.public,USD-marketcap,"$3,020,000,000",$1.24,,,,,B.lion,,,,12026,phantasim,,,,,,,,,,
4497,12024,Lottomatica Group,XX-XY,,,Lottomatica Group,LTMC.MI,,,,,,,,,,,,,Italy,company.public,USD-marketcap,"$3,020,000,000",$12.02,,,,,B.lion,,,,12026,phantasim,,,,,,,,,,
4498,12024,Paytm,XX-XY,,,Paytm,PAYTM.NS,,,,,,,,,,,,,India,company.public,USD-marketcap,"$3,020,000,000",$4.76,,,,,B.lion,,,,12026,phantasim,,,,,,,,,,
4499,12024,Capstone Infrastructure,XX-XY,,,Capstone Infrastructure,CSE-PA.TO,,,,,,,,,,,,,Canada,company.public,USD-marketcap,"$3,020,000,000",$9.92,,,,,B.lion,,,,12026,phantasim,,,,,,,,,,
4500,12024,Albany International,XX-XY,,,Albany International,AIN,,,,,,,,,,,,,United States,company.public,USD-marketcap,"$3,010,000,000",$96.49,,12024.03,,,B.lion,,,,12026,phantasim,,,,,,,,,,
4501,12024,Rapid7,XX-XY,,,Rapid7,RPD,,,,,,,,,,,,,United States,company.public,USD-marketcap,"$3,010,000,000",$48.71,,12024.03,,,B.lion,,,,12026,phantasim,,,,,,,,,,
4502,12024,LivaNova,XX-XY,,,LivaNova,LIVN,,,,,,,,,,,,,United Kingdom,company.public,USD-marketcap,"$3,010,000,000",$55.87,,12024.03,,,B.lion,,,,12026,phantasim,,,,,,,,,,
4503,12024,Multiplan Empreendimentos Imobiliários,XX-XY,,,Multiplan Empreendimentos Imobiliários,MULT3.SA,,,,,,,,,,,,,Brazil,company.public,USD-marketcap,"$3,010,000,000",$5.19,,,,,B.lion,,,,12026,phantasim,,,,,,,,,,
4549,12024,Century Communities,XX-XY,,,Century Communities,CCS,,,,,,,,,,,,,United States,company.public,USD-marketcap,"$3,000,000,000",$94.59,,12024.03,,,B.lion,,,,12026,phantasim,,,,,,,,,,
4550,12024,Software AG,XX-XY,,,Software AG,SOW.F,,,,,,,,,,,,,Germany,company.public,USD-marketcap,"$3,000,000,000",$40.58,,12024.03,,,B.lion,,,,12026,phantasim,,,,,,,,,,
4551,12024,Old Mutual,XX-XY,,,Old Mutual,OMU.JO,,,,,,,,,,,,,South Africa,company.public,USD-marketcap,"$3,000,000,000",$0.63,,,,,B.lion,,,,12026,phantasim,,,,,,,,,,
4552,12024,Al Rajhi Company for Cooperative Insurance,XX-XY,,,Al Rajhi Company for Cooperative Insurance,8230.SR,,,,,,,,,,,,,Saudi Arabia,company.public,USD-marketcap,"$3,000,000,000",$30.09,,,,,B.lion,,,,12026,phantasim,,,,,,,,,,
4553,12024,Federated Hermes,XX-XY,,,Federated Hermes,FHI,,,,,,,,,,,,,United States,company.public,USD-marketcap,"$2,990,000,000",$35.61,,12024.03,,,B.lion,,,,12026,phantasim,,,,,,,,,,
4554,12024,ACADIA Pharmaceuticals,XX-XY,,,ACADIA Pharmaceuticals,ACAD,,,,,,,,,,,,,United States,company.public,USD-marketcap,"$2,990,000,000",$18.20,,12024.03,,,B.lion,,,,12026,phantasim,,,,,,,,,,
4555,12024,McGrath RentCorp,XX-XY,,,McGrath RentCorp,MGRC,,,,,,,,,,,,,United States,company.public,USD-marketcap,"$2,990,000,000",$122.39,,12024.03,,,B.lion,,,,12026,phantasim,,,,,,,,,,
4556,12024,BIC,XX-XY,,,BIC,BB.PA,,,,,,,,,,,,,France,company.public,USD-marketcap,"$2,990,000,000",$71.60,,12024.03,,,B.lion,,,,12026,phantasim,,,,,,,,,,
4557,12024,Mr D.I.Y. Group,XX-XY,,,Mr D.I.Y. Group,5296.KL,,,,,,,,,,,,,Malaysia,company.public,USD-marketcap,"$2,990,000,000",$0.32,,,,,B.lion,,,,12026,phantasim,,,,,,,,,,
4558,12024,Marqeta,XX-XY,,,Marqeta,MQ,,,,,,,,,,,,,United States,company.public,USD-marketcap,"$2,980,000,000",$5.80,,12024.03,,,B.lion,,,,12026,phantasim,,,,,,,,,,
4559,12024,CNO Financial Group,XX-XY,,,CNO Financial Group,CNO,,,,,,,,,,,,,United States,company.public,USD-marketcap,"$2,980,000,000",$27.40,,12024.03,,,B.lion,,,,12026,phantasim,,,,,,,,,,
4560,12024,RLX Technology,XX-XY,,,RLX Technology,RLX,,,,,,,,,,,,,China,company.public,USD-marketcap,"$2,980,000,000",$1.90,,12024.03,,,B.lion,,,,12026,phantasim,,,,,,,,,,
4561,12024,Forvia SE,XX-XY,,,Forvia SE,FRVIA.PA,,,,,,,,,,,,,France,company.public,USD-marketcap,"$2,980,000,000",$15.16,,,,,B.lion,,,,12026,phantasim,,,,,,,,,,
4562,12024,Fluence Energy,XX-XY,,,Fluence Energy,FLNC,,,,,,,,,,,,,United States,company.public,USD-marketcap,"$2,970,000,000",$16.65,,12024.03,,,B.lion,,,,12026,phantasim,,,,,,,,,,
4563,12024,CATRION Catering Holding Company,XX-XY,,,CATRION Catering Holding Company,6004.SR,,,,,,,,,,,,,Saudi Arabia,company.public,USD-marketcap,"$2,970,000,000",$36.28,,,,,B.lion,,,,12026,phantasim,,,,,,,,,,
4564,12024,Barwa Real Estate Company,XX-XY,,,Barwa Real Estate Company,BRES.QA,,,,,,,,,,,,,Qatar,company.public,USD-marketcap,"$2,970,000,000",$0.76,,,,,B.lion,,,,12026,phantasim,,,,,,,,,,
4565,12024,Osisko Gold Royalties,XX-XY,,,Osisko Gold Royalties,OR,,,,,,,,,,,,,Canada,company.public,USD-marketcap,"$2,960,000,000",$15.98,,12024.03,,,B.lion,,,,12026,phantasim,,,,,,,,,,
4566,12024,Topgolf Callaway Brands,XX-XY,,,Topgolf Callaway Brands,MODG,,,,,,,,,,,,,United States,company.public,USD-marketcap,"$2,960,000,000",$16.14,,12024.03,,,B.lion,,,,12026,phantasim,,,,,,,,,,
4567,12024,Piper Sandler,XX-XY,,,Piper Sandler,PIPR,,,,,,,,,,,,,United States,company.public,USD-marketcap,"$2,960,000,000",$196.82,,12024.03,,,B.lion,,,,12026,phantasim,,,,,,,,,,
4568,12024,Redcare Pharmacy,XX-XY,,,Redcare Pharmacy,RDC.DE,,,,,,,,,,,,,Netherlands,company.public,USD-marketcap,"$2,960,000,000",$161.40,,,,,B.lion,,,,12026,phantasim,,,,,,,,,,
4569,12024,Broadstone Net Lease,XX-XY,,,Broadstone Net Lease,BNL,,,,,,,,,,,,,United States,company.public,USD-marketcap,"$2,950,000,000",$15.44,,12024.03,,,B.lion,,,,12026,phantasim,,,,,,,,,,
4570,12024,Taiyo Yuden,XX-XY,,,Taiyo Yuden,6976.T,,,,,,,,,,,,,Japan,company.public,USD-marketcap,"$2,950,000,000",$23.67,,12024.03,,,B.lion,,,,12026,phantasim,,,,,,,,,,
4571,12024,Frasers Logistics & Industrial Trust,XX-XY,,,Frasers Logistics & Industrial Trust,BUOU.SI,,,,,,,,,,,,,Singapore,company.public,USD-marketcap,"$2,950,000,000",$0.79,,,,,B.lion,,,,12026,phantasim,,,,,,,,,,
4572,12024,Innovative Industrial,XX-XY,,,Innovative Industrial,IIPR,,,,,,,,,,,,,United States,company.public,USD-marketcap,"$2,940,000,000",$104.35,,12024.03,,,B.lion,,,,12026,phantasim,,,,,,,,,,
4573,12024,Aixtron,XX-XY,,,Aixtron,AIXA.F,,,,,,,,,,,,,Germany,company.public,USD-marketcap,"$2,940,000,000",$26.10,,12024.03,,,B.lion,,,,12026,phantasim,,,,,,,,,,
4574,12024,Commercial Bank of Kuwait,XX-XY,,,Commercial Bank of Kuwait,CBK.KW,,,,,,,,,,,,,Kuwait,company.public,USD-marketcap,"$2,940,000,000","$1,643.00",,12024.03,,,B.lion,,,,12026,phantasim,,,,,,,,,,
4575,12024,Olink Holding,XX-XY,,,Olink Holding,OLK,,,,,,,,,,,,,Sweden,company.public,USD-marketcap,"$2,930,000,000",$23.60,,12024.03,,,B.lion,,,,12026,phantasim,,,,,,,,,,
4576,12024,Indivior PLC,XX-XY,,,Indivior PLC,INDV,,,,,,,,,,,,,United States,company.public,USD-marketcap,"$2,930,000,000",$21.41,,12024.03,,,B.lion,,,,12026,phantasim,,,,,,,,,,
4577,12024,MYR Group,XX-XY,,,MYR Group,MYRG,,,,,,,,,,,,,United States,company.public,USD-marketcap,"$2,930,000,000",$175.25,,12024.03,,,B.lion,,,,12026,phantasim,,,,,,,,,,
4578,12024,360 DigiTech,XX-XY,,,360 DigiTech,QFIN,,,,,,,,,,,,,China,company.public,USD-marketcap,"$2,930,000,000",$18.20,,12024.03,,,B.lion,,,,12026,phantasim,,,,,,,,,,
4579,12024,Encavis,XX-XY,,,Encavis,ECV.F,,,,,,,,,,,,,Germany,company.public,USD-marketcap,"$2,930,000,000",$18.25,,12024.03,,,B.lion,,,,12026,phantasim,,,,,,,,,,
4580,12024,Südzucker,XX-XY,,,Südzucker,SZU.F,,,,,,,,,,,,,Germany,company.public,USD-marketcap,"$2,930,000,000",$14.35,,12024.03,,,B.lion,,,,12026,phantasim,,,,,,,,,,
4581,12024,VakıfBank,XX-XY,,,VakıfBank,VAKBN.IS,,,,,,,,,,,,,Turkey,company.public,USD-marketcap,"$2,930,000,000",$0.44,,,,,B.lion,,,,12026,phantasim,,,,,,,,,,
4582,12024,NuStar Energy,XX-XY,,,NuStar Energy,NS,,,,,,,,,,,,,United States,company.public,USD-marketcap,"$2,920,000,000",$23.10,,12024.03,,,B.lion,,,,12026,phantasim,,,,,,,,,,
4583,12024,Transportadora de Gas del Sur,XX-XY,,,Transportadora de Gas del Sur,TGS,,,,,,,,,,,,,Argentina,company.public,USD-marketcap,"$2,920,000,000",$15.05,,12024.03,,,B.lion,,,,12026,phantasim,,,,,,,,,,
4584,12024,Arch Resources,XX-XY,,,Arch Resources,ARCH,,,,,,,,,,,,,United States,company.public,USD-marketcap,"$2,920,000,000",$162.33,,12024.03,,,B.lion,,,,12026,phantasim,,,,,,,,,,
4585,12024,Indian Telephone Industries,XX-XY,,,Indian Telephone Industries,ITI.NS,,,,,,,,,,,,,India,company.public,USD-marketcap,"$2,920,000,000",$3.05,,,,,B.lion,,,,12026,phantasim,,,,,,,,,,
4586,12024,Alm. Brand,XX-XY,,,Alm. Brand,ALMB.CO,,,,,,,,,,,,,Denmark,company.public,USD-marketcap,"$2,920,000,000",$1.91,,,,,B.lion,,,,12026,phantasim,,,,,,,,,,
4587,12024,Halkbank,XX-XY,,,Halkbank,HALKB.IS,,,,,,,,,,,,,Turkey,company.public,USD-marketcap,"$2,920,000,000",$0.41,,,,,B.lion,,,,12026,phantasim,,,,,,,,,,
4588,12024,Kojamo,XX-XY,,,Kojamo,KOJAMO.HE,,,,,,,,,,,,,Finland,company.public,USD-marketcap,"$2,920,000,000",$11.84,,,,,B.lion,,,,12026,phantasim,,,,,,,,,,
4589,12024,Sensient Technologies,XX-XY,,,Sensient Technologies,SXT,,,,,,,,,,,,,United States,company.public,USD-marketcap,"$2,910,000,000",$68.91,,12024.03,,,B.lion,,,,12026,phantasim,,,,,,,,,,
4590,12024,Toyo Tire,XX-XY,,,Toyo Tire,5105.T,,,,,,,,,,,,,Japan,company.public,USD-marketcap,"$2,910,000,000",$18.97,,12024.03,,,B.lion,,,,12026,phantasim,,,,,,,,,,
4591,12024,The a2 Milk Company,XX-XY,,,The a2 Milk Company,A2M.AX,,,,,,,,,,,,,New Zealand,company.public,USD-marketcap,"$2,910,000,000",$4.04,,12024.03,,,B.lion,,,,12026,phantasim,,,,,,,,,,
4592,12024,Bank of Georgia Group,XX-XY,,,Bank of Georgia Group,BGEO.L,,,,,,,,,,,,,United Kingdom,company.public,USD-marketcap,"$2,910,000,000",$63.96,,12024.03,,,B.lion,,,,12026,phantasim,,,,,,,,,,
4593,12024,Paramount Resources,XX-XY,,,Paramount Resources,POU.TO,,,,,,,,,,,,,Canada,company.public,USD-marketcap,"$2,910,000,000",$20.22,,,,,B.lion,,,,12026,phantasim,,,,,,,,,,
4634,12024,Ziff Davis,XX-XY,,,Ziff Davis,ZD,,,,,,,,,,,,,United States,company.public,USD-marketcap,"$2,900,000,000",$63.10,,12024.03,,,B.lion,,,,12026,phantasim,,,,,,,,,,
4635,12024,HUTCHMED,XX-XY,,,HUTCHMED,HCM,,,,,,,,,,,,,Hong Kong,company.public,USD-marketcap,"$2,900,000,000",$16.85,,12024.03,,,B.lion,,,,12026,phantasim,,,,,,,,,,
4636,12024,Gulfport Energy,XX-XY,,,Gulfport Energy,GPOR,,,,,,,,,,,,,United States,company.public,USD-marketcap,"$2,900,000,000",$159.88,,12024.03,,,B.lion,,,,12026,phantasim,,,,,,,,,,
4637,12024,Hercules Capital,XX-XY,,,Hercules Capital,HTGC,,,,,,,,,,,,,United States,company.public,USD-marketcap,"$2,900,000,000",$18.37,,12024.03,,,B.lion,,,,12026,phantasim,,,,,,,,,,
4638,12024,Primo Water,XX-XY,,,Primo Water,PRMW,,,,,,,,,,,,,United States,company.public,USD-marketcap,"$2,900,000,000",$18.19,,12024.03,,,B.lion,,,,12026,phantasim,,,,,,,,,,
4639,12024,Premium Brands,XX-XY,,,Premium Brands,PBH.TO,,,,,,,,,,,,,Canada,company.public,USD-marketcap,"$2,900,000,000",$65.37,,,,,B.lion,,,,12026,phantasim,,,,,,,,,,
4640,12024,Elekta AB,XX-XY,,,Elekta AB,EKTA-B.ST,,,,,,,,,,,,,Sweden,company.public,USD-marketcap,"$2,900,000,000",$7.61,,,,,B.lion,,,,12026,phantasim,,,,,,,,,,
4641,12024,SmartCentres REIT,XX-XY,,,SmartCentres REIT,SRU-UN.TO,,,,,,,,,,,,,Canada,company.public,USD-marketcap,"$2,900,000,000",$17.04,,,,,B.lion,,,,12026,phantasim,,,,,,,,,,
4642,12024,Denali Therapeutics,XX-XY,,,Denali Therapeutics,DNLI,,,,,,,,,,,,,United States,company.public,USD-marketcap,"$2,890,000,000",$20.77,,12024.03,,,B.lion,,,,12026,phantasim,,,,,,,,,,
4643,12024,Triple Flag Precious Metals,XX-XY,,,Triple Flag Precious Metals,TFPM,,,,,,,,,,,,,Canada,company.public,USD-marketcap,"$2,890,000,000",$14.35,,12024.03,,,B.lion,,,,12026,phantasim,,,,,,,,,,
4644,12024,Air France-KLM,XX-XY,,,Air France-KLM,AF.PA,,,,,,,,,,,,,France,company.public,USD-marketcap,"$2,890,000,000",$11.04,,12024.03,,,B.lion,,,,12026,phantasim,,,,,,,,,,
4645,12024,Aedifica,XX-XY,,,Aedifica,AED.BR,,,,,,,,,,,,,Belgium,company.public,USD-marketcap,"$2,890,000,000",$60.88,,12024.03,,,B.lion,,,,12026,phantasim,,,,,,,,,,
4646,12024,CD Projekt,XX-XY,,,CD Projekt,CDR.WA,,,,,,,,,,,,,Poland,company.public,USD-marketcap,"$2,890,000,000",$28.96,,12024.03,,,B.lion,,,,12026,phantasim,,,,,,,,,,
4647,12024,Industrie De Nora,XX-XY,,,Industrie De Nora,DNR.MI,,,,,,,,,,,,,Italy,company.public,USD-marketcap,"$2,890,000,000",$14.48,,,,,B.lion,,,,12026,phantasim,,,,,,,,,,
4648,12024,Viscofan,XX-XY,,,Viscofan,VIS.MC,,,,,,,,,,,,,Spain,company.public,USD-marketcap,"$2,890,000,000",$63.69,,,,,B.lion,,,,12026,phantasim,,,,,,,,,,
4649,12024,momo.com Inc.,XX-XY,,,momo.com Inc.,8454.TW,,,,,,,,,,,,,Taiwan,company.public,USD-marketcap,"$2,890,000,000",$12.02,,,,,B.lion,,,,12026,phantasim,,,,,,,,,,
4650,12024,Aluar Aluminio Argentino,XX-XY,,,Aluar Aluminio Argentino,ALUA.BA,,,,,,,,,,,,,Argentina,company.public,USD-marketcap,"$2,890,000,000",$1.04,,,,,B.lion,,,,12026,phantasim,,,,,,,,,,
4651,12024,Kemira,XX-XY,,,Kemira,KEMIRA.HE,,,,,,,,,,,,,Finland,company.public,USD-marketcap,"$2,890,000,000",$18.81,,,,,B.lion,,,,12026,phantasim,,,,,,,,,,
4652,12024,BancFirst,XX-XY,,,BancFirst,BANF,,,,,,,,,,,,,United States,company.public,USD-marketcap,"$2,880,000,000",$87.60,,12024.03,,,B.lion,,,,12026,phantasim,,,,,,,,,,
4653,12024,Masonite,XX-XY,,,Masonite,DOOR,,,,,,,,,,,,,United States,company.public,USD-marketcap,"$2,880,000,000",$131.20,,12024.03,,,B.lion,,,,12026,phantasim,,,,,,,,,,
4654,12024,Texas Capital Bancshares,XX-XY,,,Texas Capital Bancshares,TCBI,,,,,,,,,,,,,United States,company.public,USD-marketcap,"$2,880,000,000",$60.77,,12024.03,,,B.lion,,,,12026,phantasim,,,,,,,,,,
4655,12024,Lendlease,XX-XY,,,Lendlease,LLC.AX,,,,,,,,,,,,,Australia,company.public,USD-marketcap,"$2,880,000,000",$4.18,,,,,B.lion,,,,12026,phantasim,,,,,,,,,,
4656,12024,Grocery Outlet,XX-XY,,,Grocery Outlet,GO,,,,,,,,,,,,,United States,company.public,USD-marketcap,"$2,870,000,000",$29.00,,12024.03,,,B.lion,,,,12026,phantasim,,,,,,,,,,
4657,12024,Sweetgreen,XX-XY,,,Sweetgreen,SG,,,,,,,,,,,,,United States,company.public,USD-marketcap,"$2,870,000,000",$25.48,,12024.03,,,B.lion,,,,12026,phantasim,,,,,,,,,,
4658,12024,Brady,XX-XY,,,Brady,BRC,,,,,,,,,,,,,United States,company.public,USD-marketcap,"$2,870,000,000",$59.58,,12024.03,,,B.lion,,,,12026,phantasim,,,,,,,,,,
4659,12024,Baytex Energy,XX-XY,,,Baytex Energy,BTE,,,,,,,,,,,,,Canada,company.public,USD-marketcap,"$2,870,000,000",$3.50,,12024.03,,,B.lion,,,,12026,phantasim,,,,,,,,,,
4660,12024,Mercury General,XX-XY,,,Mercury General,MCY,,,,,,,,,,,,,United States,company.public,USD-marketcap,"$2,870,000,000",$51.84,,12024.03,,,B.lion,,,,12026,phantasim,,,,,,,,,,
4661,12024,Sunrun,XX-XY,,,Sunrun,RUN,,,,,,,,,,,,,United States,company.public,USD-marketcap,"$2,870,000,000",$13.10,,12024.03,,,B.lion,,,,12026,phantasim,,,,,,,,,,
4662,12024,Appian,XX-XY,,,Appian,APPN,,,,,,,,,,,,,United States,company.public,USD-marketcap,"$2,870,000,000",$39.22,,12024.03,,,B.lion,,,,12026,phantasim,,,,,,,,,,
4663,12024,Cal-Maine Foods,XX-XY,,,Cal-Maine Foods,CALM,,,,,,,,,,,,,United States,company.public,USD-marketcap,"$2,870,000,000",$58.62,,12024.03,,,B.lion,,,,12026,phantasim,,,,,,,,,,
4664,12024,First Interstate BancSystem,XX-XY,,,First Interstate BancSystem,FIBK,,,,,,,,,,,,,United States,company.public,USD-marketcap,"$2,870,000,000",$27.63,,12024.03,,,B.lion,,,,12026,phantasim,,,,,,,,,,
4665,12024,Tradegate Exchange,XX-XY,,,Tradegate Exchange,T2G.F,,,,,,,,,,,,,Germany,company.public,USD-marketcap,"$2,870,000,000",$117.97,,12024.03,,,B.lion,,,,12026,phantasim,,,,,,,,,,
4666,12024,LEENO Industrial,XX-XY,,,LEENO Industrial,058470.KQ,,,,,,,,,,,,,South Korea,company.public,USD-marketcap,"$2,870,000,000",$189.29,,,,,B.lion,,,,12026,phantasim,,,,,,,,,,
4667,12024,Materion,XX-XY,,,Materion,MTRN,,,,,,,,,,,,,United States,company.public,USD-marketcap,"$2,860,000,000",$139.00,,12024.03,,,B.lion,,,,12026,phantasim,,,,,,,,,,
4668,12024,Aarti Industries,XX-XY,,,Aarti Industries,AARTIIND.NS,,,,,,,,,,,,,India,company.public,USD-marketcap,"$2,860,000,000",$7.90,,,,,B.lion,,,,12026,phantasim,,,,,,,,,,
4669,12024,Bayer Crop Science,XX-XY,,,Bayer Crop Science,BAYERCROP.NS,,,,,,,,,,,,,India,company.public,USD-marketcap,"$2,860,000,000",$63.52,,,,,B.lion,,,,12026,phantasim,,,,,,,,,,
4670,12024,Imerys,XX-XY,,,Imerys,NK.PA,,,,,,,,,,,,,France,company.public,USD-marketcap,"$2,850,000,000",$33.80,,12024.03,,,B.lion,,,,12026,phantasim,,,,,,,,,,
4671,12024,Thai Life Insurance,XX-XY,,,Thai Life Insurance,TLI.BK,,,,,,,,,,,,,Thailand,company.public,USD-marketcap,"$2,850,000,000",$0.25,,,,,B.lion,,,,12026,phantasim,,,,,,,,,,
4672,12024,Carborundum Universal,XX-XY,,,Carborundum Universal,CARBORUNIV.NS,,,,,,,,,,,,,India,company.public,USD-marketcap,"$2,850,000,000",$14.99,,,,,B.lion,,,,12026,phantasim,,,,,,,,,,
4673,12024,RAKBANK (The National Bank of Ras Al Khaimah),XX-XY,,,RAKBANK (The National Bank of Ras Al Khaimah),RAKBANK.AE,,,,,,,,,,,,,United Arab Emirates,company.public,USD-marketcap,"$2,840,000,000",$1.42,,,,,B.lion,,,,12026,phantasim,,,,,,,,,,
4674,12024,Eldorado Gold,XX-XY,,,Eldorado Gold,EGO,,,,,,,,,,,,,Canada,company.public,USD-marketcap,"$2,830,000,000",$13.97,,12024.03,,,B.lion,,,,12026,phantasim,,,,,,,,,,
4675,12024,Genworth Financial,XX-XY,,,Genworth Financial,GNW,,,,,,,,,,,,,United States,company.public,USD-marketcap,"$2,830,000,000",$6.40,,12024.03,,,B.lion,,,,12026,phantasim,,,,,,,,,,
4676,12024,Global Business Travel Group,XX-XY,,,Global Business Travel Group,GBTG,,,,,,,,,,,,,United States,company.public,USD-marketcap,"$2,830,000,000",$6.00,,12024.03,,,B.lion,,,,12026,phantasim,,,,,,,,,,
4677,12024,Meitetsu,XX-XY,,,Meitetsu,9048.T,,,,,,,,,,,,,Japan,company.public,USD-marketcap,"$2,830,000,000",$14.40,,12024.03,,,B.lion,,,,12026,phantasim,,,,,,,,,,
4678,12024,Dunelm Group,XX-XY,,,Dunelm Group,DNLM.L,,,,,,,,,,,,,United Kingdom,company.public,USD-marketcap,"$2,830,000,000",$14.02,,,,,B.lion,,,,12026,phantasim,,,,,,,,,,
4679,12024,FLSmidth,XX-XY,,,FLSmidth,FLS.CO,,,,,,,,,,,,,Denmark,company.public,USD-marketcap,"$2,830,000,000",$49.98,,,,,B.lion,,,,12026,phantasim,,,,,,,,,,
4680,12024,KLCC Property Holdings,XX-XY,,,KLCC Property Holdings,5235SS.KL,,,,,,,,,,,,,Malaysia,company.public,USD-marketcap,"$2,830,000,000",$1.57,,,,,B.lion,,,,12026,phantasim,,,,,,,,,,
4681,12024,Intercorp Financial Services,XX-XY,,,Intercorp Financial Services,IFS,,,,,,,,,,,,,Peru,company.public,USD-marketcap,"$2,820,000,000",$23.90,,12024.03,,,B.lion,,,,12026,phantasim,,,,,,,,,,
4682,12024,Medical Properties Trust,XX-XY,,,Medical Properties Trust,MPW,,,,,,,,,,,,,United States,company.public,USD-marketcap,"$2,820,000,000",$4.72,,12024.03,,,B.lion,,,,12026,phantasim,,,,,,,,,,
4683,12024,DFI Retail Group,XX-XY,,,DFI Retail Group,D01.SI,,,,,,,,,,,,,Hong Kong,company.public,USD-marketcap,"$2,820,000,000",$2.09,,,,,B.lion,,,,12026,phantasim,,,,,,,,,,
4684,12024,Allreal Holding,XX-XY,,,Allreal Holding,ALLN.SW,,,,,,,,,,,,,Switzerland,company.public,USD-marketcap,"$2,820,000,000",$171.34,,,,,B.lion,,,,12026,phantasim,,,,,,,,,,
4685,12024,HELLENiQ ENERGY,XX-XY,,,HELLENiQ ENERGY,ELPE.AT,,,,,,,,,,,,,Greece,company.public,USD-marketcap,"$2,820,000,000",$9.23,,,,,B.lion,,,,12026,phantasim,,,,,,,,,,
4686,12024,Sun TV Network,XX-XY,,,Sun TV Network,SUNTV.NS,,,,,,,,,,,,,India,company.public,USD-marketcap,"$2,820,000,000",$7.16,,,,,B.lion,,,,12026,phantasim,,,,,,,,,,
4687,12024,ABM Industries,XX-XY,,,ABM Industries,ABM,,,,,,,,,,,,,United States,company.public,USD-marketcap,"$2,810,000,000",$44.41,,12024.03,,,B.lion,,,,12026,phantasim,,,,,,,,,,
4688,12024,Arvinas,XX-XY,,,Arvinas,ARVN,,,,,,,,,,,,,United States,company.public,USD-marketcap,"$2,810,000,000",$41.33,,12024.03,,,B.lion,,,,12026,phantasim,,,,,,,,,,
4689,12024,Certara,XX-XY,,,Certara,CERT,,,,,,,,,,,,,United States,company.public,USD-marketcap,"$2,810,000,000",$17.62,,12024.03,,,B.lion,,,,12026,phantasim,,,,,,,,,,
4690,12024,SoftwareONE,XX-XY,,,SoftwareONE,SWON.SW,,,,,,,,,,,,,Switzerland,company.public,USD-marketcap,"$2,810,000,000",$18.26,,,,,B.lion,,,,12026,phantasim,,,,,,,,,,
4691,12024,Sydbank A/S,XX-XY,,,Sydbank A/S,SYDB.CO,,,,,,,,,,,,,Denmark,company.public,USD-marketcap,"$2,810,000,000",$51.75,,,,,B.lion,,,,12026,phantasim,,,,,,,,,,
4692,12024,KIOCL,XX-XY,,,KIOCL,KIOCL.NS,,,,,,,,,,,,,India,company.public,USD-marketcap,"$2,810,000,000",$4.63,,,,,B.lion,,,,12026,phantasim,,,,,,,,,,
4730,12024,Hecla Mining,XX-XY,,,Hecla Mining,HL,,,,,,,,,,,,,United States,company.public,USD-marketcap,"$2,800,000,000",$4.49,,12024.03,,,B.lion,,,,12026,phantasim,,,,,,,,,,
4731,12024,Empire State Realty Trust,XX-XY,,,Empire State Realty Trust,ESRT,,,,,,,,,,,,,United States,company.public,USD-marketcap,"$2,800,000,000",$9.97,,12024.03,,,B.lion,,,,12026,phantasim,,,,,,,,,,
4732,12024,MGE Energy,XX-XY,,,MGE Energy,MGEE,,,,,,,,,,,,,United States,company.public,USD-marketcap,"$2,800,000,000",$77.53,,12024.03,,,B.lion,,,,12026,phantasim,,,,,,,,,,
4733,12024,Cranswick,XX-XY,,,Cranswick,CWK.L,,,,,,,,,,,,,United Kingdom,company.public,USD-marketcap,"$2,800,000,000",$52.02,,12024.03,,,B.lion,,,,12026,phantasim,,,,,,,,,,
4734,12024,International Distributions Services (Royal Mail),XX-XY,,,International Distributions Services (Royal Mail),IDS.L,,,,,,,,,,,,,United Kingdom,company.public,USD-marketcap,"$2,800,000,000",$2.93,,12024.03,,,B.lion,,,,12026,phantasim,,,,,,,,,,
4735,12024,K+S,XX-XY,,,K+S,SDF.F,,,,,,,,,,,,,Germany,company.public,USD-marketcap,"$2,800,000,000",$15.54,,12024.03,,,B.lion,,,,12026,phantasim,,,,,,,,,,
4736,12024,SATS,XX-XY,,,SATS,S58.SI,,,,,,,,,,,,,Singapore,company.public,USD-marketcap,"$2,800,000,000",$1.88,,,,,B.lion,,,,12026,phantasim,,,,,,,,,,
4737,12024,Comgás,XX-XY,,,Comgás,CGAS5.SA,,,,,,,,,,,,,Brazil,company.public,USD-marketcap,"$2,800,000,000",$22.23,,,,,B.lion,,,,12026,phantasim,,,,,,,,,,
4738,12024,Metsä Board,XX-XY,,,Metsä Board,METSA.HE,,,,,,,,,,,,,Finland,company.public,USD-marketcap,"$2,800,000,000",$8.84,,,,,B.lion,,,,12026,phantasim,,,,,,,,,,
4740,12024,Highwoods Properties,XX-XY,,,Highwoods Properties,HIW,,,,,,,,,,,,,United States,company.public,USD-marketcap,"$2,790,000,000",$25.93,,12024.03,,,B.lion,,,,12026,phantasim,,,,,,,,,,
4741,12024,Kulicke and Soffa Industries,XX-XY,,,Kulicke and Soffa Industries,KLIC,,,,,,,,,,,,,Singapore,company.public,USD-marketcap,"$2,790,000,000",$49.59,,12024.03,,,B.lion,,,,12026,phantasim,,,,,,,,,,
4742,12024,SkyWest,XX-XY,,,SkyWest,SKYW,,,,,,,,,,,,,United States,company.public,USD-marketcap,"$2,790,000,000",$69.48,,12024.03,,,B.lion,,,,12026,phantasim,,,,,,,,,,
4743,12024,Redrow,XX-XY,,,Redrow,RDW.L,,,,,,,,,,,,,United Kingdom,company.public,USD-marketcap,"$2,790,000,000",$8.45,,12024.03,,,B.lion,,,,12026,phantasim,,,,,,,,,,
4744,12024,Presight AI,XX-XY,,,Presight AI,PRESIGHT.AE,,,,,,,,,,,,,United Arab Emirates,company.public,USD-marketcap,"$2,790,000,000",$0.50,,,,,B.lion,,,,12026,phantasim,,,,,,,,,,
4745,12024,Paymentus,XX-XY,,,Paymentus,PAY,,,,,,,,,,,,,United States,company.public,USD-marketcap,"$2,780,000,000",$22.48,,12024.03,,,B.lion,,,,12026,phantasim,,,,,,,,,,
4746,12024,Golub Capital,XX-XY,,,Golub Capital,GBDC,,,,,,,,,,,,,United States,company.public,USD-marketcap,"$2,780,000,000",$16.35,,12024.03,,,B.lion,,,,12026,phantasim,,,,,,,,,,
4747,12024,ICF International,XX-XY,,,ICF International,ICFI,,,,,,,,,,,,,United States,company.public,USD-marketcap,"$2,780,000,000",$148.93,,12024.03,,,B.lion,,,,12026,phantasim,,,,,,,,,,
4748,12024,J&J Snack Foods,XX-XY,,,J&J Snack Foods,JJSF,,,,,,,,,,,,,United States,company.public,USD-marketcap,"$2,780,000,000",$143.54,,12024.03,,,B.lion,,,,12026,phantasim,,,,,,,,,,
4749,12024,Penn National Gaming,XX-XY,,,Penn National Gaming,PENN,,,,,,,,,,,,,United States,company.public,USD-marketcap,"$2,780,000,000",$18.30,,12024.03,,,B.lion,,,,12026,phantasim,,,,,,,,,,
4750,12024,ALSOK,XX-XY,,,ALSOK,2331.T,,,,,,,,,,,,,Japan,company.public,USD-marketcap,"$2,780,000,000",$5.56,,12024.03,,,B.lion,,,,12026,phantasim,,,,,,,,,,
4751,12024,Metcash,XX-XY,,,Metcash,MTS.AX,,,,,,,,,,,,,Australia,company.public,USD-marketcap,"$2,780,000,000",$2.56,,,,,B.lion,,,,12026,phantasim,,,,,,,,,,
4752,12024,Westports,XX-XY,,,Westports,5246.KL,,,,,,,,,,,,,Malaysia,company.public,USD-marketcap,"$2,780,000,000",$0.81,,,,,B.lion,,,,12026,phantasim,,,,,,,,,,
4753,12024,Solvay,XX-XY,,,Solvay,SOLB.VI,,,,,,,,,,,,,Belgium,company.public,USD-marketcap,"$2,780,000,000",$26.64,,,,,B.lion,,,,12026,phantasim,,,,,,,,,,
4754,12024,Vitesco Technologies Group,XX-XY,,,Vitesco Technologies Group,VTSC.DE,,,,,,,,,,,,,Germany,company.public,USD-marketcap,"$2,780,000,000",$69.65,,,,,B.lion,,,,12026,phantasim,,,,,,,,,,
4755,12024,First Hawaiian Bank,XX-XY,,,First Hawaiian Bank,FHB,,,,,,,,,,,,,United States,company.public,USD-marketcap,"$2,770,000,000",$21.73,,12024.03,,,B.lion,,,,12026,phantasim,,,,,,,,,,
4756,12024,Kosmos Energy,XX-XY,,,Kosmos Energy,KOS,,,,,,,,,,,,,United States,company.public,USD-marketcap,"$2,770,000,000",$5.89,,12024.03,,,B.lion,,,,12026,phantasim,,,,,,,,,,
4757,12024,Outfront Media,XX-XY,,,Outfront Media,OUT,,,,,,,,,,,,,United States,company.public,USD-marketcap,"$2,770,000,000",$16.75,,12024.03,,,B.lion,,,,12026,phantasim,,,,,,,,,,
4758,12024,Beam Therapeutics,XX-XY,,,Beam Therapeutics,BEAM,,,,,,,,,,,,,United States,company.public,USD-marketcap,"$2,770,000,000",$33.96,,12024.03,,,B.lion,,,,12026,phantasim,,,,,,,,,,
4759,12024,Cathay General Bancorp,XX-XY,,,Cathay General Bancorp,CATY,,,,,,,,,,,,,United States,company.public,USD-marketcap,"$2,770,000,000",$38.24,,12024.03,,,B.lion,,,,12026,phantasim,,,,,,,,,,
4760,12024,Tronox,XX-XY,,,Tronox,TROX,,,,,,,,,,,,,United States,company.public,USD-marketcap,"$2,770,000,000",$17.71,,12024.03,,,B.lion,,,,12026,phantasim,,,,,,,,,,
4761,12024,Perfect World Entertainment,XX-XY,,,Perfect World Entertainment,002624.SZ,,,,,,,,,,,,,China,company.public,USD-marketcap,"$2,770,000,000",$1.43,,,,,B.lion,,,,12026,phantasim,,,,,,,,,,
4762,12024,Dream Industrial REIT,XX-XY,,,Dream Industrial REIT,DIR-UN.TO,,,,,,,,,,,,,Canada,company.public,USD-marketcap,"$2,770,000,000",$9.67,,,,,B.lion,,,,12026,phantasim,,,,,,,,,,
4763,12024,Evotec,XX-XY,,,Evotec,EVO,,,,,,,,,,,,,Germany,company.public,USD-marketcap,"$2,760,000,000",$7.81,,12024.03,,,B.lion,,,,12026,phantasim,,,,,,,,,,
4764,12024,Boot Barn Holdings,XX-XY,,,Boot Barn Holdings,BOOT,,,,,,,,,,,,,United States,company.public,USD-marketcap,"$2,760,000,000",$91.32,,12024.03,,,B.lion,,,,12026,phantasim,,,,,,,,,,
4765,12024,GoodRx,XX-XY,,,GoodRx,GDRX,,,,,,,,,,,,,United States,company.public,USD-marketcap,"$2,760,000,000",$7.01,,12024.03,,,B.lion,,,,12026,phantasim,,,,,,,,,,
4766,12024,Siltronic,XX-XY,,,Siltronic,WAF.F,,,,,,,,,,,,,Germany,company.public,USD-marketcap,"$2,760,000,000",$91.48,,12024.03,,,B.lion,,,,12026,phantasim,,,,,,,,,,
4767,12024,Arçelik,XX-XY,,,Arçelik,ARCLK.IS,,,,,,,,,,,,,Turkey,company.public,USD-marketcap,"$2,760,000,000",$4.56,,,,,B.lion,,,,12026,phantasim,,,,,,,,,,
4768,12024,Hatsun Agro Products,XX-XY,,,Hatsun Agro Products,HATSUN.NS,,,,,,,,,,,,,India,company.public,USD-marketcap,"$2,760,000,000",$12.41,,,,,B.lion,,,,12026,phantasim,,,,,,,,,,
4769,12024,EMSTEEL Building Materials PJSC,XX-XY,,,EMSTEEL Building Materials PJSC,EMSTEEL.AE,,,,,,,,,,,,,United Arab Emirates,company.public,USD-marketcap,"$2,760,000,000",$0.40,,,,,B.lion,,,,12026,phantasim,,,,,,,,,,
4770,12024,COPT Defense Properties,XX-XY,,,COPT Defense Properties,CDP,,,,,,,,,,,,,United States,company.public,USD-marketcap,"$2,750,000,000",$24.05,,12024.03,,,B.lion,,,,12026,phantasim,,,,,,,,,,
4771,12024,Douglas Emmett,XX-XY,,,Douglas Emmett,DEI,,,,,,,,,,,,,United States,company.public,USD-marketcap,"$2,740,000,000",$13.67,,12024.03,,,B.lion,,,,12026,phantasim,,,,,,,,,,
4772,12024,Stride (K12 Education),XX-XY,,,Stride (K12 Education),LRN,,,,,,,,,,,,,United States,company.public,USD-marketcap,"$2,740,000,000",$63.30,,12024.03,,,B.lion,,,,12026,phantasim,,,,,,,,,,
4773,12024,Celldex Therapeutics,XX-XY,,,Celldex Therapeutics,CLDX,,,,,,,,,,,,,United States,company.public,USD-marketcap,"$2,740,000,000",$41.79,,12024.03,,,B.lion,,,,12026,phantasim,,,,,,,,,,
4774,12024,Inari Medical,XX-XY,,,Inari Medical,NARI,,,,,,,,,,,,,United States,company.public,USD-marketcap,"$2,740,000,000",$47.40,,12024.03,,,B.lion,,,,12026,phantasim,,,,,,,,,,
4775,12024,BBB Foods,XX-XY,,,BBB Foods,TBBB,,,,,,,,,,,,,Mexico,company.public,USD-marketcap,"$2,740,000,000",$24.50,,12024.03,,,B.lion,,,,12026,phantasim,,,,,,,,,,
4776,12024,USA Compression Partners,XX-XY,,,USA Compression Partners,USAC,,,,,,,,,,,,,United States,company.public,USD-marketcap,"$2,740,000,000",$26.66,,12024.03,,,B.lion,,,,12026,phantasim,,,,,,,,,,
4777,12024,Wizz Air,XX-XY,,,Wizz Air,WIZZ.L,,,,,,,,,,,,,Jersey,company.public,USD-marketcap,"$2,740,000,000",$26.58,,,,,B.lion,,,,12026,phantasim,,,,,,,,,,
4778,12024,BinDawood,XX-XY,,,BinDawood,4161.SR,,,,,,,,,,,,,Saudi Arabia,company.public,USD-marketcap,"$2,740,000,000",$2.40,,,,,B.lion,,,,12026,phantasim,,,,,,,,,,
4779,12024,BB Biotech,XX-XY,,,BB Biotech,BION.SW,,,,,,,,,,,,,Switzerland,company.public,USD-marketcap,"$2,740,000,000",$49.97,,,,,B.lion,,,,12026,phantasim,,,,,,,,,,
4780,12024,Interroll,XX-XY,,,Interroll,INRN.SW,,,,,,,,,,,,,Switzerland,company.public,USD-marketcap,"$2,740,000,000","$3,327.00",,,,,B.lion,,,,12026,phantasim,,,,,,,,,,
4781,12024,Vedant Fashions,XX-XY,,,Vedant Fashions,MANYAVAR.NS,,,,,,,,,,,,,India,company.public,USD-marketcap,"$2,740,000,000",$11.31,,,,,B.lion,,,,12026,phantasim,,,,,,,,,,
4782,12024,ESCO Technologies,XX-XY,,,ESCO Technologies,ESE,,,,,,,,,,,,,United States,company.public,USD-marketcap,"$2,730,000,000",$105.94,,12024.03,,,B.lion,,,,12026,phantasim,,,,,,,,,,
4783,12024,Morphosys,XX-XY,,,Morphosys,MOR,,,,,,,,,,,,,Germany,company.public,USD-marketcap,"$2,730,000,000",$18.14,,12024.03,,,B.lion,,,,12026,phantasim,,,,,,,,,,
4784,12024,Gibson Energy,XX-XY,,,Gibson Energy,GEI.TO,,,,,,,,,,,,,Canada,company.public,USD-marketcap,"$2,730,000,000",$16.94,,,,,B.lion,,,,12026,phantasim,,,,,,,,,,
4785,12024,Ahli Bank,XX-XY,,,Ahli Bank,ABQK.QA,,,,,,,,,,,,,Qatar,company.public,USD-marketcap,"$2,730,000,000",$1.07,,,,,B.lion,,,,12026,phantasim,,,,,,,,,,
4786,12024,Aliansce Sonae Shopping Centers,XX-XY,,,Aliansce Sonae Shopping Centers,ALSO3.SA,,,,,,,,,,,,,Brazil,company.public,USD-marketcap,"$2,730,000,000",$4.85,,,,,B.lion,,,,12026,phantasim,,,,,,,,,,
4787,12024,Alamo Group,XX-XY,,,Alamo Group,ALG,,,,,,,,,,,,,United States,company.public,USD-marketcap,"$2,720,000,000",$225.89,,12024.03,,,B.lion,,,,12026,phantasim,,,,,,,,,,
4788,12024,CG Oncology,XX-XY,,,CG Oncology,CGON,,,,,,,,,,,,,United States,company.public,USD-marketcap,"$2,720,000,000",$41.00,,12024.03,,,B.lion,,,,12026,phantasim,,,,,,,,,,
4789,12024,Helen of Troy,XX-XY,,,Helen of Troy,HELE,,,,,,,,,,,,,United States,company.public,USD-marketcap,"$2,720,000,000",$114.94,,12024.03,,,B.lion,,,,12026,phantasim,,,,,,,,,,
4790,12024,Integra LifeSciences,XX-XY,,,Integra LifeSciences,IART,,,,,,,,,,,,,United States,company.public,USD-marketcap,"$2,720,000,000",$34.83,,12024.03,,,B.lion,,,,12026,phantasim,,,,,,,,,,
4791,12024,Victory Capital,XX-XY,,,Victory Capital,VCTR,,,,,,,,,,,,,United States,company.public,USD-marketcap,"$2,720,000,000",$42.41,,12024.03,,,B.lion,,,,12026,phantasim,,,,,,,,,,
4792,12024,Acerinox,XX-XY,,,Acerinox,ACX.MC,,,,,,,,,,,,,Spain,company.public,USD-marketcap,"$2,720,000,000",$10.93,,12024.03,,,B.lion,,,,12026,phantasim,,,,,,,,,,
4793,12024,Berli Jucker (BJC),XX-XY,,,Berli Jucker (BJC),BJC.BK,,,,,,,,,,,,,Thailand,company.public,USD-marketcap,"$2,720,000,000",$0.68,,12024.03,,,B.lion,,,,12026,phantasim,,,,,,,,,,
4794,12024,E-L Financial,XX-XY,,,E-L Financial,ELF.TO,,,,,,,,,,,,,Canada,company.public,USD-marketcap,"$2,720,000,000",$788.62,,,,,B.lion,,,,12026,phantasim,,,,,,,,,,
4795,12024,Muangthai Capital,XX-XY,,,Muangthai Capital,MTC.BK,,,,,,,,,,,,,Thailand,company.public,USD-marketcap,"$2,720,000,000",$1.29,,,,,B.lion,,,,12026,phantasim,,,,,,,,,,
4796,12024,Telix Pharmaceuticals,XX-XY,,,Telix Pharmaceuticals,TLX.AX,,,,,,,,,,,,,Australia,company.public,USD-marketcap,"$2,720,000,000",$8.40,,,,,B.lion,,,,12026,phantasim,,,,,,,,,,
4797,12024,Avista,XX-XY,,,Avista,AVA,,,,,,,,,,,,,United States,company.public,USD-marketcap,"$2,710,000,000",$34.68,,12024.03,,,B.lion,,,,12026,phantasim,,,,,,,,,,
4798,12024,NextEra Energy Partners,XX-XY,,,NextEra Energy Partners,NEP,,,,,,,,,,,,,United States,company.public,USD-marketcap,"$2,710,000,000",$29.00,,12024.03,,,B.lion,,,,12026,phantasim,,,,,,,,,,
4799,12024,WSFS Financial,XX-XY,,,WSFS Financial,WSFS,,,,,,,,,,,,,United States,company.public,USD-marketcap,"$2,710,000,000",$44.97,,12024.03,,,B.lion,,,,12026,phantasim,,,,,,,,,,
4800,12024,Coca-Cola Bottlers Japan,XX-XY,,,Coca-Cola Bottlers Japan,2579.T,,,,,,,,,,,,,Japan,company.public,USD-marketcap,"$2,710,000,000",$15.13,,12024.03,,,B.lion,,,,12026,phantasim,,,,,,,,,,
4801,12024,Sega Sammy Holdings,XX-XY,,,Sega Sammy Holdings,6460.T,,,,,,,,,,,,,Japan,company.public,USD-marketcap,"$2,710,000,000",$12.58,,12024.03,,,B.lion,,,,12026,phantasim,,,,,,,,,,
4802,12024,Efes Beverage Group,XX-XY,,,Efes Beverage Group,AEFES.IS,,,,,,,,,,,,,Turkey,company.public,USD-marketcap,"$2,710,000,000",$4.58,,,,,B.lion,,,,12026,phantasim,,,,,,,,,,
4803,12024,Kumho Petrochemical,XX-XY,,,Kumho Petrochemical,011780.KS,,,,,,,,,,,,,South Korea,company.public,USD-marketcap,"$2,710,000,000",$107.80,,,,,B.lion,,,,12026,phantasim,,,,,,,,,,
4804,12024,"Gentera, S.A.B. de C.V.",XX-XY,,,"Gentera, S.A.B. de C.V.",GENTERA.MX,,,,,,,,,,,,,Mexico,company.public,USD-marketcap,"$2,710,000,000",$1.72,,,,,B.lion,,,,12026,phantasim,,,,,,,,,,
4866,12024,Comstock Resources,XX-XY,,,Comstock Resources,CRK,,,,,,,,,,,,,United States,company.public,USD-marketcap,"$2,700,000,000",$9.26,,12024.03,,,B.lion,,,,12026,phantasim,,,,,,,,,,
4867,12024,Uranium Energy,XX-XY,,,Uranium Energy,UEC,,,,,,,,,,,,,United States,company.public,USD-marketcap,"$2,700,000,000",$6.70,,12024.03,,,B.lion,,,,12026,phantasim,,,,,,,,,,
4868,12024,Kratos Defense & Security Solutions,XX-XY,,,Kratos Defense & Security Solutions,KTOS,,,,,,,,,,,,,United States,company.public,USD-marketcap,"$2,700,000,000",$18.13,,12024.03,,,B.lion,,,,12026,phantasim,,,,,,,,,,
4869,12024,Lechwerke,XX-XY,,,Lechwerke,LEC.F,,,,,,,,,,,,,Germany,company.public,USD-marketcap,"$2,700,000,000",$76.36,,12024.03,,,B.lion,,,,12026,phantasim,,,,,,,,,,
4870,12024,Uniqa Insurance Group,XX-XY,,,Uniqa Insurance Group,UN9.F,,,,,,,,,,,,,Austria,company.public,USD-marketcap,"$2,700,000,000",$8.70,,12024.03,,,B.lion,,,,12026,phantasim,,,,,,,,,,
4871,12024,Paladin Energy,XX-XY,,,Paladin Energy,PDN.AX,,,,,,,,,,,,,Australia,company.public,USD-marketcap,"$2,700,000,000",$0.91,,,,,B.lion,,,,12026,phantasim,,,,,,,,,,
4872,12024,Advanced Petrochemical,XX-XY,,,Advanced Petrochemical,2330.SR,,,,,,,,,,,,,Saudi Arabia,company.public,USD-marketcap,"$2,700,000,000",$10.40,,,,,B.lion,,,,12026,phantasim,,,,,,,,,,
4873,12024,ORION,XX-XY,,,ORION,271560.KS,,,,,,,,,,,,,South Korea,company.public,USD-marketcap,"$2,700,000,000",$68.53,,,,,B.lion,,,,12026,phantasim,,,,,,,,,,
4875,12024,California Water Service,XX-XY,,,California Water Service,CWT,,,,,,,,,,,,,United States,company.public,USD-marketcap,"$2,690,000,000",$46.67,,12024.03,,,B.lion,,,,12026,phantasim,,,,,,,,,,
4876,12024,Spectrum Brands,XX-XY,,,Spectrum Brands,SPB,,,,,,,,,,,,,United States,company.public,USD-marketcap,"$2,690,000,000",$88.91,,12024.03,,,B.lion,,,,12026,phantasim,,,,,,,,,,
4877,12024,Central Garden & Pet,XX-XY,,,Central Garden & Pet,CENT,,,,,,,,,,,,,United States,company.public,USD-marketcap,"$2,690,000,000",$42.81,,12024.03,,,B.lion,,,,12026,phantasim,,,,,,,,,,
4878,12024,Hub Group,XX-XY,,,Hub Group,HUBG,,,,,,,,,,,,,United States,company.public,USD-marketcap,"$2,690,000,000",$42.95,,12024.03,,,B.lion,,,,12026,phantasim,,,,,,,,,,
4879,12024,InterDigital,XX-XY,,,InterDigital,IDCC,,,,,,,,,,,,,United States,company.public,USD-marketcap,"$2,690,000,000",$105.91,,12024.03,,,B.lion,,,,12026,phantasim,,,,,,,,,,
4880,12024,LGI Homes,XX-XY,,,LGI Homes,LGIH,,,,,,,,,,,,,United States,company.public,USD-marketcap,"$2,690,000,000",$114.20,,12024.03,,,B.lion,,,,12026,phantasim,,,,,,,,,,
4881,12024,Ubisoft,XX-XY,,,Ubisoft,UBI.PA,,,,,,,,,,,,,France,company.public,USD-marketcap,"$2,690,000,000",$21.14,,,,,B.lion,,,,12026,phantasim,,,,,,,,,,
4882,12024,Mallplaza,XX-XY,,,Mallplaza,MALLPLAZA.SN,,,,,,,,,,,,,Chile,company.public,USD-marketcap,"$2,690,000,000",$1.37,,,,,B.lion,,,,12026,phantasim,,,,,,,,,,
4883,12024,Foot Locker,XX-XY,,,Foot Locker,FL,,,,,,,,,,,,,United States,company.public,USD-marketcap,"$2,680,000,000",$28.51,,12024.03,,,B.lion,,,,12026,phantasim,,,,,,,,,,
4884,12024,National Health Investors,XX-XY,,,National Health Investors,NHI,,,,,,,,,,,,,United States,company.public,USD-marketcap,"$2,680,000,000",$61.82,,12024.03,,,B.lion,,,,12026,phantasim,,,,,,,,,,
4885,12024,Grupo Aval,XX-XY,,,Grupo Aval,AVAL,,,,,,,,,,,,,Colombia,company.public,USD-marketcap,"$2,680,000,000",$2.26,,12024.03,,,B.lion,,,,12026,phantasim,,,,,,,,,,
4886,12024,AvidXchange,XX-XY,,,AvidXchange,AVDX,,,,,,,,,,,,,United States,company.public,USD-marketcap,"$2,680,000,000",$13.13,,12024.03,,,B.lion,,,,12026,phantasim,,,,,,,,,,
4887,12024,Green Brick Partners,XX-XY,,,Green Brick Partners,GRBK,,,,,,,,,,,,,United States,company.public,USD-marketcap,"$2,680,000,000",$59.77,,12024.03,,,B.lion,,,,12026,phantasim,,,,,,,,,,
4888,12024,Fonterra,XX-XY,,,Fonterra,FCG.NZ,,,,,,,,,,,,,New Zealand,company.public,USD-marketcap,"$2,680,000,000",$1.39,,,,,B.lion,,,,12026,phantasim,,,,,,,,,,
4889,12024,Dialog Group,XX-XY,,,Dialog Group,7277.KL,,,,,,,,,,,,,Malaysia,company.public,USD-marketcap,"$2,680,000,000",$0.48,,,,,B.lion,,,,12026,phantasim,,,,,,,,,,
4890,12024,Sarana Menara Nusantara,XX-XY,,,Sarana Menara Nusantara,TOWR.JK,,,,,,,,,,,,,Indonesia,company.public,USD-marketcap,"$2,680,000,000",$0.05,,,,,B.lion,,,,12026,phantasim,,,,,,,,,,
4891,12024,Magazine Luíza,XX-XY,,,Magazine Luíza,MGLU3.SA,,,,,,,,,,,,,Brazil,company.public,USD-marketcap,"$2,680,000,000",$0.37,,,,,B.lion,,,,12026,phantasim,,,,,,,,,,
4892,12024,Radico Khaitan,XX-XY,,,Radico Khaitan,RADICO.NS,,,,,,,,,,,,,India,company.public,USD-marketcap,"$2,680,000,000",$20.06,,,,,B.lion,,,,12026,phantasim,,,,,,,,,,
4893,12024,Newmark,XX-XY,,,Newmark,NMRK,,,,,,,,,,,,,United States,company.public,USD-marketcap,"$2,670,000,000",$11.08,,12024.03,,,B.lion,,,,12026,phantasim,,,,,,,,,,
4894,12024,Harbour Energy,XX-XY,,,Harbour Energy,HBR.L,,,,,,,,,,,,,United Kingdom,company.public,USD-marketcap,"$2,670,000,000",$3.47,,12024.03,,,B.lion,,,,12026,phantasim,,,,,,,,,,
4895,12024,Alumina Limited,XX-XY,,,Alumina Limited,AWC.AX,,,,,,,,,,,,,Australia,company.public,USD-marketcap,"$2,670,000,000",$0.92,,12024.03,,,B.lion,,,,12026,phantasim,,,,,,,,,,
4896,12024,Beach Energy,XX-XY,,,Beach Energy,BPT.AX,,,,,,,,,,,,,Australia,company.public,USD-marketcap,"$2,670,000,000",$1.17,,12024.03,,,B.lion,,,,12026,phantasim,,,,,,,,,,
4897,12024,New World Development Company,XX-XY,,,New World Development Company,0017.HK,,,,,,,,,,,,,Hong Kong,company.public,USD-marketcap,"$2,670,000,000",$1.06,,,,,B.lion,,,,12026,phantasim,,,,,,,,,,
4898,12024,Kerry Properties,XX-XY,,,Kerry Properties,0683.HK,,,,,,,,,,,,,Hong Kong,company.public,USD-marketcap,"$2,670,000,000",$1.84,,,,,B.lion,,,,12026,phantasim,,,,,,,,,,
4899,12024,NV Bekaert,XX-XY,,,NV Bekaert,BEKB.BR,,,,,,,,,,,,,Belgium,company.public,USD-marketcap,"$2,670,000,000",$51.15,,,,,B.lion,,,,12026,phantasim,,,,,,,,,,
4900,12024,Tower Bersama Infrastructure,XX-XY,,,Tower Bersama Infrastructure,TBIG.JK,,,,,,,,,,,,,Indonesia,company.public,USD-marketcap,"$2,670,000,000",$0.12,,,,,B.lion,,,,12026,phantasim,,,,,,,,,,
4901,12024,Atlantic Union Bankshares,XX-XY,,,Atlantic Union Bankshares,AUB,,,,,,,,,,,,,United States,company.public,USD-marketcap,"$2,660,000,000",$35.53,,12024.03,,,B.lion,,,,12026,phantasim,,,,,,,,,,
4902,12024,American States Water,XX-XY,,,American States Water,AWR,,,,,,,,,,,,,United States,company.public,USD-marketcap,"$2,660,000,000",$72.07,,12024.03,,,B.lion,,,,12026,phantasim,,,,,,,,,,
4903,12024,Atmus Filtration Technologies,XX-XY,,,Atmus Filtration Technologies,ATMU,,,,,,,,,,,,,United States,company.public,USD-marketcap,"$2,660,000,000",$31.93,,12024.03,,,B.lion,,,,12026,phantasim,,,,,,,,,,
4904,12024,New York Community Bank,XX-XY,,,New York Community Bank,NYCB,,,,,,,,,,,,,United States,company.public,USD-marketcap,"$2,660,000,000",$3.34,,12024.03,,,B.lion,,,,12026,phantasim,,,,,,,,,,
4905,12024,Yelp,XX-XY,,,Yelp,YELP,,,,,,,,,,,,,United States,company.public,USD-marketcap,"$2,660,000,000",$39.10,,12024.03,,,B.lion,,,,12026,phantasim,,,,,,,,,,
4906,12024,Dubai Investments,XX-XY,,,Dubai Investments,DIC.AE,,,,,,,,,,,,,United Arab Emirates,company.public,USD-marketcap,"$2,650,000,000",$0.62,,,,,B.lion,,,,12026,phantasim,,,,,,,,,,
4907,12024,Iren,XX-XY,,,Iren,IRE.MI,,,,,,,,,,,,,Italy,company.public,USD-marketcap,"$2,650,000,000",$2.05,,,,,B.lion,,,,12026,phantasim,,,,,,,,,,
4908,12024,Orange Polska,XX-XY,,,Orange Polska,OPL.WA,,,,,,,,,,,,,Poland,company.public,USD-marketcap,"$2,650,000,000",$2.02,,,,,B.lion,,,,12026,phantasim,,,,,,,,,,
4909,12024,Al Hammadi Holding Company,XX-XY,,,Al Hammadi Holding Company,4007.SR,,,,,,,,,,,,,Saudi Arabia,company.public,USD-marketcap,"$2,650,000,000",$16.57,,,,,B.lion,,,,12026,phantasim,,,,,,,,,,
4910,12024,QinetiQ,XX-XY,,,QinetiQ,QQ.L,,,,,,,,,,,,,United Kingdom,company.public,USD-marketcap,"$2,640,000,000",$4.59,,12024.03,,,B.lion,,,,12026,phantasim,,,,,,,,,,
4911,12024,Spin Master,XX-XY,,,Spin Master,TOY.TO,,,,,,,,,,,,,Canada,company.public,USD-marketcap,"$2,640,000,000",$25.53,,,,,B.lion,,,,12026,phantasim,,,,,,,,,,
4912,12024,Saudi Ground Services Company,XX-XY,,,Saudi Ground Services Company,4031.SR,,,,,,,,,,,,,Saudi Arabia,company.public,USD-marketcap,"$2,640,000,000",$14.09,,,,,B.lion,,,,12026,phantasim,,,,,,,,,,
4913,12024,Patrick Industries,XX-XY,,,Patrick Industries,PATK,,,,,,,,,,,,,United States,company.public,USD-marketcap,"$2,630,000,000",$117.92,,12024.03,,,B.lion,,,,12026,phantasim,,,,,,,,,,
4914,12024,Summit Therapeutics,XX-XY,,,Summit Therapeutics,SMMT,,,,,,,,,,,,,United Kingdom,company.public,USD-marketcap,"$2,630,000,000",$3.75,,12024.03,,,B.lion,,,,12026,phantasim,,,,,,,,,,
4915,12024,CapitaLand Ascott Trust,XX-XY,,,CapitaLand Ascott Trust,HMN.SI,,,,,,,,,,,,,Singapore,company.public,USD-marketcap,"$2,630,000,000",$0.70,,,,,B.lion,,,,12026,phantasim,,,,,,,,,,
4916,12024,Leroy Seafood,XX-XY,,,Leroy Seafood,LSG.OL,,,,,,,,,,,,,Norway,company.public,USD-marketcap,"$2,630,000,000",$4.43,,,,,B.lion,,,,12026,phantasim,,,,,,,,,,
4917,12024,Rand Merchant Investment,XX-XY,,,Rand Merchant Investment,RMI.JO,,,,,,,,,,,,,South Africa,company.public,USD-marketcap,"$2,630,000,000",$1.69,,,,,B.lion,,,,12026,phantasim,,,,,,,,,,
4918,12024,AssetMark,XX-XY,,,AssetMark,AMK,,,,,,,,,,,,,United States,company.public,USD-marketcap,"$2,620,000,000",$35.24,,12024.03,,,B.lion,,,,12026,phantasim,,,,,,,,,,
4919,12024,LXP Industrial Trust,XX-XY,,,LXP Industrial Trust,LXP,,,,,,,,,,,,,United States,company.public,USD-marketcap,"$2,620,000,000",$8.89,,12024.03,,,B.lion,,,,12026,phantasim,,,,,,,,,,
4920,12024,Corcept Therapeutics,XX-XY,,,Corcept Therapeutics,CORT,,,,,,,,,,,,,United States,company.public,USD-marketcap,"$2,620,000,000",$25.32,,12024.03,,,B.lion,,,,12026,phantasim,,,,,,,,,,
4921,12024,Big Yellow Group,XX-XY,,,Big Yellow Group,BYG.L,,,,,,,,,,,,,United Kingdom,company.public,USD-marketcap,"$2,620,000,000",$13.36,,12024.03,,,B.lion,,,,12026,phantasim,,,,,,,,,,
4922,12024,Proximus,XX-XY,,,Proximus,PROX.VI,,,,,,,,,,,,,Belgium,company.public,USD-marketcap,"$2,620,000,000",$8.14,,,,,B.lion,,,,12026,phantasim,,,,,,,,,,
4923,12024,Maire Tecnimont,XX-XY,,,Maire Tecnimont,MAIRE.MI,,,,,,,,,,,,,Italy,company.public,USD-marketcap,"$2,620,000,000",$7.86,,,,,B.lion,,,,12026,phantasim,,,,,,,,,,
4924,12024,Merus,XX-XY,,,Merus,MRUS,,,,,,,,,,,,,Netherlands,company.public,USD-marketcap,"$2,610,000,000",$44.75,,12024.03,,,B.lion,,,,12026,phantasim,,,,,,,,,,
4925,12024,Premier,XX-XY,,,Premier,PINC,,,,,,,,,,,,,United States,company.public,USD-marketcap,"$2,610,000,000",$21.80,,12024.03,,,B.lion,,,,12026,phantasim,,,,,,,,,,
4926,12024,Tegna,XX-XY,,,Tegna,TGNA,,,,,,,,,,,,,United States,company.public,USD-marketcap,"$2,610,000,000",$14.85,,12024.03,,,B.lion,,,,12026,phantasim,,,,,,,,,,
4927,12024,Antin Infrastructure Partners,XX-XY,,,Antin Infrastructure Partners,ANTIN.PA,,,,,,,,,,,,,France,company.public,USD-marketcap,"$2,610,000,000",$14.37,,,,,B.lion,,,,12026,phantasim,,,,,,,,,,
4928,12024,National Central Cooling Company,XX-XY,,,National Central Cooling Company,TABREED.AE,,,,,,,,,,,,,United Arab Emirates,company.public,USD-marketcap,"$2,610,000,000",$0.92,,,,,B.lion,,,,12026,phantasim,,,,,,,,,,
4982,12024,Maruwa,XX-XY,,,Maruwa,5344.T,,,,,,,,,,,,,Japan,company.public,USD-marketcap,"$2,600,000,000",$211.44,,12024.03,,,B.lion,,,,12026,phantasim,,,,,,,,,,
4984,12024,Evertec,XX-XY,,,Evertec,EVTC,,,,,,,,,,,,,United States,company.public,USD-marketcap,"$2,590,000,000",$39.62,,12024.03,,,B.lion,,,,12026,phantasim,,,,,,,,,,
4985,12024,NMI Holdings,XX-XY,,,NMI Holdings,NMIH,,,,,,,,,,,,,United States,company.public,USD-marketcap,"$2,590,000,000",$32.11,,12024.03,,,B.lion,,,,12026,phantasim,,,,,,,,,,
4986,12024,Intellia Therapeutics,XX-XY,,,Intellia Therapeutics,NTLA,,,,,,,,,,,,,United States,company.public,USD-marketcap,"$2,590,000,000",$27.02,,12024.03,,,B.lion,,,,12026,phantasim,,,,,,,,,,
4987,12024,Playtika,XX-XY,,,Playtika,PLTK,,,,,,,,,,,,,Israel,company.public,USD-marketcap,"$2,590,000,000",$6.99,,12024.03,,,B.lion,,,,12026,phantasim,,,,,,,,,,
4988,12024,Balfour Beatty,XX-XY,,,Balfour Beatty,BBY.L,,,,,,,,,,,,,United Kingdom,company.public,USD-marketcap,"$2,590,000,000",$4.85,,12024.03,,,B.lion,,,,12026,phantasim,,,,,,,,,,
4989,12024,Serco Group,XX-XY,,,Serco Group,SRP.L,,,,,,,,,,,,,United Kingdom,company.public,USD-marketcap,"$2,590,000,000",$2.39,,12024.03,,,B.lion,,,,12026,phantasim,,,,,,,,,,
4990,12024,Covivio Hotels,XX-XY,,,Covivio Hotels,COVH.PA,,,,,,,,,,,,,France,company.public,USD-marketcap,"$2,590,000,000",$17.33,,,,,B.lion,,,,12026,phantasim,,,,,,,,,,
4991,12024,Ebro Foods,XX-XY,,,Ebro Foods,EBRO.MC,,,,,,,,,,,,,Spain,company.public,USD-marketcap,"$2,590,000,000",$16.90,,,,,B.lion,,,,12026,phantasim,,,,,,,,,,
4992,12024,Jasa Marga,XX-XY,,,Jasa Marga,JSMR.JK,,,,,,,,,,,,,Indonesia,company.public,USD-marketcap,"$2,590,000,000",$0.36,,,,,B.lion,,,,12026,phantasim,,,,,,,,,,
4993,12024,SYNLAB,XX-XY,,,SYNLAB,SYAB.DE,,,,,,,,,,,,,Germany,company.public,USD-marketcap,"$2,590,000,000",$11.80,,,,,B.lion,,,,12026,phantasim,,,,,,,,,,
4994,12024,Marel,XX-XY,,,Marel,MAREL.AS,,,,,,,,,,,,,Iceland,company.public,USD-marketcap,"$2,590,000,000",$3.44,,,,,B.lion,,,,12026,phantasim,,,,,,,,,,
4995,12024,Alliance Resource Partners,XX-XY,,,Alliance Resource Partners,ARLP,,,,,,,,,,,,,United States,company.public,USD-marketcap,"$2,580,000,000",$20.19,,12024.03,,,B.lion,,,,12026,phantasim,,,,,,,,,,
4996,12024,Krispy Kreme,XX-XY,,,Krispy Kreme,DNUT,,,,,,,,,,,,,United States,company.public,USD-marketcap,"$2,580,000,000",$15.35,,12024.03,,,B.lion,,,,12026,phantasim,,,,,,,,,,
4997,12024,Britvic,XX-XY,,,Britvic,BVIC.L,,,,,,,,,,,,,United Kingdom,company.public,USD-marketcap,"$2,580,000,000",$10.38,,12024.03,,,B.lion,,,,12026,phantasim,,,,,,,,,,
4998,12024,Golden Agri-Resources,XX-XY,,,Golden Agri-Resources,E5H.SI,,,,,,,,,,,,,Singapore,company.public,USD-marketcap,"$2,580,000,000",$0.20,,,,,B.lion,,,,12026,phantasim,,,,,,,,,,
4999,12024,Mirion Technologies,XX-XY,,,Mirion Technologies,MIR,,,,,,,,,,,,,United States,company.public,USD-marketcap,"$2,570,000,000",$11.39,,12024.03,,,B.lion,,,,12026,phantasim,,,,,,,,,,
5000,12024,Fulton Financial,XX-XY,,,Fulton Financial,FULT,,,,,,,,,,,,,United States,company.public,USD-marketcap,"$2,570,000,000",$15.92,,12024.03,,,B.lion,,,,12026,phantasim,,,,,,,,,,
5001,12024,Globalstar,XX-XY,,,Globalstar,GSAT,,,,,,,,,,,,,United States,company.public,USD-marketcap,"$2,570,000,000",$1.37,,12024.03,,,B.lion,,,,12026,phantasim,,,,,,,,,,
5002,12024,Plexus,XX-XY,,,Plexus,PLXS,,,,,,,,,,,,,United States,company.public,USD-marketcap,"$2,570,000,000",$93.36,,12024.03,,,B.lion,,,,12026,phantasim,,,,,,,,,,
5003,12024,AS ONE Corporation,XX-XY,,,AS ONE Corporation,7476.T,,,,,,,,,,,,,Japan,company.public,USD-marketcap,"$2,570,000,000",$36.25,,12024.03,,,B.lion,,,,12026,phantasim,,,,,,,,,,
5004,12024,Breville Group,XX-XY,,,Breville Group,BRG.AX,,,,,,,,,,,,,Australia,company.public,USD-marketcap,"$2,570,000,000",$17.93,,12024.03,,,B.lion,,,,12026,phantasim,,,,,,,,,,
5005,12024,Pepco Group,XX-XY,,,Pepco Group,PCO.WA,,,,,,,,,,,,,United Kingdom,company.public,USD-marketcap,"$2,570,000,000",$4.48,,,,,B.lion,,,,12026,phantasim,,,,,,,,,,
5006,12024,TeamViewer,XX-XY,,,TeamViewer,TMV.DE,,,,,,,,,,,,,Germany,company.public,USD-marketcap,"$2,570,000,000",$14.98,,,,,B.lion,,,,12026,phantasim,,,,,,,,,,
5007,12024,Taiba Investments,XX-XY,,,Taiba Investments,4090.SR,,,,,,,,,,,,,Saudi Arabia,company.public,USD-marketcap,"$2,570,000,000",$9.88,,,,,B.lion,,,,12026,phantasim,,,,,,,,,,
5008,12024,Embracer Group,XX-XY,,,Embracer Group,EMBRAC-B.ST,,,,,,,,,,,,,Sweden,company.public,USD-marketcap,"$2,570,000,000",$1.93,,,,,B.lion,,,,12026,phantasim,,,,,,,,,,
5009,12024,Driven Brands,XX-XY,,,Driven Brands,DRVN,,,,,,,,,,,,,United States,company.public,USD-marketcap,"$2,560,000,000",$15.65,,12024.03,,,B.lion,,,,12026,phantasim,,,,,,,,,,
5010,12024,International Seaways,XX-XY,,,International Seaways,INSW,,,,,,,,,,,,,United States,company.public,USD-marketcap,"$2,560,000,000",$52.49,,12024.03,,,B.lion,,,,12026,phantasim,,,,,,,,,,
5011,12024,Inter & Co,XX-XY,,,Inter & Co,INTR,,,,,,,,,,,,,Brazil,company.public,USD-marketcap,"$2,560,000,000",$5.85,,12024.03,,,B.lion,,,,12026,phantasim,,,,,,,,,,
5012,12024,Harmonic Drive Systems,XX-XY,,,Harmonic Drive Systems,6324.T,,,,,,,,,,,,,Japan,company.public,USD-marketcap,"$2,560,000,000",$26.56,,12024.03,,,B.lion,,,,12026,phantasim,,,,,,,,,,
5013,12024,Carel Industries,XX-XY,,,Carel Industries,CRL.MI,,,,,,,,,,,,,Italy,company.public,USD-marketcap,"$2,560,000,000",$22.75,,,,,B.lion,,,,12026,phantasim,,,,,,,,,,
5014,12024,Anan Investment Holding,XX-XY,,,Anan Investment Holding,ANAN.AE,,,,,,,,,,,,,United Arab Emirates,company.public,USD-marketcap,"$2,560,000,000",$1.11,,,,,B.lion,,,,12026,phantasim,,,,,,,,,,
5015,12024,L.D.C. S.A.,XX-XY,,,L.D.C. S.A.,LOUP.PA,,,,,,,,,,,,,France,company.public,USD-marketcap,"$2,560,000,000",$148.40,,,,,B.lion,,,,12026,phantasim,,,,,,,,,,
5016,12024,Cyient,XX-XY,,,Cyient,CYIENT.NS,,,,,,,,,,,,,India,company.public,USD-marketcap,"$2,560,000,000",$23.33,,,,,B.lion,,,,12026,phantasim,,,,,,,,,,
5017,12024,Grindwell Norton,XX-XY,,,Grindwell Norton,GRINDWELL.NS,,,,,,,,,,,,,India,company.public,USD-marketcap,"$2,560,000,000",$23.18,,,,,B.lion,,,,12026,phantasim,,,,,,,,,,
5018,12024,Nerolac Paints,XX-XY,,,Nerolac Paints,KANSAINER.NS,,,,,,,,,,,,,India,company.public,USD-marketcap,"$2,560,000,000",$3.17,,,,,B.lion,,,,12026,phantasim,,,,,,,,,,
5019,12024,Golden Ocean Group,XX-XY,,,Golden Ocean Group,GOGL,,,,,,,,,,,,,Bermuda,company.public,USD-marketcap,"$2,550,000,000",$12.78,,12024.03,,,B.lion,,,,12026,phantasim,,,,,,,,,,
5020,12024,Sylvamo,XX-XY,,,Sylvamo,SLVM,,,,,,,,,,,,,United States,company.public,USD-marketcap,"$2,550,000,000",$61.94,,12024.03,,,B.lion,,,,12026,phantasim,,,,,,,,,,
5021,12024,Strategic Education,XX-XY,,,Strategic Education,STRA,,,,,,,,,,,,,United States,company.public,USD-marketcap,"$2,550,000,000",$103.96,,12024.03,,,B.lion,,,,12026,phantasim,,,,,,,,,,
5022,12024,Teladoc Health,XX-XY,,,Teladoc Health,TDOC,,,,,,,,,,,,,United States,company.public,USD-marketcap,"$2,550,000,000",$15.27,,12024.03,,,B.lion,,,,12026,phantasim,,,,,,,,,,
5023,12024,MultiChoice Group,XX-XY,,,MultiChoice Group,MCG.JO,,,,,,,,,,,,,South Africa,company.public,USD-marketcap,"$2,550,000,000",$5.96,,,,,B.lion,,,,12026,phantasim,,,,,,,,,,
5024,12024,Vale Indonesia,XX-XY,,,Vale Indonesia,INCO.JK,,,,,,,,,,,,,Indonesia,company.public,USD-marketcap,"$2,550,000,000",$0.26,,,,,B.lion,,,,12026,phantasim,,,,,,,,,,
5025,12024,Zuger Kantonalbank,XX-XY,,,Zuger Kantonalbank,ZUGER.SW,,,,,,,,,,,,,Switzerland,company.public,USD-marketcap,"$2,550,000,000","$8,866.00",,,,,B.lion,,,,12026,phantasim,,,,,,,,,,
5026,12024,PriceSmart,XX-XY,,,PriceSmart,PSMT,,,,,,,,,,,,,United States,company.public,USD-marketcap,"$2,540,000,000",$83.29,,12024.03,,,B.lion,,,,12026,phantasim,,,,,,,,,,
5027,12024,Silicon Motion,XX-XY,,,Silicon Motion,SIMO,,,,,,,,,,,,,Hong Kong,company.public,USD-marketcap,"$2,540,000,000",$76.30,,12024.03,,,B.lion,,,,12026,phantasim,,,,,,,,,,
5028,12024,Domino's Pizza Enterprises (Australia),XX-XY,,,Domino's Pizza Enterprises (Australia),DMP.AX,,,,,,,,,,,,,Australia,company.public,USD-marketcap,"$2,540,000,000",$28.29,,,,,B.lion,,,,12026,phantasim,,,,,,,,,,
5029,12024,Solvac,XX-XY,,,Solvac,SOLV.BR,,,,,,,,,,,,,Belgium,company.public,USD-marketcap,"$2,540,000,000",$115.90,,,,,B.lion,,,,12026,phantasim,,,,,,,,,,
5030,12024,Timken India,XX-XY,,,Timken India,TIMKEN.NS,,,,,,,,,,,,,India,company.public,USD-marketcap,"$2,540,000,000",$33.81,,,,,B.lion,,,,12026,phantasim,,,,,,,,,,
5031,12024,Leggett & Platt,XX-XY,,,Leggett & Platt,LEG,,,,,,,,,,,,,United States,company.public,USD-marketcap,"$2,530,000,000",$18.96,,12024.03,,,B.lion,,,,12026,phantasim,,,,,,,,,,
5032,12024,Alpine Immune Sciences,XX-XY,,,Alpine Immune Sciences,ALPN,,,,,,,,,,,,,United States,company.public,USD-marketcap,"$2,530,000,000",$38.65,,12024.03,,,B.lion,,,,12026,phantasim,,,,,,,,,,
5033,12024,Frontdoor,XX-XY,,,Frontdoor,FTDR,,,,,,,,,,,,,United States,company.public,USD-marketcap,"$2,530,000,000",$32.31,,12024.03,,,B.lion,,,,12026,phantasim,,,,,,,,,,
5034,12024,Vericel,XX-XY,,,Vericel,VCEL,,,,,,,,,,,,,United States,company.public,USD-marketcap,"$2,530,000,000",$52.33,,12024.03,,,B.lion,,,,12026,phantasim,,,,,,,,,,
5035,12024,Nifco Inc.,XX-XY,,,Nifco Inc.,7988.T,,,,,,,,,,,,,Japan,company.public,USD-marketcap,"$2,530,000,000",$25.52,,12024.03,,,B.lion,,,,12026,phantasim,,,,,,,,,,
5036,12024,Jamjoom Pharmaceuticals Factory Company,XX-XY,,,Jamjoom Pharmaceuticals Factory Company,4015.SR,,,,,,,,,,,,,Saudi Arabia,company.public,USD-marketcap,"$2,530,000,000",$36.28,,,,,B.lion,,,,12026,phantasim,,,,,,,,,,
5037,12024,Offcn Education,XX-XY,,,Offcn Education,002607.SZ,,,,,,,,,,,,,China,company.public,USD-marketcap,"$2,530,000,000",$0.41,,,,,B.lion,,,,12026,phantasim,,,,,,,,,,
5038,12024,Kangwon Land,XX-XY,,,Kangwon Land,035250.KS,,,,,,,,,,,,,South Korea,company.public,USD-marketcap,"$2,530,000,000",$12.50,,,,,B.lion,,,,12026,phantasim,,,,,,,,,,
5039,12024,Laurus Labs,XX-XY,,,Laurus Labs,LAURUSLABS.NS,,,,,,,,,,,,,India,company.public,USD-marketcap,"$2,530,000,000",$4.71,,,,,B.lion,,,,12026,phantasim,,,,,,,,,,
5040,12024,Arbor Realty Trust,XX-XY,,,Arbor Realty Trust,ABR,,,,,,,,,,,,,United States,company.public,USD-marketcap,"$2,520,000,000",$13.39,,12024.03,,,B.lion,,,,12026,phantasim,,,,,,,,,,
5041,12024,Community Bank System,XX-XY,,,Community Bank System,CBU,,,,,,,,,,,,,United States,company.public,USD-marketcap,"$2,520,000,000",$47.40,,12024.03,,,B.lion,,,,12026,phantasim,,,,,,,,,,
5042,12024,Granite Construction,XX-XY,,,Granite Construction,GVA,,,,,,,,,,,,,United States,company.public,USD-marketcap,"$2,520,000,000",$57.36,,12024.03,,,B.lion,,,,12026,phantasim,,,,,,,,,,
5043,12024,Pactiv Evergreen,XX-XY,,,Pactiv Evergreen,PTVE,,,,,,,,,,,,,United States,company.public,USD-marketcap,"$2,520,000,000",$14.13,,12024.03,,,B.lion,,,,12026,phantasim,,,,,,,,,,
5044,12024,SIG (Semen Indonesia),XX-XY,,,SIG (Semen Indonesia),SMGR.JK,,,,,,,,,,,,,Indonesia,company.public,USD-marketcap,"$2,520,000,000",$0.37,,,,,B.lion,,,,12026,phantasim,,,,,,,,,,
5045,12024,Türkiye Kalkınma,XX-XY,,,Türkiye Kalkınma,KLNMA.IS,,,,,,,,,,,,,Turkey,company.public,USD-marketcap,"$2,520,000,000",$0.47,,,,,B.lion,,,,12026,phantasim,,,,,,,,,,
5046,12024,Jetblue Airways,XX-XY,,,Jetblue Airways,JBLU,,,,,,,,,,,,,United States,company.public,USD-marketcap,"$2,510,000,000",$7.41,,12024.03,,,B.lion,,,,12026,phantasim,,,,,,,,,,
5047,12024,Rhythm Pharmaceuticals,XX-XY,,,Rhythm Pharmaceuticals,RYTM,,,,,,,,,,,,,United States,company.public,USD-marketcap,"$2,510,000,000",$41.79,,12024.03,,,B.lion,,,,12026,phantasim,,,,,,,,,,
5048,12024,Gelsenwasser,XX-XY,,,Gelsenwasser,WWG.F,,,,,,,,,,,,,Germany,company.public,USD-marketcap,"$2,510,000,000",$731.15,,12024.03,,,B.lion,,,,12026,phantasim,,,,,,,,,,
5049,12024,Grafton Group,XX-XY,,,Grafton Group,GFTU.L,,,,,,,,,,,,,Ireland,company.public,USD-marketcap,"$2,510,000,000",$12.49,,,,,B.lion,,,,12026,phantasim,,,,,,,,,,
5050,12024,Emaar The Economic City,XX-XY,,,Emaar The Economic City,4220.SR,,,,,,,,,,,,,Saudi Arabia,company.public,USD-marketcap,"$2,510,000,000",$2.22,,,,,B.lion,,,,12026,phantasim,,,,,,,,,,
5051,12024,Carmila,XX-XY,,,Carmila,CARM.PA,,,,,,,,,,,,,France,company.public,USD-marketcap,"$2,510,000,000",$17.01,,,,,B.lion,,,,12026,phantasim,,,,,,,,,,
5052,12024,JBM Auto,XX-XY,,,JBM Auto,JBMA.NS,,,,,,,,,,,,,India,company.public,USD-marketcap,"$2,510,000,000",$21.26,,,,,B.lion,,,,12026,phantasim,,,,,,,,,,
5053,12024,Pegasus Airlines,XX-XY,,,Pegasus Airlines,PGSUS.IS,,,,,,,,,,,,,Turkey,company.public,USD-marketcap,"$2,510,000,000",$24.54,,,,,B.lion,,,,12026,phantasim,,,,,,,,,,
5054,12024,TietoEVRY,XX-XY,,,TietoEVRY,TIETO.HE,,,,,,,,,,,,,Finland,company.public,USD-marketcap,"$2,510,000,000",$21.24,,,,,B.lion,,,,12026,phantasim,,,,,,,,,,
5055,12024,Kindred Group,XX-XY,,,Kindred Group,KIND-SDB.ST,,,,,,,,,,,,,Malta,company.public,USD-marketcap,"$2,510,000,000",$11.71,,,,,B.lion,,,,12026,phantasim,,,,,,,,,,
5111,12024,Talos Energy,XX-XY,,,Talos Energy,TALO,,,,,,,,,,,,,United States,company.public,USD-marketcap,"$2,500,000,000",$13.65,,12024.03,,,B.lion,,,,12026,phantasim,,,,,,,,,,
5112,12024,Dexerials Corporation,XX-XY,,,Dexerials Corporation,4980.T,,,,,,,,,,,,,Japan,company.public,USD-marketcap,"$2,500,000,000",$43.62,,12024.03,,,B.lion,,,,12026,phantasim,,,,,,,,,,
5113,12024,Berner Kantonalbank,XX-XY,,,Berner Kantonalbank,BEKN.SW,,,,,,,,,,,,,Switzerland,company.public,USD-marketcap,"$2,500,000,000",$270.83,,,,,B.lion,,,,12026,phantasim,,,,,,,,,,
5114,12024,LegalZoom,XX-XY,,,LegalZoom,LZ,,,,,,,,,,,,,United States,company.public,USD-marketcap,"$2,490,000,000",$13.27,,12024.03,,,B.lion,,,,12026,phantasim,,,,,,,,,,
5115,12024,Mueller Water Products,XX-XY,,,Mueller Water Products,MWA,,,,,,,,,,,,,United States,company.public,USD-marketcap,"$2,490,000,000",$15.97,,12024.03,,,B.lion,,,,12026,phantasim,,,,,,,,,,
5116,12024,Bloomin' Brands,XX-XY,,,Bloomin' Brands,BLMN,,,,,,,,,,,,,United States,company.public,USD-marketcap,"$2,490,000,000",$28.64,,12024.03,,,B.lion,,,,12026,phantasim,,,,,,,,,,
5117,12024,Ghitha,XX-XY,,,Ghitha,GHITHA.AE,,,,,,,,,,,,,United Arab Emirates,company.public,USD-marketcap,"$2,490,000,000",$10.34,,,,,B.lion,,,,12026,phantasim,,,,,,,,,,
5118,12024,Bloom Energy,XX-XY,,,Bloom Energy,BE,,,,,,,,,,,,,United States,company.public,USD-marketcap,"$2,480,000,000",$11.03,,12024.03,,,B.lion,,,,12026,phantasim,,,,,,,,,,
5119,12024,O-I Glass,XX-XY,,,O-I Glass,OI,,,,,,,,,,,,,United States,company.public,USD-marketcap,"$2,480,000,000",$16.19,,12024.03,,,B.lion,,,,12026,phantasim,,,,,,,,,,
5120,12024,Bank of Hawaii,XX-XY,,,Bank of Hawaii,BOH,,,,,,,,,,,,,United States,company.public,USD-marketcap,"$2,480,000,000",$62.40,,12024.03,,,B.lion,,,,12026,phantasim,,,,,,,,,,
5121,12024,Minerals Technologies,XX-XY,,,Minerals Technologies,MTX,,,,,,,,,,,,,United States,company.public,USD-marketcap,"$2,480,000,000",$76.70,,12024.03,,,B.lion,,,,12026,phantasim,,,,,,,,,,
5122,12024,RXO,XX-XY,,,RXO,RXO,,,,,,,,,,,,,United States,company.public,USD-marketcap,"$2,480,000,000",$21.26,,12024.03,,,B.lion,,,,12026,phantasim,,,,,,,,,,
5123,12024,Golar LNG,XX-XY,,,Golar LNG,GLNG,,,,,,,,,,,,,Bermuda,company.public,USD-marketcap,"$2,480,000,000",$23.79,,12024.03,,,B.lion,,,,12026,phantasim,,,,,,,,,,
5124,12024,ICU Medical,XX-XY,,,ICU Medical,ICUI,,,,,,,,,,,,,United States,company.public,USD-marketcap,"$2,480,000,000",$102.89,,12024.03,,,B.lion,,,,12026,phantasim,,,,,,,,,,
5125,12024,Patterson Companies,XX-XY,,,Patterson Companies,PDCO,,,,,,,,,,,,,United States,company.public,USD-marketcap,"$2,480,000,000",$27.79,,12024.03,,,B.lion,,,,12026,phantasim,,,,,,,,,,
5126,12024,PROCEPT BioRobotics,XX-XY,,,PROCEPT BioRobotics,PRCT,,,,,,,,,,,,,United States,company.public,USD-marketcap,"$2,480,000,000",$48.84,,12024.03,,,B.lion,,,,12026,phantasim,,,,,,,,,,
5127,12024,KOBAYASHI Pharmaceutical,XX-XY,,,KOBAYASHI Pharmaceutical,4967.T,,,,,,,,,,,,,Japan,company.public,USD-marketcap,"$2,480,000,000",$32.21,,12024.03,,,B.lion,,,,12026,phantasim,,,,,,,,,,
5128,12024,BFF Bank,XX-XY,,,BFF Bank,BFF.MI,,,,,,,,,,,,,Italy,company.public,USD-marketcap,"$2,480,000,000",$13.31,,12024.03,,,B.lion,,,,12026,phantasim,,,,,,,,,,
5129,12024,China Gold International Resources,XX-XY,,,China Gold International Resources,CGG.TO,,,,,,,,,,,,,Canada,company.public,USD-marketcap,"$2,480,000,000",$6.28,,,,,B.lion,,,,12026,phantasim,,,,,,,,,,
5130,12024,The National Agricultural Development Company,XX-XY,,,The National Agricultural Development Company,6010.SR,,,,,,,,,,,,,Saudi Arabia,company.public,USD-marketcap,"$2,480,000,000",$8.24,,,,,B.lion,,,,12026,phantasim,,,,,,,,,,
5131,12024,NetLink Trust,XX-XY,,,NetLink Trust,CJLU.SI,,,,,,,,,,,,,Singapore,company.public,USD-marketcap,"$2,480,000,000",$0.64,,,,,B.lion,,,,12026,phantasim,,,,,,,,,,
5132,12024,CarGurus,XX-XY,,,CarGurus,CARG,,,,,,,,,,,,,United States,company.public,USD-marketcap,"$2,470,000,000",$23.00,,12024.03,,,B.lion,,,,12026,phantasim,,,,,,,,,,
5133,12024,Intapp,XX-XY,,,Intapp,INTA,,,,,,,,,,,,,United States,company.public,USD-marketcap,"$2,470,000,000",$33.84,,12024.03,,,B.lion,,,,12026,phantasim,,,,,,,,,,
5134,12024,Dave & Buster's,XX-XY,,,Dave & Buster's,PLAY,,,,,,,,,,,,,United States,company.public,USD-marketcap,"$2,470,000,000",$61.46,,12024.03,,,B.lion,,,,12026,phantasim,,,,,,,,,,
5135,12024,Tecnoglass,XX-XY,,,Tecnoglass,TGLS,,,,,,,,,,,,,Colombia,company.public,USD-marketcap,"$2,470,000,000",$52.68,,12024.03,,,B.lion,,,,12026,phantasim,,,,,,,,,,
5136,12024,CT REIT,XX-XY,,,CT REIT,CRT-UN.TO,,,,,,,,,,,,,Canada,company.public,USD-marketcap,"$2,470,000,000",$10.51,,,,,B.lion,,,,12026,phantasim,,,,,,,,,,
5137,12024,First Capital REIT,XX-XY,,,First Capital REIT,FCR-UN.TO,,,,,,,,,,,,,Canada,company.public,USD-marketcap,"$2,470,000,000",$11.67,,,,,B.lion,,,,12026,phantasim,,,,,,,,,,
5138,12024,SKF India,XX-XY,,,SKF India,SKFINDIA.NS,,,,,,,,,,,,,India,company.public,USD-marketcap,"$2,470,000,000",$50.03,,,,,B.lion,,,,12026,phantasim,,,,,,,,,,
5139,12024,Hertz,XX-XY,,,Hertz,HTZ,,,,,,,,,,,,,United States,company.public,USD-marketcap,"$2,460,000,000",$8.09,,12024.03,,,B.lion,,,,12026,phantasim,,,,,,,,,,
5140,12024,CONMED,XX-XY,,,CONMED,CNMD,,,,,,,,,,,,,United States,company.public,USD-marketcap,"$2,460,000,000",$80.14,,12024.03,,,B.lion,,,,12026,phantasim,,,,,,,,,,
5141,12024,CVB Financial,XX-XY,,,CVB Financial,CVBF,,,,,,,,,,,,,United States,company.public,USD-marketcap,"$2,460,000,000",$17.70,,12024.03,,,B.lion,,,,12026,phantasim,,,,,,,,,,
5142,12024,Goosehead Insurance,XX-XY,,,Goosehead Insurance,GSHD,,,,,,,,,,,,,United States,company.public,USD-marketcap,"$2,460,000,000",$64.99,,12024.03,,,B.lion,,,,12026,phantasim,,,,,,,,,,
5143,12024,Rocket Pharmaceuticals,XX-XY,,,Rocket Pharmaceuticals,RCKT,,,,,,,,,,,,,United States,company.public,USD-marketcap,"$2,460,000,000",$27.25,,12024.03,,,B.lion,,,,12026,phantasim,,,,,,,,,,
5144,12024,Mister Car Wash,XX-XY,,,Mister Car Wash,MCW,,,,,,,,,,,,,United States,company.public,USD-marketcap,"$2,450,000,000",$7.78,,12024.03,,,B.lion,,,,12026,phantasim,,,,,,,,,,
5145,12024,CONSOL Energy,XX-XY,,,CONSOL Energy,CEIX,,,,,,,,,,,,,United States,company.public,USD-marketcap,"$2,450,000,000",$82.97,,12024.03,,,B.lion,,,,12026,phantasim,,,,,,,,,,
5146,12024,Kymera Therapeutics,XX-XY,,,Kymera Therapeutics,KYMR,,,,,,,,,,,,,United States,company.public,USD-marketcap,"$2,450,000,000",$40.17,,12024.03,,,B.lion,,,,12026,phantasim,,,,,,,,,,
5147,12024,Gibraltar Industries,XX-XY,,,Gibraltar Industries,ROCK,,,,,,,,,,,,,United States,company.public,USD-marketcap,"$2,450,000,000",$80.56,,12024.03,,,B.lion,,,,12026,phantasim,,,,,,,,,,
5148,12024,Bank of Bahrain and Kuwait,XX-XY,,,Bank of Bahrain and Kuwait,BBK.BH,,,,,,,,,,,,,Bahrain,company.public,USD-marketcap,"$2,450,000,000",N/A,,12024.03,,,B.lion,,,,12026,phantasim,,,,,,,,,,
5149,12024,NBCC India,XX-XY,,,NBCC India,NBCC.NS,,,,,,,,,,,,,India,company.public,USD-marketcap,"$2,450,000,000",$1.36,,,,,B.lion,,,,12026,phantasim,,,,,,,,,,
5150,12024,ODDITY Tech,XX-XY,,,ODDITY Tech,ODD,,,,,,,,,,,,,Israel,company.public,USD-marketcap,"$2,440,000,000",$42.98,,12024.03,,,B.lion,,,,12026,phantasim,,,,,,,,,,
5151,12024,Werner Enterprises,XX-XY,,,Werner Enterprises,WERN,,,,,,,,,,,,,United States,company.public,USD-marketcap,"$2,440,000,000",$38.57,,12024.03,,,B.lion,,,,12026,phantasim,,,,,,,,,,
5152,12024,Land and Houses,XX-XY,,,Land and Houses,LH.BK,,,,,,,,,,,,,Thailand,company.public,USD-marketcap,"$2,440,000,000",$0.21,,12024.03,,,B.lion,,,,12026,phantasim,,,,,,,,,,
5153,12024,TAG Immobilien,XX-XY,,,TAG Immobilien,TEG.F,,,,,,,,,,,,,Germany,company.public,USD-marketcap,"$2,440,000,000",$13.72,,12024.03,,,B.lion,,,,12026,phantasim,,,,,,,,,,
5154,12024,Keppel REIT,XX-XY,,,Keppel REIT,K71U.SI,,,,,,,,,,,,,Singapore,company.public,USD-marketcap,"$2,440,000,000",$0.64,,,,,B.lion,,,,12026,phantasim,,,,,,,,,,
5155,12024,Sacyr,XX-XY,,,Sacyr,SCYR.MC,,,,,,,,,,,,,Spain,company.public,USD-marketcap,"$2,440,000,000",$3.62,,,,,B.lion,,,,12026,phantasim,,,,,,,,,,
5156,12024,Delek Group,XX-XY,,,Delek Group,DLEKG.TA,,,,,,,,,,,,,Israel,company.public,USD-marketcap,"$2,440,000,000",$132.03,,,,,B.lion,,,,12026,phantasim,,,,,,,,,,
5157,12024,Hudbay Minerals,XX-XY,,,Hudbay Minerals,HBM,,,,,,,,,,,,,Canada,company.public,USD-marketcap,"$2,430,000,000",$6.92,,12024.03,,,B.lion,,,,12026,phantasim,,,,,,,,,,
5158,12024,Upstart,XX-XY,,,Upstart,UPST,,,,,,,,,,,,,United States,company.public,USD-marketcap,"$2,430,000,000",$28.17,,12024.03,,,B.lion,,,,12026,phantasim,,,,,,,,,,
5159,12024,Braves Group,XX-XY,,,Braves Group,BATRK,,,,,,,,,,,,,United States,company.public,USD-marketcap,"$2,430,000,000",$38.68,,12024.03,,,B.lion,,,,12026,phantasim,,,,,,,,,,
5160,12024,MM Group (Mayr-Melnhof AG),XX-XY,,,MM Group (Mayr-Melnhof AG),MYM.F,,,,,,,,,,,,,Austria,company.public,USD-marketcap,"$2,430,000,000",$120.88,,12024.03,,,B.lion,,,,12026,phantasim,,,,,,,,,,
5161,12024,INFRONEER Holdings,XX-XY,,,INFRONEER Holdings,5076.T,,,,,,,,,,,,,Japan,company.public,USD-marketcap,"$2,430,000,000",$9.85,,12024.03,,,B.lion,,,,12026,phantasim,,,,,,,,,,
5162,12024,Cembra Money Bank,XX-XY,,,Cembra Money Bank,CMBN.SW,,,,,,,,,,,,,Switzerland,company.public,USD-marketcap,"$2,430,000,000",$82.91,,,,,B.lion,,,,12026,phantasim,,,,,,,,,,
5163,12024,Gudang Garam,XX-XY,,,Gudang Garam,GGRM.JK,,,,,,,,,,,,,Indonesia,company.public,USD-marketcap,"$2,430,000,000",$1.26,,,,,B.lion,,,,12026,phantasim,,,,,,,,,,
5164,12024,Eastern Bankshares,XX-XY,,,Eastern Bankshares,EBC,,,,,,,,,,,,,United States,company.public,USD-marketcap,"$2,420,000,000",$13.72,,12024.03,,,B.lion,,,,12026,phantasim,,,,,,,,,,
5165,12024,Simmons First National,XX-XY,,,Simmons First National,SFNC,,,,,,,,,,,,,United States,company.public,USD-marketcap,"$2,420,000,000",$19.34,,12024.03,,,B.lion,,,,12026,phantasim,,,,,,,,,,
5166,12024,TransMedics Group,XX-XY,,,TransMedics Group,TMDX,,,,,,,,,,,,,United States,company.public,USD-marketcap,"$2,420,000,000",$74.12,,12024.03,,,B.lion,,,,12026,phantasim,,,,,,,,,,
5167,12024,LXI REIT,XX-XY,,,LXI REIT,LXI.L,,,,,,,,,,,,,United Kingdom,company.public,USD-marketcap,"$2,420,000,000",$1.42,,12024.03,,,B.lion,,,,12026,phantasim,,,,,,,,,,
5168,12024,Lion Corp,XX-XY,,,Lion Corp,4912.T,,,,,,,,,,,,,Japan,company.public,USD-marketcap,"$2,420,000,000",$8.77,,12024.03,,,B.lion,,,,12026,phantasim,,,,,,,,,,
5169,12024,Kadokawa,XX-XY,,,Kadokawa,9468.T,,,,,,,,,,,,,Japan,company.public,USD-marketcap,"$2,420,000,000",$18.04,,12024.03,,,B.lion,,,,12026,phantasim,,,,,,,,,,
5170,12024,Webuild S.p.A.,XX-XY,,,Webuild S.p.A.,WBD.MI,,,,,,,,,,,,,Italy,company.public,USD-marketcap,"$2,420,000,000",$2.43,,,,,B.lion,,,,12026,phantasim,,,,,,,,,,
5171,12024,Electrolux,XX-XY,,,Electrolux,ELUX-A.ST,,,,,,,,,,,,,Sweden,company.public,USD-marketcap,"$2,420,000,000",$10.64,,,,,B.lion,,,,12026,phantasim,,,,,,,,,,
5172,12024,OSI Systems,XX-XY,,,OSI Systems,OSIS,,,,,,,,,,,,,United States,company.public,USD-marketcap,"$2,410,000,000",$141.44,,12024.03,,,B.lion,,,,12026,phantasim,,,,,,,,,,
5173,12024,Grainger plc,XX-XY,,,Grainger plc,GRI.L,,,,,,,,,,,,,United Kingdom,company.public,USD-marketcap,"$2,410,000,000",$3.27,,12024.03,,,B.lion,,,,12026,phantasim,,,,,,,,,,
5174,12024,Siam Global House,XX-XY,,,Siam Global House,GLOBAL.BK,,,,,,,,,,,,,Thailand,company.public,USD-marketcap,"$2,410,000,000",$0.47,,,,,B.lion,,,,12026,phantasim,,,,,,,,,,
5219,12024,MP Materials,XX-XY,,,MP Materials,MP,,,,,,,,,,,,,United States,company.public,USD-marketcap,"$2,400,000,000",$14.53,,12024.03,,,B.lion,,,,12026,phantasim,,,,,,,,,,
5220,12024,N-Able,XX-XY,,,N-Able,NABL,,,,,,,,,,,,,United States,company.public,USD-marketcap,"$2,400,000,000",$13.02,,12024.03,,,B.lion,,,,12026,phantasim,,,,,,,,,,
5221,12024,PGT Innovations,XX-XY,,,PGT Innovations,PGTI,,,,,,,,,,,,,United States,company.public,USD-marketcap,"$2,400,000,000",$41.99,,12024.03,,,B.lion,,,,12026,phantasim,,,,,,,,,,
5222,12024,TG Therapeutics,XX-XY,,,TG Therapeutics,TGTX,,,,,,,,,,,,,United States,company.public,USD-marketcap,"$2,400,000,000",$15.57,,12024.03,,,B.lion,,,,12026,phantasim,,,,,,,,,,
5223,12024,Pennon Group,XX-XY,,,Pennon Group,PNN.L,,,,,,,,,,,,,United Kingdom,company.public,USD-marketcap,"$2,400,000,000",$8.29,,12024.03,,,B.lion,,,,12026,phantasim,,,,,,,,,,
5224,12024,EQB (Equitable Bank),XX-XY,,,EQB (Equitable Bank),EQB.TO,,,,,,,,,,,,,Canada,company.public,USD-marketcap,"$2,390,000,000",$62.62,,,,,B.lion,,,,12026,phantasim,,,,,,,,,,
5225,12024,Mr Price Group,XX-XY,,,Mr Price Group,MRP.JO,,,,,,,,,,,,,South Africa,company.public,USD-marketcap,"$2,390,000,000",$9.29,,,,,B.lion,,,,12026,phantasim,,,,,,,,,,
5226,12024,Usiminas,XX-XY,,,Usiminas,USIM5.SA,,,,,,,,,,,,,Brazil,company.public,USD-marketcap,"$2,390,000,000",$2.02,,,,,B.lion,,,,12026,phantasim,,,,,,,,,,
5227,12024,Garrett Motion,XX-XY,,,Garrett Motion,GTX,,,,,,,,,,,,,Switzerland,company.public,USD-marketcap,"$2,380,000,000",$10.03,,12024.03,,,B.lion,,,,12026,phantasim,,,,,,,,,,
5228,12024,Rumble,XX-XY,,,Rumble,RUM,,,,,,,,,,,,,United States,company.public,USD-marketcap,"$2,380,000,000",$8.50,,12024.03,,,B.lion,,,,12026,phantasim,,,,,,,,,,
5229,12024,Banc of California,XX-XY,,,Banc of California,BANC,,,,,,,,,,,,,United States,company.public,USD-marketcap,"$2,380,000,000",$15.17,,12024.03,,,B.lion,,,,12026,phantasim,,,,,,,,,,
5230,12024,Cable One,XX-XY,,,Cable One,CABO,,,,,,,,,,,,,United States,company.public,USD-marketcap,"$2,380,000,000",$424.98,,12024.03,,,B.lion,,,,12026,phantasim,,,,,,,,,,
5231,12024,Manchester United,XX-XY,,,Manchester United,MANU,,,,,,,,,,,,,United Kingdom,company.public,USD-marketcap,"$2,380,000,000",$14.12,,12024.03,,,B.lion,,,,12026,phantasim,,,,,,,,,,
5232,12024,Recursion Pharmaceuticals,XX-XY,,,Recursion Pharmaceuticals,RXRX,,,,,,,,,,,,,United States,company.public,USD-marketcap,"$2,380,000,000",$10.17,,12024.03,,,B.lion,,,,12026,phantasim,,,,,,,,,,
5233,12024,Sonos,XX-XY,,,Sonos,SONO,,,,,,,,,,,,,United States,company.public,USD-marketcap,"$2,380,000,000",$19.22,,12024.03,,,B.lion,,,,12026,phantasim,,,,,,,,,,
5234,12024,Zeta Global,XX-XY,,,Zeta Global,ZETA,,,,,,,,,,,,,United States,company.public,USD-marketcap,"$2,380,000,000",$10.93,,12024.03,,,B.lion,,,,12026,phantasim,,,,,,,,,,
5235,12024,Topaz Energy,XX-XY,,,Topaz Energy,TPZ.TO,,,,,,,,,,,,,Canada,company.public,USD-marketcap,"$2,380,000,000",$16.46,,,,,B.lion,,,,12026,phantasim,,,,,,,,,,
5236,12024,Bank Jago,XX-XY,,,Bank Jago,ARTO.JK,,,,,,,,,,,,,Indonesia,company.public,USD-marketcap,"$2,380,000,000",$0.17,,,,,B.lion,,,,12026,phantasim,,,,,,,,,,
5237,12024,Mitra Keluarga,XX-XY,,,Mitra Keluarga,MIKA.JK,,,,,,,,,,,,,Indonesia,company.public,USD-marketcap,"$2,370,000,000",$0.17,,,,,B.lion,,,,12026,phantasim,,,,,,,,,,
5238,12024,Chesapeake Utilities,XX-XY,,,Chesapeake Utilities,CPK,,,,,,,,,,,,,United States,company.public,USD-marketcap,"$2,360,000,000",$106.49,,12024.03,,,B.lion,,,,12026,phantasim,,,,,,,,,,
5239,12024,Ginkgo Bioworks,XX-XY,,,Ginkgo Bioworks,DNA,,,,,,,,,,,,,United States,company.public,USD-marketcap,"$2,360,000,000",$1.10,,12024.03,,,B.lion,,,,12026,phantasim,,,,,,,,,,
5240,12024,Cimpress,XX-XY,,,Cimpress,CMPR,,,,,,,,,,,,,Ireland,company.public,USD-marketcap,"$2,360,000,000",$88.66,,12024.03,,,B.lion,,,,12026,phantasim,,,,,,,,,,
5241,12024,WaFd Bank,XX-XY,,,WaFd Bank,WAFD,,,,,,,,,,,,,United States,company.public,USD-marketcap,"$2,360,000,000",$28.87,,12024.03,,,B.lion,,,,12026,phantasim,,,,,,,,,,
5242,12024,Coface,XX-XY,,,Coface,COFA.PA,,,,,,,,,,,,,France,company.public,USD-marketcap,"$2,360,000,000",$15.80,,,,,B.lion,,,,12026,phantasim,,,,,,,,,,
5243,12024,Cofinimmo,XX-XY,,,Cofinimmo,COFB.BR,,,,,,,,,,,,,Belgium,company.public,USD-marketcap,"$2,360,000,000",$64.02,,,,,B.lion,,,,12026,phantasim,,,,,,,,,,
5244,12024,Batelco (Bahrain Telecommunication Company),XX-XY,,,Batelco (Bahrain Telecommunication Company),BEYON.BH,,,,,,,,,,,,,Bahrain,company.public,USD-marketcap,"$2,360,000,000",N/A,,,,,B.lion,,,,12026,phantasim,,,,,,,,,,
5245,12024,Oceaneering International,XX-XY,,,Oceaneering International,OII,,,,,,,,,,,,,United States,company.public,USD-marketcap,"$2,350,000,000",$23.33,,12024.03,,,B.lion,,,,12026,phantasim,,,,,,,,,,
5246,12024,Cellebrite,XX-XY,,,Cellebrite,CLBT,,,,,,,,,,,,,Israel,company.public,USD-marketcap,"$2,350,000,000",$11.45,,12024.03,,,B.lion,,,,12026,phantasim,,,,,,,,,,
5247,12024,H&E Equipment Services,XX-XY,,,H&E Equipment Services,HEES,,,,,,,,,,,,,United States,company.public,USD-marketcap,"$2,350,000,000",$64.62,,12024.03,,,B.lion,,,,12026,phantasim,,,,,,,,,,
5248,12024,Vera Therapeutics,XX-XY,,,Vera Therapeutics,VERA,,,,,,,,,,,,,United States,company.public,USD-marketcap,"$2,350,000,000",$43.83,,12024.03,,,B.lion,,,,12026,phantasim,,,,,,,,,,
5249,12024,Aroundtown,XX-XY,,,Aroundtown,AT1.F,,,,,,,,,,,,,Luxembourg,company.public,USD-marketcap,"$2,350,000,000",$2.11,,12024.03,,,B.lion,,,,12026,phantasim,,,,,,,,,,
5250,12024,Agilon Health,XX-XY,,,Agilon Health,AGL,,,,,,,,,,,,,United States,company.public,USD-marketcap,"$2,340,000,000",$5.73,,12024.03,,,B.lion,,,,12026,phantasim,,,,,,,,,,
5251,12024,Cushman & Wakefield,XX-XY,,,Cushman & Wakefield,CWK,,,,,,,,,,,,,United States,company.public,USD-marketcap,"$2,340,000,000",$10.31,,12024.03,,,B.lion,,,,12026,phantasim,,,,,,,,,,
5252,12024,WNS,XX-XY,,,WNS,WNS,,,,,,,,,,,,,India,company.public,USD-marketcap,"$2,340,000,000",$50.00,,12024.03,,,B.lion,,,,12026,phantasim,,,,,,,,,,
5253,12024,IES Holdings,XX-XY,,,IES Holdings,IESC,,,,,,,,,,,,,United States,company.public,USD-marketcap,"$2,340,000,000",$116.12,,12024.03,,,B.lion,,,,12026,phantasim,,,,,,,,,,
5254,12024,Kinetik,XX-XY,,,Kinetik,KNTK,,,,,,,,,,,,,United States,company.public,USD-marketcap,"$2,340,000,000",$39.31,,12024.03,,,B.lion,,,,12026,phantasim,,,,,,,,,,
5255,12024,Plug Power,XX-XY,,,Plug Power,PLUG,,,,,,,,,,,,,United States,company.public,USD-marketcap,"$2,340,000,000",$3.43,,12024.03,,,B.lion,,,,12026,phantasim,,,,,,,,,,
5256,12024,Sovos Brands,XX-XY,,,Sovos Brands,SOVO,,,,,,,,,,,,,United States,company.public,USD-marketcap,"$2,340,000,000",$22.98,,12024.03,,,B.lion,,,,12026,phantasim,,,,,,,,,,
5257,12024,Atoss,XX-XY,,,Atoss,AOF.F,,,,,,,,,,,,,Germany,company.public,USD-marketcap,"$2,340,000,000",$295.17,,12024.03,,,B.lion,,,,12026,phantasim,,,,,,,,,,
5258,12024,Lanxess,XX-XY,,,Lanxess,LXS.F,,,,,,,,,,,,,Germany,company.public,USD-marketcap,"$2,340,000,000",$27.11,,12024.03,,,B.lion,,,,12026,phantasim,,,,,,,,,,
5259,12024,National Industrialization Company (Saudi Arabia),XX-XY,,,National Industrialization Company (Saudi Arabia),2060.SR,,,,,,,,,,,,,Saudi Arabia,company.public,USD-marketcap,"$2,340,000,000",$3.51,,,,,B.lion,,,,12026,phantasim,,,,,,,,,,
5260,12024,Burgan Bank,XX-XY,,,Burgan Bank,BURG.KW,,,,,,,,,,,,,Kuwait,company.public,USD-marketcap,"$2,340,000,000",$679.92,,,,,B.lion,,,,12026,phantasim,,,,,,,,,,
5261,12024,Callon Petroleum,XX-XY,,,Callon Petroleum,CPE,,,,,,,,,,,,,United States,company.public,USD-marketcap,"$2,330,000,000",$35.12,,12024.03,,,B.lion,,,,12026,phantasim,,,,,,,,,,
5262,12024,Secure Energy Services,XX-XY,,,Secure Energy Services,SES.TO,,,,,,,,,,,,,Canada,company.public,USD-marketcap,"$2,330,000,000",$8.32,,,,,B.lion,,,,12026,phantasim,,,,,,,,,,
5263,12024,Mahindra CIE,XX-XY,,,Mahindra CIE,MAHINDCIE.NS,,,,,,,,,,,,,India,company.public,USD-marketcap,"$2,330,000,000",$6.14,,,,,B.lion,,,,12026,phantasim,,,,,,,,,,
5264,12024,First Advantage,XX-XY,,,First Advantage,FA,,,,,,,,,,,,,United States,company.public,USD-marketcap,"$2,320,000,000",$16.05,,12024.03,,,B.lion,,,,12026,phantasim,,,,,,,,,,
5265,12024,AMN Healthcare Services,XX-XY,,,AMN Healthcare Services,AMN,,,,,,,,,,,,,United States,company.public,USD-marketcap,"$2,320,000,000",$61.48,,12024.03,,,B.lion,,,,12026,phantasim,,,,,,,,,,
5266,12024,Alkami Technology,XX-XY,,,Alkami Technology,ALKT,,,,,,,,,,,,,United States,company.public,USD-marketcap,"$2,320,000,000",$23.99,,12024.03,,,B.lion,,,,12026,phantasim,,,,,,,,,,
5267,12024,Arcos Dorados Holdings,XX-XY,,,Arcos Dorados Holdings,ARCO,,,,,,,,,,,,,Uruguay,company.public,USD-marketcap,"$2,320,000,000",$11.02,,12024.03,,,B.lion,,,,12026,phantasim,,,,,,,,,,
5268,12024,Jamf,XX-XY,,,Jamf,JAMF,,,,,,,,,,,,,United States,company.public,USD-marketcap,"$2,320,000,000",$18.31,,12024.03,,,B.lion,,,,12026,phantasim,,,,,,,,,,
5269,12024,Keros Therapeutics,XX-XY,,,Keros Therapeutics,KROS,,,,,,,,,,,,,United States,company.public,USD-marketcap,"$2,320,000,000",$64.66,,12024.03,,,B.lion,,,,12026,phantasim,,,,,,,,,,
5270,12024,Toho Gas,XX-XY,,,Toho Gas,9533.T,,,,,,,,,,,,,Japan,company.public,USD-marketcap,"$2,320,000,000",$22.14,,12024.03,,,B.lion,,,,12026,phantasim,,,,,,,,,,
5271,12024,Super Retail Group,XX-XY,,,Super Retail Group,SUL.AX,,,,,,,,,,,,,Australia,company.public,USD-marketcap,"$2,320,000,000",$10.31,,,,,B.lion,,,,12026,phantasim,,,,,,,,,,
5272,12024,CJ Group,XX-XY,,,CJ Group,001040.KS,,,,,,,,,,,,,South Korea,company.public,USD-marketcap,"$2,320,000,000",$85.94,,,,,B.lion,,,,12026,phantasim,,,,,,,,,,
5273,12024,Alembic Pharmaceuticals,XX-XY,,,Alembic Pharmaceuticals,APLLTD.NS,,,,,,,,,,,,,India,company.public,USD-marketcap,"$2,320,000,000",$11.83,,,,,B.lion,,,,12026,phantasim,,,,,,,,,,
5274,12024,Relaxo Footwear,XX-XY,,,Relaxo Footwear,RELAXO.NS,,,,,,,,,,,,,India,company.public,USD-marketcap,"$2,320,000,000",$9.32,,,,,B.lion,,,,12026,phantasim,,,,,,,,,,
5275,12024,Privia Health Group,XX-XY,,,Privia Health Group,PRVA,,,,,,,,,,,,,United States,company.public,USD-marketcap,"$2,310,000,000",$19.55,,12024.03,,,B.lion,,,,12026,phantasim,,,,,,,,,,
5276,12024,Tandem Diabetes Care,XX-XY,,,Tandem Diabetes Care,TNDM,,,,,,,,,,,,,United States,company.public,USD-marketcap,"$2,310,000,000",$35.30,,12024.03,,,B.lion,,,,12026,phantasim,,,,,,,,,,
5277,12024,Deliveroo,XX-XY,,,Deliveroo,ROO.L,,,,,,,,,,,,,United Kingdom,company.public,USD-marketcap,"$2,310,000,000",$1.47,,12024.03,,,B.lion,,,,12026,phantasim,,,,,,,,,,
5278,12024,Österreichische Post,XX-XY,,,Österreichische Post,POST.VI,,,,,,,,,,,,,Austria,company.public,USD-marketcap,"$2,310,000,000",$34.28,,,,,B.lion,,,,12026,phantasim,,,,,,,,,,
5279,12024,Suntec REIT,XX-XY,,,Suntec REIT,T82U.SI,,,,,,,,,,,,,Singapore,company.public,USD-marketcap,"$2,310,000,000",$0.80,,,,,B.lion,,,,12026,phantasim,,,,,,,,,,
5280,12024,Ramco Cements,XX-XY,,,Ramco Cements,RAMCOCEM.NS,,,,,,,,,,,,,India,company.public,USD-marketcap,"$2,310,000,000",$9.80,,,,,B.lion,,,,12026,phantasim,,,,,,,,,,
5281,12024,Ratnamani Metals & Tubes,XX-XY,,,Ratnamani Metals & Tubes,RATNAMANI.NS,,,,,,,,,,,,,India,company.public,USD-marketcap,"$2,310,000,000",$32.99,,,,,B.lion,,,,12026,phantasim,,,,,,,,,,
5338,12024,Weibo,XX-XY,,,Weibo,WB,,,,,,,,,,,,,China,company.public,USD-marketcap,"$2,300,000,000",$9.50,,12024.03,,,B.lion,,,,12026,phantasim,,,,,,,,,,
5339,12024,Tennant Company,XX-XY,,,Tennant Company,TNC,,,,,,,,,,,,,United States,company.public,USD-marketcap,"$2,300,000,000",$121.50,,12024.03,,,B.lion,,,,12026,phantasim,,,,,,,,,,
5340,12024,Pacific Premier Bancorp,XX-XY,,,Pacific Premier Bancorp,PPBI,,,,,,,,,,,,,United States,company.public,USD-marketcap,"$2,300,000,000",$24.02,,12024.03,,,B.lion,,,,12026,phantasim,,,,,,,,,,
5341,12024,Progress Software,XX-XY,,,Progress Software,PRGS,,,,,,,,,,,,,United States,company.public,USD-marketcap,"$2,300,000,000",$52.63,,12024.03,,,B.lion,,,,12026,phantasim,,,,,,,,,,
5342,12024,Riken Keiki,XX-XY,,,Riken Keiki,7734.T,,,,,,,,,,,,,Japan,company.public,USD-marketcap,"$2,300,000,000",$49.75,,12024.03,,,B.lion,,,,12026,phantasim,,,,,,,,,,
5343,12024,ZhongAn Insurance,XX-XY,,,ZhongAn Insurance,6060.HK,,,,,,,,,,,,,China,company.public,USD-marketcap,"$2,300,000,000",$1.63,,,,,B.lion,,,,12026,phantasim,,,,,,,,,,
5344,12024,Trinity Industries,XX-XY,,,Trinity Industries,TRN,,,,,,,,,,,,,United States,company.public,USD-marketcap,"$2,290,000,000",$28.04,,12024.03,,,B.lion,,,,12026,phantasim,,,,,,,,,,
5345,12024,LifeStance Health Group,XX-XY,,,LifeStance Health Group,LFST,,,,,,,,,,,,,United States,company.public,USD-marketcap,"$2,290,000,000",$6.02,,12024.03,,,B.lion,,,,12026,phantasim,,,,,,,,,,
5346,12024,Danieli & C. Officine Meccaniche,XX-XY,,,Danieli & C. Officine Meccaniche,DAN.MI,,,,,,,,,,,,,Italy,company.public,USD-marketcap,"$2,290,000,000",$36.34,,,,,B.lion,,,,12026,phantasim,,,,,,,,,,
5347,12024,National Medical Care Company,XX-XY,,,National Medical Care Company,4005.SR,,,,,,,,,,,,,Saudi Arabia,company.public,USD-marketcap,"$2,290,000,000",$51.06,,,,,B.lion,,,,12026,phantasim,,,,,,,,,,
5348,12024,Aperam,XX-XY,,,Aperam,APAM.AS,,,,,,,,,,,,,Luxembourg,company.public,USD-marketcap,"$2,290,000,000",$31.57,,,,,B.lion,,,,12026,phantasim,,,,,,,,,,
5349,12024,Zhejiang Jinke Tom Culture Industry,XX-XY,,,Zhejiang Jinke Tom Culture Industry,300459.SZ,,,,,,,,,,,,,China,company.public,USD-marketcap,"$2,290,000,000",$0.61,,,,,B.lion,,,,12026,phantasim,,,,,,,,,,
5350,12024,Emami,XX-XY,,,Emami,EMAMILTD.NS,,,,,,,,,,,,,India,company.public,USD-marketcap,"$2,290,000,000",$5.26,,,,,B.lion,,,,12026,phantasim,,,,,,,,,,
5351,12024,Array Technologies,XX-XY,,,Array Technologies,ARRY,,,,,,,,,,,,,United States,company.public,USD-marketcap,"$2,280,000,000",$15.10,,12024.03,,,B.lion,,,,12026,phantasim,,,,,,,,,,
5352,12024,Itaú CorpBanca,XX-XY,,,Itaú CorpBanca,ITCB,,,,,,,,,,,,,Chile,company.public,USD-marketcap,"$2,280,000,000",$3.42,,12024.03,,,B.lion,,,,12026,phantasim,,,,,,,,,,
5353,12024,Laureate Education,XX-XY,,,Laureate Education,LAUR,,,,,,,,,,,,,United States,company.public,USD-marketcap,"$2,280,000,000",$14.50,,12024.03,,,B.lion,,,,12026,phantasim,,,,,,,,,,
5354,12024,Telus International,XX-XY,,,Telus International,TIXT,,,,,,,,,,,,,Canada,company.public,USD-marketcap,"$2,280,000,000",$8.33,,12024.03,,,B.lion,,,,12026,phantasim,,,,,,,,,,
5355,12024,ID Logistics Group,XX-XY,,,ID Logistics Group,IDL.PA,,,,,,,,,,,,,France,company.public,USD-marketcap,"$2,280,000,000",$369.91,,,,,B.lion,,,,12026,phantasim,,,,,,,,,,
5356,12024,Prospect Capital,XX-XY,,,Prospect Capital,PSEC,,,,,,,,,,,,,United States,company.public,USD-marketcap,"$2,270,000,000",$5.49,,12024.03,,,B.lion,,,,12026,phantasim,,,,,,,,,,
5357,12024,MVV Energie,XX-XY,,,MVV Energie,MVV1.F,,,,,,,,,,,,,Germany,company.public,USD-marketcap,"$2,270,000,000",$34.23,,,,,B.lion,,,,12026,phantasim,,,,,,,,,,
5358,12024,Shangri-La,XX-XY,,,Shangri-La,0069.HK,,,,,,,,,,,,,Hong Kong,company.public,USD-marketcap,"$2,270,000,000",$0.64,,,,,B.lion,,,,12026,phantasim,,,,,,,,,,
5359,12024,ENAV,XX-XY,,,ENAV,ENAV.MI,,,,,,,,,,,,,Italy,company.public,USD-marketcap,"$2,270,000,000",$4.21,,,,,B.lion,,,,12026,phantasim,,,,,,,,,,
5360,12024,OYAK Çimento,XX-XY,,,OYAK Çimento,OYAKC.IS,,,,,,,,,,,,,Turkey,company.public,USD-marketcap,"$2,270,000,000",$1.82,,,,,B.lion,,,,12026,phantasim,,,,,,,,,,
5361,12024,Dr Lal PathLabs,XX-XY,,,Dr Lal PathLabs,LALPATHLAB.NS,,,,,,,,,,,,,India,company.public,USD-marketcap,"$2,270,000,000",$27.32,,,,,B.lion,,,,12026,phantasim,,,,,,,,,,
5362,12024,Tootsie Roll Industries,XX-XY,,,Tootsie Roll Industries,TR,,,,,,,,,,,,,United States,company.public,USD-marketcap,"$2,260,000,000",$31.96,,12024.03,,,B.lion,,,,12026,phantasim,,,,,,,,,,
5363,12024,Sunstone Hotel Investors,XX-XY,,,Sunstone Hotel Investors,SHO,,,,,,,,,,,,,United States,company.public,USD-marketcap,"$2,260,000,000",$11.13,,12024.03,,,B.lion,,,,12026,phantasim,,,,,,,,,,
5364,12024,ViaSat,XX-XY,,,ViaSat,VSAT,,,,,,,,,,,,,United States,company.public,USD-marketcap,"$2,260,000,000",$18.09,,12024.03,,,B.lion,,,,12026,phantasim,,,,,,,,,,
5365,12024,Piramal Enterprises,XX-XY,,,Piramal Enterprises,PEL.NS,,,,,,,,,,,,,India,company.public,USD-marketcap,"$2,260,000,000",$10.09,,,,,B.lion,,,,12026,phantasim,,,,,,,,,,
5366,12024,BillerudKorsnäs,XX-XY,,,BillerudKorsnäs,BILL.ST,,,,,,,,,,,,,Sweden,company.public,USD-marketcap,"$2,260,000,000",$9.13,,,,,B.lion,,,,12026,phantasim,,,,,,,,,,
5367,12024,Colbún,XX-XY,,,Colbún,COLBUN.SN,,,,,,,,,,,,,Chile,company.public,USD-marketcap,"$2,260,000,000",$0.13,,,,,B.lion,,,,12026,phantasim,,,,,,,,,,
5368,12024,Agilysys,XX-XY,,,Agilysys,AGYS,,,,,,,,,,,,,United States,company.public,USD-marketcap,"$2,250,000,000",$82.45,,12024.03,,,B.lion,,,,12026,phantasim,,,,,,,,,,
5369,12024,Primoris Services Corporation,XX-XY,,,Primoris Services Corporation,PRIM,,,,,,,,,,,,,United States,company.public,USD-marketcap,"$2,250,000,000",$42.00,,12024.03,,,B.lion,,,,12026,phantasim,,,,,,,,,,
5370,12024,PTC Therapeutics,XX-XY,,,PTC Therapeutics,PTCT,,,,,,,,,,,,,United States,company.public,USD-marketcap,"$2,250,000,000",$29.44,,12024.03,,,B.lion,,,,12026,phantasim,,,,,,,,,,
5371,12024,ComfortDelGro,XX-XY,,,ComfortDelGro,C52.SI,,,,,,,,,,,,,Singapore,company.public,USD-marketcap,"$2,250,000,000",$1.04,,12024.03,,,B.lion,,,,12026,phantasim,,,,,,,,,,
5372,12024,4imprint Group,XX-XY,,,4imprint Group,FOUR.L,,,,,,,,,,,,,United Kingdom,company.public,USD-marketcap,"$2,250,000,000",$80.14,,,,,B.lion,,,,12026,phantasim,,,,,,,,,,
5373,12024,Vector Limited,XX-XY,,,Vector Limited,VCT.NZ,,,,,,,,,,,,,New Zealand,company.public,USD-marketcap,"$2,250,000,000",$2.26,,,,,B.lion,,,,12026,phantasim,,,,,,,,,,
5374,12024,Trulieve Cannabis,XX-XY,,,Trulieve Cannabis,TRUL.CN,,,,,,,,,,,,,United States,company.public,USD-marketcap,"$2,250,000,000",$12.09,,,,,B.lion,,,,12026,phantasim,,,,,,,,,,
5375,12024,Migros Ticaret A.S.,XX-XY,,,Migros Ticaret A.S.,MGROS.IS,,,,,,,,,,,,,Turkey,company.public,USD-marketcap,"$2,250,000,000",$12.68,,,,,B.lion,,,,12026,phantasim,,,,,,,,,,
5376,12024,Janus International Group,XX-XY,,,Janus International Group,JBI,,,,,,,,,,,,,United States,company.public,USD-marketcap,"$2,240,000,000",$15.29,,12024.03,,,B.lion,,,,12026,phantasim,,,,,,,,,,
5377,12024,Rogers Corporation,XX-XY,,,Rogers Corporation,ROG,,,,,,,,,,,,,United States,company.public,USD-marketcap,"$2,240,000,000",$120.48,,12024.03,,,B.lion,,,,12026,phantasim,,,,,,,,,,
5378,12024,Atlas Energy Solutions,XX-XY,,,Atlas Energy Solutions,AESI,,,,,,,,,,,,,United States,company.public,USD-marketcap,"$2,240,000,000",$22.49,,12024.03,,,B.lion,,,,12026,phantasim,,,,,,,,,,
5379,12024,Fidelis Insurance,XX-XY,,,Fidelis Insurance,FIHL,,,,,,,,,,,,,Bermuda,company.public,USD-marketcap,"$2,240,000,000",$19.08,,12024.03,,,B.lion,,,,12026,phantasim,,,,,,,,,,
5380,12024,Trainline,XX-XY,,,Trainline,TRN.L,,,,,,,,,,,,,United Kingdom,company.public,USD-marketcap,"$2,240,000,000",$4.77,,12024.03,,,B.lion,,,,12026,phantasim,,,,,,,,,,
5381,12024,Amot Investment,XX-XY,,,Amot Investment,AMOT.TA,,,,,,,,,,,,,Israel,company.public,USD-marketcap,"$2,240,000,000",$4.77,,,,,B.lion,,,,12026,phantasim,,,,,,,,,,
5382,12024,Uponor,XX-XY,,,Uponor,UPONOR.HE,,,,,,,,,,,,,Finland,company.public,USD-marketcap,"$2,240,000,000",$30.87,,,,,B.lion,,,,12026,phantasim,,,,,,,,,,
5383,12024,Four Corners Property Trust,XX-XY,,,Four Corners Property Trust,FCPT,,,,,,,,,,,,,United States,company.public,USD-marketcap,"$2,230,000,000",$24.26,,12024.03,,,B.lion,,,,12026,phantasim,,,,,,,,,,
5384,12024,Independent Bank Corp (Massachusetts),XX-XY,,,Independent Bank Corp (Massachusetts),INDB,,,,,,,,,,,,,United States,company.public,USD-marketcap,"$2,230,000,000",$52.69,,12024.03,,,B.lion,,,,12026,phantasim,,,,,,,,,,
5385,12024,Yulon Motor Company,XX-XY,,,Yulon Motor Company,2201.TW,,,,,,,,,,,,,Taiwan,company.public,USD-marketcap,"$2,230,000,000",$2.10,,,,,B.lion,,,,12026,phantasim,,,,,,,,,,
5386,12024,BBVA Argentina,XX-XY,,,BBVA Argentina,BBAR,,,,,,,,,,,,,Argentina,company.public,USD-marketcap,"$2,220,000,000",$8.50,,12024.03,,,B.lion,,,,12026,phantasim,,,,,,,,,,
5387,12024,MillerKnoll,XX-XY,,,MillerKnoll,MLKN,,,,,,,,,,,,,United States,company.public,USD-marketcap,"$2,220,000,000",$30.53,,12024.03,,,B.lion,,,,12026,phantasim,,,,,,,,,,
5388,12024,NWTN Inc.,XX-XY,,,NWTN Inc.,NWTN,,,,,,,,,,,,,United Arab Emirates,company.public,USD-marketcap,"$2,220,000,000",$7.79,,12024.03,,,B.lion,,,,12026,phantasim,,,,,,,,,,
5389,12024,LiveRamp,XX-XY,,,LiveRamp,RAMP,,,,,,,,,,,,,United States,company.public,USD-marketcap,"$2,220,000,000",$33.66,,12024.03,,,B.lion,,,,12026,phantasim,,,,,,,,,,
5390,12024,Mainova,XX-XY,,,Mainova,MNV6.F,,,,,,,,,,,,,Germany,company.public,USD-marketcap,"$2,220,000,000",$405.11,,,,,B.lion,,,,12026,phantasim,,,,,,,,,,
5391,12024,Kingboard Holdings,XX-XY,,,Kingboard Holdings,0148.HK,,,,,,,,,,,,,Hong Kong,company.public,USD-marketcap,"$2,220,000,000",$2.01,,,,,B.lion,,,,12026,phantasim,,,,,,,,,,
5392,12024,Trident,XX-XY,,,Trident,TRIDENT.NS,,,,,,,,,,,,,India,company.public,USD-marketcap,"$2,220,000,000",$0.44,,,,,B.lion,,,,12026,phantasim,,,,,,,,,,
5393,12024,Puyi Inc.,XX-XY,,,Puyi Inc.,PUYI,,,,,,,,,,,,,China,company.public,USD-marketcap,"$2,210,000,000",$8.96,,12024.03,,,B.lion,,,,12026,phantasim,,,,,,,,,,
5394,12024,Strauss Group,XX-XY,,,Strauss Group,STRS.TA,,,,,,,,,,,,,Israel,company.public,USD-marketcap,"$2,210,000,000",$18.97,,,,,B.lion,,,,12026,phantasim,,,,,,,,,,
5395,12024,MONETA Money Bank,XX-XY,,,MONETA Money Bank,MONET.PR,,,,,,,,,,,,,Czech Republic,company.public,USD-marketcap,"$2,210,000,000",$4.34,,,,,B.lion,,,,12026,phantasim,,,,,,,,,,
5462,12024,Xerox,XX-XY,,,Xerox,XRX,,,,,,,,,,,,,United States,company.public,USD-marketcap,"$2,200,000,000",$17.75,,12024.03,,,B.lion,,,,12026,phantasim,,,,,,,,,,
5463,12024,Coursera,XX-XY,,,Coursera,COUR,,,,,,,,,,,,,United States,company.public,USD-marketcap,"$2,200,000,000",$14.07,,12024.03,,,B.lion,,,,12026,phantasim,,,,,,,,,,
5464,12024,Sana Biotechnology,XX-XY,,,Sana Biotechnology,SANA,,,,,,,,,,,,,United States,company.public,USD-marketcap,"$2,200,000,000",$10.00,,12024.03,,,B.lion,,,,12026,phantasim,,,,,,,,,,
5465,12024,Expro Group,XX-XY,,,Expro Group,XPRO,,,,,,,,,,,,,United States,company.public,USD-marketcap,"$2,200,000,000",$20.02,,12024.03,,,B.lion,,,,12026,phantasim,,,,,,,,,,
5466,12024,Sanofi India Limited,XX-XY,,,Sanofi India Limited,SANOFI.NS,,,,,,,,,,,,,India,company.public,USD-marketcap,"$2,200,000,000",$95.60,,,,,B.lion,,,,12026,phantasim,,,,,,,,,,
5467,12024,Elgi Equipments,XX-XY,,,Elgi Equipments,ELGIEQUIP.NS,,,,,,,,,,,,,India,company.public,USD-marketcap,"$2,200,000,000",$6.96,,,,,B.lion,,,,12026,phantasim,,,,,,,,,,
5469,12024,Compañía Cervecerías Unidas,XX-XY,,,Compañía Cervecerías Unidas,CCU,,,,,,,,,,,,,Chile,company.public,USD-marketcap,"$2,190,000,000",$11.84,,12024.03,,,B.lion,,,,12026,phantasim,,,,,,,,,,
5470,12024,Cinemark Theatres,XX-XY,,,Cinemark Theatres,CNK,,,,,,,,,,,,,United States,company.public,USD-marketcap,"$2,190,000,000",$18.07,,12024.03,,,B.lion,,,,12026,phantasim,,,,,,,,,,
5471,12024,ReNew Power,XX-XY,,,ReNew Power,RNW,,,,,,,,,,,,,India,company.public,USD-marketcap,"$2,190,000,000",$6.00,,12024.03,,,B.lion,,,,12026,phantasim,,,,,,,,,,
5472,12024,Six Flags,XX-XY,,,Six Flags,SIX,,,,,,,,,,,,,United States,company.public,USD-marketcap,"$2,190,000,000",$26.09,,12024.03,,,B.lion,,,,12026,phantasim,,,,,,,,,,
5473,12024,Calix,XX-XY,,,Calix,CALX,,,,,,,,,,,,,United States,company.public,USD-marketcap,"$2,190,000,000",$33.50,,12024.03,,,B.lion,,,,12026,phantasim,,,,,,,,,,
5474,12024,RHI Magnesita,XX-XY,,,RHI Magnesita,RHF.F,,,,,,,,,,,,,Austria,company.public,USD-marketcap,"$2,190,000,000",$45.49,,12024.03,,,B.lion,,,,12026,phantasim,,,,,,,,,,
5475,12024,Adeka Corporation,XX-XY,,,Adeka Corporation,4401.T,,,,,,,,,,,,,Japan,company.public,USD-marketcap,"$2,190,000,000",$21.49,,12024.03,,,B.lion,,,,12026,phantasim,,,,,,,,,,
5476,12024,Filo Mining,XX-XY,,,Filo Mining,FIL.TO,,,,,,,,,,,,,Canada,company.public,USD-marketcap,"$2,190,000,000",$16.80,,,,,B.lion,,,,12026,phantasim,,,,,,,,,,
5477,12024,SSP Group,XX-XY,,,SSP Group,SSPG.L,,,,,,,,,,,,,United Kingdom,company.public,USD-marketcap,"$2,190,000,000",$2.75,,,,,B.lion,,,,12026,phantasim,,,,,,,,,,
5478,12024,Al-Dawaa Medical Services Company,XX-XY,,,Al-Dawaa Medical Services Company,4163.SR,,,,,,,,,,,,,Saudi Arabia,company.public,USD-marketcap,"$2,190,000,000",$25.80,,,,,B.lion,,,,12026,phantasim,,,,,,,,,,
5479,12024,Landis+Gyr,XX-XY,,,Landis+Gyr,LAND.SW,,,,,,,,,,,,,Switzerland,company.public,USD-marketcap,"$2,190,000,000",$76.00,,,,,B.lion,,,,12026,phantasim,,,,,,,,,,
5480,12024,TISCO Financial Group,XX-XY,,,TISCO Financial Group,TISCO.BK,,,,,,,,,,,,,Thailand,company.public,USD-marketcap,"$2,190,000,000",$2.74,,,,,B.lion,,,,12026,phantasim,,,,,,,,,,
5481,12024,Devyani International,XX-XY,,,Devyani International,DEVYANI.NS,,,,,,,,,,,,,India,company.public,USD-marketcap,"$2,190,000,000",$1.82,,,,,B.lion,,,,12026,phantasim,,,,,,,,,,
5482,12024,Kajaria Ceramics,XX-XY,,,Kajaria Ceramics,KAJARIACER.NS,,,,,,,,,,,,,India,company.public,USD-marketcap,"$2,190,000,000",$13.77,,,,,B.lion,,,,12026,phantasim,,,,,,,,,,
5483,12024,Guardant Health,XX-XY,,,Guardant Health,GH,,,,,,,,,,,,,United States,company.public,USD-marketcap,"$2,180,000,000",$17.96,,12024.03,,,B.lion,,,,12026,phantasim,,,,,,,,,,
5484,12024,Endava,XX-XY,,,Endava,DAVA,,,,,,,,,,,,,United Kingdom,company.public,USD-marketcap,"$2,180,000,000",$37.83,,12024.03,,,B.lion,,,,12026,phantasim,,,,,,,,,,
5485,12024,StoneX Group,XX-XY,,,StoneX Group,SNEX,,,,,,,,,,,,,United States,company.public,USD-marketcap,"$2,180,000,000",$69.34,,12024.03,,,B.lion,,,,12026,phantasim,,,,,,,,,,
5486,12024,VIZIO,XX-XY,,,VIZIO,VZIO,,,,,,,,,,,,,United States,company.public,USD-marketcap,"$2,180,000,000",$11.06,,12024.03,,,B.lion,,,,12026,phantasim,,,,,,,,,,
5487,12024,TechnoPro Holdings,XX-XY,,,TechnoPro Holdings,6028.T,,,,,,,,,,,,,Japan,company.public,USD-marketcap,"$2,180,000,000",$20.50,,12024.03,,,B.lion,,,,12026,phantasim,,,,,,,,,,
5488,12024,KRUK Spólka Akcyjna,XX-XY,,,KRUK Spólka Akcyjna,KRU.WA,,,,,,,,,,,,,Poland,company.public,USD-marketcap,"$2,180,000,000",$113.29,,,,,B.lion,,,,12026,phantasim,,,,,,,,,,
5489,12024,Permata Bank,XX-XY,,,Permata Bank,BNLI.JK,,,,,,,,,,,,,Indonesia,company.public,USD-marketcap,"$2,180,000,000",$0.06,,,,,B.lion,,,,12026,phantasim,,,,,,,,,,
5490,12024,Chartwell Retirement Residences,XX-XY,,,Chartwell Retirement Residences,CSH-UN.TO,,,,,,,,,,,,,Canada,company.public,USD-marketcap,"$2,180,000,000",$9.10,,,,,B.lion,,,,12026,phantasim,,,,,,,,,,
5491,12024,Park National Corp,XX-XY,,,Park National Corp,PRK,,,,,,,,,,,,,United States,company.public,USD-marketcap,"$2,170,000,000",$134.71,,12024.03,,,B.lion,,,,12026,phantasim,,,,,,,,,,
5492,12024,Galapagos NV,XX-XY,,,Galapagos NV,GLPG,,,,,,,,,,,,,Belgium,company.public,USD-marketcap,"$2,170,000,000",$32.95,,12024.03,,,B.lion,,,,12026,phantasim,,,,,,,,,,
5493,12024,Papa John's Pizza,XX-XY,,,Papa John's Pizza,PZZA,,,,,,,,,,,,,United States,company.public,USD-marketcap,"$2,170,000,000",$66.26,,12024.03,,,B.lion,,,,12026,phantasim,,,,,,,,,,
5494,12024,Eramet,XX-XY,,,Eramet,ERA.PA,,,,,,,,,,,,,France,company.public,USD-marketcap,"$2,170,000,000",$75.50,,,,,B.lion,,,,12026,phantasim,,,,,,,,,,
5495,12024,Yuexiu Property,XX-XY,,,Yuexiu Property,0123.HK,,,,,,,,,,,,,Hong Kong,company.public,USD-marketcap,"$2,170,000,000",$0.54,,,,,B.lion,,,,12026,phantasim,,,,,,,,,,
5496,12024,Abu Dhabi National Hotels,XX-XY,,,Abu Dhabi National Hotels,ADNH.AE,,,,,,,,,,,,,United Arab Emirates,company.public,USD-marketcap,"$2,170,000,000",$0.17,,,,,B.lion,,,,12026,phantasim,,,,,,,,,,
5497,12024,dormakaba,XX-XY,,,dormakaba,DOKA.SW,,,,,,,,,,,,,Switzerland,company.public,USD-marketcap,"$2,170,000,000",$520.66,,,,,B.lion,,,,12026,phantasim,,,,,,,,,,
5498,12024,Brinker International,XX-XY,,,Brinker International,EAT,,,,,,,,,,,,,United States,company.public,USD-marketcap,"$2,160,000,000",$49.03,,12024.03,,,B.lion,,,,12026,phantasim,,,,,,,,,,
5499,12024,Standex,XX-XY,,,Standex,SXI,,,,,,,,,,,,,United States,company.public,USD-marketcap,"$2,160,000,000",$182.42,,12024.03,,,B.lion,,,,12026,phantasim,,,,,,,,,,
5500,12024,Boralex,XX-XY,,,Boralex,BLX.TO,,,,,,,,,,,,,Canada,company.public,USD-marketcap,"$2,160,000,000",$21.04,,12024.03,,,B.lion,,,,12026,phantasim,,,,,,,,,,
5501,12024,Patria Investments,XX-XY,,,Patria Investments,PAX,,,,,,,,,,,,,Cayman Islands,company.public,USD-marketcap,"$2,150,000,000",$14.53,,12024.03,,,B.lion,,,,12026,phantasim,,,,,,,,,,
5502,12024,Maravai LifeSciences,XX-XY,,,Maravai LifeSciences,MRVI,,,,,,,,,,,,,United States,company.public,USD-marketcap,"$2,150,000,000",$8.58,,12024.03,,,B.lion,,,,12026,phantasim,,,,,,,,,,
5503,12024,Par Pacific Holdings,XX-XY,,,Par Pacific Holdings,PARR,,,,,,,,,,,,,United States,company.public,USD-marketcap,"$2,150,000,000",$36.40,,12024.03,,,B.lion,,,,12026,phantasim,,,,,,,,,,
5504,12024,Seacoast Banking,XX-XY,,,Seacoast Banking,SBCF,,,,,,,,,,,,,United States,company.public,USD-marketcap,"$2,150,000,000",$25.37,,12024.03,,,B.lion,,,,12026,phantasim,,,,,,,,,,
5505,12024,Verano Holdings,XX-XY,,,Verano Holdings,VRNOF,,,,,,,,,,,,,United States,company.public,USD-marketcap,"$2,150,000,000",$6.26,,12024.03,,,B.lion,,,,12026,phantasim,,,,,,,,,,
5506,12024,Workman,XX-XY,,,Workman,7564.T,,,,,,,,,,,,,Japan,company.public,USD-marketcap,"$2,150,000,000",$26.40,,12024.03,,,B.lion,,,,12026,phantasim,,,,,,,,,,
5507,12024,SJM Holdings,XX-XY,,,SJM Holdings,0880.HK,,,,,,,,,,,,,Hong Kong,company.public,USD-marketcap,"$2,150,000,000",$0.30,,,,,B.lion,,,,12026,phantasim,,,,,,,,,,
5508,12024,Chalet Hotels,XX-XY,,,Chalet Hotels,CHALET.NS,,,,,,,,,,,,,India,company.public,USD-marketcap,"$2,150,000,000",$10.47,,,,,B.lion,,,,12026,phantasim,,,,,,,,,,
5509,12024,Urban Edge Properties,XX-XY,,,Urban Edge Properties,UE,,,,,,,,,,,,,United States,company.public,USD-marketcap,"$2,140,000,000",$17.04,,12024.03,,,B.lion,,,,12026,phantasim,,,,,,,,,,
5510,12024,Owens & Minor,XX-XY,,,Owens & Minor,OMI,,,,,,,,,,,,,United States,company.public,USD-marketcap,"$2,140,000,000",$27.95,,12024.03,,,B.lion,,,,12026,phantasim,,,,,,,,,,
5511,12024,Lightspeed POS,XX-XY,,,Lightspeed POS,LSPD,,,,,,,,,,,,,Canada,company.public,USD-marketcap,"$2,140,000,000",$13.98,,12024.03,,,B.lion,,,,12026,phantasim,,,,,,,,,,
5512,12024,Exclusive Networks,XX-XY,,,Exclusive Networks,EXN.PA,,,,,,,,,,,,,France,company.public,USD-marketcap,"$2,140,000,000",$23.72,,,,,B.lion,,,,12026,phantasim,,,,,,,,,,
5513,12024,Titan Cement International,XX-XY,,,Titan Cement International,TITC.BR,,,,,,,,,,,,,Belgium,company.public,USD-marketcap,"$2,140,000,000",$28.70,,,,,B.lion,,,,12026,phantasim,,,,,,,,,,
5514,12024,Koza Gold,XX-XY,,,Koza Gold,KOZAL.IS,,,,,,,,,,,,,Turkey,company.public,USD-marketcap,"$2,140,000,000",$0.67,,,,,B.lion,,,,12026,phantasim,,,,,,,,,,
5515,12024,AAR,XX-XY,,,AAR,AIR,,,,,,,,,,,,,United States,company.public,USD-marketcap,"$2,130,000,000",$60.18,,12024.03,,,B.lion,,,,12026,phantasim,,,,,,,,,,
5516,12024,HNI Corporation,XX-XY,,,HNI Corporation,HNI,,,,,,,,,,,,,United States,company.public,USD-marketcap,"$2,130,000,000",$45.11,,12024.03,,,B.lion,,,,12026,phantasim,,,,,,,,,,
5517,12024,VIAVI Solutions,XX-XY,,,VIAVI Solutions,VIAV,,,,,,,,,,,,,United States,company.public,USD-marketcap,"$2,130,000,000",$9.58,,12024.03,,,B.lion,,,,12026,phantasim,,,,,,,,,,
5518,12024,Bank für Tirol und Vorarlberg,XX-XY,,,Bank für Tirol und Vorarlberg,BTS.VI,,,,,,,,,,,,,Austria,company.public,USD-marketcap,"$2,130,000,000",$57.41,,12024.03,,,B.lion,,,,12026,phantasim,,,,,,,,,,
5519,12024,Exxaro Resources,XX-XY,,,Exxaro Resources,EXX.JO,,,,,,,,,,,,,South Africa,company.public,USD-marketcap,"$2,130,000,000",$8.85,,,,,B.lion,,,,12026,phantasim,,,,,,,,,,
5520,12024,Port of Tauranga,XX-XY,,,Port of Tauranga,POT.NZ,,,,,,,,,,,,,New Zealand,company.public,USD-marketcap,"$2,130,000,000",$3.13,,,,,B.lion,,,,12026,phantasim,,,,,,,,,,
5521,12024,IDFC,XX-XY,,,IDFC,IDFC.NS,,,,,,,,,,,,,India,company.public,USD-marketcap,"$2,130,000,000",$1.34,,,,,B.lion,,,,12026,phantasim,,,,,,,,,,
5522,12024,SiriusPoint,XX-XY,,,SiriusPoint,SPNT,,,,,,,,,,,,,Bermuda,company.public,USD-marketcap,"$2,120,000,000",$12.54,,12024.03,,,B.lion,,,,12026,phantasim,,,,,,,,,,
5523,12024,SMA Solar Technology,XX-XY,,,SMA Solar Technology,S92.F,,,,,,,,,,,,,Germany,company.public,USD-marketcap,"$2,120,000,000",$60.77,,12024.03,,,B.lion,,,,12026,phantasim,,,,,,,,,,
5524,12024,TODA corp,XX-XY,,,TODA corp,1860.T,,,,,,,,,,,,,Japan,company.public,USD-marketcap,"$2,120,000,000",$6.89,,12024.03,,,B.lion,,,,12026,phantasim,,,,,,,,,,
5525,12024,Peyto Exploration & Development,XX-XY,,,Peyto Exploration & Development,PEY.TO,,,,,,,,,,,,,Canada,company.public,USD-marketcap,"$2,120,000,000",$10.99,,,,,B.lion,,,,12026,phantasim,,,,,,,,,,
5526,12024,Saudi Real Estate Company (Al Akaria),XX-XY,,,Saudi Real Estate Company (Al Akaria),4020.SR,,,,,,,,,,,,,Saudi Arabia,company.public,USD-marketcap,"$2,120,000,000",$5.67,,,,,B.lion,,,,12026,phantasim,,,,,,,,,,
5527,12024,Atlantica,XX-XY,,,Atlantica,AY,,,,,,,,,,,,,United Kingdom,company.public,USD-marketcap,"$2,110,000,000",$18.18,,12024.03,,,B.lion,,,,12026,phantasim,,,,,,,,,,
5528,12024,Cedar Fair,XX-XY,,,Cedar Fair,FUN,,,,,,,,,,,,,United States,company.public,USD-marketcap,"$2,110,000,000",$41.47,,12024.03,,,B.lion,,,,12026,phantasim,,,,,,,,,,
5529,12024,Winnebago Industries,XX-XY,,,Winnebago Industries,WGO,,,,,,,,,,,,,United States,company.public,USD-marketcap,"$2,110,000,000",$72.23,,12024.03,,,B.lion,,,,12026,phantasim,,,,,,,,,,
5530,12024,First Financial Bank,XX-XY,,,First Financial Bank,FFBC,,,,,,,,,,,,,United States,company.public,USD-marketcap,"$2,110,000,000",$22.25,,12024.03,,,B.lion,,,,12026,phantasim,,,,,,,,,,
5531,12024,CDSL,XX-XY,,,CDSL,CDSL.NS,,,,,,,,,,,,,India,company.public,USD-marketcap,"$2,110,000,000",$20.25,,,,,B.lion,,,,12026,phantasim,,,,,,,,,,
5532,12024,LEM Holding,XX-XY,,,LEM Holding,LEHN.SW,,,,,,,,,,,,,Switzerland,company.public,USD-marketcap,"$2,110,000,000","$1,859.00",,,,,B.lion,,,,12026,phantasim,,,,,,,,,,
5533,12024,Bata India,XX-XY,,,Bata India,BATAINDIA.NS,,,,,,,,,,,,,India,company.public,USD-marketcap,"$2,110,000,000",$16.42,,,,,B.lion,,,,12026,phantasim,,,,,,,,,,
5616,12024,TreeHouse Foods,XX-XY,,,TreeHouse Foods,THS,,,,,,,,,,,,,United States,company.public,USD-marketcap,"$2,100,000,000",$39.16,,12024.03,,,B.lion,,,,12026,phantasim,,,,,,,,,,
5617,12024,Fox Factory Holding,XX-XY,,,Fox Factory Holding,FOXF,,,,,,,,,,,,,United States,company.public,USD-marketcap,"$2,100,000,000",$50.19,,12024.03,,,B.lion,,,,12026,phantasim,,,,,,,,,,
5618,12024,ePlus,XX-XY,,,ePlus,PLUS,,,,,,,,,,,,,United States,company.public,USD-marketcap,"$2,100,000,000",$77.99,,12024.03,,,B.lion,,,,12026,phantasim,,,,,,,,,,
5619,12024,Mercari,XX-XY,,,Mercari,4385.T,,,,,,,,,,,,,Japan,company.public,USD-marketcap,"$2,100,000,000",$12.92,,12024.03,,,B.lion,,,,12026,phantasim,,,,,,,,,,
5620,12024,Mitsui High-tec,XX-XY,,,Mitsui High-tec,6966.T,,,,,,,,,,,,,Japan,company.public,USD-marketcap,"$2,100,000,000",$56.55,,12024.03,,,B.lion,,,,12026,phantasim,,,,,,,,,,
5621,12024,AUB Group,XX-XY,,,AUB Group,AUB.AX,,,,,,,,,,,,,Australia,company.public,USD-marketcap,"$2,100,000,000",$19.44,,12024.03,,,B.lion,,,,12026,phantasim,,,,,,,,,,
5622,12024,KEC International,XX-XY,,,KEC International,KEC.NS,,,,,,,,,,,,,India,company.public,USD-marketcap,"$2,100,000,000",$8.16,,,,,B.lion,,,,12026,phantasim,,,,,,,,,,
5623,12024,Omantel (Oman Telecom),XX-XY,,,Omantel (Oman Telecom),OTEL.OM,,,,,,,,,,,,,Oman,company.public,USD-marketcap,"$2,100,000,000",$2.81,,,,,B.lion,,,,12026,phantasim,,,,,,,,,,
5624,12024,Sinch,XX-XY,,,Sinch,SINCH.ST,,,,,,,,,,,,,Sweden,company.public,USD-marketcap,"$2,100,000,000",$2.50,,,,,B.lion,,,,12026,phantasim,,,,,,,,,,
5625,12024,Tianjin FAW,XX-XY,,,Tianjin FAW,000927.SZ,,,,,,,,,,,,,China,company.public,USD-marketcap,"$2,100,000,000",$0.35,,,,,B.lion,,,,12026,phantasim,,,,,,,,,,
5626,12024,IIFL Wealth Management,XX-XY,,,IIFL Wealth Management,IIFLWAM.NS,,,,,,,,,,,,,India,company.public,USD-marketcap,"$2,100,000,000",$23.66,,,,,B.lion,,,,12026,phantasim,,,,,,,,,,
5627,12024,Wheels Up,XX-XY,,,Wheels Up,UP,,,,,,,,,,,,,United States,company.public,USD-marketcap,"$2,090,000,000",$3.01,,12024.03,,,B.lion,,,,12026,phantasim,,,,,,,,,,
5628,12024,BankUnited,XX-XY,,,BankUnited,BKU,,,,,,,,,,,,,United States,company.public,USD-marketcap,"$2,090,000,000",$28.17,,12024.03,,,B.lion,,,,12026,phantasim,,,,,,,,,,
5629,12024,Amphastar Pharmaceuticals,XX-XY,,,Amphastar Pharmaceuticals,AMPH,,,,,,,,,,,,,United States,company.public,USD-marketcap,"$2,090,000,000",$43.52,,12024.03,,,B.lion,,,,12026,phantasim,,,,,,,,,,
5630,12024,Palomar Holdings,XX-XY,,,Palomar Holdings,PLMR,,,,,,,,,,,,,United States,company.public,USD-marketcap,"$2,090,000,000",$84.25,,12024.03,,,B.lion,,,,12026,phantasim,,,,,,,,,,
5631,12024,AMP Limited,XX-XY,,,AMP Limited,AMP.AX,,,,,,,,,,,,,Australia,company.public,USD-marketcap,"$2,090,000,000",$0.76,,12024.03,,,B.lion,,,,12026,phantasim,,,,,,,,,,
5632,12024,Olav Thon,XX-XY,,,Olav Thon,OLT.OL,,,,,,,,,,,,,Norway,company.public,USD-marketcap,"$2,090,000,000",$20.60,,,,,B.lion,,,,12026,phantasim,,,,,,,,,,
5633,12024,WH Smith,XX-XY,,,WH Smith,SMWH.L,,,,,,,,,,,,,United Kingdom,company.public,USD-marketcap,"$2,090,000,000",$16.00,,,,,B.lion,,,,12026,phantasim,,,,,,,,,,
5634,12024,Ariston Holding,XX-XY,,,Ariston Holding,ARIS.MI,,,,,,,,,,,,,Italy,company.public,USD-marketcap,"$2,090,000,000",$5.67,,,,,B.lion,,,,12026,phantasim,,,,,,,,,,
5635,12024,Enerjisa Enerji,XX-XY,,,Enerjisa Enerji,ENJSA.IS,,,,,,,,,,,,,Turkey,company.public,USD-marketcap,"$2,090,000,000",$1.77,,,,,B.lion,,,,12026,phantasim,,,,,,,,,,
5636,12024,Ourpalm,XX-XY,,,Ourpalm,300315.SZ,,,,,,,,,,,,,China,company.public,USD-marketcap,"$2,090,000,000",$0.75,,,,,B.lion,,,,12026,phantasim,,,,,,,,,,
5637,12024,Natco Pharma,XX-XY,,,Natco Pharma,NATCOPHARM.NS,,,,,,,,,,,,,India,company.public,USD-marketcap,"$2,090,000,000",$11.69,,,,,B.lion,,,,12026,phantasim,,,,,,,,,,
5638,12024,Energizer Holdings,XX-XY,,,Energizer Holdings,ENR,,,,,,,,,,,,,United States,company.public,USD-marketcap,"$2,080,000,000",$29.11,,12024.03,,,B.lion,,,,12026,phantasim,,,,,,,,,,
5639,12024,John Wiley & Sons,XX-XY,,,John Wiley & Sons,WLY,,,,,,,,,,,,,United States,company.public,USD-marketcap,"$2,080,000,000",$37.95,,12024.03,,,B.lion,,,,12026,phantasim,,,,,,,,,,
5640,12024,Hillman Solutions,XX-XY,,,Hillman Solutions,HLMN,,,,,,,,,,,,,United States,company.public,USD-marketcap,"$2,080,000,000",$10.66,,12024.03,,,B.lion,,,,12026,phantasim,,,,,,,,,,
5641,12024,SiTime,XX-XY,,,SiTime,SITM,,,,,,,,,,,,,United States,company.public,USD-marketcap,"$2,080,000,000",$91.09,,12024.03,,,B.lion,,,,12026,phantasim,,,,,,,,,,
5642,12024,TowneBank,XX-XY,,,TowneBank,TOWN,,,,,,,,,,,,,United States,company.public,USD-marketcap,"$2,080,000,000",$27.77,,12024.03,,,B.lion,,,,12026,phantasim,,,,,,,,,,
5643,12024,Seera Holding Group,XX-XY,,,Seera Holding Group,1810.SR,,,,,,,,,,,,,Saudi Arabia,company.public,USD-marketcap,"$2,080,000,000",$7.74,,,,,B.lion,,,,12026,phantasim,,,,,,,,,,
5644,12024,Qt Group,XX-XY,,,Qt Group,QTCOM.HE,,,,,,,,,,,,,Finland,company.public,USD-marketcap,"$2,080,000,000",$82.28,,,,,B.lion,,,,12026,phantasim,,,,,,,,,,
5645,12024,Arhaus,XX-XY,,,Arhaus,ARHS,,,,,,,,,,,,,United States,company.public,USD-marketcap,"$2,070,000,000",$14.80,,12024.03,,,B.lion,,,,12026,phantasim,,,,,,,,,,
5646,12024,First Pacific Company,XX-XY,,,First Pacific Company,0142.HK,,,,,,,,,,,,,Hong Kong,company.public,USD-marketcap,"$2,070,000,000",$0.49,,,,,B.lion,,,,12026,phantasim,,,,,,,,,,
5647,12024,Össur,XX-XY,,,Össur,OSSR.CO,,,,,,,,,,,,,Iceland,company.public,USD-marketcap,"$2,070,000,000",$4.86,,,,,B.lion,,,,12026,phantasim,,,,,,,,,,
5648,12024,Inox Wind,XX-XY,,,Inox Wind,INOXWIND.NS,,,,,,,,,,,,,India,company.public,USD-marketcap,"$2,070,000,000",$6.37,,,,,B.lion,,,,12026,phantasim,,,,,,,,,,
5649,12024,Sumitomo Chemical India,XX-XY,,,Sumitomo Chemical India,SUMICHEM.NS,,,,,,,,,,,,,India,company.public,USD-marketcap,"$2,070,000,000",$4.15,,,,,B.lion,,,,12026,phantasim,,,,,,,,,,
5650,12024,Textainer Group,XX-XY,,,Textainer Group,TGH,,,,,,,,,,,,,Bermuda,company.public,USD-marketcap,"$2,060,000,000",$49.99,,12024.03,,,B.lion,,,,12026,phantasim,,,,,,,,,,
5651,12024,Ambarella,XX-XY,,,Ambarella,AMBA,,,,,,,,,,,,,United States,company.public,USD-marketcap,"$2,060,000,000",$51.27,,12024.03,,,B.lion,,,,12026,phantasim,,,,,,,,,,
5652,12024,First Merchants Corporation,XX-XY,,,First Merchants Corporation,FRME,,,,,,,,,,,,,United States,company.public,USD-marketcap,"$2,060,000,000",$34.74,,12024.03,,,B.lion,,,,12026,phantasim,,,,,,,,,,
5653,12024,UCT (Ultra Clean Holdings),XX-XY,,,UCT (Ultra Clean Holdings),UCTT,,,,,,,,,,,,,United States,company.public,USD-marketcap,"$2,060,000,000",$46.26,,12024.03,,,B.lion,,,,12026,phantasim,,,,,,,,,,
5654,12024,BTS Group,XX-XY,,,BTS Group,BTS.BK,,,,,,,,,,,,,Thailand,company.public,USD-marketcap,"$2,060,000,000",$0.16,,12024.03,,,B.lion,,,,12026,phantasim,,,,,,,,,,
5655,12024,Maple Leaf Foods,XX-XY,,,Maple Leaf Foods,MFI.TO,,,,,,,,,,,,,Canada,company.public,USD-marketcap,"$2,060,000,000",$16.84,,,,,B.lion,,,,12026,phantasim,,,,,,,,,,
5656,12024,NH Hotel Group,XX-XY,,,NH Hotel Group,NHH.MC,,,,,,,,,,,,,Spain,company.public,USD-marketcap,"$2,060,000,000",$4.73,,,,,B.lion,,,,12026,phantasim,,,,,,,,,,
5657,12024,Safestore,XX-XY,,,Safestore,SAFE.L,,,,,,,,,,,,,United Kingdom,company.public,USD-marketcap,"$2,060,000,000",$9.47,,,,,B.lion,,,,12026,phantasim,,,,,,,,,,
5658,12024,Jahez International Company for Information Systems Technology,XX-XY,,,Jahez International Company for Information Systems Technology,9526.SR,,,,,,,,,,,,,Saudi Arabia,company.public,USD-marketcap,"$2,060,000,000",$9.82,,,,,B.lion,,,,12026,phantasim,,,,,,,,,,
5659,12024,Icade,XX-XY,,,Icade,ICAD.PA,,,,,,,,,,,,,France,company.public,USD-marketcap,"$2,060,000,000",$26.97,,,,,B.lion,,,,12026,phantasim,,,,,,,,,,
5660,12024,Estun Automation,XX-XY,,,Estun Automation,002747.SZ,,,,,,,,,,,,,China,company.public,USD-marketcap,"$2,060,000,000",$2.37,,,,,B.lion,,,,12026,phantasim,,,,,,,,,,
5661,12024,Federal Agricultural Mortgage,XX-XY,,,Federal Agricultural Mortgage,AGM,,,,,,,,,,,,,United States,company.public,USD-marketcap,"$2,050,000,000",$195.12,,12024.03,,,B.lion,,,,12026,phantasim,,,,,,,,,,
5662,12024,SolarWinds,XX-XY,,,SolarWinds,SWI,,,,,,,,,,,,,United States,company.public,USD-marketcap,"$2,050,000,000",$12.32,,12024.03,,,B.lion,,,,12026,phantasim,,,,,,,,,,
5663,12024,Enlight Renewable Energy,XX-XY,,,Enlight Renewable Energy,ENLT,,,,,,,,,,,,,Israel,company.public,USD-marketcap,"$2,050,000,000",$17.31,,12024.03,,,B.lion,,,,12026,phantasim,,,,,,,,,,
5664,12024,Nippon Shinyaku,XX-XY,,,Nippon Shinyaku,4516.T,,,,,,,,,,,,,Japan,company.public,USD-marketcap,"$2,050,000,000",$30.55,,12024.03,,,B.lion,,,,12026,phantasim,,,,,,,,,,
5665,12024,Argan SA,XX-XY,,,Argan SA,ARG.PA,,,,,,,,,,,,,France,company.public,USD-marketcap,"$2,050,000,000",$89.15,,12024.03,,,B.lion,,,,12026,phantasim,,,,,,,,,,
5666,12024,Multi Commodity Exchange,XX-XY,,,Multi Commodity Exchange,MCX.NS,,,,,,,,,,,,,India,company.public,USD-marketcap,"$2,050,000,000",$40.31,,,,,B.lion,,,,12026,phantasim,,,,,,,,,,
5667,12024,Crompton Greaves Consumer Electricals,XX-XY,,,Crompton Greaves Consumer Electricals,CROMPTON.NS,,,,,,,,,,,,,India,company.public,USD-marketcap,"$2,050,000,000",$3.19,,,,,B.lion,,,,12026,phantasim,,,,,,,,,,
5668,12024,Schneider Electric Infrastructure,XX-XY,,,Schneider Electric Infrastructure,SCHNEIDER.NS,,,,,,,,,,,,,India,company.public,USD-marketcap,"$2,050,000,000",$8.61,,,,,B.lion,,,,12026,phantasim,,,,,,,,,,
5669,12024,HighPeak Energy,XX-XY,,,HighPeak Energy,HPK,,,,,,,,,,,,,United States,company.public,USD-marketcap,"$2,040,000,000",$15.96,,12024.03,,,B.lion,,,,12026,phantasim,,,,,,,,,,
5670,12024,Kodiak Gas Services,XX-XY,,,Kodiak Gas Services,KGS,,,,,,,,,,,,,United States,company.public,USD-marketcap,"$2,040,000,000",$26.44,,12024.03,,,B.lion,,,,12026,phantasim,,,,,,,,,,
5671,12024,Eutelsat,XX-XY,,,Eutelsat,ETL.PA,,,,,,,,,,,,,France,company.public,USD-marketcap,"$2,040,000,000",$4.31,,,,,B.lion,,,,12026,phantasim,,,,,,,,,,
5672,12024,Atul,XX-XY,,,Atul,ATUL.NS,,,,,,,,,,,,,India,company.public,USD-marketcap,"$2,040,000,000",$69.46,,,,,B.lion,,,,12026,phantasim,,,,,,,,,,
5673,12024,PagerDuty,XX-XY,,,PagerDuty,PD,,,,,,,,,,,,,United States,company.public,USD-marketcap,"$2,030,000,000",$21.98,,12024.03,,,B.lion,,,,12026,phantasim,,,,,,,,,,
5674,12024,Bowlero,XX-XY,,,Bowlero,BOWL,,,,,,,,,,,,,United States,company.public,USD-marketcap,"$2,030,000,000",$13.56,,12024.03,,,B.lion,,,,12026,phantasim,,,,,,,,,,
5675,12024,Netcompany Group,XX-XY,,,Netcompany Group,NETC.CO,,,,,,,,,,,,,Denmark,company.public,USD-marketcap,"$2,030,000,000",$41.38,,,,,B.lion,,,,12026,phantasim,,,,,,,,,,
5676,12024,Qatar Insurance Company,XX-XY,,,Qatar Insurance Company,QATI.QA,,,,,,,,,,,,,Qatar,company.public,USD-marketcap,"$2,030,000,000",$0.62,,,,,B.lion,,,,12026,phantasim,,,,,,,,,,
5677,12024,Shapir Civil and Marine Engineering,XX-XY,,,Shapir Civil and Marine Engineering,SPEN.TA,,,,,,,,,,,,,Israel,company.public,USD-marketcap,"$2,030,000,000",$5.70,,,,,B.lion,,,,12026,phantasim,,,,,,,,,,
5678,12024,WIN Semiconductors,XX-XY,,,WIN Semiconductors,3105.TWO,,,,,,,,,,,,,Taiwan,company.public,USD-marketcap,"$2,030,000,000",$4.60,,,,,B.lion,,,,12026,phantasim,,,,,,,,,,
5679,12024,Hanmi Pharmaceutical,XX-XY,,,Hanmi Pharmaceutical,008930.KS,,,,,,,,,,,,,South Korea,company.public,USD-marketcap,"$2,030,000,000",$30.12,,,,,B.lion,,,,12026,phantasim,,,,,,,,,,
5680,12024,Diamondrock Hospitality Company,XX-XY,,,Diamondrock Hospitality Company,DRH,,,,,,,,,,,,,United States,company.public,USD-marketcap,"$2,020,000,000",$9.62,,12024.03,,,B.lion,,,,12026,phantasim,,,,,,,,,,
5681,12024,Hilltop Holdings,XX-XY,,,Hilltop Holdings,HTH,,,,,,,,,,,,,United States,company.public,USD-marketcap,"$2,020,000,000",$31.07,,12024.03,,,B.lion,,,,12026,phantasim,,,,,,,,,,
5682,12024,Ardagh Metal Packaging,XX-XY,,,Ardagh Metal Packaging,AMBP,,,,,,,,,,,,,Luxembourg,company.public,USD-marketcap,"$2,020,000,000",$3.39,,12024.03,,,B.lion,,,,12026,phantasim,,,,,,,,,,
5683,12024,Adtalem Global Education,XX-XY,,,Adtalem Global Education,ATGE,,,,,,,,,,,,,United States,company.public,USD-marketcap,"$2,020,000,000",$51.80,,12024.03,,,B.lion,,,,12026,phantasim,,,,,,,,,,
5684,12024,NewAmsterdam Pharma Company,XX-XY,,,NewAmsterdam Pharma Company,NAMS,,,,,,,,,,,,,Netherlands,company.public,USD-marketcap,"$2,020,000,000",$22.70,,12024.03,,,B.lion,,,,12026,phantasim,,,,,,,,,,
5685,12024,Rocket Lab,XX-XY,,,Rocket Lab,RKLB,,,,,,,,,,,,,United States,company.public,USD-marketcap,"$2,020,000,000",$4.14,,12024.03,,,B.lion,,,,12026,phantasim,,,,,,,,,,
5686,12024,Star Bulk Carriers,XX-XY,,,Star Bulk Carriers,SBLK,,,,,,,,,,,,,Greece,company.public,USD-marketcap,"$2,020,000,000",$24.07,,12024.03,,,B.lion,,,,12026,phantasim,,,,,,,,,,
5687,12024,Metro AG,XX-XY,,,Metro AG,B4B.F,,,,,,,,,,,,,Germany,company.public,USD-marketcap,"$2,020,000,000",$5.52,,12024.03,,,B.lion,,,,12026,phantasim,,,,,,,,,,
5688,12024,Ansell,XX-XY,,,Ansell,ANN.AX,,,,,,,,,,,,,Australia,company.public,USD-marketcap,"$2,020,000,000",$16.15,,12024.03,,,B.lion,,,,12026,phantasim,,,,,,,,,,
5689,12024,Growthpoint Properties,XX-XY,,,Growthpoint Properties,GRT.JO,,,,,,,,,,,,,South Africa,company.public,USD-marketcap,"$2,020,000,000",$0.60,,,,,B.lion,,,,12026,phantasim,,,,,,,,,,
5690,12024,Harel Group,XX-XY,,,Harel Group,HARL.TA,,,,,,,,,,,,,Israel,company.public,USD-marketcap,"$2,020,000,000",$9.75,,,,,B.lion,,,,12026,phantasim,,,,,,,,,,
5691,12024,Salvatore Ferragamo,XX-XY,,,Salvatore Ferragamo,SFER.MI,,,,,,,,,,,,,Italy,company.public,USD-marketcap,"$2,020,000,000",$12.21,,,,,B.lion,,,,12026,phantasim,,,,,,,,,,
5692,12024,SUSE S.A.,XX-XY,,,SUSE S.A.,SUSE.DE,,,,,,,,,,,,,Luxembourg,company.public,USD-marketcap,"$2,020,000,000",$11.89,,,,,B.lion,,,,12026,phantasim,,,,,,,,,,
5693,12024,F&F Co,XX-XY,,,F&F Co,383220.KS,,,,,,,,,,,,,South Korea,company.public,USD-marketcap,"$2,020,000,000",$53.19,,,,,B.lion,,,,12026,phantasim,,,,,,,,,,
5694,12024,Equity Commonwealth,XX-XY,,,Equity Commonwealth,EQC,,,,,,,,,,,,,United States,company.public,USD-marketcap,"$2,010,000,000",$18.81,,12024.03,,,B.lion,,,,12026,phantasim,,,,,,,,,,
5695,12024,Action Construction Equipment,XX-XY,,,Action Construction Equipment,ACE.NS,,,,,,,,,,,,,India,company.public,USD-marketcap,"$2,010,000,000",$16.92,,12024.03,,,B.lion,,,,12026,phantasim,,,,,,,,,,
5696,12024,Iluka Resources,XX-XY,,,Iluka Resources,ILU.AX,,,,,,,,,,,,,Australia,company.public,USD-marketcap,"$2,010,000,000",$4.70,,,,,B.lion,,,,12026,phantasim,,,,,,,,,,
5697,12024,Russel Metals,XX-XY,,,Russel Metals,RUS.TO,,,,,,,,,,,,,Canada,company.public,USD-marketcap,"$2,010,000,000",$33.34,,,,,B.lion,,,,12026,phantasim,,,,,,,,,,
5698,12024,Energix Renewable Energies,XX-XY,,,Energix Renewable Energies,ENRG.TA,,,,,,,,,,,,,Israel,company.public,USD-marketcap,"$2,010,000,000",$3.67,,,,,B.lion,,,,12026,phantasim,,,,,,,,,,
5699,12024,Vodafone Qatar,XX-XY,,,Vodafone Qatar,VFQS.QA,,,,,,,,,,,,,Qatar,company.public,USD-marketcap,"$2,010,000,000",$0.48,,,,,B.lion,,,,12026,phantasim,,,,,,,,,,
5764,12024,Stepan Company,XX-XY,,,Stepan Company,SCL,,,,,,,,,,,,,United States,company.public,USD-marketcap,"$2,000,000,000",$89.67,,12024.03,,,B.lion,,,,12026,phantasim,,,,,,,,,,
5765,12024,Neumora Therapeutics,XX-XY,,,Neumora Therapeutics,NMRA,,,,,,,,,,,,,United States,company.public,USD-marketcap,"$2,000,000,000",$12.61,,12024.03,,,B.lion,,,,12026,phantasim,,,,,,,,,,
5766,12024,Opendoor,XX-XY,,,Opendoor,OPEN,,,,,,,,,,,,,United States,company.public,USD-marketcap,"$2,000,000,000",$2.95,,12024.03,,,B.lion,,,,12026,phantasim,,,,,,,,,,
5767,12024,Shoals Technologies,XX-XY,,,Shoals Technologies,SHLS,,,,,,,,,,,,,United States,company.public,USD-marketcap,"$2,000,000,000",$11.76,,12024.03,,,B.lion,,,,12026,phantasim,,,,,,,,,,
5768,12024,CASIO,XX-XY,,,CASIO,6952.T,,,,,,,,,,,,,Japan,company.public,USD-marketcap,"$2,000,000,000",$8.66,,12024.03,,,B.lion,,,,12026,phantasim,,,,,,,,,,
5769,12024,Canadian Western Bank,XX-XY,,,Canadian Western Bank,CWB.TO,,,,,,,,,,,,,Canada,company.public,USD-marketcap,"$2,000,000,000",$20.78,,,,,B.lion,,,,12026,phantasim,,,,,,,,,,
5770,12024,NOS,XX-XY,,,NOS,NOS.LS,,,,,,,,,,,,,Portugal,company.public,USD-marketcap,"$2,000,000,000",$3.91,,,,,B.lion,,,,12026,phantasim,,,,,,,,,,
5771,12024,Formosa Sumco Technology,XX-XY,,,Formosa Sumco Technology,3532.TW,,,,,,,,,,,,,Taiwan,company.public,USD-marketcap,"$2,000,000,000",$5.16,,,,,B.lion,,,,12026,phantasim,,,,,,,,,,
5772,12024,Fairfax India Holdings,XX-XY,,,Fairfax India Holdings,FIH-U.TO,,,,,,,,,,,,,Canada,company.public,USD-marketcap,"$2,000,000,000",$14.78,,,,,B.lion,,,,12026,phantasim,,,,,,,,,,
5773,12024,Minera Valparaíso,XX-XY,,,Minera Valparaíso,MINERA.SN,,,,,,,,,,,,,Chile,company.public,USD-marketcap,"$2,000,000,000",$16.07,,,,,B.lion,,,,12026,phantasim,,,,,,,,,,
5774,12024,Buckle,XX-XY,,,Buckle,BKE,,,,,,,,,,,,,United States,company.public,USD-marketcap,"$1,990,000,000",$39.48,,12024.03,,,B.lion,,,,12026,phantasim,,,,,,,,,,
5775,12024,Structure Therapeutics,XX-XY,,,Structure Therapeutics,GPCR,,,,,,,,,,,,,United States,company.public,USD-marketcap,"$1,990,000,000",$42.91,,12024.03,,,B.lion,,,,12026,phantasim,,,,,,,,,,
5776,12024,Rover,XX-XY,,,Rover,ROVR,,,,,,,,,,,,,United States,company.public,USD-marketcap,"$1,990,000,000",$10.99,,12024.03,,,B.lion,,,,12026,phantasim,,,,,,,,,,
5777,12024,Twist Bioscience,XX-XY,,,Twist Bioscience,TWST,,,,,,,,,,,,,United States,company.public,USD-marketcap,"$1,990,000,000",$34.48,,12024.03,,,B.lion,,,,12026,phantasim,,,,,,,,,,
5778,12024,OVH Groupe,XX-XY,,,OVH Groupe,OVH.PA,,,,,,,,,,,,,France,company.public,USD-marketcap,"$1,990,000,000",$10.48,,,,,B.lion,,,,12026,phantasim,,,,,,,,,,
5779,12024,Merida Industry,XX-XY,,,Merida Industry,9914.TW,,,,,,,,,,,,,Taiwan,company.public,USD-marketcap,"$1,990,000,000",$6.66,,,,,B.lion,,,,12026,phantasim,,,,,,,,,,
5780,12024,thyssenkrupp nucera,XX-XY,,,thyssenkrupp nucera,NCH2.DE,,,,,,,,,,,,,Germany,company.public,USD-marketcap,"$1,990,000,000",$15.81,,,,,B.lion,,,,12026,phantasim,,,,,,,,,,
5781,12024,B.Grimm Power,XX-XY,,,B.Grimm Power,BGRIM.BK,,,,,,,,,,,,,Thailand,company.public,USD-marketcap,"$1,990,000,000",$0.76,,,,,B.lion,,,,12026,phantasim,,,,,,,,,,
5782,12024,G-bits Network Technology,XX-XY,,,G-bits Network Technology,603444.SS,,,,,,,,,,,,,China,company.public,USD-marketcap,"$1,990,000,000",$26.30,,,,,B.lion,,,,12026,phantasim,,,,,,,,,,
5783,12024,TransAlta,XX-XY,,,TransAlta,TAC,,,,,,,,,,,,,Canada,company.public,USD-marketcap,"$1,980,000,000",$6.45,,12024.03,,,B.lion,,,,12026,phantasim,,,,,,,,,,
5784,12024,Vermilion Energy,XX-XY,,,Vermilion Energy,VET,,,,,,,,,,,,,Canada,company.public,USD-marketcap,"$1,980,000,000",$12.24,,12024.03,,,B.lion,,,,12026,phantasim,,,,,,,,,,
5785,12024,Bumble,XX-XY,,,Bumble,BMBL,,,,,,,,,,,,,United States,company.public,USD-marketcap,"$1,980,000,000",$11.19,,12024.03,,,B.lion,,,,12026,phantasim,,,,,,,,,,
5786,12024,IonQ,XX-XY,,,IonQ,IONQ,,,,,,,,,,,,,United States,company.public,USD-marketcap,"$1,980,000,000",$9.55,,12024.03,,,B.lion,,,,12026,phantasim,,,,,,,,,,
5787,12024,Chorus,XX-XY,,,Chorus,CNU.NZ,,,,,,,,,,,,,New Zealand,company.public,USD-marketcap,"$1,980,000,000",$4.58,,,,,B.lion,,,,12026,phantasim,,,,,,,,,,
5788,12024,Kerry Logistics Network,XX-XY,,,Kerry Logistics Network,0636.HK,,,,,,,,,,,,,Hong Kong,company.public,USD-marketcap,"$1,980,000,000",$1.10,,,,,B.lion,,,,12026,phantasim,,,,,,,,,,
5789,12024,Hartalega,XX-XY,,,Hartalega,5168.KL,,,,,,,,,,,,,Malaysia,company.public,USD-marketcap,"$1,980,000,000",$0.58,,,,,B.lion,,,,12026,phantasim,,,,,,,,,,
5790,12024,Qatar Aluminium Manufacturing Company,XX-XY,,,Qatar Aluminium Manufacturing Company,QAMC.QA,,,,,,,,,,,,,Qatar,company.public,USD-marketcap,"$1,980,000,000",$0.36,,,,,B.lion,,,,12026,phantasim,,,,,,,,,,
5791,12024,Kennametal,XX-XY,,,Kennametal,KMT,,,,,,,,,,,,,United States,company.public,USD-marketcap,"$1,970,000,000",$24.86,,12024.03,,,B.lion,,,,12026,phantasim,,,,,,,,,,
5792,12024,Travis Perkins,XX-XY,,,Travis Perkins,TPK.L,,,,,,,,,,,,,United Kingdom,company.public,USD-marketcap,"$1,970,000,000",$9.29,,12024.03,,,B.lion,,,,12026,phantasim,,,,,,,,,,
5793,12024,Sharjah Islamic Bank,XX-XY,,,Sharjah Islamic Bank,SIB.AE,,,,,,,,,,,,,United Arab Emirates,company.public,USD-marketcap,"$1,970,000,000",$0.61,,,,,B.lion,,,,12026,phantasim,,,,,,,,,,
5794,12024,WHA Corporation,XX-XY,,,WHA Corporation,WHA.BK,,,,,,,,,,,,,Thailand,company.public,USD-marketcap,"$1,970,000,000",$0.13,,,,,B.lion,,,,12026,phantasim,,,,,,,,,,
5795,12024,Delek US,XX-XY,,,Delek US,DK,,,,,,,,,,,,,United States,company.public,USD-marketcap,"$1,960,000,000",$30.66,,12024.03,,,B.lion,,,,12026,phantasim,,,,,,,,,,
5796,12024,Forestar Group,XX-XY,,,Forestar Group,FOR,,,,,,,,,,,,,United States,company.public,USD-marketcap,"$1,960,000,000",$39.43,,12024.03,,,B.lion,,,,12026,phantasim,,,,,,,,,,
5797,12024,Hanesbrands,XX-XY,,,Hanesbrands,HBI,,,,,,,,,,,,,United States,company.public,USD-marketcap,"$1,960,000,000",$5.60,,12024.03,,,B.lion,,,,12026,phantasim,,,,,,,,,,
5798,12024,Avidity Biosciences,XX-XY,,,Avidity Biosciences,RNA,,,,,,,,,,,,,United States,company.public,USD-marketcap,"$1,960,000,000",$24.67,,12024.03,,,B.lion,,,,12026,phantasim,,,,,,,,,,
5799,12024,Syndax Pharmaceuticals,XX-XY,,,Syndax Pharmaceuticals,SNDX,,,,,,,,,,,,,United States,company.public,USD-marketcap,"$1,960,000,000",$23.07,,12024.03,,,B.lion,,,,12026,phantasim,,,,,,,,,,
5800,12024,Veeco,XX-XY,,,Veeco,VECO,,,,,,,,,,,,,United States,company.public,USD-marketcap,"$1,960,000,000",$34.86,,12024.03,,,B.lion,,,,12026,phantasim,,,,,,,,,,
5801,12024,Dermapharm,XX-XY,,,Dermapharm,DMP.F,,,,,,,,,,,,,Germany,company.public,USD-marketcap,"$1,960,000,000",$36.57,,12024.03,,,B.lion,,,,12026,phantasim,,,,,,,,,,
5802,12024,AEON REIT Investment,XX-XY,,,AEON REIT Investment,3292.T,,,,,,,,,,,,,Japan,company.public,USD-marketcap,"$1,960,000,000",$925.04,,12024.03,,,B.lion,,,,12026,phantasim,,,,,,,,,,
5803,12024,Inter Cars,XX-XY,,,Inter Cars,CAR.WA,,,,,,,,,,,,,Poland,company.public,USD-marketcap,"$1,960,000,000",$138.53,,12024.03,,,B.lion,,,,12026,phantasim,,,,,,,,,,
5804,12024,goeasy,XX-XY,,,goeasy,GSY.TO,,,,,,,,,,,,,Canada,company.public,USD-marketcap,"$1,960,000,000",$118.33,,,,,B.lion,,,,12026,phantasim,,,,,,,,,,
5805,12024,Loomis AB,XX-XY,,,Loomis AB,LOOMIS.ST,,,,,,,,,,,,,Sweden,company.public,USD-marketcap,"$1,960,000,000",$27.83,,,,,B.lion,,,,12026,phantasim,,,,,,,,,,
5806,12024,Teekay Tankers,XX-XY,,,Teekay Tankers,TNK,,,,,,,,,,,,,Canada,company.public,USD-marketcap,"$1,950,000,000",$57.31,,12024.03,,,B.lion,,,,12026,phantasim,,,,,,,,,,
5807,12024,The Andersons,XX-XY,,,The Andersons,ANDE,,,,,,,,,,,,,United States,company.public,USD-marketcap,"$1,950,000,000",$57.32,,12024.03,,,B.lion,,,,12026,phantasim,,,,,,,,,,
5808,12024,Janux Therapeutics,XX-XY,,,Janux Therapeutics,JANX,,,,,,,,,,,,,United States,company.public,USD-marketcap,"$1,950,000,000",$37.92,,12024.03,,,B.lion,,,,12026,phantasim,,,,,,,,,,
5809,12024,Sixth Street Specialty Lending,XX-XY,,,Sixth Street Specialty Lending,TSLX,,,,,,,,,,,,,United States,company.public,USD-marketcap,"$1,950,000,000",$21.24,,12024.03,,,B.lion,,,,12026,phantasim,,,,,,,,,,
5810,12024,Verint Systems,XX-XY,,,Verint Systems,VRNT,,,,,,,,,,,,,United States,company.public,USD-marketcap,"$1,950,000,000",$31.09,,12024.03,,,B.lion,,,,12026,phantasim,,,,,,,,,,
5811,12024,Al Ahli Bank of Kuwait,XX-XY,,,Al Ahli Bank of Kuwait,ABK.KW,,,,,,,,,,,,,Kuwait,company.public,USD-marketcap,"$1,950,000,000",$829.57,,12024.03,,,B.lion,,,,12026,phantasim,,,,,,,,,,
5812,12024,Fletcher Building,XX-XY,,,Fletcher Building,FBU.NZ,,,,,,,,,,,,,New Zealand,company.public,USD-marketcap,"$1,950,000,000",$2.49,,,,,B.lion,,,,12026,phantasim,,,,,,,,,,
5813,12024,Grand City Properties,XX-XY,,,Grand City Properties,GYC.DE,,,,,,,,,,,,,Luxembourg,company.public,USD-marketcap,"$1,950,000,000",$11.34,,,,,B.lion,,,,12026,phantasim,,,,,,,,,,
5814,12024,United Electronics Company (eXtra Saudi),XX-XY,,,United Electronics Company (eXtra Saudi),4003.SR,,,,,,,,,,,,,Saudi Arabia,company.public,USD-marketcap,"$1,950,000,000",$25.64,,,,,B.lion,,,,12026,phantasim,,,,,,,,,,
5815,12024,Spar Nord Bank A/S,XX-XY,,,Spar Nord Bank A/S,SPNO.CO,,,,,,,,,,,,,Denmark,company.public,USD-marketcap,"$1,950,000,000",$16.73,,,,,B.lion,,,,12026,phantasim,,,,,,,,,,
5816,12024,Technogym,XX-XY,,,Technogym,TGYM.MI,,,,,,,,,,,,,Italy,company.public,USD-marketcap,"$1,950,000,000",$9.80,,,,,B.lion,,,,12026,phantasim,,,,,,,,,,
5817,12024,Ero Copper,XX-XY,,,Ero Copper,ERO,,,,,,,,,,,,,Canada,company.public,USD-marketcap,"$1,940,000,000",$18.93,,12024.03,,,B.lion,,,,12026,phantasim,,,,,,,,,,
5818,12024,Geron,XX-XY,,,Geron,GERN,,,,,,,,,,,,,United States,company.public,USD-marketcap,"$1,940,000,000",$3.31,,12024.03,,,B.lion,,,,12026,phantasim,,,,,,,,,,
5819,12024,Navient,XX-XY,,,Navient,NAVI,,,,,,,,,,,,,United States,company.public,USD-marketcap,"$1,940,000,000",$17.22,,12024.03,,,B.lion,,,,12026,phantasim,,,,,,,,,,
5820,12024,Winpak,XX-XY,,,Winpak,WPK.TO,,,,,,,,,,,,,Canada,company.public,USD-marketcap,"$1,940,000,000",$29.98,,,,,B.lion,,,,12026,phantasim,,,,,,,,,,
5821,12024,TAV Airports Holding,XX-XY,,,TAV Airports Holding,TAVHL.IS,,,,,,,,,,,,,Turkey,company.public,USD-marketcap,"$1,940,000,000",$5.36,,,,,B.lion,,,,12026,phantasim,,,,,,,,,,
5822,12024,AZZ,XX-XY,,,AZZ,AZZ,,,,,,,,,,,,,United States,company.public,USD-marketcap,"$1,930,000,000",$77.23,,12024.03,,,B.lion,,,,12026,phantasim,,,,,,,,,,
5823,12024,Delek Logistics Partners,XX-XY,,,Delek Logistics Partners,DKL,,,,,,,,,,,,,United States,company.public,USD-marketcap,"$1,930,000,000",$40.94,,12024.03,,,B.lion,,,,12026,phantasim,,,,,,,,,,
5824,12024,Edgewell Personal Care,XX-XY,,,Edgewell Personal Care,EPC,,,,,,,,,,,,,United States,company.public,USD-marketcap,"$1,930,000,000",$38.77,,12024.03,,,B.lion,,,,12026,phantasim,,,,,,,,,,
5825,12024,NeoGenomics,XX-XY,,,NeoGenomics,NEO,,,,,,,,,,,,,United States,company.public,USD-marketcap,"$1,930,000,000",$15.20,,12024.03,,,B.lion,,,,12026,phantasim,,,,,,,,,,
5826,12024,Criteo,XX-XY,,,Criteo,CRTO,,,,,,,,,,,,,France,company.public,USD-marketcap,"$1,930,000,000",$35.06,,12024.03,,,B.lion,,,,12026,phantasim,,,,,,,,,,
5827,12024,Savills,XX-XY,,,Savills,SVS.L,,,,,,,,,,,,,United Kingdom,company.public,USD-marketcap,"$1,930,000,000",$13.37,,12024.03,,,B.lion,,,,12026,phantasim,,,,,,,,,,
5828,12024,Mandarin Oriental,XX-XY,,,Mandarin Oriental,M04.SI,,,,,,,,,,,,,Hong Kong,company.public,USD-marketcap,"$1,930,000,000",$1.53,,,,,B.lion,,,,12026,phantasim,,,,,,,,,,
5829,12024,Perseus Mining,XX-XY,,,Perseus Mining,PRU.AX,,,,,,,,,,,,,Australia,company.public,USD-marketcap,"$1,930,000,000",$1.41,,,,,B.lion,,,,12026,phantasim,,,,,,,,,,
5830,12024,TF1,XX-XY,,,TF1,TFI.PA,,,,,,,,,,,,,France,company.public,USD-marketcap,"$1,930,000,000",$9.20,,,,,B.lion,,,,12026,phantasim,,,,,,,,,,
5831,12024,IndiaMART,XX-XY,,,IndiaMART,INDIAMART.NS,,,,,,,,,,,,,India,company.public,USD-marketcap,"$1,930,000,000",$32.23,,,,,B.lion,,,,12026,phantasim,,,,,,,,,,
5832,12024,Piramal Pharma,XX-XY,,,Piramal Pharma,PPLPHARMA.NS,,,,,,,,,,,,,India,company.public,USD-marketcap,"$1,930,000,000",$1.47,,,,,B.lion,,,,12026,phantasim,,,,,,,,,,
5833,12024,Enerpac Tool Group,XX-XY,,,Enerpac Tool Group,EPAC,,,,,,,,,,,,,United States,company.public,USD-marketcap,"$1,920,000,000",$35.49,,12024.03,,,B.lion,,,,12026,phantasim,,,,,,,,,,
5834,12024,Myriad Genetics,XX-XY,,,Myriad Genetics,MYGN,,,,,,,,,,,,,United States,company.public,USD-marketcap,"$1,920,000,000",$21.40,,12024.03,,,B.lion,,,,12026,phantasim,,,,,,,,,,
5835,12024,Schrödinger,XX-XY,,,Schrödinger,SDGR,,,,,,,,,,,,,United States,company.public,USD-marketcap,"$1,920,000,000",$26.63,,12024.03,,,B.lion,,,,12026,phantasim,,,,,,,,,,
5836,12024,UFP Technologies,XX-XY,,,UFP Technologies,UFPT,,,,,,,,,,,,,United States,company.public,USD-marketcap,"$1,920,000,000",$252.15,,12024.03,,,B.lion,,,,12026,phantasim,,,,,,,,,,
5837,12024,Vista Outdoor,XX-XY,,,Vista Outdoor,VSTO,,,,,,,,,,,,,United States,company.public,USD-marketcap,"$1,920,000,000",$33.12,,12024.03,,,B.lion,,,,12026,phantasim,,,,,,,,,,
5838,12024,Ninety One Group,XX-XY,,,Ninety One Group,N91.L,,,,,,,,,,,,,South Africa,company.public,USD-marketcap,"$1,920,000,000",$2.13,,12024.03,,,B.lion,,,,12026,phantasim,,,,,,,,,,
5839,12024,Orpea,XX-XY,,,Orpea,ORP.PA,,,,,,,,,,,,,France,company.public,USD-marketcap,"$1,920,000,000",$12.11,,,,,B.lion,,,,12026,phantasim,,,,,,,,,,
5840,12024,Kuwait Telecommunications Company,XX-XY,,,Kuwait Telecommunications Company,STC.KW,,,,,,,,,,,,,Kuwait,company.public,USD-marketcap,"$1,920,000,000","$1,923.00",,,,,B.lion,,,,12026,phantasim,,,,,,,,,,
5841,12024,Redington India,XX-XY,,,Redington India,REDINGTON.NS,,,,,,,,,,,,,India,company.public,USD-marketcap,"$1,920,000,000",$2.46,,,,,B.lion,,,,12026,phantasim,,,,,,,,,,
5842,12024,Office Depot,XX-XY,,,Office Depot,ODP,,,,,,,,,,,,,United States,company.public,USD-marketcap,"$1,910,000,000",$52.41,,12024.03,,,B.lion,,,,12026,phantasim,,,,,,,,,,
5843,12024,Sonic Automotive,XX-XY,,,Sonic Automotive,SAH,,,,,,,,,,,,,United States,company.public,USD-marketcap,"$1,910,000,000",$56.19,,12024.03,,,B.lion,,,,12026,phantasim,,,,,,,,,,
5844,12024,Catalyst Pharmaceuticals,XX-XY,,,Catalyst Pharmaceuticals,CPRX,,,,,,,,,,,,,United States,company.public,USD-marketcap,"$1,910,000,000",$16.27,,12024.03,,,B.lion,,,,12026,phantasim,,,,,,,,,,
5845,12024,Kokuyo,XX-XY,,,Kokuyo,7984.T,,,,,,,,,,,,,Japan,company.public,USD-marketcap,"$1,910,000,000",$16.83,,12024.03,,,B.lion,,,,12026,phantasim,,,,,,,,,,
5846,12024,GlobalData,XX-XY,,,GlobalData,DATA.L,,,,,,,,,,,,,United Kingdom,company.public,USD-marketcap,"$1,910,000,000",$2.35,,,,,B.lion,,,,12026,phantasim,,,,,,,,,,
5847,12024,Singapore Land,XX-XY,,,Singapore Land,U06.SI,,,,,,,,,,,,,Singapore,company.public,USD-marketcap,"$1,910,000,000",$1.32,,,,,B.lion,,,,12026,phantasim,,,,,,,,,,
5848,12024,Saudi Cement Company,XX-XY,,,Saudi Cement Company,3030.SR,,,,,,,,,,,,,Saudi Arabia,company.public,USD-marketcap,"$1,910,000,000",$12.50,,,,,B.lion,,,,12026,phantasim,,,,,,,,,,
5849,12024,RITES,XX-XY,,,RITES,RITES.NS,,,,,,,,,,,,,India,company.public,USD-marketcap,"$1,910,000,000",$7.96,,,,,B.lion,,,,12026,phantasim,,,,,,,,,,
5922,12024,Barnes Group,XX-XY,,,Barnes Group,B,,,,,,,,,,,,,United States,company.public,USD-marketcap,"$1,900,000,000",$37.48,,12024.03,,,B.lion,,,,12026,phantasim,,,,,,,,,,
5923,12024,Harmony Biosciences,XX-XY,,,Harmony Biosciences,HRMY,,,,,,,,,,,,,United States,company.public,USD-marketcap,"$1,900,000,000",$33.52,,12024.03,,,B.lion,,,,12026,phantasim,,,,,,,,,,
5924,12024,Perficient,XX-XY,,,Perficient,PRFT,,,,,,,,,,,,,United States,company.public,USD-marketcap,"$1,900,000,000",$54.46,,12024.03,,,B.lion,,,,12026,phantasim,,,,,,,,,,
5925,12024,Upbound Group,XX-XY,,,Upbound Group,UPBD,,,,,,,,,,,,,United States,company.public,USD-marketcap,"$1,900,000,000",$35.00,,12024.03,,,B.lion,,,,12026,phantasim,,,,,,,,,,
5926,12024,Métropole Télévision (Groupe M6),XX-XY,,,Métropole Télévision (Groupe M6),MMT.PA,,,,,,,,,,,,,France,company.public,USD-marketcap,"$1,900,000,000",$15.11,,,,,B.lion,,,,12026,phantasim,,,,,,,,,,
5927,12024,MGP Ingredients,XX-XY,,,MGP Ingredients,MGPI,,,,,,,,,,,,,United States,company.public,USD-marketcap,"$1,890,000,000",$85.80,,12024.03,,,B.lion,,,,12026,phantasim,,,,,,,,,,
5928,12024,CIMC Enric,XX-XY,,,CIMC Enric,3899.HK,,,,,,,,,,,,,China,company.public,USD-marketcap,"$1,890,000,000",$0.93,,,,,B.lion,,,,12026,phantasim,,,,,,,,,,
5929,12024,Zug Estates Holding,XX-XY,,,Zug Estates Holding,ZUGN.SW,,,,,,,,,,,,,Switzerland,company.public,USD-marketcap,"$1,890,000,000","$1,979.00",,,,,B.lion,,,,12026,phantasim,,,,,,,,,,
5930,12024,Entra,XX-XY,,,Entra,ENTRA.OL,,,,,,,,,,,,,Norway,company.public,USD-marketcap,"$1,890,000,000",$10.41,,,,,B.lion,,,,12026,phantasim,,,,,,,,,,
5931,12024,Olectra Greentech,XX-XY,,,Olectra Greentech,OLECTRA.NS,,,,,,,,,,,,,India,company.public,USD-marketcap,"$1,890,000,000",$23.12,,,,,B.lion,,,,12026,phantasim,,,,,,,,,,
5932,12024,Acadia Realty Trust,XX-XY,,,Acadia Realty Trust,AKR,,,,,,,,,,,,,United States,company.public,USD-marketcap,"$1,880,000,000",$16.70,,12024.03,,,B.lion,,,,12026,phantasim,,,,,,,,,,
5933,12024,Amneal Pharmaceuticals,XX-XY,,,Amneal Pharmaceuticals,AMRX,,,,,,,,,,,,,United States,company.public,USD-marketcap,"$1,880,000,000",$6.12,,12024.03,,,B.lion,,,,12026,phantasim,,,,,,,,,,
5934,12024,Independent Bank Group,XX-XY,,,Independent Bank Group,IBTX,,,,,,,,,,,,,United States,company.public,USD-marketcap,"$1,880,000,000",$45.78,,12024.03,,,B.lion,,,,12026,phantasim,,,,,,,,,,
5935,12024,Semrush,XX-XY,,,Semrush,SEMR,,,,,,,,,,,,,United States,company.public,USD-marketcap,"$1,880,000,000",$13.06,,12024.03,,,B.lion,,,,12026,phantasim,,,,,,,,,,
5936,12024,Hays plc,XX-XY,,,Hays plc,HAS.L,,,,,,,,,,,,,United Kingdom,company.public,USD-marketcap,"$1,880,000,000",$1.19,,12024.03,,,B.lion,,,,12026,phantasim,,,,,,,,,,
5937,12024,Shufersal,XX-XY,,,Shufersal,SAE.TA,,,,,,,,,,,,,Israel,company.public,USD-marketcap,"$1,880,000,000",$7.09,,,,,B.lion,,,,12026,phantasim,,,,,,,,,,
5938,12024,XL Axiata,XX-XY,,,XL Axiata,EXCL.JK,,,,,,,,,,,,,Indonesia,company.public,USD-marketcap,"$1,880,000,000",$0.14,,,,,B.lion,,,,12026,phantasim,,,,,,,,,,
5939,12024,H&R REIT,XX-XY,,,H&R REIT,HR-UN.TO,,,,,,,,,,,,,Canada,company.public,USD-marketcap,"$1,880,000,000",$6.74,,,,,B.lion,,,,12026,phantasim,,,,,,,,,,
5940,12024,OPENLANE Corporate,XX-XY,,,OPENLANE Corporate,KAR,,,,,,,,,,,,,United States,company.public,USD-marketcap,"$1,870,000,000",$17.32,,12024.03,,,B.lion,,,,12026,phantasim,,,,,,,,,,
5941,12024,Pebblebrook Hotel Trust,XX-XY,,,Pebblebrook Hotel Trust,PEB,,,,,,,,,,,,,United States,company.public,USD-marketcap,"$1,870,000,000",$15.58,,12024.03,,,B.lion,,,,12026,phantasim,,,,,,,,,,
5942,12024,RxSight,XX-XY,,,RxSight,RXST,,,,,,,,,,,,,United States,company.public,USD-marketcap,"$1,870,000,000",$50.67,,12024.03,,,B.lion,,,,12026,phantasim,,,,,,,,,,
5943,12024,Tilray,XX-XY,,,Tilray,TLRY,,,,,,,,,,,,,Canada,company.public,USD-marketcap,"$1,870,000,000",$2.48,,12024.03,,,B.lion,,,,12026,phantasim,,,,,,,,,,
5944,12024,Cogeco,XX-XY,,,Cogeco,CCA.TO,,,,,,,,,,,,,Canada,company.public,USD-marketcap,"$1,870,000,000",$44.30,,12024.03,,,B.lion,,,,12026,phantasim,,,,,,,,,,
5945,12024,BRP Group,XX-XY,,,BRP Group,BRP,,,,,,,,,,,,,United States,company.public,USD-marketcap,"$1,860,000,000",$28.77,,12024.03,,,B.lion,,,,12026,phantasim,,,,,,,,,,
5946,12024,Madison Square Garden,XX-XY,,,Madison Square Garden,MSGE,,,,,,,,,,,,,United States,company.public,USD-marketcap,"$1,860,000,000",$38.95,,12024.03,,,B.lion,,,,12026,phantasim,,,,,,,,,,
5947,12024,Vital Energy,XX-XY,,,Vital Energy,VTLE,,,,,,,,,,,,,United States,company.public,USD-marketcap,"$1,860,000,000",$50.76,,12024.03,,,B.lion,,,,12026,phantasim,,,,,,,,,,
5948,12024,Almirall,XX-XY,,,Almirall,ALM.MC,,,,,,,,,,,,,Spain,company.public,USD-marketcap,"$1,860,000,000",$8.90,,12024.03,,,B.lion,,,,12026,phantasim,,,,,,,,,,
5949,12024,Liontown Resources,XX-XY,,,Liontown Resources,LTR.AX,,,,,,,,,,,,,Australia,company.public,USD-marketcap,"$1,860,000,000",$0.77,,,,,B.lion,,,,12026,phantasim,,,,,,,,,,
5950,12024,Philip Morris ČR,XX-XY,,,Philip Morris ČR,TABAK.PR,,,,,,,,,,,,,Czech Republic,company.public,USD-marketcap,"$1,860,000,000",$677.73,,,,,B.lion,,,,12026,phantasim,,,,,,,,,,
5951,12024,Crombie Real Estate Investment Trust,XX-XY,,,Crombie Real Estate Investment Trust,CRR-UN.TO,,,,,,,,,,,,,Canada,company.public,USD-marketcap,"$1,860,000,000",$10.31,,,,,B.lion,,,,12026,phantasim,,,,,,,,,,
5952,12024,Whirlpool India,XX-XY,,,Whirlpool India,WHIRLPOOL.NS,,,,,,,,,,,,,India,company.public,USD-marketcap,"$1,860,000,000",$14.71,,,,,B.lion,,,,12026,phantasim,,,,,,,,,,
5953,12024,Welspun India,XX-XY,,,Welspun India,WELSPUNIND.NS,,,,,,,,,,,,,India,company.public,USD-marketcap,"$1,860,000,000",$1.91,,,,,B.lion,,,,12026,phantasim,,,,,,,,,,
5954,12024,Bread Financial,XX-XY,,,Bread Financial,BFH,,,,,,,,,,,,,United States,company.public,USD-marketcap,"$1,850,000,000",$37.62,,12024.03,,,B.lion,,,,12026,phantasim,,,,,,,,,,
5955,12024,The Cheesecake Factory,XX-XY,,,The Cheesecake Factory,CAKE,,,,,,,,,,,,,United States,company.public,USD-marketcap,"$1,850,000,000",$36.37,,12024.03,,,B.lion,,,,12026,phantasim,,,,,,,,,,
5956,12024,Digital World Acquisition,XX-XY,,,Digital World Acquisition,DWAC,,,,,,,,,,,,,United States,company.public,USD-marketcap,"$1,850,000,000",$49.95,,12024.03,,,B.lion,,,,12026,phantasim,,,,,,,,,,
5957,12024,Triumph Financial,XX-XY,,,Triumph Financial,TFIN,,,,,,,,,,,,,United States,company.public,USD-marketcap,"$1,850,000,000",$79.34,,12024.03,,,B.lion,,,,12026,phantasim,,,,,,,,,,
5958,12024,Quilter,XX-XY,,,Quilter,QLT.L,,,,,,,,,,,,,United Kingdom,company.public,USD-marketcap,"$1,850,000,000",$1.32,,12024.03,,,B.lion,,,,12026,phantasim,,,,,,,,,,
5959,12024,Goodman Property Trust,XX-XY,,,Goodman Property Trust,GMT.NZ,,,,,,,,,,,,,New Zealand,company.public,USD-marketcap,"$1,850,000,000",$1.32,,,,,B.lion,,,,12026,phantasim,,,,,,,,,,
5960,12024,PageGroup,XX-XY,,,PageGroup,PAGE.L,,,,,,,,,,,,,United Kingdom,company.public,USD-marketcap,"$1,850,000,000",$5.62,,,,,B.lion,,,,12026,phantasim,,,,,,,,,,
5961,12024,Compagnie Plastic Omnium,XX-XY,,,Compagnie Plastic Omnium,POM.PA,,,,,,,,,,,,,France,company.public,USD-marketcap,"$1,850,000,000",$12.76,,,,,B.lion,,,,12026,phantasim,,,,,,,,,,
5962,12024,Superior Plus,XX-XY,,,Superior Plus,SPB.TO,,,,,,,,,,,,,Canada,company.public,USD-marketcap,"$1,850,000,000",$7.44,,,,,B.lion,,,,12026,phantasim,,,,,,,,,,
5963,12024,Yamama Saudi Cement Company,XX-XY,,,Yamama Saudi Cement Company,3020.SR,,,,,,,,,,,,,Saudi Arabia,company.public,USD-marketcap,"$1,850,000,000",$9.15,,,,,B.lion,,,,12026,phantasim,,,,,,,,,,
5964,12024,Bank Danamon,XX-XY,,,Bank Danamon,BDMN.JK,,,,,,,,,,,,,Indonesia,company.public,USD-marketcap,"$1,850,000,000",$0.19,,,,,B.lion,,,,12026,phantasim,,,,,,,,,,
5965,12024,Outokumpu,XX-XY,,,Outokumpu,OUT1V.HE,,,,,,,,,,,,,Finland,company.public,USD-marketcap,"$1,850,000,000",$4.38,,,,,B.lion,,,,12026,phantasim,,,,,,,,,,
5966,12024,Finolex Industries,XX-XY,,,Finolex Industries,FINPIPE.NS,,,,,,,,,,,,,India,company.public,USD-marketcap,"$1,850,000,000",$3.00,,,,,B.lion,,,,12026,phantasim,,,,,,,,,,
5967,12024,JOYY,XX-XY,,,JOYY,YY,,,,,,,,,,,,,China,company.public,USD-marketcap,"$1,840,000,000",$30.25,,12024.03,,,B.lion,,,,12026,phantasim,,,,,,,,,,
5968,12024,Dana,XX-XY,,,Dana,DAN,,,,,,,,,,,,,United States,company.public,USD-marketcap,"$1,840,000,000",$12.74,,12024.03,,,B.lion,,,,12026,phantasim,,,,,,,,,,
5969,12024,DHT Holdings,XX-XY,,,DHT Holdings,DHT,,,,,,,,,,,,,Bermuda,company.public,USD-marketcap,"$1,840,000,000",$11.42,,12024.03,,,B.lion,,,,12026,phantasim,,,,,,,,,,
5970,12024,Live Oak Bank,XX-XY,,,Live Oak Bank,LOB,,,,,,,,,,,,,United States,company.public,USD-marketcap,"$1,840,000,000",$41.22,,12024.03,,,B.lion,,,,12026,phantasim,,,,,,,,,,
5971,12024,STAAR Surgical,XX-XY,,,STAAR Surgical,STAA,,,,,,,,,,,,,United States,company.public,USD-marketcap,"$1,840,000,000",$37.70,,12024.03,,,B.lion,,,,12026,phantasim,,,,,,,,,,
5972,12024,Supernus Pharmaceuticals,XX-XY,,,Supernus Pharmaceuticals,SUPN,,,,,,,,,,,,,United States,company.public,USD-marketcap,"$1,840,000,000",$33.74,,12024.03,,,B.lion,,,,12026,phantasim,,,,,,,,,,
5973,12024,Paradox Interactive,XX-XY,,,Paradox Interactive,PDX.ST,,,,,,,,,,,,,Sweden,company.public,USD-marketcap,"$1,840,000,000",$17.51,,,,,B.lion,,,,12026,phantasim,,,,,,,,,,
5974,12024,Playtech,XX-XY,,,Playtech,PTEC.L,,,,,,,,,,,,,Isle of Man,company.public,USD-marketcap,"$1,840,000,000",$5.95,,,,,B.lion,,,,12026,phantasim,,,,,,,,,,
5975,12024,Ryman Healthcare,XX-XY,,,Ryman Healthcare,RYM.NZ,,,,,,,,,,,,,New Zealand,company.public,USD-marketcap,"$1,840,000,000",$2.68,,,,,B.lion,,,,12026,phantasim,,,,,,,,,,
5976,12024,Sonae,XX-XY,,,Sonae,SON.LS,,,,,,,,,,,,,Portugal,company.public,USD-marketcap,"$1,840,000,000",$0.95,,,,,B.lion,,,,12026,phantasim,,,,,,,,,,
5977,12024,Apollo Medical Holdings,XX-XY,,,Apollo Medical Holdings,AMEH,,,,,,,,,,,,,United States,company.public,USD-marketcap,"$1,830,000,000",$40.82,,12024.03,,,B.lion,,,,12026,phantasim,,,,,,,,,,
5978,12024,SoundHound AI,XX-XY,,,SoundHound AI,SOUN,,,,,,,,,,,,,United States,company.public,USD-marketcap,"$1,830,000,000",$5.93,,12024.03,,,B.lion,,,,12026,phantasim,,,,,,,,,,
5979,12024,Apex Investment,XX-XY,,,Apex Investment,APEX.AE,,,,,,,,,,,,,United Arab Emirates,company.public,USD-marketcap,"$1,830,000,000",$0.52,,,,,B.lion,,,,12026,phantasim,,,,,,,,,,
5980,12024,Gestamp Automoción,XX-XY,,,Gestamp Automoción,GEST.MC,,,,,,,,,,,,,Spain,company.public,USD-marketcap,"$1,830,000,000",$3.20,,,,,B.lion,,,,12026,phantasim,,,,,,,,,,
5981,12024,National Mobile Telecommunications Company,XX-XY,,,National Mobile Telecommunications Company,OOREDOO.KW,,,,,,,,,,,,,Kuwait,company.public,USD-marketcap,"$1,830,000,000","$3,653.00",,,,,B.lion,,,,12026,phantasim,,,,,,,,,,
5982,12024,Televisa,XX-XY,,,Televisa,TV,,,,,,,,,,,,,Mexico,company.public,USD-marketcap,"$1,820,000,000",$3.14,,12024.03,,,B.lion,,,,12026,phantasim,,,,,,,,,,
5983,12024,Equinox Gold,XX-XY,,,Equinox Gold,EQX,,,,,,,,,,,,,Canada,company.public,USD-marketcap,"$1,820,000,000",$5.63,,12024.03,,,B.lion,,,,12026,phantasim,,,,,,,,,,
5984,12024,Merchants Bancorp,XX-XY,,,Merchants Bancorp,MBIN,,,,,,,,,,,,,United States,company.public,USD-marketcap,"$1,820,000,000",$42.10,,12024.03,,,B.lion,,,,12026,phantasim,,,,,,,,,,
5985,12024,Photronics,XX-XY,,,Photronics,PLAB,,,,,,,,,,,,,United States,company.public,USD-marketcap,"$1,820,000,000",$28.77,,12024.03,,,B.lion,,,,12026,phantasim,,,,,,,,,,
5986,12024,Aston Martin,XX-XY,,,Aston Martin,AML.L,,,,,,,,,,,,,United Kingdom,company.public,USD-marketcap,"$1,820,000,000",$2.19,,12024.03,,,B.lion,,,,12026,phantasim,,,,,,,,,,
5987,12024,Mitsui Fudosan Logistics Park,XX-XY,,,Mitsui Fudosan Logistics Park,3471.T,,,,,,,,,,,,,Japan,company.public,USD-marketcap,"$1,820,000,000","$3,000.00",,12024.03,,,B.lion,,,,12026,phantasim,,,,,,,,,,
5988,12024,Grupa Kety,XX-XY,,,Grupa Kety,KTY.WA,,,,,,,,,,,,,Poland,company.public,USD-marketcap,"$1,820,000,000",$188.73,,,,,B.lion,,,,12026,phantasim,,,,,,,,,,
5989,12024,Kuwait Projects Company Holding,XX-XY,,,Kuwait Projects Company Holding,KPROJ.KW,,,,,,,,,,,,,Kuwait,company.public,USD-marketcap,"$1,820,000,000",$400.14,,,,,B.lion,,,,12026,phantasim,,,,,,,,,,
5990,12024,SJW Group,XX-XY,,,SJW Group,SJW,,,,,,,,,,,,,United States,company.public,USD-marketcap,"$1,810,000,000",$56.64,,12024.03,,,B.lion,,,,12026,phantasim,,,,,,,,,,
5991,12024,NCR Voyix Corporation,XX-XY,,,NCR Voyix Corporation,VYX,,,,,,,,,,,,,United States,company.public,USD-marketcap,"$1,810,000,000",$12.61,,12024.03,,,B.lion,,,,12026,phantasim,,,,,,,,,,
5992,12024,Central Puerto,XX-XY,,,Central Puerto,CEPU,,,,,,,,,,,,,Argentina,company.public,USD-marketcap,"$1,810,000,000",$9.38,,12024.03,,,B.lion,,,,12026,phantasim,,,,,,,,,,
5993,12024,Jenoptik,XX-XY,,,Jenoptik,JEN.F,,,,,,,,,,,,,Germany,company.public,USD-marketcap,"$1,810,000,000",$31.72,,12024.03,,,B.lion,,,,12026,phantasim,,,,,,,,,,
5994,12024,NCC Limited,XX-XY,,,NCC Limited,NCC.NS,,,,,,,,,,,,,India,company.public,USD-marketcap,"$1,810,000,000",$2.89,,,,,B.lion,,,,12026,phantasim,,,,,,,,,,
5995,12024,NuVista Energy,XX-XY,,,NuVista Energy,NVA.TO,,,,,,,,,,,,,Canada,company.public,USD-marketcap,"$1,810,000,000",$8.74,,,,,B.lion,,,,12026,phantasim,,,,,,,,,,
6074,12024,Geo Group,XX-XY,,,Geo Group,GEO,,,,,,,,,,,,,United States,company.public,USD-marketcap,"$1,800,000,000",$14.21,,12024.03,,,B.lion,,,,12026,phantasim,,,,,,,,,,
6075,12024,Mach Natural Resources LP,XX-XY,,,Mach Natural Resources LP,MNR,,,,,,,,,,,,,United States,company.public,USD-marketcap,"$1,800,000,000",$19.04,,12024.03,,,B.lion,,,,12026,phantasim,,,,,,,,,,
6076,12024,SFL Corp,XX-XY,,,SFL Corp,SFL,,,,,,,,,,,,,Bermuda,company.public,USD-marketcap,"$1,800,000,000",$13.12,,12024.03,,,B.lion,,,,12026,phantasim,,,,,,,,,,
6077,12024,Compass Diversified Holdings,XX-XY,,,Compass Diversified Holdings,CODI,,,,,,,,,,,,,United States,company.public,USD-marketcap,"$1,800,000,000",$24.04,,12024.03,,,B.lion,,,,12026,phantasim,,,,,,,,,,
6078,12024,Fusion Pharmaceuticals,XX-XY,,,Fusion Pharmaceuticals,FUSN,,,,,,,,,,,,,Canada,company.public,USD-marketcap,"$1,800,000,000",$21.30,,12024.03,,,B.lion,,,,12026,phantasim,,,,,,,,,,
6079,12024,Payoneer,XX-XY,,,Payoneer,PAYO,,,,,,,,,,,,,United States,company.public,USD-marketcap,"$1,800,000,000",$4.89,,12024.03,,,B.lion,,,,12026,phantasim,,,,,,,,,,
6080,12024,Aktieselskabet Schouw & Co.,XX-XY,,,Aktieselskabet Schouw & Co.,SCHO.CO,,,,,,,,,,,,,Denmark,company.public,USD-marketcap,"$1,800,000,000",$77.25,,,,,B.lion,,,,12026,phantasim,,,,,,,,,,
6081,12024,Telephone and Data Systems,XX-XY,,,Telephone and Data Systems,TDS,,,,,,,,,,,,,United States,company.public,USD-marketcap,"$1,790,000,000",$15.86,,12024.03,,,B.lion,,,,12026,phantasim,,,,,,,,,,
6082,12024,Semtech,XX-XY,,,Semtech,SMTC,,,,,,,,,,,,,United States,company.public,USD-marketcap,"$1,790,000,000",$27.86,,12024.03,,,B.lion,,,,12026,phantasim,,,,,,,,,,
6083,12024,Gentherm,XX-XY,,,Gentherm,THRM,,,,,,,,,,,,,United States,company.public,USD-marketcap,"$1,790,000,000",$56.88,,12024.03,,,B.lion,,,,12026,phantasim,,,,,,,,,,
6084,12024,Plus500,XX-XY,,,Plus500,PLUS.L,,,,,,,,,,,,,Israel,company.public,USD-marketcap,"$1,790,000,000",$22.87,,,,,B.lion,,,,12026,phantasim,,,,,,,,,,
6085,12024,Estithmar Holding,XX-XY,,,Estithmar Holding,IGRD.QA,,,,,,,,,,,,,Qatar,company.public,USD-marketcap,"$1,790,000,000",$0.53,,,,,B.lion,,,,12026,phantasim,,,,,,,,,,
6086,12024,Montea Comm,XX-XY,,,Montea Comm,MONT.BR,,,,,,,,,,,,,Belgium,company.public,USD-marketcap,"$1,790,000,000",$89.80,,,,,B.lion,,,,12026,phantasim,,,,,,,,,,
6087,12024,Peab,XX-XY,,,Peab,PEAB-B.ST,,,,,,,,,,,,,Sweden,company.public,USD-marketcap,"$1,790,000,000",$6.25,,,,,B.lion,,,,12026,phantasim,,,,,,,,,,
6088,12024,4D Molecular Therapeutics,XX-XY,,,4D Molecular Therapeutics,FDMT,,,,,,,,,,,,,United States,company.public,USD-marketcap,"$1,780,000,000",$35.87,,12024.03,,,B.lion,,,,12026,phantasim,,,,,,,,,,
6089,12024,InMode,XX-XY,,,InMode,INMD,,,,,,,,,,,,,Israel,company.public,USD-marketcap,"$1,780,000,000",$21.20,,12024.03,,,B.lion,,,,12026,phantasim,,,,,,,,,,
6090,12024,National Western Life,XX-XY,,,National Western Life,NWLI,,,,,,,,,,,,,United States,company.public,USD-marketcap,"$1,780,000,000",$491.54,,12024.03,,,B.lion,,,,12026,phantasim,,,,,,,,,,
6091,12024,The Bancorp,XX-XY,,,The Bancorp,TBBK,,,,,,,,,,,,,United States,company.public,USD-marketcap,"$1,780,000,000",$33.78,,12024.03,,,B.lion,,,,12026,phantasim,,,,,,,,,,
6092,12024,Bilfinger,XX-XY,,,Bilfinger,GBF.F,,,,,,,,,,,,,Germany,company.public,USD-marketcap,"$1,780,000,000",$47.57,,12024.03,,,B.lion,,,,12026,phantasim,,,,,,,,,,
6093,12024,KWS,XX-XY,,,KWS,KWS.F,,,,,,,,,,,,,Germany,company.public,USD-marketcap,"$1,780,000,000",$54.05,,12024.03,,,B.lion,,,,12026,phantasim,,,,,,,,,,
6094,12024,Robertet,XX-XY,,,Robertet,CBE.PA,,,,,,,,,,,,,France,company.public,USD-marketcap,"$1,780,000,000",$780.98,,12024.03,,,B.lion,,,,12026,phantasim,,,,,,,,,,
6095,12024,Almunajem Foods Company,XX-XY,,,Almunajem Foods Company,4162.SR,,,,,,,,,,,,,Saudi Arabia,company.public,USD-marketcap,"$1,780,000,000",$29.83,,,,,B.lion,,,,12026,phantasim,,,,,,,,,,
6096,12024,Stelco,XX-XY,,,Stelco,STLC.TO,,,,,,,,,,,,,Canada,company.public,USD-marketcap,"$1,780,000,000",$32.44,,,,,B.lion,,,,12026,phantasim,,,,,,,,,,
6097,12024,Bayanat AI,XX-XY,,,Bayanat AI,BAYANAT.AE,,,,,,,,,,,,,United Arab Emirates,company.public,USD-marketcap,"$1,780,000,000",$0.69,,,,,B.lion,,,,12026,phantasim,,,,,,,,,,
6098,12024,Finolex Cables,XX-XY,,,Finolex Cables,FINCABLES.NS,,,,,,,,,,,,,India,company.public,USD-marketcap,"$1,780,000,000",$11.70,,,,,B.lion,,,,12026,phantasim,,,,,,,,,,
6099,12024,Karur Vysya Bank,XX-XY,,,Karur Vysya Bank,KARURVYSYA.NS,,,,,,,,,,,,,India,company.public,USD-marketcap,"$1,780,000,000",$2.22,,,,,B.lion,,,,12026,phantasim,,,,,,,,,,
6100,12024,Global Net Lease,XX-XY,,,Global Net Lease,GNL,,,,,,,,,,,,,United States,company.public,USD-marketcap,"$1,770,000,000",$7.63,,12024.03,,,B.lion,,,,12026,phantasim,,,,,,,,,,
6101,12024,Donnelley Financial Solutions,XX-XY,,,Donnelley Financial Solutions,DFIN,,,,,,,,,,,,,United States,company.public,USD-marketcap,"$1,770,000,000",$61.00,,12024.03,,,B.lion,,,,12026,phantasim,,,,,,,,,,
6102,12024,ProKidney,XX-XY,,,ProKidney,PROK,,,,,,,,,,,,,United States,company.public,USD-marketcap,"$1,770,000,000",$1.57,,12024.03,,,B.lion,,,,12026,phantasim,,,,,,,,,,
6103,12024,Frontier Airlines,XX-XY,,,Frontier Airlines,ULCC,,,,,,,,,,,,,United States,company.public,USD-marketcap,"$1,770,000,000",$7.96,,12024.03,,,B.lion,,,,12026,phantasim,,,,,,,,,,
6104,12024,Richelieu Hardware,XX-XY,,,Richelieu Hardware,RCH.TO,,,,,,,,,,,,,Canada,company.public,USD-marketcap,"$1,770,000,000",$31.68,,,,,B.lion,,,,12026,phantasim,,,,,,,,,,
6105,12024,Gasco (National Gas and Industrialization Company),XX-XY,,,Gasco (National Gas and Industrialization Company),2080.SR,,,,,,,,,,,,,Saudi Arabia,company.public,USD-marketcap,"$1,770,000,000",$23.61,,,,,B.lion,,,,12026,phantasim,,,,,,,,,,
6106,12024,Forbo Holding,XX-XY,,,Forbo Holding,FORN.SW,,,,,,,,,,,,,Switzerland,company.public,USD-marketcap,"$1,770,000,000","$1,260.00",,,,,B.lion,,,,12026,phantasim,,,,,,,,,,
6107,12024,Gulf Insurance Group,XX-XY,,,Gulf Insurance Group,GINS.KW,,,,,,,,,,,,,Kuwait,company.public,USD-marketcap,"$1,770,000,000","$6,246.00",,,,,B.lion,,,,12026,phantasim,,,,,,,,,,
6108,12024,Jeudan,XX-XY,,,Jeudan,JDAN.CO,,,,,,,,,,,,,Denmark,company.public,USD-marketcap,"$1,770,000,000",$32.09,,,,,B.lion,,,,12026,phantasim,,,,,,,,,,
6109,12024,JYP Entertainment,XX-XY,,,JYP Entertainment,035900.KQ,,,,,,,,,,,,,South Korea,company.public,USD-marketcap,"$1,770,000,000",$53.71,,,,,B.lion,,,,12026,phantasim,,,,,,,,,,
6110,12024,CoreCivic,XX-XY,,,CoreCivic,CXW,,,,,,,,,,,,,United States,company.public,USD-marketcap,"$1,760,000,000",$15.65,,12024.03,,,B.lion,,,,12026,phantasim,,,,,,,,,,
6111,12024,FB Financial,XX-XY,,,FB Financial,FBK,,,,,,,,,,,,,United States,company.public,USD-marketcap,"$1,760,000,000",$37.65,,12024.03,,,B.lion,,,,12026,phantasim,,,,,,,,,,
6112,12024,Jeld-Wen,XX-XY,,,Jeld-Wen,JELD,,,,,,,,,,,,,United States,company.public,USD-marketcap,"$1,760,000,000",$20.58,,12024.03,,,B.lion,,,,12026,phantasim,,,,,,,,,,
6113,12024,VEON,XX-XY,,,VEON,VEON,,,,,,,,,,,,,Netherlands,company.public,USD-marketcap,"$1,760,000,000",$23.85,,12024.03,,,B.lion,,,,12026,phantasim,,,,,,,,,,
6114,12024,Thai Union Group,XX-XY,,,Thai Union Group,TU.BK,,,,,,,,,,,,,Thailand,company.public,USD-marketcap,"$1,760,000,000",$0.40,,12024.03,,,B.lion,,,,12026,phantasim,,,,,,,,,,
6115,12024,Altus Group,XX-XY,,,Altus Group,AIF.TO,,,,,,,,,,,,,Canada,company.public,USD-marketcap,"$1,760,000,000",$38.72,,12024.03,,,B.lion,,,,12026,phantasim,,,,,,,,,,
6116,12024,Fever-Tree Drinks,XX-XY,,,Fever-Tree Drinks,FEVR.L,,,,,,,,,,,,,United Kingdom,company.public,USD-marketcap,"$1,760,000,000",$15.13,,,,,B.lion,,,,12026,phantasim,,,,,,,,,,
6117,12024,Meliá Hotels International,XX-XY,,,Meliá Hotels International,MEL.MC,,,,,,,,,,,,,Spain,company.public,USD-marketcap,"$1,760,000,000",$8.01,,,,,B.lion,,,,12026,phantasim,,,,,,,,,,
6118,12024,Vicat S.A.,XX-XY,,,Vicat S.A.,VCT.PA,,,,,,,,,,,,,France,company.public,USD-marketcap,"$1,760,000,000",$39.81,,,,,B.lion,,,,12026,phantasim,,,,,,,,,,
6119,12024,DAQO New Energy,XX-XY,,,DAQO New Energy,DQ,,,,,,,,,,,,,China,company.public,USD-marketcap,"$1,750,000,000",$26.71,,12024.03,,,B.lion,,,,12026,phantasim,,,,,,,,,,
6120,12024,Oxford Industries,XX-XY,,,Oxford Industries,OXM,,,,,,,,,,,,,United States,company.public,USD-marketcap,"$1,750,000,000",$112.47,,12024.03,,,B.lion,,,,12026,phantasim,,,,,,,,,,
6121,12024,ACM Research,XX-XY,,,ACM Research,ACMR,,,,,,,,,,,,,United States,company.public,USD-marketcap,"$1,750,000,000",$28.70,,12024.03,,,B.lion,,,,12026,phantasim,,,,,,,,,,
6122,12024,Enova International,XX-XY,,,Enova International,ENVA,,,,,,,,,,,,,United States,company.public,USD-marketcap,"$1,750,000,000",$62.19,,12024.03,,,B.lion,,,,12026,phantasim,,,,,,,,,,
6123,12024,Huron Consulting,XX-XY,,,Huron Consulting,HURN,,,,,,,,,,,,,United States,company.public,USD-marketcap,"$1,750,000,000",$96.32,,12024.03,,,B.lion,,,,12026,phantasim,,,,,,,,,,
6124,12024,Ingevity,XX-XY,,,Ingevity,NGVT,,,,,,,,,,,,,United States,company.public,USD-marketcap,"$1,750,000,000",$48.44,,12024.03,,,B.lion,,,,12026,phantasim,,,,,,,,,,
6125,12024,Sapiens,XX-XY,,,Sapiens,SPNS,,,,,,,,,,,,,Israel,company.public,USD-marketcap,"$1,750,000,000",$31.46,,12024.03,,,B.lion,,,,12026,phantasim,,,,,,,,,,
6126,12024,Udemy,XX-XY,,,Udemy,UDMY,,,,,,,,,,,,,United States,company.public,USD-marketcap,"$1,750,000,000",$11.08,,12024.03,,,B.lion,,,,12026,phantasim,,,,,,,,,,
6127,12024,Virtus Investment Partners,XX-XY,,,Virtus Investment Partners,VRTS,,,,,,,,,,,,,United States,company.public,USD-marketcap,"$1,750,000,000",$247.61,,12024.03,,,B.lion,,,,12026,phantasim,,,,,,,,,,
6128,12024,Believe S.A.,XX-XY,,,Believe S.A.,BLV.PA,,,,,,,,,,,,,France,company.public,USD-marketcap,"$1,750,000,000",$18.09,,12024.03,,,B.lion,,,,12026,phantasim,,,,,,,,,,
6129,12024,Borregaard,XX-XY,,,Borregaard,BRG.OL,,,,,,,,,,,,,Norway,company.public,USD-marketcap,"$1,750,000,000",$17.55,,12024.03,,,B.lion,,,,12026,phantasim,,,,,,,,,,
6130,12024,Carabao Group,XX-XY,,,Carabao Group,CBG.BK,,,,,,,,,,,,,Thailand,company.public,USD-marketcap,"$1,750,000,000",$1.75,,12024.03,,,B.lion,,,,12026,phantasim,,,,,,,,,,
6131,12024,Cementir,XX-XY,,,Cementir,CEM.MI,,,,,,,,,,,,,Italy,company.public,USD-marketcap,"$1,750,000,000",$11.27,,,,,B.lion,,,,12026,phantasim,,,,,,,,,,
6132,12024,The Foschini Group,XX-XY,,,The Foschini Group,TFG.JO,,,,,,,,,,,,,South Africa,company.public,USD-marketcap,"$1,750,000,000",$5.45,,,,,B.lion,,,,12026,phantasim,,,,,,,,,,
6133,12024,Aker Solutions ASA,XX-XY,,,Aker Solutions ASA,AKSO.OL,,,,,,,,,,,,,Norway,company.public,USD-marketcap,"$1,750,000,000",$3.60,,,,,B.lion,,,,12026,phantasim,,,,,,,,,,
6134,12024,Bavarian Nordic,XX-XY,,,Bavarian Nordic,BAVA.CO,,,,,,,,,,,,,Denmark,company.public,USD-marketcap,"$1,750,000,000",$22.50,,,,,B.lion,,,,12026,phantasim,,,,,,,,,,
6135,12024,Tata Teleservices,XX-XY,,,Tata Teleservices,TTML.NS,,,,,,,,,,,,,India,company.public,USD-marketcap,"$1,750,000,000",$0.90,,,,,B.lion,,,,12026,phantasim,,,,,,,,,,
6136,12024,Gaotu Techedu,XX-XY,,,Gaotu Techedu,GOTU,,,,,,,,,,,,,China,company.public,USD-marketcap,"$1,740,000,000",$6.74,,12024.03,,,B.lion,,,,12026,phantasim,,,,,,,,,,
6137,12024,PHINIA,XX-XY,,,PHINIA,PHIN,,,,,,,,,,,,,United States,company.public,USD-marketcap,"$1,740,000,000",$37.87,,12024.03,,,B.lion,,,,12026,phantasim,,,,,,,,,,
6138,12024,Renasant Corp,XX-XY,,,Renasant Corp,RNST,,,,,,,,,,,,,United States,company.public,USD-marketcap,"$1,740,000,000",$31.11,,12024.03,,,B.lion,,,,12026,phantasim,,,,,,,,,,
6139,12024,WesBanco,XX-XY,,,WesBanco,WSBC,,,,,,,,,,,,,United States,company.public,USD-marketcap,"$1,740,000,000",$29.33,,12024.03,,,B.lion,,,,12026,phantasim,,,,,,,,,,
6140,12024,Denison Mines,XX-XY,,,Denison Mines,DNN,,,,,,,,,,,,,Canada,company.public,USD-marketcap,"$1,730,000,000",$1.95,,12024.03,,,B.lion,,,,12026,phantasim,,,,,,,,,,
6141,12024,BrightSpring Health Services,XX-XY,,,BrightSpring Health Services,BTSG,,,,,,,,,,,,,United States,company.public,USD-marketcap,"$1,730,000,000",$10.16,,12024.03,,,B.lion,,,,12026,phantasim,,,,,,,,,,
6142,12024,PC Connection,XX-XY,,,PC Connection,CNXN,,,,,,,,,,,,,United States,company.public,USD-marketcap,"$1,730,000,000",$65.74,,12024.03,,,B.lion,,,,12026,phantasim,,,,,,,,,,
6143,12024,EverCommerce,XX-XY,,,EverCommerce,EVCM,,,,,,,,,,,,,United States,company.public,USD-marketcap,"$1,730,000,000",$9.31,,12024.03,,,B.lion,,,,12026,phantasim,,,,,,,,,,
6144,12024,Grosvenor Capital Management,XX-XY,,,Grosvenor Capital Management,GCMG,,,,,,,,,,,,,United States,company.public,USD-marketcap,"$1,730,000,000",$9.29,,12024.03,,,B.lion,,,,12026,phantasim,,,,,,,,,,
6145,12024,NBT Bancorp,XX-XY,,,NBT Bancorp,NBTB,,,,,,,,,,,,,United States,company.public,USD-marketcap,"$1,730,000,000",$36.74,,12024.03,,,B.lion,,,,12026,phantasim,,,,,,,,,,
6146,12024,Exchange Income Corporation,XX-XY,,,Exchange Income Corporation,EIF.TO,,,,,,,,,,,,,Canada,company.public,USD-marketcap,"$1,730,000,000",$36.66,,,,,B.lion,,,,12026,phantasim,,,,,,,,,,
6147,12024,PVR Cinemas,XX-XY,,,PVR Cinemas,PVR.NS,,,,,,,,,,,,,India,company.public,USD-marketcap,"$1,730,000,000",$17.65,,,,,B.lion,,,,12026,phantasim,,,,,,,,,,
6148,12024,Protector Forsikring,XX-XY,,,Protector Forsikring,PROT.OL,,,,,,,,,,,,,Norway,company.public,USD-marketcap,"$1,730,000,000",$21.06,,,,,B.lion,,,,12026,phantasim,,,,,,,,,,
6149,12024,Korea Gas,XX-XY,,,Korea Gas,036460.KS,,,,,,,,,,,,,South Korea,company.public,USD-marketcap,"$1,730,000,000",$20.15,,,,,B.lion,,,,12026,phantasim,,,,,,,,,,
6150,12024,Ngern Tid Lor,XX-XY,,,Ngern Tid Lor,TIDLOR.BK,,,,,,,,,,,,,Thailand,company.public,USD-marketcap,"$1,730,000,000",$0.62,,,,,B.lion,,,,12026,phantasim,,,,,,,,,,
6151,12024,InvenTrust Properties,XX-XY,,,InvenTrust Properties,IVT,,,,,,,,,,,,,United States,company.public,USD-marketcap,"$1,720,000,000",$25.38,,12024.03,,,B.lion,,,,12026,phantasim,,,,,,,,,,
6152,12024,Stewart Information Services,XX-XY,,,Stewart Information Services,STC,,,,,,,,,,,,,United States,company.public,USD-marketcap,"$1,720,000,000",$62.79,,12024.03,,,B.lion,,,,12026,phantasim,,,,,,,,,,
6153,12024,Vector Group,XX-XY,,,Vector Group,VGR,,,,,,,,,,,,,United States,company.public,USD-marketcap,"$1,720,000,000",$10.91,,12024.03,,,B.lion,,,,12026,phantasim,,,,,,,,,,
6154,12024,Ardelyx,XX-XY,,,Ardelyx,ARDX,,,,,,,,,,,,,United States,company.public,USD-marketcap,"$1,720,000,000",$7.41,,12024.03,,,B.lion,,,,12026,phantasim,,,,,,,,,,
6155,12024,Getty Images,XX-XY,,,Getty Images,GETY,,,,,,,,,,,,,United States,company.public,USD-marketcap,"$1,720,000,000",$4.26,,12024.03,,,B.lion,,,,12026,phantasim,,,,,,,,,,
6156,12024,Morphic Therapeutic,XX-XY,,,Morphic Therapeutic,MORF,,,,,,,,,,,,,United States,company.public,USD-marketcap,"$1,720,000,000",$34.39,,12024.03,,,B.lion,,,,12026,phantasim,,,,,,,,,,
6157,12024,Ramsay Générale de Santé,XX-XY,,,Ramsay Générale de Santé,GDS.PA,,,,,,,,,,,,,France,company.public,USD-marketcap,"$1,720,000,000",$15.65,,,,,B.lion,,,,12026,phantasim,,,,,,,,,,
6158,12024,GÜBRETAŞ,XX-XY,,,GÜBRETAŞ,GUBRF.IS,,,,,,,,,,,,,Turkey,company.public,USD-marketcap,"$1,720,000,000",$5.15,,,,,B.lion,,,,12026,phantasim,,,,,,,,,,
6159,12024,V-Guard Industries,XX-XY,,,V-Guard Industries,VGUARD.NS,,,,,,,,,,,,,India,company.public,USD-marketcap,"$1,720,000,000",$3.96,,,,,B.lion,,,,12026,phantasim,,,,,,,,,,
6160,12024,RBL Bank,XX-XY,,,RBL Bank,RBLBANK.NS,,,,,,,,,,,,,India,company.public,USD-marketcap,"$1,720,000,000",$2.86,,,,,B.lion,,,,12026,phantasim,,,,,,,,,,
6161,12024,National Vision Holdings,XX-XY,,,National Vision Holdings,EYE,,,,,,,,,,,,,United States,company.public,USD-marketcap,"$1,710,000,000",$21.96,,12024.03,,,B.lion,,,,12026,phantasim,,,,,,,,,,
6162,12024,Global Industrial Company,XX-XY,,,Global Industrial Company,GIC,,,,,,,,,,,,,United States,company.public,USD-marketcap,"$1,710,000,000",$45.00,,12024.03,,,B.lion,,,,12026,phantasim,,,,,,,,,,
6163,12024,OFG Bancorp,XX-XY,,,OFG Bancorp,OFG,,,,,,,,,,,,,United States,company.public,USD-marketcap,"$1,710,000,000",$36.46,,12024.03,,,B.lion,,,,12026,phantasim,,,,,,,,,,
6164,12024,Weis Markets,XX-XY,,,Weis Markets,WMK,,,,,,,,,,,,,United States,company.public,USD-marketcap,"$1,710,000,000",$63.91,,12024.03,,,B.lion,,,,12026,phantasim,,,,,,,,,,
6165,12024,Mercury Systems,XX-XY,,,Mercury Systems,MRCY,,,,,,,,,,,,,United States,company.public,USD-marketcap,"$1,710,000,000",$28.86,,12024.03,,,B.lion,,,,12026,phantasim,,,,,,,,,,
6166,12024,Trustmark,XX-XY,,,Trustmark,TRMK,,,,,,,,,,,,,United States,company.public,USD-marketcap,"$1,710,000,000",$28.06,,12024.03,,,B.lion,,,,12026,phantasim,,,,,,,,,,
6167,12024,Vicor,XX-XY,,,Vicor,VICR,,,,,,,,,,,,,United States,company.public,USD-marketcap,"$1,710,000,000",$38.54,,12024.03,,,B.lion,,,,12026,phantasim,,,,,,,,,,
6168,12024,Ascential,XX-XY,,,Ascential,ASCL.L,,,,,,,,,,,,,United Kingdom,company.public,USD-marketcap,"$1,710,000,000",$3.84,,12024.03,,,B.lion,,,,12026,phantasim,,,,,,,,,,
6169,12024,SeSa S.p.A.,XX-XY,,,SeSa S.p.A.,SES.MI,,,,,,,,,,,,,Italy,company.public,USD-marketcap,"$1,710,000,000",$111.03,,,,,B.lion,,,,12026,phantasim,,,,,,,,,,
6170,12024,Country Garden,XX-XY,,,Country Garden,2007.HK,,,,,,,,,,,,,China,company.public,USD-marketcap,"$1,710,000,000",$0.06,,,,,B.lion,,,,12026,phantasim,,,,,,,,,,
6171,12024,Elang Mahkota Teknologi,XX-XY,,,Elang Mahkota Teknologi,EMTK.JK,,,,,,,,,,,,,Indonesia,company.public,USD-marketcap,"$1,710,000,000",$0.03,,,,,B.lion,,,,12026,phantasim,,,,,,,,,,
6172,12024,Fila,XX-XY,,,Fila,081660.KS,,,,,,,,,,,,,South Korea,company.public,USD-marketcap,"$1,710,000,000",$28.56,,,,,B.lion,,,,12026,phantasim,,,,,,,,,,
6173,12024,Blue Dart Express,XX-XY,,,Blue Dart Express,BLUEDART.NS,,,,,,,,,,,,,India,company.public,USD-marketcap,"$1,710,000,000",$72.36,,,,,B.lion,,,,12026,phantasim,,,,,,,,,,
6174,12024,Better Collective A/S,XX-XY,,,Better Collective A/S,BETCO-DKK.CO,,,,,,,,,,,,,Denmark,company.public,USD-marketcap,"$1,710,000,000",$27.21,,,,,B.lion,,,,12026,phantasim,,,,,,,,,,
6254,12024,Excelerate Energy,XX-XY,,,Excelerate Energy,EE,,,,,,,,,,,,,United States,company.public,USD-marketcap,"$1,700,000,000",$15.75,,12024.03,,,B.lion,,,,12026,phantasim,,,,,,,,,,
6255,12024,American Healthcare REIT,XX-XY,,,American Healthcare REIT,AHR,,,,,,,,,,,,,United States,company.public,USD-marketcap,"$1,700,000,000",$14.36,,12024.03,,,B.lion,,,,12026,phantasim,,,,,,,,,,
6256,12024,Cadeler A/S,XX-XY,,,Cadeler A/S,CDLR,,,,,,,,,,,,,Denmark,company.public,USD-marketcap,"$1,700,000,000",$18.92,,12024.03,,,B.lion,,,,12026,phantasim,,,,,,,,,,
6257,12024,Grindr,XX-XY,,,Grindr,GRND,,,,,,,,,,,,,United States,company.public,USD-marketcap,"$1,700,000,000",$9.76,,12024.03,,,B.lion,,,,12026,phantasim,,,,,,,,,,
6258,12024,Hornbach Baumarkt,XX-XY,,,Hornbach Baumarkt,HBM.HM,,,,,,,,,,,,,Germany,company.public,USD-marketcap,"$1,700,000,000",$53.73,,,,,B.lion,,,,12026,phantasim,,,,,,,,,,
6259,12024,Osotspa,XX-XY,,,Osotspa,OSP.BK,,,,,,,,,,,,,Thailand,company.public,USD-marketcap,"$1,700,000,000",$0.57,,,,,B.lion,,,,12026,phantasim,,,,,,,,,,
6260,12024,Santam,XX-XY,,,Santam,SNT.JO,,,,,,,,,,,,,South Africa,company.public,USD-marketcap,"$1,700,000,000",$15.64,,,,,B.lion,,,,12026,phantasim,,,,,,,,,,
6261,12024,CGN Mining Company,XX-XY,,,CGN Mining Company,1164.HK,,,,,,,,,,,,,Hong Kong,company.public,USD-marketcap,"$1,700,000,000",$0.22,,,,,B.lion,,,,12026,phantasim,,,,,,,,,,
6262,12024,Altarea,XX-XY,,,Altarea,ALTA.PA,,,,,,,,,,,,,France,company.public,USD-marketcap,"$1,700,000,000",$82.54,,,,,B.lion,,,,12026,phantasim,,,,,,,,,,
6263,12024,Borr Drilling,XX-XY,,,Borr Drilling,BORR,,,,,,,,,,,,,Bermuda,company.public,USD-marketcap,"$1,690,000,000",$6.73,,12024.03,,,B.lion,,,,12026,phantasim,,,,,,,,,,
6264,12024,Fastly,XX-XY,,,Fastly,FSLY,,,,,,,,,,,,,United States,company.public,USD-marketcap,"$1,690,000,000",$12.63,,12024.03,,,B.lion,,,,12026,phantasim,,,,,,,,,,
6265,12024,Lakeland Financial Corp,XX-XY,,,Lakeland Financial Corp,LKFN,,,,,,,,,,,,,United States,company.public,USD-marketcap,"$1,690,000,000",$65.36,,12024.03,,,B.lion,,,,12026,phantasim,,,,,,,,,,
6266,12024,TS TECH,XX-XY,,,TS TECH,7313.T,,,,,,,,,,,,,Japan,company.public,USD-marketcap,"$1,690,000,000",$13.28,,12024.03,,,B.lion,,,,12026,phantasim,,,,,,,,,,
6267,12024,Gamma Communications,XX-XY,,,Gamma Communications,GAMA.L,,,,,,,,,,,,,United Kingdom,company.public,USD-marketcap,"$1,690,000,000",$17.19,,,,,B.lion,,,,12026,phantasim,,,,,,,,,,
6268,12024,Pan Ocean,XX-XY,,,Pan Ocean,028670.KS,,,,,,,,,,,,,South Korea,company.public,USD-marketcap,"$1,690,000,000",$3.16,,,,,B.lion,,,,12026,phantasim,,,,,,,,,,
6269,12024,Kayne Anderson Capital Advisors,XX-XY,,,Kayne Anderson Capital Advisors,KYN,,,,,,,,,,,,,United States,company.public,USD-marketcap,"$1,680,000,000",$9.95,,12024.03,,,B.lion,,,,12026,phantasim,,,,,,,,,,
6270,12024,Addus HomeCare,XX-XY,,,Addus HomeCare,ADUS,,,,,,,,,,,,,United States,company.public,USD-marketcap,"$1,680,000,000",$103.74,,12024.03,,,B.lion,,,,12026,phantasim,,,,,,,,,,
6271,12024,Akero Therapeutics,XX-XY,,,Akero Therapeutics,AKRO,,,,,,,,,,,,,United States,company.public,USD-marketcap,"$1,680,000,000",$24.45,,12024.03,,,B.lion,,,,12026,phantasim,,,,,,,,,,
6272,12024,Compass,XX-XY,,,Compass,COMP,,,,,,,,,,,,,United States,company.public,USD-marketcap,"$1,680,000,000",$3.47,,12024.03,,,B.lion,,,,12026,phantasim,,,,,,,,,,
6273,12024,Super Group,XX-XY,,,Super Group,SGHC,,,,,,,,,,,,,Guernsey,company.public,USD-marketcap,"$1,680,000,000",$3.38,,12024.03,,,B.lion,,,,12026,phantasim,,,,,,,,,,
6274,12024,Upwork,XX-XY,,,Upwork,UPWK,,,,,,,,,,,,,United States,company.public,USD-marketcap,"$1,680,000,000",$12.28,,12024.03,,,B.lion,,,,12026,phantasim,,,,,,,,,,
6275,12024,Hypoport,XX-XY,,,Hypoport,HYQ.F,,,,,,,,,,,,,Germany,company.public,USD-marketcap,"$1,680,000,000",$252.17,,12024.03,,,B.lion,,,,12026,phantasim,,,,,,,,,,
6276,12024,National Company for Learning and Education,XX-XY,,,National Company for Learning and Education,4291.SR,,,,,,,,,,,,,Saudi Arabia,company.public,USD-marketcap,"$1,680,000,000",$39.27,,,,,B.lion,,,,12026,phantasim,,,,,,,,,,
6277,12024,BASF India,XX-XY,,,BASF India,BASF.NS,,,,,,,,,,,,,India,company.public,USD-marketcap,"$1,680,000,000",$39.01,,,,,B.lion,,,,12026,phantasim,,,,,,,,,,
6278,12024,Electra,XX-XY,,,Electra,ELTR.TA,,,,,,,,,,,,,Israel,company.public,USD-marketcap,"$1,680,000,000",$437.67,,,,,B.lion,,,,12026,phantasim,,,,,,,,,,
6279,12024,TKH Group,XX-XY,,,TKH Group,TWEKA.AS,,,,,,,,,,,,,Netherlands,company.public,USD-marketcap,"$1,680,000,000",$42.40,,,,,B.lion,,,,12026,phantasim,,,,,,,,,,
6280,12024,Guess,XX-XY,,,Guess,GES,,,,,,,,,,,,,United States,company.public,USD-marketcap,"$1,670,000,000",$31.20,,12024.03,,,B.lion,,,,12026,phantasim,,,,,,,,,,
6281,12024,Afya,XX-XY,,,Afya,AFYA,,,,,,,,,,,,,Brazil,company.public,USD-marketcap,"$1,670,000,000",$18.63,,12024.03,,,B.lion,,,,12026,phantasim,,,,,,,,,,
6282,12024,Powell Industries,XX-XY,,,Powell Industries,POWL,,,,,,,,,,,,,United States,company.public,USD-marketcap,"$1,670,000,000",$140.08,,12024.03,,,B.lion,,,,12026,phantasim,,,,,,,,,,
6283,12024,U.S. Physical Therapy,XX-XY,,,U.S. Physical Therapy,USPH,,,,,,,,,,,,,United States,company.public,USD-marketcap,"$1,670,000,000",$110.97,,12024.03,,,B.lion,,,,12026,phantasim,,,,,,,,,,
6284,12024,Yellow Cake plc,XX-XY,,,Yellow Cake plc,YCA.L,,,,,,,,,,,,,Jersey,company.public,USD-marketcap,"$1,670,000,000",$7.63,,12024.03,,,B.lion,,,,12026,phantasim,,,,,,,,,,
6285,12024,Deterra Royalties,XX-XY,,,Deterra Royalties,DRR.AX,,,,,,,,,,,,,Australia,company.public,USD-marketcap,"$1,670,000,000",$3.16,,,,,B.lion,,,,12026,phantasim,,,,,,,,,,
6286,12024,Tiger Brands,XX-XY,,,Tiger Brands,TBS.JO,,,,,,,,,,,,,South Africa,company.public,USD-marketcap,"$1,670,000,000",$10.70,,,,,B.lion,,,,12026,phantasim,,,,,,,,,,
6287,12024,Electricity Generating Public Company,XX-XY,,,Electricity Generating Public Company,EGCO.BK,,,,,,,,,,,,,Thailand,company.public,USD-marketcap,"$1,670,000,000",$3.18,,,,,B.lion,,,,12026,phantasim,,,,,,,,,,
6288,12024,PIERER Mobility,XX-XY,,,PIERER Mobility,PKTM.VI,,,,,,,,,,,,,Austria,company.public,USD-marketcap,"$1,670,000,000",$49.61,,,,,B.lion,,,,12026,phantasim,,,,,,,,,,
6289,12024,Tessenderlo Group,XX-XY,,,Tessenderlo Group,TESB.BR,,,,,,,,,,,,,Belgium,company.public,USD-marketcap,"$1,670,000,000",$26.48,,,,,B.lion,,,,12026,phantasim,,,,,,,,,,
6290,12024,Ratch Group,XX-XY,,,Ratch Group,RATCH.BK,,,,,,,,,,,,,Thailand,company.public,USD-marketcap,"$1,670,000,000",$0.77,,,,,B.lion,,,,12026,phantasim,,,,,,,,,,
6291,12024,Doosan,XX-XY,,,Doosan,000150.KS,,,,,,,,,,,,,South Korea,company.public,USD-marketcap,"$1,670,000,000",$111.06,,,,,B.lion,,,,12026,phantasim,,,,,,,,,,
6292,12024,CenturyPly,XX-XY,,,CenturyPly,CENTURYPLY.NS,,,,,,,,,,,,,India,company.public,USD-marketcap,"$1,670,000,000",$7.52,,,,,B.lion,,,,12026,phantasim,,,,,,,,,,
6293,12024,American Assets Trust,XX-XY,,,American Assets Trust,AAT,,,,,,,,,,,,,United States,company.public,USD-marketcap,"$1,660,000,000",$21.64,,12024.03,,,B.lion,,,,12026,phantasim,,,,,,,,,,
6294,12024,PROS,XX-XY,,,PROS,PRO,,,,,,,,,,,,,United States,company.public,USD-marketcap,"$1,660,000,000",$35.59,,12024.03,,,B.lion,,,,12026,phantasim,,,,,,,,,,
6295,12024,Customers Bancorp,XX-XY,,,Customers Bancorp,CUBI,,,,,,,,,,,,,United States,company.public,USD-marketcap,"$1,660,000,000",$52.89,,12024.03,,,B.lion,,,,12026,phantasim,,,,,,,,,,
6296,12024,Inhibrx,XX-XY,,,Inhibrx,INBX,,,,,,,,,,,,,United States,company.public,USD-marketcap,"$1,660,000,000",$35.15,,12024.03,,,B.lion,,,,12026,phantasim,,,,,,,,,,
6297,12024,Pfeiffer Vacuum,XX-XY,,,Pfeiffer Vacuum,PFV.F,,,,,,,,,,,,,Germany,company.public,USD-marketcap,"$1,660,000,000",$167.46,,12024.03,,,B.lion,,,,12026,phantasim,,,,,,,,,,
6298,12024,African Rainbow Minerals,XX-XY,,,African Rainbow Minerals,ARI.JO,,,,,,,,,,,,,South Africa,company.public,USD-marketcap,"$1,660,000,000",$8.49,,12024.03,,,B.lion,,,,12026,phantasim,,,,,,,,,,
6299,12024,Pet Valu,XX-XY,,,Pet Valu,PET.TO,,,,,,,,,,,,,Canada,company.public,USD-marketcap,"$1,660,000,000",$23.24,,,,,B.lion,,,,12026,phantasim,,,,,,,,,,
6300,12024,Knowledge Economic City Company,XX-XY,,,Knowledge Economic City Company,4310.SR,,,,,,,,,,,,,Saudi Arabia,company.public,USD-marketcap,"$1,660,000,000",$4.90,,,,,B.lion,,,,12026,phantasim,,,,,,,,,,
6301,12024,RPC,XX-XY,,,RPC,RES,,,,,,,,,,,,,United States,company.public,USD-marketcap,"$1,650,000,000",$7.69,,12024.03,,,B.lion,,,,12026,phantasim,,,,,,,,,,
6302,12024,Autolus Therapeutics,XX-XY,,,Autolus Therapeutics,AUTL,,,,,,,,,,,,,United Kingdom,company.public,USD-marketcap,"$1,650,000,000",$6.24,,12024.03,,,B.lion,,,,12026,phantasim,,,,,,,,,,
6303,12024,Protagonist Therapeutics,XX-XY,,,Protagonist Therapeutics,PTGX,,,,,,,,,,,,,United States,company.public,USD-marketcap,"$1,650,000,000",$28.48,,12024.03,,,B.lion,,,,12026,phantasim,,,,,,,,,,
6304,12024,Arcus Biosciences,XX-XY,,,Arcus Biosciences,RCUS,,,,,,,,,,,,,United States,company.public,USD-marketcap,"$1,650,000,000",$18.21,,12024.03,,,B.lion,,,,12026,phantasim,,,,,,,,,,
6305,12024,Bodycote,XX-XY,,,Bodycote,BOY.L,,,,,,,,,,,,,United Kingdom,company.public,USD-marketcap,"$1,650,000,000",$8.75,,12024.03,,,B.lion,,,,12026,phantasim,,,,,,,,,,
6306,12024,First National Financial,XX-XY,,,First National Financial,FN.TO,,,,,,,,,,,,,Canada,company.public,USD-marketcap,"$1,650,000,000",$27.54,,12024.03,,,B.lion,,,,12026,phantasim,,,,,,,,,,
6307,12024,CompuGroup Medical,XX-XY,,,CompuGroup Medical,COP.DE,,,,,,,,,,,,,Germany,company.public,USD-marketcap,"$1,650,000,000",$31.30,,,,,B.lion,,,,12026,phantasim,,,,,,,,,,
6308,12024,Fluxys Belgium,XX-XY,,,Fluxys Belgium,FLUX.BR,,,,,,,,,,,,,Belgium,company.public,USD-marketcap,"$1,650,000,000",$23.29,,,,,B.lion,,,,12026,phantasim,,,,,,,,,,
6309,12024,Allied Properties REIT,XX-XY,,,Allied Properties REIT,AP-UN.TO,,,,,,,,,,,,,Canada,company.public,USD-marketcap,"$1,650,000,000",$12.96,,,,,B.lion,,,,12026,phantasim,,,,,,,,,,
6310,12024,Chambal Fertilisers,XX-XY,,,Chambal Fertilisers,CHAMBLFERT.NS,,,,,,,,,,,,,India,company.public,USD-marketcap,"$1,650,000,000",$4.13,,,,,B.lion,,,,12026,phantasim,,,,,,,,,,
6311,12024,Zensar,XX-XY,,,Zensar,ZENSARTECH.NS,,,,,,,,,,,,,India,company.public,USD-marketcap,"$1,650,000,000",$7.29,,,,,B.lion,,,,12026,phantasim,,,,,,,,,,
6312,12024,Helix Energy Solutions,XX-XY,,,Helix Energy Solutions,HLX,,,,,,,,,,,,,United States,company.public,USD-marketcap,"$1,640,000,000",$10.82,,12024.03,,,B.lion,,,,12026,phantasim,,,,,,,,,,
6313,12024,Banner Bank,XX-XY,,,Banner Bank,BANR,,,,,,,,,,,,,United States,company.public,USD-marketcap,"$1,640,000,000",$47.81,,12024.03,,,B.lion,,,,12026,phantasim,,,,,,,,,,
6314,12024,"Beyond, Inc.",XX-XY,,,"Beyond, Inc.",BYON,,,,,,,,,,,,,United States,company.public,USD-marketcap,"$1,640,000,000",$36.02,,12024.03,,,B.lion,,,,12026,phantasim,,,,,,,,,,
6315,12024,Distribution Solutions Group,XX-XY,,,Distribution Solutions Group,DSGR,,,,,,,,,,,,,United States,company.public,USD-marketcap,"$1,640,000,000",$35.12,,12024.03,,,B.lion,,,,12026,phantasim,,,,,,,,,,
6316,12024,Shutterstock,XX-XY,,,Shutterstock,SSTK,,,,,,,,,,,,,United States,company.public,USD-marketcap,"$1,640,000,000",$46.15,,12024.03,,,B.lion,,,,12026,phantasim,,,,,,,,,,
6317,12024,Coats Group,XX-XY,,,Coats Group,COA.L,,,,,,,,,,,,,United Kingdom,company.public,USD-marketcap,"$1,640,000,000",$1.03,,12024.03,,,B.lion,,,,12026,phantasim,,,,,,,,,,
6318,12024,Citizen Watch,XX-XY,,,Citizen Watch,7762.T,,,,,,,,,,,,,Japan,company.public,USD-marketcap,"$1,640,000,000",$6.75,,12024.03,,,B.lion,,,,12026,phantasim,,,,,,,,,,
6319,12024,Central Plaza Hotel,XX-XY,,,Central Plaza Hotel,CENTEL.BK,,,,,,,,,,,,,Thailand,company.public,USD-marketcap,"$1,640,000,000",$1.22,,,,,B.lion,,,,12026,phantasim,,,,,,,,,,
6320,12024,Agios Pharmaceuticals,XX-XY,,,Agios Pharmaceuticals,AGIO,,,,,,,,,,,,,United States,company.public,USD-marketcap,"$1,630,000,000",$29.12,,12024.03,,,B.lion,,,,12026,phantasim,,,,,,,,,,
6321,12024,Veracyte,XX-XY,,,Veracyte,VCYT,,,,,,,,,,,,,United States,company.public,USD-marketcap,"$1,630,000,000",$21.72,,12024.03,,,B.lion,,,,12026,phantasim,,,,,,,,,,
6322,12024,Ashmore Group,XX-XY,,,Ashmore Group,ASHM.L,,,,,,,,,,,,,United Kingdom,company.public,USD-marketcap,"$1,630,000,000",$2.46,,12024.03,,,B.lion,,,,12026,phantasim,,,,,,,,,,
6323,12024,Parex Resources,XX-XY,,,Parex Resources,PXT.TO,,,,,,,,,,,,,Canada,company.public,USD-marketcap,"$1,630,000,000",$15.86,,,,,B.lion,,,,12026,phantasim,,,,,,,,,,
6324,12024,MFE-Mediaforeurope,XX-XY,,,MFE-Mediaforeurope,MFEA.MI,,,,,,,,,,,,,Italy,company.public,USD-marketcap,"$1,630,000,000",$2.62,,,,,B.lion,,,,12026,phantasim,,,,,,,,,,
6325,12024,Zee Entertainment,XX-XY,,,Zee Entertainment,ZEEL.NS,,,,,,,,,,,,,India,company.public,USD-marketcap,"$1,630,000,000",$1.70,,,,,B.lion,,,,12026,phantasim,,,,,,,,,,
6326,12024,Höegh Autoliners,XX-XY,,,Höegh Autoliners,HAUTO.OL,,,,,,,,,,,,,Norway,company.public,USD-marketcap,"$1,630,000,000",$8.55,,,,,B.lion,,,,12026,phantasim,,,,,,,,,,
6327,12024,Chennai Petroleum,XX-XY,,,Chennai Petroleum,CHENNPETRO.NS,,,,,,,,,,,,,India,company.public,USD-marketcap,"$1,630,000,000",$10.97,,,,,B.lion,,,,12026,phantasim,,,,,,,,,,
6328,12024,Kimbell Royalty Partners,XX-XY,,,Kimbell Royalty Partners,KRP,,,,,,,,,,,,,United States,company.public,USD-marketcap,"$1,620,000,000",$15.60,,12024.03,,,B.lion,,,,12026,phantasim,,,,,,,,,,
6329,12024,Cannae Holdings,XX-XY,,,Cannae Holdings,CNNE,,,,,,,,,,,,,United States,company.public,USD-marketcap,"$1,620,000,000",$22.45,,12024.03,,,B.lion,,,,12026,phantasim,,,,,,,,,,
6330,12024,Dynavax Technologies,XX-XY,,,Dynavax Technologies,DVAX,,,,,,,,,,,,,United States,company.public,USD-marketcap,"$1,620,000,000",$12.41,,12024.03,,,B.lion,,,,12026,phantasim,,,,,,,,,,
6331,12024,NexPoint Residential,XX-XY,,,NexPoint Residential,NXRT,,,,,,,,,,,,,United States,company.public,USD-marketcap,"$1,620,000,000",$31.45,,12024.03,,,B.lion,,,,12026,phantasim,,,,,,,,,,
6332,12024,Peloton,XX-XY,,,Peloton,PTON,,,,,,,,,,,,,United States,company.public,USD-marketcap,"$1,620,000,000",$4.42,,12024.03,,,B.lion,,,,12026,phantasim,,,,,,,,,,
6333,12024,Primary Health Properties,XX-XY,,,Primary Health Properties,PHP.L,,,,,,,,,,,,,United Kingdom,company.public,USD-marketcap,"$1,620,000,000",$1.20,,12024.03,,,B.lion,,,,12026,phantasim,,,,,,,,,,
6334,12024,Freehold Royalties,XX-XY,,,Freehold Royalties,FRU.TO,,,,,,,,,,,,,Canada,company.public,USD-marketcap,"$1,620,000,000",$10.80,,,,,B.lion,,,,12026,phantasim,,,,,,,,,,
6335,12024,Mahanagar Gas,XX-XY,,,Mahanagar Gas,MGL.NS,,,,,,,,,,,,,India,company.public,USD-marketcap,"$1,620,000,000",$16.45,,,,,B.lion,,,,12026,phantasim,,,,,,,,,,
6336,12024,DFDS A/S,XX-XY,,,DFDS A/S,DFDS.CO,,,,,,,,,,,,,Denmark,company.public,USD-marketcap,"$1,620,000,000",$29.10,,,,,B.lion,,,,12026,phantasim,,,,,,,,,,
6337,12024,Killam Apartment REIT,XX-XY,,,Killam Apartment REIT,KMP-UN.TO,,,,,,,,,,,,,Canada,company.public,USD-marketcap,"$1,620,000,000",$13.71,,,,,B.lion,,,,12026,phantasim,,,,,,,,,,
6338,12024,BlackBerry,XX-XY,,,BlackBerry,BB,,,,,,,,,,,,,Canada,company.public,USD-marketcap,"$1,610,000,000",$2.75,,12024.03,,,B.lion,,,,12026,phantasim,,,,,,,,,,
6339,12024,The Greenbrier Companies,XX-XY,,,The Greenbrier Companies,GBX,,,,,,,,,,,,,United States,company.public,USD-marketcap,"$1,610,000,000",$51.94,,12024.03,,,B.lion,,,,12026,phantasim,,,,,,,,,,
6340,12024,Cracker Barrel,XX-XY,,,Cracker Barrel,CBRL,,,,,,,,,,,,,United States,company.public,USD-marketcap,"$1,610,000,000",$72.57,,12024.03,,,B.lion,,,,12026,phantasim,,,,,,,,,,
6341,12024,NOW Inc.,XX-XY,,,NOW Inc.,DNOW,,,,,,,,,,,,,United States,company.public,USD-marketcap,"$1,610,000,000",$15.25,,12024.03,,,B.lion,,,,12026,phantasim,,,,,,,,,,
6342,12024,Hawkins,XX-XY,,,Hawkins,HWKN,,,,,,,,,,,,,United States,company.public,USD-marketcap,"$1,610,000,000",$77.05,,12024.03,,,B.lion,,,,12026,phantasim,,,,,,,,,,
6343,12024,Kura Oncology,XX-XY,,,Kura Oncology,KURA,,,,,,,,,,,,,United States,company.public,USD-marketcap,"$1,610,000,000",$21.17,,12024.03,,,B.lion,,,,12026,phantasim,,,,,,,,,,
6344,12024,Retail Opportunity Investments,XX-XY,,,Retail Opportunity Investments,ROIC,,,,,,,,,,,,,United States,company.public,USD-marketcap,"$1,610,000,000",$12.70,,12024.03,,,B.lion,,,,12026,phantasim,,,,,,,,,,
6345,12024,Smith Douglas Homes,XX-XY,,,Smith Douglas Homes,SDHC,,,,,,,,,,,,,United States,company.public,USD-marketcap,"$1,610,000,000",$30.79,,12024.03,,,B.lion,,,,12026,phantasim,,,,,,,,,,
6346,12024,Stagwell,XX-XY,,,Stagwell,STGW,,,,,,,,,,,,,United States,company.public,USD-marketcap,"$1,610,000,000",$6.01,,12024.03,,,B.lion,,,,12026,phantasim,,,,,,,,,,
6347,12024,Zai Lab,XX-XY,,,Zai Lab,ZLAB,,,,,,,,,,,,,China,company.public,USD-marketcap,"$1,610,000,000",$16.19,,12024.03,,,B.lion,,,,12026,phantasim,,,,,,,,,,
6348,12024,Dürr,XX-XY,,,Dürr,DUE.F,,,,,,,,,,,,,Germany,company.public,USD-marketcap,"$1,610,000,000",$23.05,,12024.03,,,B.lion,,,,12026,phantasim,,,,,,,,,,
6349,12024,ProSiebenSat.1 Media,XX-XY,,,ProSiebenSat.1 Media,PSM.F,,,,,,,,,,,,,Germany,company.public,USD-marketcap,"$1,610,000,000",$7.11,,12024.03,,,B.lion,,,,12026,phantasim,,,,,,,,,,
6350,12024,Budget Saudi (United International Transportation Company),XX-XY,,,Budget Saudi (United International Transportation Company),4260.SR,,,,,,,,,,,,,Saudi Arabia,company.public,USD-marketcap,"$1,610,000,000",$22.73,,,,,B.lion,,,,12026,phantasim,,,,,,,,,,
6351,12024,Sohar International Bank,XX-XY,,,Sohar International Bank,BKSB.OM,,,,,,,,,,,,,Oman,company.public,USD-marketcap,"$1,610,000,000",$0.30,,,,,B.lion,,,,12026,phantasim,,,,,,,,,,
6352,12024,IIFL Finance,XX-XY,,,IIFL Finance,IIFL.NS,,,,,,,,,,,,,India,company.public,USD-marketcap,"$1,610,000,000",$4.23,,,,,B.lion,,,,12026,phantasim,,,,,,,,,,
6353,12024,Srisawad Corporation,XX-XY,,,Srisawad Corporation,SAWAD.BK,,,,,,,,,,,,,Thailand,company.public,USD-marketcap,"$1,610,000,000",$1.18,,,,,B.lion,,,,12026,phantasim,,,,,,,,,,
6354,12024,Hansol Chemical,XX-XY,,,Hansol Chemical,014680.KS,,,,,,,,,,,,,South Korea,company.public,USD-marketcap,"$1,610,000,000",$148.54,,,,,B.lion,,,,12026,phantasim,,,,,,,,,,
6355,12024,Jindal Stainless (Hisar),XX-XY,,,Jindal Stainless (Hisar),JSLHISAR.NS,,,,,,,,,,,,,India,company.public,USD-marketcap,"$1,610,000,000",$6.84,,,,,B.lion,,,,12026,phantasim,,,,,,,,,,
6457,12024,First Majestic Silver,XX-XY,,,First Majestic Silver,AG,,,,,,,,,,,,,Canada,company.public,USD-marketcap,"$1,600,000,000",$5.58,,12024.03,,,B.lion,,,,12026,phantasim,,,,,,,,,,
6458,12024,American Woodmark,XX-XY,,,American Woodmark,AMWD,,,,,,,,,,,,,United States,company.public,USD-marketcap,"$1,600,000,000",$101.05,,12024.03,,,B.lion,,,,12026,phantasim,,,,,,,,,,
6459,12024,Aica Kogyo Company,XX-XY,,,Aica Kogyo Company,4206.T,,,,,,,,,,,,,Japan,company.public,USD-marketcap,"$1,600,000,000",$25.02,,12024.03,,,B.lion,,,,12026,phantasim,,,,,,,,,,
6460,12024,Stabilus,XX-XY,,,Stabilus,STM.DE,,,,,,,,,,,,,Luxembourg,company.public,USD-marketcap,"$1,600,000,000",$64.94,,,,,B.lion,,,,12026,phantasim,,,,,,,,,,
6461,12024,Hysan Development,XX-XY,,,Hysan Development,0014.HK,,,,,,,,,,,,,Hong Kong,company.public,USD-marketcap,"$1,600,000,000",$1.57,,,,,B.lion,,,,12026,phantasim,,,,,,,,,,
6462,12024,National Industries Group Holding,XX-XY,,,National Industries Group Holding,NIND.KW,,,,,,,,,,,,,Kuwait,company.public,USD-marketcap,"$1,600,000,000",$712.45,,,,,B.lion,,,,12026,phantasim,,,,,,,,,,
6463,12024,OPC Energy,XX-XY,,,OPC Energy,OPCE.TA,,,,,,,,,,,,,Israel,company.public,USD-marketcap,"$1,600,000,000",$7.15,,,,,B.lion,,,,12026,phantasim,,,,,,,,,,
6464,12024,OQ Gas Network Company,XX-XY,,,OQ Gas Network Company,OQGN.OM,,,,,,,,,,,,,Oman,company.public,USD-marketcap,"$1,600,000,000",$0.37,,,,,B.lion,,,,12026,phantasim,,,,,,,,,,
6465,12024,Bradespar,XX-XY,,,Bradespar,BRAP3.SA,,,,,,,,,,,,,Brazil,company.public,USD-marketcap,"$1,600,000,000",$3.99,,,,,B.lion,,,,12026,phantasim,,,,,,,,,,
6466,12024,Kahoot!,XX-XY,,,Kahoot!,KAHOT.OL,,,,,,,,,,,,,Norway,company.public,USD-marketcap,"$1,600,000,000",$3.26,,,,,B.lion,,,,12026,phantasim,,,,,,,,,,
6467,12024,Xenia Hotels & Resorts,XX-XY,,,Xenia Hotels & Resorts,XHR,,,,,,,,,,,,,United States,company.public,USD-marketcap,"$1,590,000,000",$15.09,,12024.03,,,B.lion,,,,12026,phantasim,,,,,,,,,,
6468,12024,Hollysys Automation Technologie,XX-XY,,,Hollysys Automation Technologie,HOLI,,,,,,,,,,,,,China,company.public,USD-marketcap,"$1,590,000,000",$25.62,,12024.03,,,B.lion,,,,12026,phantasim,,,,,,,,,,
6469,12024,Lumen,XX-XY,,,Lumen,LUMN,,,,,,,,,,,,,United States,company.public,USD-marketcap,"$1,590,000,000",$1.58,,12024.03,,,B.lion,,,,12026,phantasim,,,,,,,,,,
6470,12024,Sanlorenzo,XX-XY,,,Sanlorenzo,SL.MI,,,,,,,,,,,,,Italy,company.public,USD-marketcap,"$1,590,000,000",$45.71,,12024.03,,,B.lion,,,,12026,phantasim,,,,,,,,,,
6471,12024,AVI Limited,XX-XY,,,AVI Limited,AVI.JO,,,,,,,,,,,,,South Africa,company.public,USD-marketcap,"$1,590,000,000",$4.83,,12024.03,,,B.lion,,,,12026,phantasim,,,,,,,,,,
6472,12024,Pets at Home,XX-XY,,,Pets at Home,PETS.L,,,,,,,,,,,,,United Kingdom,company.public,USD-marketcap,"$1,590,000,000",$3.41,,,,,B.lion,,,,12026,phantasim,,,,,,,,,,
6473,12024,Applus Services,XX-XY,,,Applus Services,APPS.MC,,,,,,,,,,,,,Spain,company.public,USD-marketcap,"$1,590,000,000",$12.40,,,,,B.lion,,,,12026,phantasim,,,,,,,,,,
6474,12024,Austevoll Seafood,XX-XY,,,Austevoll Seafood,AUSS.OL,,,,,,,,,,,,,Norway,company.public,USD-marketcap,"$1,590,000,000",$7.91,,,,,B.lion,,,,12026,phantasim,,,,,,,,,,
6475,12024,BEML,XX-XY,,,BEML,BEML.NS,,,,,,,,,,,,,India,company.public,USD-marketcap,"$1,590,000,000",$38.31,,,,,B.lion,,,,12026,phantasim,,,,,,,,,,
6476,12024,Nongshim,XX-XY,,,Nongshim,004370.KS,,,,,,,,,,,,,South Korea,company.public,USD-marketcap,"$1,590,000,000",$275.60,,,,,B.lion,,,,12026,phantasim,,,,,,,,,,
6477,12024,DCM Shriram,XX-XY,,,DCM Shriram,DCMSHRIRAM.NS,,,,,,,,,,,,,India,company.public,USD-marketcap,"$1,590,000,000",$10.33,,,,,B.lion,,,,12026,phantasim,,,,,,,,,,
6478,12024,Iamgold,XX-XY,,,Iamgold,IAG,,,,,,,,,,,,,Canada,company.public,USD-marketcap,"$1,580,000,000",$3.19,,12024.03,,,B.lion,,,,12026,phantasim,,,,,,,,,,
6479,12024,La-Z-Boy,XX-XY,,,La-Z-Boy,LZB,,,,,,,,,,,,,United States,company.public,USD-marketcap,"$1,580,000,000",$37.28,,12024.03,,,B.lion,,,,12026,phantasim,,,,,,,,,,
6480,12024,World Kinect,XX-XY,,,World Kinect,WKC,,,,,,,,,,,,,United States,company.public,USD-marketcap,"$1,580,000,000",$26.46,,12024.03,,,B.lion,,,,12026,phantasim,,,,,,,,,,
6481,12024,Cipher Mining,XX-XY,,,Cipher Mining,CIFR,,,,,,,,,,,,,United States,company.public,USD-marketcap,"$1,580,000,000",$5.33,,12024.03,,,B.lion,,,,12026,phantasim,,,,,,,,,,
6482,12024,Taro Pharmaceutical,XX-XY,,,Taro Pharmaceutical,TARO,,,,,,,,,,,,,Israel,company.public,USD-marketcap,"$1,580,000,000",$42.26,,12024.03,,,B.lion,,,,12026,phantasim,,,,,,,,,,
6483,12024,TTM Technologies,XX-XY,,,TTM Technologies,TTMI,,,,,,,,,,,,,United States,company.public,USD-marketcap,"$1,580,000,000",$15.53,,12024.03,,,B.lion,,,,12026,phantasim,,,,,,,,,,
6484,12024,Assura Plc,XX-XY,,,Assura Plc,AGR.L,,,,,,,,,,,,,United Kingdom,company.public,USD-marketcap,"$1,580,000,000",$0.53,,12024.03,,,B.lion,,,,12026,phantasim,,,,,,,,,,
6485,12024,AJ Bell,XX-XY,,,AJ Bell,AJB.L,,,,,,,,,,,,,United Kingdom,company.public,USD-marketcap,"$1,580,000,000",$3.84,,12024.03,,,B.lion,,,,12026,phantasim,,,,,,,,,,
6486,12024,Genesis Energy,XX-XY,,,Genesis Energy,GNE.NZ,,,,,,,,,,,,,New Zealand,company.public,USD-marketcap,"$1,580,000,000",$1.47,,,,,B.lion,,,,12026,phantasim,,,,,,,,,,
6487,12024,Italmobiliare,XX-XY,,,Italmobiliare,ITM.MI,,,,,,,,,,,,,Italy,company.public,USD-marketcap,"$1,580,000,000",$36.99,,,,,B.lion,,,,12026,phantasim,,,,,,,,,,
6488,12024,Summerset Holdings,XX-XY,,,Summerset Holdings,SUM.NZ,,,,,,,,,,,,,New Zealand,company.public,USD-marketcap,"$1,580,000,000",$6.79,,,,,B.lion,,,,12026,phantasim,,,,,,,,,,
6489,12024,Alkhorayef Water and Power Technologies Company,XX-XY,,,Alkhorayef Water and Power Technologies Company,2081.SR,,,,,,,,,,,,,Saudi Arabia,company.public,USD-marketcap,"$1,580,000,000",$63.28,,,,,B.lion,,,,12026,phantasim,,,,,,,,,,
6490,12024,REN (Redes Energéticas Nacionais),XX-XY,,,REN (Redes Energéticas Nacionais),RENE.LS,,,,,,,,,,,,,Portugal,company.public,USD-marketcap,"$1,580,000,000",$2.38,,,,,B.lion,,,,12026,phantasim,,,,,,,,,,
6491,12024,Al Salam Bank,XX-XY,,,Al Salam Bank,SALAM.BH,,,,,,,,,,,,,Bahrain,company.public,USD-marketcap,"$1,580,000,000",N/A,,,,,B.lion,,,,12026,phantasim,,,,,,,,,,
6492,12024,Deutsche EuroShop,XX-XY,,,Deutsche EuroShop,DEQ.F,,,,,,,,,,,,,Germany,company.public,USD-marketcap,"$1,570,000,000",$20.56,,12024.03,,,B.lion,,,,12026,phantasim,,,,,,,,,,
6493,12024,KSB ltd,XX-XY,,,KSB ltd,KSB.NS,,,,,,,,,,,,,India,company.public,USD-marketcap,"$1,570,000,000",$45.35,,,,,B.lion,,,,12026,phantasim,,,,,,,,,,
6494,12024,Sappi,XX-XY,,,Sappi,SAP.JO,,,,,,,,,,,,,South Africa,company.public,USD-marketcap,"$1,570,000,000",$2.64,,,,,B.lion,,,,12026,phantasim,,,,,,,,,,
6495,12024,Hang Lung Group,XX-XY,,,Hang Lung Group,0010.HK,,,,,,,,,,,,,Hong Kong,company.public,USD-marketcap,"$1,570,000,000",$1.15,,,,,B.lion,,,,12026,phantasim,,,,,,,,,,
6496,12024,Novocure,XX-XY,,,Novocure,NVCR,,,,,,,,,,,,,Jersey,company.public,USD-marketcap,"$1,560,000,000",$14.64,,12024.03,,,B.lion,,,,12026,phantasim,,,,,,,,,,
6497,12024,Warby Parker,XX-XY,,,Warby Parker,WRBY,,,,,,,,,,,,,United States,company.public,USD-marketcap,"$1,560,000,000",$13.25,,12024.03,,,B.lion,,,,12026,phantasim,,,,,,,,,,
6498,12024,BLS International,XX-XY,,,BLS International,BLS.NS,,,,,,,,,,,,,India,company.public,USD-marketcap,"$1,560,000,000",$3.80,,12024.03,,,B.lion,,,,12026,phantasim,,,,,,,,,,
6499,12024,Alok Industries,XX-XY,,,Alok Industries,ALOKINDS.NS,,,,,,,,,,,,,India,company.public,USD-marketcap,"$1,560,000,000",$0.31,,,,,B.lion,,,,12026,phantasim,,,,,,,,,,
6500,12024,Ready Capital,XX-XY,,,Ready Capital,RC,,,,,,,,,,,,,United States,company.public,USD-marketcap,"$1,550,000,000",$8.93,,12024.03,,,B.lion,,,,12026,phantasim,,,,,,,,,,
6501,12024,Apollo Commercial Real Estate,XX-XY,,,Apollo Commercial Real Estate,ARI,,,,,,,,,,,,,United States,company.public,USD-marketcap,"$1,550,000,000",$10.96,,12024.03,,,B.lion,,,,12026,phantasim,,,,,,,,,,
6502,12024,NV5 Global,XX-XY,,,NV5 Global,NVEE,,,,,,,,,,,,,United States,company.public,USD-marketcap,"$1,550,000,000",$98.00,,12024.03,,,B.lion,,,,12026,phantasim,,,,,,,,,,
6503,12024,Kainos Group,XX-XY,,,Kainos Group,KNOS.L,,,,,,,,,,,,,United Kingdom,company.public,USD-marketcap,"$1,550,000,000",$12.39,,,,,B.lion,,,,12026,phantasim,,,,,,,,,,
6504,12024,Asahi India Glass,XX-XY,,,Asahi India Glass,ASAHIINDIA.NS,,,,,,,,,,,,,India,company.public,USD-marketcap,"$1,550,000,000",$6.41,,,,,B.lion,,,,12026,phantasim,,,,,,,,,,
6505,12024,City Holding Company,XX-XY,,,City Holding Company,CHCO,,,,,,,,,,,,,United States,company.public,USD-marketcap,"$1,540,000,000",$104.02,,12024.03,,,B.lion,,,,12026,phantasim,,,,,,,,,,
6506,12024,eXp World Holdings,XX-XY,,,eXp World Holdings,EXPI,,,,,,,,,,,,,United States,company.public,USD-marketcap,"$1,540,000,000",$10.01,,12024.03,,,B.lion,,,,12026,phantasim,,,,,,,,,,
6507,12024,NETSCOUT,XX-XY,,,NETSCOUT,NTCT,,,,,,,,,,,,,United States,company.public,USD-marketcap,"$1,540,000,000",$21.81,,12024.03,,,B.lion,,,,12026,phantasim,,,,,,,,,,
6508,12024,XPEL,XX-XY,,,XPEL,XPEL,,,,,,,,,,,,,United States,company.public,USD-marketcap,"$1,540,000,000",$56.06,,12024.03,,,B.lion,,,,12026,phantasim,,,,,,,,,,
6509,12024,Bytes Technology,XX-XY,,,Bytes Technology,BYIT.L,,,,,,,,,,,,,United Kingdom,company.public,USD-marketcap,"$1,540,000,000",$6.45,,12024.03,,,B.lion,,,,12026,phantasim,,,,,,,,,,
6510,12024,Viohalco,XX-XY,,,Viohalco,VIO.BR,,,,,,,,,,,,,Belgium,company.public,USD-marketcap,"$1,540,000,000",$5.95,,,,,B.lion,,,,12026,phantasim,,,,,,,,,,
6511,12024,Saudi Chemical Holding Company,XX-XY,,,Saudi Chemical Holding Company,2230.SR,,,,,,,,,,,,,Saudi Arabia,company.public,USD-marketcap,"$1,540,000,000",$1.84,,,,,B.lion,,,,12026,phantasim,,,,,,,,,,
6512,12024,Pacific Basin Shipping,XX-XY,,,Pacific Basin Shipping,2343.HK,,,,,,,,,,,,,Hong Kong,company.public,USD-marketcap,"$1,540,000,000",$0.29,,,,,B.lion,,,,12026,phantasim,,,,,,,,,,
6513,12024,Banpu Public Company,XX-XY,,,Banpu Public Company,BANPU.BK,,,,,,,,,,,,,Thailand,company.public,USD-marketcap,"$1,540,000,000",$0.15,,,,,B.lion,,,,12026,phantasim,,,,,,,,,,
6514,12024,3R Petroleum,XX-XY,,,3R Petroleum,RRRP3.SA,,,,,,,,,,,,,Brazil,company.public,USD-marketcap,"$1,540,000,000",$6.44,,,,,B.lion,,,,12026,phantasim,,,,,,,,,,
6515,12024,ADMA Biologics,XX-XY,,,ADMA Biologics,ADMA,,,,,,,,,,,,,United States,company.public,USD-marketcap,"$1,530,000,000",$6.74,,12024.03,,,B.lion,,,,12026,phantasim,,,,,,,,,,
6516,12024,Sandstorm Gold,XX-XY,,,Sandstorm Gold,SAND,,,,,,,,,,,,,Canada,company.public,USD-marketcap,"$1,530,000,000",$5.14,,12024.03,,,B.lion,,,,12026,phantasim,,,,,,,,,,
6517,12024,Monex Group,XX-XY,,,Monex Group,8698.T,,,,,,,,,,,,,Japan,company.public,USD-marketcap,"$1,530,000,000",$5.99,,12024.03,,,B.lion,,,,12026,phantasim,,,,,,,,,,
6518,12024,Canfor,XX-XY,,,Canfor,CFP.TO,,,,,,,,,,,,,Canada,company.public,USD-marketcap,"$1,530,000,000",$12.88,,,,,B.lion,,,,12026,phantasim,,,,,,,,,,
6519,12024,Northern Data AG,XX-XY,,,Northern Data AG,NB2.DE,,,,,,,,,,,,,Germany,company.public,USD-marketcap,"$1,530,000,000",$28.27,,,,,B.lion,,,,12026,phantasim,,,,,,,,,,
6520,12024,HBL Power Systems,XX-XY,,,HBL Power Systems,HBLPOWER.NS,,,,,,,,,,,,,India,company.public,USD-marketcap,"$1,530,000,000",$5.54,,,,,B.lion,,,,12026,phantasim,,,,,,,,,,
6521,12024,Hamilton Insurance Group,XX-XY,,,Hamilton Insurance Group,HG,,,,,,,,,,,,,Bermuda,company.public,USD-marketcap,"$1,520,000,000",$13.72,,12024.03,,,B.lion,,,,12026,phantasim,,,,,,,,,,
6522,12024,GDS Holdings,XX-XY,,,GDS Holdings,GDS,,,,,,,,,,,,,China,company.public,USD-marketcap,"$1,520,000,000",$6.33,,12024.03,,,B.lion,,,,12026,phantasim,,,,,,,,,,
6523,12024,Dorian LPG,XX-XY,,,Dorian LPG,LPG,,,,,,,,,,,,,United States,company.public,USD-marketcap,"$1,520,000,000",$37.45,,12024.03,,,B.lion,,,,12026,phantasim,,,,,,,,,,
6524,12024,Avadel Pharmaceuticals,XX-XY,,,Avadel Pharmaceuticals,AVDL,,,,,,,,,,,,,Ireland,company.public,USD-marketcap,"$1,520,000,000",$16.84,,12024.03,,,B.lion,,,,12026,phantasim,,,,,,,,,,
6525,12024,Cohu,XX-XY,,,Cohu,COHU,,,,,,,,,,,,,United States,company.public,USD-marketcap,"$1,520,000,000",$32.46,,12024.03,,,B.lion,,,,12026,phantasim,,,,,,,,,,
6526,12024,Kontron AG,XX-XY,,,Kontron AG,KTN.F,,,,,,,,,,,,,Austria,company.public,USD-marketcap,"$1,520,000,000",$23.83,,12024.03,,,B.lion,,,,12026,phantasim,,,,,,,,,,
6527,12024,Nordic Semiconductor,XX-XY,,,Nordic Semiconductor,NOD.OL,,,,,,,,,,,,,Norway,company.public,USD-marketcap,"$1,520,000,000",$7.96,,,,,B.lion,,,,12026,phantasim,,,,,,,,,,
6528,12024,Scandinavian Tobacco Group,XX-XY,,,Scandinavian Tobacco Group,STG.CO,,,,,,,,,,,,,Denmark,company.public,USD-marketcap,"$1,520,000,000",$17.98,,,,,B.lion,,,,12026,phantasim,,,,,,,,,,
6529,12024,SM Entertainment,XX-XY,,,SM Entertainment,041510.KQ,,,,,,,,,,,,,South Korea,company.public,USD-marketcap,"$1,520,000,000",$65.49,,,,,B.lion,,,,12026,phantasim,,,,,,,,,,
6530,12024,MaxLinear,XX-XY,,,MaxLinear,MXL,,,,,,,,,,,,,United States,company.public,USD-marketcap,"$1,510,000,000",$18.51,,12024.03,,,B.lion,,,,12026,phantasim,,,,,,,,,,
6531,12024,Veris Residential,XX-XY,,,Veris Residential,VRE,,,,,,,,,,,,,United States,company.public,USD-marketcap,"$1,510,000,000",$14.92,,12024.03,,,B.lion,,,,12026,phantasim,,,,,,,,,,
6532,12024,Docebo,XX-XY,,,Docebo,DCBO,,,,,,,,,,,,,Canada,company.public,USD-marketcap,"$1,510,000,000",$50.00,,12024.03,,,B.lion,,,,12026,phantasim,,,,,,,,,,
6533,12024,First National of Nebraska,XX-XY,,,First National of Nebraska,FINN,,,,,,,,,,,,,United States,company.public,USD-marketcap,"$1,510,000,000","$12,158.00",,12024.03,,,B.lion,,,,12026,phantasim,,,,,,,,,,
6534,12024,Harmonic,XX-XY,,,Harmonic,HLIT,,,,,,,,,,,,,United States,company.public,USD-marketcap,"$1,510,000,000",$13.52,,12024.03,,,B.lion,,,,12026,phantasim,,,,,,,,,,
6535,12024,Sterling Check,XX-XY,,,Sterling Check,STER,,,,,,,,,,,,,United States,company.public,USD-marketcap,"$1,510,000,000",$16.23,,12024.03,,,B.lion,,,,12026,phantasim,,,,,,,,,,
6536,12024,VTEX,XX-XY,,,VTEX,VTEX,,,,,,,,,,,,,United Kingdom,company.public,USD-marketcap,"$1,510,000,000",$8.22,,12024.03,,,B.lion,,,,12026,phantasim,,,,,,,,,,
6537,12024,Biotest,XX-XY,,,Biotest,BIO.F,,,,,,,,,,,,,Germany,company.public,USD-marketcap,"$1,510,000,000",$45.71,,12024.03,,,B.lion,,,,12026,phantasim,,,,,,,,,,
6538,12024,Al Seer Marine Supplies & Equipment Company,XX-XY,,,Al Seer Marine Supplies & Equipment Company,ASM.AE,,,,,,,,,,,,,United Arab Emirates,company.public,USD-marketcap,"$1,510,000,000",$1.51,,12024.03,,,B.lion,,,,12026,phantasim,,,,,,,,,,
6539,12024,Tamarack Valley Energy,XX-XY,,,Tamarack Valley Energy,TVE.TO,,,,,,,,,,,,,Canada,company.public,USD-marketcap,"$1,510,000,000",$2.79,,,,,B.lion,,,,12026,phantasim,,,,,,,,,,
6540,12024,Vtech,XX-XY,,,Vtech,0303.HK,,,,,,,,,,,,,Hong Kong,company.public,USD-marketcap,"$1,510,000,000",$6.00,,,,,B.lion,,,,12026,phantasim,,,,,,,,,,
6541,12024,LOTTE Corporation,XX-XY,,,LOTTE Corporation,004990.KS,,,,,,,,,,,,,South Korea,company.public,USD-marketcap,"$1,510,000,000",$20.86,,,,,B.lion,,,,12026,phantasim,,,,,,,,,,
6542,12024,BGF Retail,XX-XY,,,BGF Retail,282330.KS,,,,,,,,,,,,,South Korea,company.public,USD-marketcap,"$1,510,000,000",$87.79,,,,,B.lion,,,,12026,phantasim,,,,,,,,,,
6543,12024,Ramkrishna Forgings,XX-XY,,,Ramkrishna Forgings,RKFORGE.NS,,,,,,,,,,,,,India,company.public,USD-marketcap,"$1,510,000,000",$8.35,,,,,B.lion,,,,12026,phantasim,,,,,,,,,,
6659,12024,Global Partners LP,XX-XY,,,Global Partners LP,GLP,,,,,,,,,,,,,United States,company.public,USD-marketcap,"$1,500,000,000",$44.49,,12024.03,,,B.lion,,,,12026,phantasim,,,,,,,,,,
6660,12024,AdaptHealth,XX-XY,,,AdaptHealth,AHCO,,,,,,,,,,,,,United States,company.public,USD-marketcap,"$1,500,000,000",$11.36,,12024.03,,,B.lion,,,,12026,phantasim,,,,,,,,,,
6661,12024,The Chefs' Warehouse,XX-XY,,,The Chefs' Warehouse,CHEF,,,,,,,,,,,,,United States,company.public,USD-marketcap,"$1,500,000,000",$37.95,,12024.03,,,B.lion,,,,12026,phantasim,,,,,,,,,,
6662,12024,Enterprise Financial Services Corp,XX-XY,,,Enterprise Financial Services Corp,EFSC,,,,,,,,,,,,,United States,company.public,USD-marketcap,"$1,500,000,000",$40.17,,12024.03,,,B.lion,,,,12026,phantasim,,,,,,,,,,
6663,12024,LeMaitre Vascular,XX-XY,,,LeMaitre Vascular,LMAT,,,,,,,,,,,,,United States,company.public,USD-marketcap,"$1,500,000,000",$67.20,,12024.03,,,B.lion,,,,12026,phantasim,,,,,,,,,,
6664,12024,Lumi Rental Company,XX-XY,,,Lumi Rental Company,4262.SR,,,,,,,,,,,,,Saudi Arabia,company.public,USD-marketcap,"$1,500,000,000",$27.42,,,,,B.lion,,,,12026,phantasim,,,,,,,,,,
6665,12024,Anima Holding,XX-XY,,,Anima Holding,ANIM.MI,,,,,,,,,,,,,Italy,company.public,USD-marketcap,"$1,500,000,000",$4.77,,,,,B.lion,,,,12026,phantasim,,,,,,,,,,
6666,12024,Rai Way,XX-XY,,,Rai Way,RWAY.MI,,,,,,,,,,,,,Italy,company.public,USD-marketcap,"$1,500,000,000",$5.61,,,,,B.lion,,,,12026,phantasim,,,,,,,,,,
6667,12024,Financière Moncey Société anonyme,XX-XY,,,Financière Moncey Société anonyme,FMONC.PA,,,,,,,,,,,,,France,company.public,USD-marketcap,"$1,500,000,000","$8,232.00",,,,,B.lion,,,,12026,phantasim,,,,,,,,,,
6668,12024,Fine Organics,XX-XY,,,Fine Organics,FINEORG.NS,,,,,,,,,,,,,India,company.public,USD-marketcap,"$1,500,000,000",$49.11,,,,,B.lion,,,,12026,phantasim,,,,,,,,,,
6669,12024,Horace Mann Educators,XX-XY,,,Horace Mann Educators,HMN,,,,,,,,,,,,,United States,company.public,USD-marketcap,"$1,490,000,000",$36.62,,12024.03,,,B.lion,,,,12026,phantasim,,,,,,,,,,
6670,12024,Integral Ad Science,XX-XY,,,Integral Ad Science,IAS,,,,,,,,,,,,,United States,company.public,USD-marketcap,"$1,490,000,000",$9.40,,12024.03,,,B.lion,,,,12026,phantasim,,,,,,,,,,
6671,12024,Bank of N. T. Butterfield & Son,XX-XY,,,Bank of N. T. Butterfield & Son,NTB,,,,,,,,,,,,,Bermuda,company.public,USD-marketcap,"$1,490,000,000",$31.76,,12024.03,,,B.lion,,,,12026,phantasim,,,,,,,,,,
6672,12024,Utz Brands,XX-XY,,,Utz Brands,UTZ,,,,,,,,,,,,,United States,company.public,USD-marketcap,"$1,490,000,000",$18.31,,12024.03,,,B.lion,,,,12026,phantasim,,,,,,,,,,
6673,12024,Disc Medicine,XX-XY,,,Disc Medicine,IRON,,,,,,,,,,,,,United States,company.public,USD-marketcap,"$1,490,000,000",$60.51,,12024.03,,,B.lion,,,,12026,phantasim,,,,,,,,,,
6674,12024,JBG SMITH,XX-XY,,,JBG SMITH,JBGS,,,,,,,,,,,,,United States,company.public,USD-marketcap,"$1,490,000,000",$16.26,,12024.03,,,B.lion,,,,12026,phantasim,,,,,,,,,,
6675,12024,Marten Transport,XX-XY,,,Marten Transport,MRTN,,,,,,,,,,,,,United States,company.public,USD-marketcap,"$1,490,000,000",$18.44,,12024.03,,,B.lion,,,,12026,phantasim,,,,,,,,,,
6676,12024,Genus,XX-XY,,,Genus,GNS.L,,,,,,,,,,,,,United Kingdom,company.public,USD-marketcap,"$1,490,000,000",$22.59,,12024.03,,,B.lion,,,,12026,phantasim,,,,,,,,,,
6677,12024,Veidekke,XX-XY,,,Veidekke,VEI.OL,,,,,,,,,,,,,Norway,company.public,USD-marketcap,"$1,490,000,000",$10.95,,,,,B.lion,,,,12026,phantasim,,,,,,,,,,
6678,12024,China Lesso Group,XX-XY,,,China Lesso Group,2128.HK,,,,,,,,,,,,,China,company.public,USD-marketcap,"$1,490,000,000",$0.46,,,,,B.lion,,,,12026,phantasim,,,,,,,,,,
6679,12024,Fiskars,XX-XY,,,Fiskars,FSKRS.HE,,,,,,,,,,,,,Finland,company.public,USD-marketcap,"$1,490,000,000",$18.52,,,,,B.lion,,,,12026,phantasim,,,,,,,,,,
6680,12024,KCC Corp,XX-XY,,,KCC Corp,002380.KS,,,,,,,,,,,,,South Korea,company.public,USD-marketcap,"$1,490,000,000",$200.03,,,,,B.lion,,,,12026,phantasim,,,,,,,,,,
6681,12024,PROG Holdings,XX-XY,,,PROG Holdings,PRG,,,,,,,,,,,,,United States,company.public,USD-marketcap,"$1,480,000,000",$34.07,,12024.03,,,B.lion,,,,12026,phantasim,,,,,,,,,,
6682,12024,CSG International,XX-XY,,,CSG International,CSGS,,,,,,,,,,,,,United States,company.public,USD-marketcap,"$1,480,000,000",$50.48,,12024.03,,,B.lion,,,,12026,phantasim,,,,,,,,,,
6683,12024,Extreme Networks,XX-XY,,,Extreme Networks,EXTR,,,,,,,,,,,,,United States,company.public,USD-marketcap,"$1,480,000,000",$11.57,,12024.03,,,B.lion,,,,12026,phantasim,,,,,,,,,,
6684,12024,Heartland Financial USA,XX-XY,,,Heartland Financial USA,HTLF,,,,,,,,,,,,,United States,company.public,USD-marketcap,"$1,480,000,000",$34.78,,12024.03,,,B.lion,,,,12026,phantasim,,,,,,,,,,
6685,12024,NAPCO Security Technologies,XX-XY,,,NAPCO Security Technologies,NSSC,,,,,,,,,,,,,United States,company.public,USD-marketcap,"$1,480,000,000",$40.26,,12024.03,,,B.lion,,,,12026,phantasim,,,,,,,,,,
6686,12024,Skyward Specialty Insurance Group,XX-XY,,,Skyward Specialty Insurance Group,SKWD,,,,,,,,,,,,,United States,company.public,USD-marketcap,"$1,480,000,000",$37.19,,12024.03,,,B.lion,,,,12026,phantasim,,,,,,,,,,
6687,12024,Southern Province Cement Company,XX-XY,,,Southern Province Cement Company,3050.SR,,,,,,,,,,,,,Saudi Arabia,company.public,USD-marketcap,"$1,480,000,000",$10.58,,,,,B.lion,,,,12026,phantasim,,,,,,,,,,
6688,12024,HBM Healthcare Investments,XX-XY,,,HBM Healthcare Investments,HBMN.SW,,,,,,,,,,,,,Switzerland,company.public,USD-marketcap,"$1,480,000,000",$214.90,,,,,B.lion,,,,12026,phantasim,,,,,,,,,,
6689,12024,International Petroleum,XX-XY,,,International Petroleum,IPCO.TO,,,,,,,,,,,,,Canada,company.public,USD-marketcap,"$1,480,000,000",$11.85,,,,,B.lion,,,,12026,phantasim,,,,,,,,,,
6690,12024,InterRent Real Estate Investment Trust,XX-XY,,,InterRent Real Estate Investment Trust,IIP-UN.TO,,,,,,,,,,,,,Canada,company.public,USD-marketcap,"$1,480,000,000",$10.09,,,,,B.lion,,,,12026,phantasim,,,,,,,,,,
6691,12024,Steelcase,XX-XY,,,Steelcase,SCS,,,,,,,,,,,,,United States,company.public,USD-marketcap,"$1,470,000,000",$12.87,,12024.03,,,B.lion,,,,12026,phantasim,,,,,,,,,,
6692,12024,Archer Aviation,XX-XY,,,Archer Aviation,ACHR,,,,,,,,,,,,,United States,company.public,USD-marketcap,"$1,470,000,000",$4.74,,12024.03,,,B.lion,,,,12026,phantasim,,,,,,,,,,
6693,12024,Eve Air Mobility,XX-XY,,,Eve Air Mobility,EVEX,,,,,,,,,,,,,United States,company.public,USD-marketcap,"$1,470,000,000",$5.48,,12024.03,,,B.lion,,,,12026,phantasim,,,,,,,,,,
6694,12024,First Bancorp,XX-XY,,,First Bancorp,FBNC,,,,,,,,,,,,,United States,company.public,USD-marketcap,"$1,470,000,000",$35.94,,12024.03,,,B.lion,,,,12026,phantasim,,,,,,,,,,
6695,12024,Dis-Chem Pharmacies,XX-XY,,,Dis-Chem Pharmacies,DCP.JO,,,,,,,,,,,,,South Africa,company.public,USD-marketcap,"$1,470,000,000",$1.71,,,,,B.lion,,,,12026,phantasim,,,,,,,,,,
6696,12024,Momentum Metropolitan,XX-XY,,,Momentum Metropolitan,MTM.JO,,,,,,,,,,,,,South Africa,company.public,USD-marketcap,"$1,470,000,000",$1.09,,,,,B.lion,,,,12026,phantasim,,,,,,,,,,
6697,12024,Trisura Group,XX-XY,,,Trisura Group,TSU.TO,,,,,,,,,,,,,Canada,company.public,USD-marketcap,"$1,470,000,000",$31.10,,,,,B.lion,,,,12026,phantasim,,,,,,,,,,
6698,12024,Amber Enterprises India,XX-XY,,,Amber Enterprises India,AMBER.NS,,,,,,,,,,,,,India,company.public,USD-marketcap,"$1,470,000,000",$43.69,,,,,B.lion,,,,12026,phantasim,,,,,,,,,,
6699,12024,Arion banki,XX-XY,,,Arion banki,ARION.IC,,,,,,,,,,,,,Iceland,company.public,USD-marketcap,"$1,470,000,000",$1.02,,,,,B.lion,,,,12026,phantasim,,,,,,,,,,
6700,12024,Vaisala,XX-XY,,,Vaisala,VAIAS.HE,,,,,,,,,,,,,Finland,company.public,USD-marketcap,"$1,470,000,000",$40.67,,,,,B.lion,,,,12026,phantasim,,,,,,,,,,
6701,12024,ANI Pharmaceuticals,XX-XY,,,ANI Pharmaceuticals,ANIP,,,,,,,,,,,,,United States,company.public,USD-marketcap,"$1,460,000,000",$69.69,,12024.03,,,B.lion,,,,12026,phantasim,,,,,,,,,,
6702,12024,Liberty Latin America,XX-XY,,,Liberty Latin America,LILA,,,,,,,,,,,,,United States,company.public,USD-marketcap,"$1,460,000,000",$7.03,,12024.03,,,B.lion,,,,12026,phantasim,,,,,,,,,,
6703,12024,Northwest Bank,XX-XY,,,Northwest Bank,NWBI,,,,,,,,,,,,,United States,company.public,USD-marketcap,"$1,460,000,000",$11.54,,12024.03,,,B.lion,,,,12026,phantasim,,,,,,,,,,
6704,12024,Victoria's Secret & Co,XX-XY,,,Victoria's Secret & Co,VSCO,,,,,,,,,,,,,United States,company.public,USD-marketcap,"$1,460,000,000",$18.94,,12024.03,,,B.lion,,,,12026,phantasim,,,,,,,,,,
6705,12024,Guaranty Trust Bank,XX-XY,,,Guaranty Trust Bank,9JO.F,,,,,,,,,,,,,Nigeria,company.public,USD-marketcap,"$1,460,000,000",$2.49,,12024.03,,,B.lion,,,,12026,phantasim,,,,,,,,,,
6706,12024,Barco NV,XX-XY,,,Barco NV,BAR.BR,,,,,,,,,,,,,Belgium,company.public,USD-marketcap,"$1,460,000,000",$16.42,,12024.03,,,B.lion,,,,12026,phantasim,,,,,,,,,,
6707,12024,Cyfrowy Polsat,XX-XY,,,Cyfrowy Polsat,CPS.WA,,,,,,,,,,,,,Poland,company.public,USD-marketcap,"$1,460,000,000",$2.66,,,,,B.lion,,,,12026,phantasim,,,,,,,,,,
6708,12024,Norwegian Air Shuttle,XX-XY,,,Norwegian Air Shuttle,NAS.OL,,,,,,,,,,,,,Norway,company.public,USD-marketcap,"$1,460,000,000",$1.52,,,,,B.lion,,,,12026,phantasim,,,,,,,,,,
6709,12024,Al Yah Satellite Communications Company,XX-XY,,,Al Yah Satellite Communications Company,YAHSAT.AE,,,,,,,,,,,,,United Arab Emirates,company.public,USD-marketcap,"$1,460,000,000",$0.60,,,,,B.lion,,,,12026,phantasim,,,,,,,,,,
6710,12024,Caleres,XX-XY,,,Caleres,CAL,,,,,,,,,,,,,United States,company.public,USD-marketcap,"$1,450,000,000",$41.09,,12024.03,,,B.lion,,,,12026,phantasim,,,,,,,,,,
6711,12024,V2X,XX-XY,,,V2X,VVX,,,,,,,,,,,,,United States,company.public,USD-marketcap,"$1,450,000,000",$46.37,,12024.03,,,B.lion,,,,12026,phantasim,,,,,,,,,,
6712,12024,AvePoint,XX-XY,,,AvePoint,AVPT,,,,,,,,,,,,,United States,company.public,USD-marketcap,"$1,450,000,000",$7.91,,12024.03,,,B.lion,,,,12026,phantasim,,,,,,,,,,
6713,12024,First Watch Restaurant,XX-XY,,,First Watch Restaurant,FWRG,,,,,,,,,,,,,United States,company.public,USD-marketcap,"$1,450,000,000",$24.35,,12024.03,,,B.lion,,,,12026,phantasim,,,,,,,,,,
6714,12024,Immunome,XX-XY,,,Immunome,IMNM,,,,,,,,,,,,,United States,company.public,USD-marketcap,"$1,450,000,000",$25.52,,12024.03,,,B.lion,,,,12026,phantasim,,,,,,,,,,
6715,12024,Magnite,XX-XY,,,Magnite,MGNI,,,,,,,,,,,,,United States,company.public,USD-marketcap,"$1,450,000,000",$10.38,,12024.03,,,B.lion,,,,12026,phantasim,,,,,,,,,,
6716,12024,Revolve,XX-XY,,,Revolve,RVLV,,,,,,,,,,,,,United States,company.public,USD-marketcap,"$1,450,000,000",$20.55,,12024.03,,,B.lion,,,,12026,phantasim,,,,,,,,,,
6717,12024,SPARC,XX-XY,,,SPARC,SPARC.NS,,,,,,,,,,,,,India,company.public,USD-marketcap,"$1,450,000,000",$4.47,,,,,B.lion,,,,12026,phantasim,,,,,,,,,,
6718,12024,sterling & wilson solar,XX-XY,,,sterling & wilson solar,SWSOLAR.NS,,,,,,,,,,,,,India,company.public,USD-marketcap,"$1,450,000,000",$6.22,,,,,B.lion,,,,12026,phantasim,,,,,,,,,,
6719,12024,CTS Corporation,XX-XY,,,CTS Corporation,CTS,,,,,,,,,,,,,United States,company.public,USD-marketcap,"$1,440,000,000",$46.91,,12024.03,,,B.lion,,,,12026,phantasim,,,,,,,,,,
6720,12024,Getty Realty,XX-XY,,,Getty Realty,GTY,,,,,,,,,,,,,United States,company.public,USD-marketcap,"$1,440,000,000",$26.83,,12024.03,,,B.lion,,,,12026,phantasim,,,,,,,,,,
6721,12024,Rush Street Interactive,XX-XY,,,Rush Street Interactive,RSI,,,,,,,,,,,,,United States,company.public,USD-marketcap,"$1,440,000,000",$6.46,,12024.03,,,B.lion,,,,12026,phantasim,,,,,,,,,,
6722,12024,Everbridge,XX-XY,,,Everbridge,EVBG,,,,,,,,,,,,,United States,company.public,USD-marketcap,"$1,440,000,000",$34.81,,12024.03,,,B.lion,,,,12026,phantasim,,,,,,,,,,
6723,12024,Green Plains,XX-XY,,,Green Plains,GPRE,,,,,,,,,,,,,United States,company.public,USD-marketcap,"$1,440,000,000",$22.45,,12024.03,,,B.lion,,,,12026,phantasim,,,,,,,,,,
6724,12024,Íslandsbanki,XX-XY,,,Íslandsbanki,ISB.IC,,,,,,,,,,,,,Iceland,company.public,USD-marketcap,"$1,440,000,000",$0.74,,,,,B.lion,,,,12026,phantasim,,,,,,,,,,
6725,12024,Van Lanschot Kempen,XX-XY,,,Van Lanschot Kempen,VLK.AS,,,,,,,,,,,,,Netherlands,company.public,USD-marketcap,"$1,440,000,000",$33.96,,,,,B.lion,,,,12026,phantasim,,,,,,,,,,
6726,12024,Société Industrielle et Financière de l'Artois,XX-XY,,,Société Industrielle et Financière de l'Artois,ARTO.PA,,,,,,,,,,,,,France,company.public,USD-marketcap,"$1,440,000,000","$5,416.00",,,,,B.lion,,,,12026,phantasim,,,,,,,,,,
6727,12024,Raymond,XX-XY,,,Raymond,RAYMOND.NS,,,,,,,,,,,,,India,company.public,USD-marketcap,"$1,440,000,000",$21.68,,,,,B.lion,,,,12026,phantasim,,,,,,,,,,
6728,12024,National Healthcare,XX-XY,,,National Healthcare,NHC,,,,,,,,,,,,,United States,company.public,USD-marketcap,"$1,430,000,000",$93.31,,12024.03,,,B.lion,,,,12026,phantasim,,,,,,,,,,
6729,12024,AtriCure,XX-XY,,,AtriCure,ATRC,,,,,,,,,,,,,United States,company.public,USD-marketcap,"$1,430,000,000",$30.14,,12024.03,,,B.lion,,,,12026,phantasim,,,,,,,,,,
6730,12024,LiveWire Group,XX-XY,,,LiveWire Group,LVWR,,,,,,,,,,,,,United States,company.public,USD-marketcap,"$1,430,000,000",$7.07,,12024.03,,,B.lion,,,,12026,phantasim,,,,,,,,,,
6731,12024,Safehold,XX-XY,,,Safehold,SAFE,,,,,,,,,,,,,United States,company.public,USD-marketcap,"$1,430,000,000",$20.18,,12024.03,,,B.lion,,,,12026,phantasim,,,,,,,,,,
6732,12024,Ingles Markets,XX-XY,,,Ingles Markets,IMKTA,,,,,,,,,,,,,United States,company.public,USD-marketcap,"$1,430,000,000",$75.44,,12024.03,,,B.lion,,,,12026,phantasim,,,,,,,,,,
6733,12024,Net One Systems,XX-XY,,,Net One Systems,7518.T,,,,,,,,,,,,,Japan,company.public,USD-marketcap,"$1,430,000,000",$17.97,,12024.03,,,B.lion,,,,12026,phantasim,,,,,,,,,,
6734,12024,Cargojet,XX-XY,,,Cargojet,CJT.TO,,,,,,,,,,,,,Canada,company.public,USD-marketcap,"$1,430,000,000",$85.28,,,,,B.lion,,,,12026,phantasim,,,,,,,,,,
6735,12024,Redefine Properties,XX-XY,,,Redefine Properties,RDF.JO,,,,,,,,,,,,,South Africa,company.public,USD-marketcap,"$1,430,000,000",$0.21,,,,,B.lion,,,,12026,phantasim,,,,,,,,,,
6736,12024,TGS ASA,XX-XY,,,TGS ASA,TGS.OL,,,,,,,,,,,,,Norway,company.public,USD-marketcap,"$1,430,000,000",$10.97,,,,,B.lion,,,,12026,phantasim,,,,,,,,,,
6737,12024,Basic-Fit,XX-XY,,,Basic-Fit,BFIT.AS,,,,,,,,,,,,,Netherlands,company.public,USD-marketcap,"$1,430,000,000",$21.73,,,,,B.lion,,,,12026,phantasim,,,,,,,,,,
6738,12024,Kakao Games,XX-XY,,,Kakao Games,293490.KQ,,,,,,,,,,,,,South Korea,company.public,USD-marketcap,"$1,430,000,000",$17.60,,,,,B.lion,,,,12026,phantasim,,,,,,,,,,
6739,12024,Kenon Holdings,XX-XY,,,Kenon Holdings,KEN,,,,,,,,,,,,,Singapore,company.public,USD-marketcap,"$1,420,000,000",$26.40,,12024.03,,,B.lion,,,,12026,phantasim,,,,,,,,,,
6740,12024,Cadre,XX-XY,,,Cadre,CDRE,,,,,,,,,,,,,United States,company.public,USD-marketcap,"$1,420,000,000",$35.81,,12024.03,,,B.lion,,,,12026,phantasim,,,,,,,,,,
6741,12024,Salzgitter,XX-XY,,,Salzgitter,SZG.F,,,,,,,,,,,,,Germany,company.public,USD-marketcap,"$1,420,000,000",$26.00,,12024.03,,,B.lion,,,,12026,phantasim,,,,,,,,,,
6742,12024,Verbio,XX-XY,,,Verbio,VBK.F,,,,,,,,,,,,,Germany,company.public,USD-marketcap,"$1,420,000,000",$22.45,,12024.03,,,B.lion,,,,12026,phantasim,,,,,,,,,,
6743,12024,Corticeira Amorim,XX-XY,,,Corticeira Amorim,COR.LS,,,,,,,,,,,,,Portugal,company.public,USD-marketcap,"$1,420,000,000",$10.69,,,,,B.lion,,,,12026,phantasim,,,,,,,,,,
6744,12024,Indian Energy Exchange,XX-XY,,,Indian Energy Exchange,IEX.NS,,,,,,,,,,,,,India,company.public,USD-marketcap,"$1,420,000,000",$1.60,,,,,B.lion,,,,12026,phantasim,,,,,,,,,,
6745,12024,StorageVault Canada,XX-XY,,,StorageVault Canada,SVI.TO,,,,,,,,,,,,,Canada,company.public,USD-marketcap,"$1,420,000,000",$3.82,,,,,B.lion,,,,12026,phantasim,,,,,,,,,,
6746,12024,Graphite India,XX-XY,,,Graphite India,GRAPHITE.NS,,,,,,,,,,,,,India,company.public,USD-marketcap,"$1,420,000,000",$7.28,,,,,B.lion,,,,12026,phantasim,,,,,,,,,,
6747,12024,First Commonwealth Financial Corp,XX-XY,,,First Commonwealth Financial Corp,FCF,,,,,,,,,,,,,United States,company.public,USD-marketcap,"$1,410,000,000",$13.80,,12024.03,,,B.lion,,,,12026,phantasim,,,,,,,,,,
6748,12024,Helios Technologies,XX-XY,,,Helios Technologies,HLIO,,,,,,,,,,,,,United States,company.public,USD-marketcap,"$1,410,000,000",$42.85,,12024.03,,,B.lion,,,,12026,phantasim,,,,,,,,,,
6749,12024,Kaiser Aluminum,XX-XY,,,Kaiser Aluminum,KALU,,,,,,,,,,,,,United States,company.public,USD-marketcap,"$1,410,000,000",$88.20,,12024.03,,,B.lion,,,,12026,phantasim,,,,,,,,,,
6750,12024,Kiniksa Pharmaceuticals,XX-XY,,,Kiniksa Pharmaceuticals,KNSA,,,,,,,,,,,,,Bermuda,company.public,USD-marketcap,"$1,410,000,000",$19.99,,12024.03,,,B.lion,,,,12026,phantasim,,,,,,,,,,
6751,12024,Tokai Carbon,XX-XY,,,Tokai Carbon,5301.T,,,,,,,,,,,,,Japan,company.public,USD-marketcap,"$1,410,000,000",$6.64,,12024.03,,,B.lion,,,,12026,phantasim,,,,,,,,,,
6752,12024,Wilh. Wilhelmsen Holding,XX-XY,,,Wilh. Wilhelmsen Holding,WWI.OL,,,,,,,,,,,,,Norway,company.public,USD-marketcap,"$1,410,000,000",$32.38,,,,,B.lion,,,,12026,phantasim,,,,,,,,,,
6753,12024,GasLog,XX-XY,,,GasLog,GLOG-PA,,,,,,,,,,,,,Greece,company.public,USD-marketcap,"$1,410,000,000",$25.84,,,,,B.lion,,,,12026,phantasim,,,,,,,,,,
6754,12024,Arezzo Indústria e Comércio,XX-XY,,,Arezzo Indústria e Comércio,ARZZ3.SA,,,,,,,,,,,,,Brazil,company.public,USD-marketcap,"$1,410,000,000",$12.75,,,,,B.lion,,,,12026,phantasim,,,,,,,,,,
6868,12024,Knowles,XX-XY,,,Knowles,KN,,,,,,,,,,,,,United States,company.public,USD-marketcap,"$1,400,000,000",$15.70,,12024.03,,,B.lion,,,,12026,phantasim,,,,,,,,,,
6869,12024,Danaos,XX-XY,,,Danaos,DAC,,,,,,,,,,,,,Greece,company.public,USD-marketcap,"$1,400,000,000",$72.53,,12024.03,,,B.lion,,,,12026,phantasim,,,,,,,,,,
6870,12024,LTC Properties,XX-XY,,,LTC Properties,LTC,,,,,,,,,,,,,United States,company.public,USD-marketcap,"$1,400,000,000",$32.48,,12024.03,,,B.lion,,,,12026,phantasim,,,,,,,,,,
6871,12024,Monarch Casino & Resort,XX-XY,,,Monarch Casino & Resort,MCRI,,,,,,,,,,,,,United States,company.public,USD-marketcap,"$1,400,000,000",$74.17,,12024.03,,,B.lion,,,,12026,phantasim,,,,,,,,,,
6872,12024,UNITI,XX-XY,,,UNITI,UNIT,,,,,,,,,,,,,United States,company.public,USD-marketcap,"$1,400,000,000",$5.87,,12024.03,,,B.lion,,,,12026,phantasim,,,,,,,,,,
6873,12024,Victrex,XX-XY,,,Victrex,VCT.L,,,,,,,,,,,,,United Kingdom,company.public,USD-marketcap,"$1,400,000,000",$16.09,,12024.03,,,B.lion,,,,12026,phantasim,,,,,,,,,,
6874,12024,AF Gruppen,XX-XY,,,AF Gruppen,AFG.OL,,,,,,,,,,,,,Norway,company.public,USD-marketcap,"$1,400,000,000",$12.92,,12024.03,,,B.lion,,,,12026,phantasim,,,,,,,,,,
6875,12024,RSA Insurance Group,XX-XY,,,RSA Insurance Group,RSAB.L,,,,,,,,,,,,,United Kingdom,company.public,USD-marketcap,"$1,400,000,000",$1.37,,,,,B.lion,,,,12026,phantasim,,,,,,,,,,
6876,12024,Qassim Cement Company,XX-XY,,,Qassim Cement Company,3040.SR,,,,,,,,,,,,,Saudi Arabia,company.public,USD-marketcap,"$1,400,000,000",$15.58,,,,,B.lion,,,,12026,phantasim,,,,,,,,,,
6877,12024,OC Oerlikon,XX-XY,,,OC Oerlikon,OERL.SW,,,,,,,,,,,,,Switzerland,company.public,USD-marketcap,"$1,400,000,000",$4.32,,,,,B.lion,,,,12026,phantasim,,,,,,,,,,
6878,12024,Iguatemi,XX-XY,,,Iguatemi,IGTI3.SA,,,,,,,,,,,,,Brazil,company.public,USD-marketcap,"$1,400,000,000",$0.67,,,,,B.lion,,,,12026,phantasim,,,,,,,,,,
6879,12024,Allegiant Air,XX-XY,,,Allegiant Air,ALGT,,,,,,,,,,,,,United States,company.public,USD-marketcap,"$1,390,000,000",$76.25,,12024.03,,,B.lion,,,,12026,phantasim,,,,,,,,,,
6880,12024,MeridianLink,XX-XY,,,MeridianLink,MLNK,,,,,,,,,,,,,United States,company.public,USD-marketcap,"$1,390,000,000",$18.22,,12024.03,,,B.lion,,,,12026,phantasim,,,,,,,,,,
6881,12024,Opera,XX-XY,,,Opera,OPRA,,,,,,,,,,,,,Norway,company.public,USD-marketcap,"$1,390,000,000",$15.89,,12024.03,,,B.lion,,,,12026,phantasim,,,,,,,,,,
6882,12024,Befesa,XX-XY,,,Befesa,BFSA.DE,,,,,,,,,,,,,Luxembourg,company.public,USD-marketcap,"$1,390,000,000",$34.77,,,,,B.lion,,,,12026,phantasim,,,,,,,,,,
6883,12024,Shikun & Binui,XX-XY,,,Shikun & Binui,SKBN.TA,,,,,,,,,,,,,Israel,company.public,USD-marketcap,"$1,390,000,000",$2.54,,,,,B.lion,,,,12026,phantasim,,,,,,,,,,
6884,12024,Is Yatirim Menkul Degerler Anonim Sirketi,XX-XY,,,Is Yatirim Menkul Degerler Anonim Sirketi,ISMEN.IS,,,,,,,,,,,,,Turkey,company.public,USD-marketcap,"$1,390,000,000",$0.93,,,,,B.lion,,,,12026,phantasim,,,,,,,,,,
6885,12024,Pearl Abyss,XX-XY,,,Pearl Abyss,263750.KQ,,,,,,,,,,,,,South Korea,company.public,USD-marketcap,"$1,390,000,000",$22.71,,,,,B.lion,,,,12026,phantasim,,,,,,,,,,
6886,12024,NW Natural,XX-XY,,,NW Natural,NWN,,,,,,,,,,,,,United States,company.public,USD-marketcap,"$1,380,000,000",$36.67,,12024.03,,,B.lion,,,,12026,phantasim,,,,,,,,,,
6887,12024,Custom Truck One Source,XX-XY,,,Custom Truck One Source,CTOS,,,,,,,,,,,,,United States,company.public,USD-marketcap,"$1,380,000,000",$5.75,,12024.03,,,B.lion,,,,12026,phantasim,,,,,,,,,,
6888,12024,Establishment Labs,XX-XY,,,Establishment Labs,ESTA,,,,,,,,,,,,,Costa Rica,company.public,USD-marketcap,"$1,380,000,000",$50.76,,12024.03,,,B.lion,,,,12026,phantasim,,,,,,,,,,
6889,12024,Ladder Capital,XX-XY,,,Ladder Capital,LADR,,,,,,,,,,,,,United States,company.public,USD-marketcap,"$1,380,000,000",$10.97,,12024.03,,,B.lion,,,,12026,phantasim,,,,,,,,,,
6890,12024,NextDecade Corp,XX-XY,,,NextDecade Corp,NEXT,,,,,,,,,,,,,United States,company.public,USD-marketcap,"$1,380,000,000",$5.39,,12024.03,,,B.lion,,,,12026,phantasim,,,,,,,,,,
6891,12024,Ocular Therapeutix,XX-XY,,,Ocular Therapeutix,OCUL,,,,,,,,,,,,,United States,company.public,USD-marketcap,"$1,380,000,000",$9.31,,12024.03,,,B.lion,,,,12026,phantasim,,,,,,,,,,
6892,12024,Stock Yards Bancorp,XX-XY,,,Stock Yards Bancorp,SYBT,,,,,,,,,,,,,United States,company.public,USD-marketcap,"$1,380,000,000",$47.17,,12024.03,,,B.lion,,,,12026,phantasim,,,,,,,,,,
6893,12024,Dundee Precious Metals,XX-XY,,,Dundee Precious Metals,DPM.TO,,,,,,,,,,,,,Canada,company.public,USD-marketcap,"$1,380,000,000",$7.64,,,,,B.lion,,,,12026,phantasim,,,,,,,,,,
6894,12024,The North West Company,XX-XY,,,The North West Company,NWC.TO,,,,,,,,,,,,,Canada,company.public,USD-marketcap,"$1,380,000,000",$28.99,,,,,B.lion,,,,12026,phantasim,,,,,,,,,,
6895,12024,Solaria Energía,XX-XY,,,Solaria Energía,SLR.MC,,,,,,,,,,,,,Spain,company.public,USD-marketcap,"$1,380,000,000",$11.06,,,,,B.lion,,,,12026,phantasim,,,,,,,,,,
6896,12024,Perfect Presentation for Commercial Services CompanyPerfect Presentation for Commercial Services,XX-XY,,,Perfect Presentation for Commercial Services CompanyPerfect Presentation for Commercial Services,7204.SR,,,,,,,,,,,,,Saudi Arabia,company.public,USD-marketcap,"$1,380,000,000",$9.23,,,,,B.lion,,,,12026,phantasim,,,,,,,,,,
6897,12024,BlueNord ASA,XX-XY,,,BlueNord ASA,BNOR.OL,,,,,,,,,,,,,Norway,company.public,USD-marketcap,"$1,380,000,000",$53.16,,,,,B.lion,,,,12026,phantasim,,,,,,,,,,
6898,12024,Fagron,XX-XY,,,Fagron,FAGR.BR,,,,,,,,,,,,,Belgium,company.public,USD-marketcap,"$1,380,000,000",$18.99,,,,,B.lion,,,,12026,phantasim,,,,,,,,,,
6899,12024,eClerx Services,XX-XY,,,eClerx Services,ECLERX.NS,,,,,,,,,,,,,India,company.public,USD-marketcap,"$1,380,000,000",$28.67,,,,,B.lion,,,,12026,phantasim,,,,,,,,,,
6900,12024,Gulf Navigation Holding,XX-XY,,,Gulf Navigation Holding,GULFNAV.AE,,,,,,,,,,,,,United Arab Emirates,company.public,USD-marketcap,"$1,380,000,000",$1.66,,,,,B.lion,,,,12026,phantasim,,,,,,,,,,
6901,12024,Humansoft Holding Company,XX-XY,,,Humansoft Holding Company,HUMANSOFT.KW,,,,,,,,,,,,,Kuwait,company.public,USD-marketcap,"$1,380,000,000","$10,866.00",,,,,B.lion,,,,12026,phantasim,,,,,,,,,,
6902,12024,Diamond Offshore Drilling,XX-XY,,,Diamond Offshore Drilling,DO,,,,,,,,,,,,,United States,company.public,USD-marketcap,"$1,370,000,000",$13.44,,12024.03,,,B.lion,,,,12026,phantasim,,,,,,,,,,
6903,12024,Coeur Mining,XX-XY,,,Coeur Mining,CDE,,,,,,,,,,,,,United States,company.public,USD-marketcap,"$1,370,000,000",$3.57,,12024.03,,,B.lion,,,,12026,phantasim,,,,,,,,,,
6904,12024,Kronos Worldwide,XX-XY,,,Kronos Worldwide,KRO,,,,,,,,,,,,,United States,company.public,USD-marketcap,"$1,370,000,000",$11.98,,12024.03,,,B.lion,,,,12026,phantasim,,,,,,,,,,
6905,12024,Phreesia,XX-XY,,,Phreesia,PHR,,,,,,,,,,,,,United States,company.public,USD-marketcap,"$1,370,000,000",$24.39,,12024.03,,,B.lion,,,,12026,phantasim,,,,,,,,,,
6906,12024,SMART Global Holdings,XX-XY,,,SMART Global Holdings,SGH,,,,,,,,,,,,,United States,company.public,USD-marketcap,"$1,370,000,000",$26.48,,12024.03,,,B.lion,,,,12026,phantasim,,,,,,,,,,
6907,12024,Agiliti,XX-XY,,,Agiliti,AGTI,,,,,,,,,,,,,United States,company.public,USD-marketcap,"$1,370,000,000",$10.12,,12024.03,,,B.lion,,,,12026,phantasim,,,,,,,,,,
6908,12024,Century Aluminum,XX-XY,,,Century Aluminum,CENX,,,,,,,,,,,,,United States,company.public,USD-marketcap,"$1,370,000,000",$14.78,,12024.03,,,B.lion,,,,12026,phantasim,,,,,,,,,,
6909,12024,Day One Biopharmaceuticals,XX-XY,,,Day One Biopharmaceuticals,DAWN,,,,,,,,,,,,,United States,company.public,USD-marketcap,"$1,370,000,000",$15.79,,12024.03,,,B.lion,,,,12026,phantasim,,,,,,,,,,
6910,12024,Hope Bancorp,XX-XY,,,Hope Bancorp,HOPE,,,,,,,,,,,,,United States,company.public,USD-marketcap,"$1,370,000,000",$11.43,,12024.03,,,B.lion,,,,12026,phantasim,,,,,,,,,,
6911,12024,Jack in the Box,XX-XY,,,Jack in the Box,JACK,,,,,,,,,,,,,United States,company.public,USD-marketcap,"$1,370,000,000",$70.47,,12024.03,,,B.lion,,,,12026,phantasim,,,,,,,,,,
6912,12024,Xencor,XX-XY,,,Xencor,XNCR,,,,,,,,,,,,,United States,company.public,USD-marketcap,"$1,370,000,000",$22.42,,12024.03,,,B.lion,,,,12026,phantasim,,,,,,,,,,
6913,12024,Hamburger Hafen,XX-XY,,,Hamburger Hafen,HHFA.F,,,,,,,,,,,,,Germany,company.public,USD-marketcap,"$1,370,000,000",$18.13,,,,,B.lion,,,,12026,phantasim,,,,,,,,,,
6914,12024,Sihanoukville Autonomous Port,XX-XY,,,Sihanoukville Autonomous Port,PAS.KH,,,,,,,,,,,,,Cambodia,company.public,USD-marketcap,"$1,370,000,000",$3.05,,,,,B.lion,,,,12026,phantasim,,,,,,,,,,
6915,12024,Al Masane Al Kobra Mining Company,XX-XY,,,Al Masane Al Kobra Mining Company,1322.SR,,,,,,,,,,,,,Saudi Arabia,company.public,USD-marketcap,"$1,370,000,000",$15.55,,,,,B.lion,,,,12026,phantasim,,,,,,,,,,
6916,12024,Gulf International Services,XX-XY,,,Gulf International Services,GISS.QA,,,,,,,,,,,,,Qatar,company.public,USD-marketcap,"$1,370,000,000",$0.74,,,,,B.lion,,,,12026,phantasim,,,,,,,,,,
6917,12024,Intercos,XX-XY,,,Intercos,ICOS.MI,,,,,,,,,,,,,Italy,company.public,USD-marketcap,"$1,370,000,000",$14.25,,,,,B.lion,,,,12026,phantasim,,,,,,,,,,
6918,12024,Unipar Carbocloro,XX-XY,,,Unipar Carbocloro,UNIP6.SA,,,,,,,,,,,,,Brazil,company.public,USD-marketcap,"$1,370,000,000",$13.60,,,,,B.lion,,,,12026,phantasim,,,,,,,,,,
6919,12024,Advantage Solutions,XX-XY,,,Advantage Solutions,ADV,,,,,,,,,,,,,United States,company.public,USD-marketcap,"$1,360,000,000",$4.27,,12024.03,,,B.lion,,,,12026,phantasim,,,,,,,,,,
6920,12024,Orion Engineered Carbons,XX-XY,,,Orion Engineered Carbons,OEC,,,,,,,,,,,,,United States,company.public,USD-marketcap,"$1,360,000,000",$23.53,,12024.03,,,B.lion,,,,12026,phantasim,,,,,,,,,,
6921,12024,Two Harbors Investment,XX-XY,,,Two Harbors Investment,TWO,,,,,,,,,,,,,United States,company.public,USD-marketcap,"$1,360,000,000",$13.16,,12024.03,,,B.lion,,,,12026,phantasim,,,,,,,,,,
6922,12024,Vir Biotechnology,XX-XY,,,Vir Biotechnology,VIR,,,,,,,,,,,,,United States,company.public,USD-marketcap,"$1,360,000,000",$10.10,,12024.03,,,B.lion,,,,12026,phantasim,,,,,,,,,,
6923,12024,Kforce,XX-XY,,,Kforce,KFRC,,,,,,,,,,,,,United States,company.public,USD-marketcap,"$1,360,000,000",$69.97,,12024.03,,,B.lion,,,,12026,phantasim,,,,,,,,,,
6924,12024,Wüstenrot & Württembergische,XX-XY,,,Wüstenrot & Württembergische,WUW.F,,,,,,,,,,,,,Germany,company.public,USD-marketcap,"$1,360,000,000",$14.51,,12024.03,,,B.lion,,,,12026,phantasim,,,,,,,,,,
6925,12024,Labrador Iron Ore Royalty Corp.,XX-XY,,,Labrador Iron Ore Royalty Corp.,LIF.TO,,,,,,,,,,,,,Canada,company.public,USD-marketcap,"$1,360,000,000",$21.40,,,,,B.lion,,,,12026,phantasim,,,,,,,,,,
6926,12024,Beijing Airport,XX-XY,,,Beijing Airport,0694.HK,,,,,,,,,,,,,China,company.public,USD-marketcap,"$1,360,000,000",$0.30,,,,,B.lion,,,,12026,phantasim,,,,,,,,,,
6927,12024,Betsson AB,XX-XY,,,Betsson AB,BETS-B.ST,,,,,,,,,,,,,Sweden,company.public,USD-marketcap,"$1,360,000,000",$9.94,,,,,B.lion,,,,12026,phantasim,,,,,,,,,,
6928,12024,Boursa Kuwait Securities Company,XX-XY,,,Boursa Kuwait Securities Company,BOURSA.KW,,,,,,,,,,,,,Kuwait,company.public,USD-marketcap,"$1,360,000,000","$6,786.00",,,,,B.lion,,,,12026,phantasim,,,,,,,,,,
6929,12024,Ingersoll Rand India,XX-XY,,,Ingersoll Rand India,INGERRAND.NS,,,,,,,,,,,,,India,company.public,USD-marketcap,"$1,360,000,000",$43.08,,,,,B.lion,,,,12026,phantasim,,,,,,,,,,
6930,12024,WisdomTree,XX-XY,,,WisdomTree,WT,,,,,,,,,,,,,United States,company.public,USD-marketcap,"$1,350,000,000",$8.93,,12024.03,,,B.lion,,,,12026,phantasim,,,,,,,,,,
6931,12024,The Vita Coco Company,XX-XY,,,The Vita Coco Company,COCO,,,,,,,,,,,,,United States,company.public,USD-marketcap,"$1,350,000,000",$23.76,,12024.03,,,B.lion,,,,12026,phantasim,,,,,,,,,,
6932,12024,Enovix,XX-XY,,,Enovix,ENVX,,,,,,,,,,,,,United States,company.public,USD-marketcap,"$1,350,000,000",$8.03,,12024.03,,,B.lion,,,,12026,phantasim,,,,,,,,,,
6933,12024,Flex Lng,XX-XY,,,Flex Lng,FLNG,,,,,,,,,,,,,Bermuda,company.public,USD-marketcap,"$1,350,000,000",$25.22,,12024.03,,,B.lion,,,,12026,phantasim,,,,,,,,,,
6934,12024,National Bank Holdings,XX-XY,,,National Bank Holdings,NBHC,,,,,,,,,,,,,United States,company.public,USD-marketcap,"$1,350,000,000",$35.97,,12024.03,,,B.lion,,,,12026,phantasim,,,,,,,,,,
6935,12024,Pacira Biosciences,XX-XY,,,Pacira Biosciences,PCRX,,,,,,,,,,,,,United States,company.public,USD-marketcap,"$1,350,000,000",$29.04,,12024.03,,,B.lion,,,,12026,phantasim,,,,,,,,,,
6936,12024,Prothena,XX-XY,,,Prothena,PRTA,,,,,,,,,,,,,Ireland,company.public,USD-marketcap,"$1,350,000,000",$25.16,,12024.03,,,B.lion,,,,12026,phantasim,,,,,,,,,,
6937,12024,Lenzing,XX-XY,,,Lenzing,LEN.F,,,,,,,,,,,,,Austria,company.public,USD-marketcap,"$1,350,000,000",$34.72,,12024.03,,,B.lion,,,,12026,phantasim,,,,,,,,,,
6938,12024,Top Glove,XX-XY,,,Top Glove,BVA.SI,,,,,,,,,,,,,Malaysia,company.public,USD-marketcap,"$1,350,000,000",$0.17,,12024.03,,,B.lion,,,,12026,phantasim,,,,,,,,,,
6939,12024,AmRest,XX-XY,,,AmRest,EAT.MC,,,,,,,,,,,,,Spain,company.public,USD-marketcap,"$1,350,000,000",$6.24,,,,,B.lion,,,,12026,phantasim,,,,,,,,,,
6940,12024,NCC,XX-XY,,,NCC,NCC-B.ST,,,,,,,,,,,,,Sweden,company.public,USD-marketcap,"$1,350,000,000",$13.90,,,,,B.lion,,,,12026,phantasim,,,,,,,,,,
6941,12024,Tejas Networks,XX-XY,,,Tejas Networks,TEJASNET.NS,,,,,,,,,,,,,India,company.public,USD-marketcap,"$1,350,000,000",$7.94,,,,,B.lion,,,,12026,phantasim,,,,,,,,,,
6942,12024,Genesis Energy L.P.,XX-XY,,,Genesis Energy L.P.,GEL,,,,,,,,,,,,,United States,company.public,USD-marketcap,"$1,340,000,000",$10.98,,12024.03,,,B.lion,,,,12026,phantasim,,,,,,,,,,
6943,12024,OneSpaWorld,XX-XY,,,OneSpaWorld,OSW,,,,,,,,,,,,,Bahamas,company.public,USD-marketcap,"$1,340,000,000",$13.36,,12024.03,,,B.lion,,,,12026,phantasim,,,,,,,,,,
6944,12024,Dorchester Minerals,XX-XY,,,Dorchester Minerals,DMLP,,,,,,,,,,,,,United States,company.public,USD-marketcap,"$1,340,000,000",$33.98,,12024.03,,,B.lion,,,,12026,phantasim,,,,,,,,,,
6945,12024,Ironwood Pharmaceuticals,XX-XY,,,Ironwood Pharmaceuticals,IRWD,,,,,,,,,,,,,United States,company.public,USD-marketcap,"$1,340,000,000",$8.62,,12024.03,,,B.lion,,,,12026,phantasim,,,,,,,,,,
6946,12024,Omnicell,XX-XY,,,Omnicell,OMCL,,,,,,,,,,,,,United States,company.public,USD-marketcap,"$1,340,000,000",$29.24,,12024.03,,,B.lion,,,,12026,phantasim,,,,,,,,,,
6947,12024,Headwater Exploration,XX-XY,,,Headwater Exploration,HWX.TO,,,,,,,,,,,,,Canada,company.public,USD-marketcap,"$1,340,000,000",$5.70,,,,,B.lion,,,,12026,phantasim,,,,,,,,,,
6948,12024,Atea ASA,XX-XY,,,Atea ASA,ATEA.OL,,,,,,,,,,,,,Norway,company.public,USD-marketcap,"$1,340,000,000",$12.04,,,,,B.lion,,,,12026,phantasim,,,,,,,,,,
6949,12024,Engineers India,XX-XY,,,Engineers India,ENGINERSIN.NS,,,,,,,,,,,,,India,company.public,USD-marketcap,"$1,340,000,000",$2.40,,,,,B.lion,,,,12026,phantasim,,,,,,,,,,
6950,12024,Happiest Minds Technologies,XX-XY,,,Happiest Minds Technologies,HAPPSTMNDS.NS,,,,,,,,,,,,,India,company.public,USD-marketcap,"$1,340,000,000",$9.03,,,,,B.lion,,,,12026,phantasim,,,,,,,,,,
6951,12024,POINT Biopharma,XX-XY,,,POINT Biopharma,PNT,,,,,,,,,,,,,United States,company.public,USD-marketcap,"$1,330,000,000",$12.50,,12024.03,,,B.lion,,,,12026,phantasim,,,,,,,,,,
6952,12024,Aspen Aerogels,XX-XY,,,Aspen Aerogels,ASPN,,,,,,,,,,,,,United States,company.public,USD-marketcap,"$1,330,000,000",$17.35,,12024.03,,,B.lion,,,,12026,phantasim,,,,,,,,,,
6953,12024,E2open,XX-XY,,,E2open,ETWO,,,,,,,,,,,,,United States,company.public,USD-marketcap,"$1,330,000,000",$4.35,,12024.03,,,B.lion,,,,12026,phantasim,,,,,,,,,,
6954,12024,Kura Sushi USA,XX-XY,,,Kura Sushi USA,KRUS,,,,,,,,,,,,,United States,company.public,USD-marketcap,"$1,330,000,000",$119.98,,12024.03,,,B.lion,,,,12026,phantasim,,,,,,,,,,
6955,12024,Netstreit,XX-XY,,,Netstreit,NTST,,,,,,,,,,,,,United States,company.public,USD-marketcap,"$1,330,000,000",$18.09,,12024.03,,,B.lion,,,,12026,phantasim,,,,,,,,,,
6956,12024,Playa Hotels & Resorts,XX-XY,,,Playa Hotels & Resorts,PLYA,,,,,,,,,,,,,United States,company.public,USD-marketcap,"$1,330,000,000",$9.75,,12024.03,,,B.lion,,,,12026,phantasim,,,,,,,,,,
6957,12024,Sigma Lithium,XX-XY,,,Sigma Lithium,SGML,,,,,,,,,,,,,Canada,company.public,USD-marketcap,"$1,330,000,000",$12.16,,12024.03,,,B.lion,,,,12026,phantasim,,,,,,,,,,
6958,12024,Verona Pharma,XX-XY,,,Verona Pharma,VRNA,,,,,,,,,,,,,United Kingdom,company.public,USD-marketcap,"$1,330,000,000",$16.50,,12024.03,,,B.lion,,,,12026,phantasim,,,,,,,,,,
6959,12024,Tauron Polska,XX-XY,,,Tauron Polska,TPE.WA,,,,,,,,,,,,,Poland,company.public,USD-marketcap,"$1,330,000,000",$0.76,,,,,B.lion,,,,12026,phantasim,,,,,,,,,,
6960,12024,Gimv NV,XX-XY,,,Gimv NV,GIMB.BR,,,,,,,,,,,,,Belgium,company.public,USD-marketcap,"$1,330,000,000",$47.77,,,,,B.lion,,,,12026,phantasim,,,,,,,,,,
6961,12024,SpareBank 1,XX-XY,,,SpareBank 1,SPOL.OL,,,,,,,,,,,,,Norway,company.public,USD-marketcap,"$1,330,000,000",$11.54,,,,,B.lion,,,,12026,phantasim,,,,,,,,,,
6962,12024,OdontoPrev,XX-XY,,,OdontoPrev,ODPV3.SA,,,,,,,,,,,,,Brazil,company.public,USD-marketcap,"$1,330,000,000",$2.42,,,,,B.lion,,,,12026,phantasim,,,,,,,,,,
6963,12024,Reliance Power,XX-XY,,,Reliance Power,RPOWER.NS,,,,,,,,,,,,,India,company.public,USD-marketcap,"$1,330,000,000",$0.33,,,,,B.lion,,,,12026,phantasim,,,,,,,,,,
6964,12024,Wabash National,XX-XY,,,Wabash National,WNC,,,,,,,,,,,,,United States,company.public,USD-marketcap,"$1,320,000,000",$29.43,,12024.03,,,B.lion,,,,12026,phantasim,,,,,,,,,,
6965,12024,Costamare,XX-XY,,,Costamare,CMRE,,,,,,,,,,,,,Monaco,company.public,USD-marketcap,"$1,320,000,000",$11.29,,12024.03,,,B.lion,,,,12026,phantasim,,,,,,,,,,
6966,12024,Wacker Neuson,XX-XY,,,Wacker Neuson,WAC.F,,,,,,,,,,,,,Germany,company.public,USD-marketcap,"$1,320,000,000",$19.41,,12024.03,,,B.lion,,,,12026,phantasim,,,,,,,,,,
6967,12024,Nakanishi,XX-XY,,,Nakanishi,7716.T,,,,,,,,,,,,,Japan,company.public,USD-marketcap,"$1,320,000,000",$15.57,,12024.03,,,B.lion,,,,12026,phantasim,,,,,,,,,,
6968,12024,Andlauer Healthcare Group,XX-XY,,,Andlauer Healthcare Group,AND.TO,,,,,,,,,,,,,Canada,company.public,USD-marketcap,"$1,320,000,000",$31.97,,12024.03,,,B.lion,,,,12026,phantasim,,,,,,,,,,
6969,12024,Metrovacesa,XX-XY,,,Metrovacesa,MVC.MC,,,,,,,,,,,,,Spain,company.public,USD-marketcap,"$1,320,000,000",$8.72,,,,,B.lion,,,,12026,phantasim,,,,,,,,,,
6970,12024,Saudi Automotive Services Company,XX-XY,,,Saudi Automotive Services Company,4050.SR,,,,,,,,,,,,,Saudi Arabia,company.public,USD-marketcap,"$1,320,000,000",$22.12,,,,,B.lion,,,,12026,phantasim,,,,,,,,,,
6971,12024,Aamal Company,XX-XY,,,Aamal Company,AHCS.QA,,,,,,,,,,,,,Qatar,company.public,USD-marketcap,"$1,320,000,000",$0.21,,,,,B.lion,,,,12026,phantasim,,,,,,,,,,
6972,12024,Alony Hetz,XX-XY,,,Alony Hetz,ALHE.TA,,,,,,,,,,,,,Israel,company.public,USD-marketcap,"$1,320,000,000",$7.37,,,,,B.lion,,,,12026,phantasim,,,,,,,,,,
6973,12024,Gujarat Mineral Development,XX-XY,,,Gujarat Mineral Development,GMDCLTD.NS,,,,,,,,,,,,,India,company.public,USD-marketcap,"$1,320,000,000",$4.17,,,,,B.lion,,,,12026,phantasim,,,,,,,,,,
6974,12024,Electrosteel Castings,XX-XY,,,Electrosteel Castings,ELECTCAST.NS,,,,,,,,,,,,,India,company.public,USD-marketcap,"$1,320,000,000",$2.14,,,,,B.lion,,,,12026,phantasim,,,,,,,,,,
6975,12024,MediaAlpha,XX-XY,,,MediaAlpha,MAX,,,,,,,,,,,,,United States,company.public,USD-marketcap,"$1,310,000,000",$20.00,,12024.03,,,B.lion,,,,12026,phantasim,,,,,,,,,,
6976,12024,Perella Weinberg Partners,XX-XY,,,Perella Weinberg Partners,PWP,,,,,,,,,,,,,United States,company.public,USD-marketcap,"$1,310,000,000",$14.18,,12024.03,,,B.lion,,,,12026,phantasim,,,,,,,,,,
6977,12024,AbCellera,XX-XY,,,AbCellera,ABCL,,,,,,,,,,,,,Canada,company.public,USD-marketcap,"$1,310,000,000",$4.49,,12024.03,,,B.lion,,,,12026,phantasim,,,,,,,,,,
6978,12024,ProFrac,XX-XY,,,ProFrac,ACDC,,,,,,,,,,,,,United States,company.public,USD-marketcap,"$1,310,000,000",$8.26,,12024.03,,,B.lion,,,,12026,phantasim,,,,,,,,,,
6979,12024,Amplitude,XX-XY,,,Amplitude,AMPL,,,,,,,,,,,,,United States,company.public,USD-marketcap,"$1,310,000,000",$10.94,,12024.03,,,B.lion,,,,12026,phantasim,,,,,,,,,,
6980,12024,First Busey,XX-XY,,,First Busey,BUSE,,,,,,,,,,,,,United States,company.public,USD-marketcap,"$1,310,000,000",$23.87,,12024.03,,,B.lion,,,,12026,phantasim,,,,,,,,,,
6981,12024,Sparkassen Immobilien,XX-XY,,,Sparkassen Immobilien,T1L.F,,,,,,,,,,,,,Austria,company.public,USD-marketcap,"$1,310,000,000",$18.48,,12024.03,,,B.lion,,,,12026,phantasim,,,,,,,,,,
6982,12024,Asseco,XX-XY,,,Asseco,ACP.WA,,,,,,,,,,,,,Poland,company.public,USD-marketcap,"$1,310,000,000",$19.35,,12024.03,,,B.lion,,,,12026,phantasim,,,,,,,,,,
6983,12024,TANLA,XX-XY,,,TANLA,TANLA.NS,,,,,,,,,,,,,India,company.public,USD-marketcap,"$1,310,000,000",$9.78,,,,,B.lion,,,,12026,phantasim,,,,,,,,,,
6984,12024,Nokian Tyres,XX-XY,,,Nokian Tyres,TYRES.HE,,,,,,,,,,,,,Finland,company.public,USD-marketcap,"$1,310,000,000",$9.54,,,,,B.lion,,,,12026,phantasim,,,,,,,,,,
7111,12024,Lindsay Corporation,XX-XY,,,Lindsay Corporation,LNN,,,,,,,,,,,,,United States,company.public,USD-marketcap,"$1,300,000,000",$118.11,,12024.03,,,B.lion,,,,12026,phantasim,,,,,,,,,,
7112,12024,Marcus & Millichap,XX-XY,,,Marcus & Millichap,MMI,,,,,,,,,,,,,United States,company.public,USD-marketcap,"$1,300,000,000",$33.67,,12024.03,,,B.lion,,,,12026,phantasim,,,,,,,,,,
7113,12024,ANGI Homeservices,XX-XY,,,ANGI Homeservices,ANGI,,,,,,,,,,,,,United States,company.public,USD-marketcap,"$1,300,000,000",$2.59,,12024.03,,,B.lion,,,,12026,phantasim,,,,,,,,,,
7114,12024,Apogee Enterprises,XX-XY,,,Apogee Enterprises,APOG,,,,,,,,,,,,,United States,company.public,USD-marketcap,"$1,300,000,000",$59.09,,12024.03,,,B.lion,,,,12026,phantasim,,,,,,,,,,
7115,12024,Claros Mortgage Trust,XX-XY,,,Claros Mortgage Trust,CMTG,,,,,,,,,,,,,United States,company.public,USD-marketcap,"$1,300,000,000",$9.43,,12024.03,,,B.lion,,,,12026,phantasim,,,,,,,,,,
7116,12024,Collegium Pharmaceutical,XX-XY,,,Collegium Pharmaceutical,COLL,,,,,,,,,,,,,United States,company.public,USD-marketcap,"$1,300,000,000",$40.91,,12024.03,,,B.lion,,,,12026,phantasim,,,,,,,,,,
7117,12024,G-III Apparel Group,XX-XY,,,G-III Apparel Group,GIII,,,,,,,,,,,,,United States,company.public,USD-marketcap,"$1,300,000,000",$28.80,,12024.03,,,B.lion,,,,12026,phantasim,,,,,,,,,,
7118,12024,Taboola.com,XX-XY,,,Taboola.com,TBLA,,,,,,,,,,,,,United States,company.public,USD-marketcap,"$1,300,000,000",$4.40,,12024.03,,,B.lion,,,,12026,phantasim,,,,,,,,,,
7119,12024,Westamerica Bancorporation,XX-XY,,,Westamerica Bancorporation,WABC,,,,,,,,,,,,,United States,company.public,USD-marketcap,"$1,300,000,000",$48.81,,12024.03,,,B.lion,,,,12026,phantasim,,,,,,,,,,
7120,12024,Spirent,XX-XY,,,Spirent,SPT.L,,,,,,,,,,,,,United Kingdom,company.public,USD-marketcap,"$1,300,000,000",$2.26,,12024.03,,,B.lion,,,,12026,phantasim,,,,,,,,,,
7121,12024,Intershop Holding,XX-XY,,,Intershop Holding,ISN.SW,,,,,,,,,,,,,Switzerland,company.public,USD-marketcap,"$1,300,000,000",$709.69,,,,,B.lion,,,,12026,phantasim,,,,,,,,,,
7122,12024,Life Healthcare Group,XX-XY,,,Life Healthcare Group,LHC.JO,,,,,,,,,,,,,South Africa,company.public,USD-marketcap,"$1,300,000,000",$0.91,,,,,B.lion,,,,12026,phantasim,,,,,,,,,,
7123,12024,Lectra SA,XX-XY,,,Lectra SA,LSS.PA,,,,,,,,,,,,,France,company.public,USD-marketcap,"$1,300,000,000",$34.61,,,,,B.lion,,,,12026,phantasim,,,,,,,,,,
7124,12024,Polymetal,XX-XY,,,Polymetal,PM6A.F,,,,,,,,,,,,,Cyprus,company.public,USD-marketcap,"$1,300,000,000",$2.03,,,,,B.lion,,,,12026,phantasim,,,,,,,,,,
7125,12024,Badger Infrastructure Solutions,XX-XY,,,Badger Infrastructure Solutions,BDGI.TO,,,,,,,,,,,,,Canada,company.public,USD-marketcap,"$1,300,000,000",$37.77,,,,,B.lion,,,,12026,phantasim,,,,,,,,,,
7126,12024,Aksa Energy,XX-XY,,,Aksa Energy,AKSEN.IS,,,,,,,,,,,,,Turkey,company.public,USD-marketcap,"$1,300,000,000",$1.06,,,,,B.lion,,,,12026,phantasim,,,,,,,,,,
7127,12024,CEAT,XX-XY,,,CEAT,CEATLTD.NS,,,,,,,,,,,,,India,company.public,USD-marketcap,"$1,300,000,000",$32.15,,,,,B.lion,,,,12026,phantasim,,,,,,,,,,
7128,12024,Diebold Nixdorf,XX-XY,,,Diebold Nixdorf,DBD,,,,,,,,,,,,,United States,company.public,USD-marketcap,"$1,290,000,000",$34.48,,12024.03,,,B.lion,,,,12026,phantasim,,,,,,,,,,
7129,12024,Suburban Propane Partners,XX-XY,,,Suburban Propane Partners,SPH,,,,,,,,,,,,,United States,company.public,USD-marketcap,"$1,290,000,000",$20.22,,12024.03,,,B.lion,,,,12026,phantasim,,,,,,,,,,
7130,12024,Ecovyst,XX-XY,,,Ecovyst,ECVT,,,,,,,,,,,,,United States,company.public,USD-marketcap,"$1,290,000,000",$11.05,,12024.03,,,B.lion,,,,12026,phantasim,,,,,,,,,,
7131,12024,Kaman,XX-XY,,,Kaman,KAMN,,,,,,,,,,,,,United States,company.public,USD-marketcap,"$1,290,000,000",$45.86,,12024.03,,,B.lion,,,,12026,phantasim,,,,,,,,,,
7132,12024,Stellar Bancorp,XX-XY,,,Stellar Bancorp,STEL,,,,,,,,,,,,,United States,company.public,USD-marketcap,"$1,290,000,000",$24.34,,12024.03,,,B.lion,,,,12026,phantasim,,,,,,,,,,
7133,12024,Tarsus Pharmaceuticals,XX-XY,,,Tarsus Pharmaceuticals,TARS,,,,,,,,,,,,,United States,company.public,USD-marketcap,"$1,290,000,000",$34.57,,12024.03,,,B.lion,,,,12026,phantasim,,,,,,,,,,
7134,12024,Retal Urban Development Company,XX-XY,,,Retal Urban Development Company,4322.SR,,,,,,,,,,,,,Saudi Arabia,company.public,USD-marketcap,"$1,290,000,000",$2.60,,,,,B.lion,,,,12026,phantasim,,,,,,,,,,
7135,12024,Bombay Burmah,XX-XY,,,Bombay Burmah,BBTC.NS,,,,,,,,,,,,,India,company.public,USD-marketcap,"$1,290,000,000",$18.56,,,,,B.lion,,,,12026,phantasim,,,,,,,,,,
7136,12024,Caverion,XX-XY,,,Caverion,CAV1V.HE,,,,,,,,,,,,,Finland,company.public,USD-marketcap,"$1,290,000,000",$9.48,,,,,B.lion,,,,12026,phantasim,,,,,,,,,,
7137,12024,Quanex Building Products,XX-XY,,,Quanex Building Products,NX,,,,,,,,,,,,,United States,company.public,USD-marketcap,"$1,280,000,000",$38.79,,12024.03,,,B.lion,,,,12026,phantasim,,,,,,,,,,
7138,12024,IHS Towers,XX-XY,,,IHS Towers,IHS,,,,,,,,,,,,,United Kingdom,company.public,USD-marketcap,"$1,280,000,000",$3.85,,12024.03,,,B.lion,,,,12026,phantasim,,,,,,,,,,
7139,12024,Navios Maritime Partners,XX-XY,,,Navios Maritime Partners,NMM,,,,,,,,,,,,,Monaco,company.public,USD-marketcap,"$1,280,000,000",$42.57,,12024.03,,,B.lion,,,,12026,phantasim,,,,,,,,,,
7140,12024,Pathward Financial,XX-XY,,,Pathward Financial,CASH,,,,,,,,,,,,,United States,company.public,USD-marketcap,"$1,280,000,000",$50.27,,12024.03,,,B.lion,,,,12026,phantasim,,,,,,,,,,
7141,12024,PDF Solutions,XX-XY,,,PDF Solutions,PDFS,,,,,,,,,,,,,United States,company.public,USD-marketcap,"$1,280,000,000",$33.24,,12024.03,,,B.lion,,,,12026,phantasim,,,,,,,,,,
7142,12024,United Gulf Holding Company,XX-XY,,,United Gulf Holding Company,UGH.BH,,,,,,,,,,,,,Bahrain,company.public,USD-marketcap,"$1,280,000,000",N/A,,,,,B.lion,,,,12026,phantasim,,,,,,,,,,
7143,12024,Corbion,XX-XY,,,Corbion,CRBN.AS,,,,,,,,,,,,,Netherlands,company.public,USD-marketcap,"$1,280,000,000",$21.48,,,,,B.lion,,,,12026,phantasim,,,,,,,,,,
7144,12024,Pakuwon Jati Tbk,XX-XY,,,Pakuwon Jati Tbk,PWON.JK,,,,,,,,,,,,,Indonesia,company.public,USD-marketcap,"$1,280,000,000",$0.03,,,,,B.lion,,,,12026,phantasim,,,,,,,,,,
7145,12024,Vetoquinol,XX-XY,,,Vetoquinol,VETO.PA,,,,,,,,,,,,,France,company.public,USD-marketcap,"$1,280,000,000",$108.21,,,,,B.lion,,,,12026,phantasim,,,,,,,,,,
7146,12024,Hektaş,XX-XY,,,Hektaş,HEKTS.IS,,,,,,,,,,,,,Turkey,company.public,USD-marketcap,"$1,280,000,000",$0.51,,,,,B.lion,,,,12026,phantasim,,,,,,,,,,
7147,12024,Saul Centers,XX-XY,,,Saul Centers,BFS,,,,,,,,,,,,,United States,company.public,USD-marketcap,"$1,270,000,000",$38.12,,12024.03,,,B.lion,,,,12026,phantasim,,,,,,,,,,
7148,12024,Jinko Solar,XX-XY,,,Jinko Solar,JKS,,,,,,,,,,,,,China,company.public,USD-marketcap,"$1,270,000,000",$24.74,,12024.03,,,B.lion,,,,12026,phantasim,,,,,,,,,,
7149,12024,Sally Beauty Holdings,XX-XY,,,Sally Beauty Holdings,SBH,,,,,,,,,,,,,United States,company.public,USD-marketcap,"$1,270,000,000",$12.17,,12024.03,,,B.lion,,,,12026,phantasim,,,,,,,,,,
7150,12024,Columbus McKinnon,XX-XY,,,Columbus McKinnon,CMCO,,,,,,,,,,,,,United States,company.public,USD-marketcap,"$1,270,000,000",$44.21,,12024.03,,,B.lion,,,,12026,phantasim,,,,,,,,,,
7151,12024,Ichor Systems,XX-XY,,,Ichor Systems,ICHR,,,,,,,,,,,,,United States,company.public,USD-marketcap,"$1,270,000,000",$38.67,,12024.03,,,B.lion,,,,12026,phantasim,,,,,,,,,,
7152,12024,Infinera,XX-XY,,,Infinera,INFN,,,,,,,,,,,,,United States,company.public,USD-marketcap,"$1,270,000,000",$5.51,,12024.03,,,B.lion,,,,12026,phantasim,,,,,,,,,,
7153,12024,Formula Systems,XX-XY,,,Formula Systems,FORTY,,,,,,,,,,,,,Israel,company.public,USD-marketcap,"$1,270,000,000",$83.01,,12024.03,,,B.lion,,,,12026,phantasim,,,,,,,,,,
7154,12024,Hornbach Holding,XX-XY,,,Hornbach Holding,HBH.DE,,,,,,,,,,,,,Germany,company.public,USD-marketcap,"$1,270,000,000",$79.67,,,,,B.lion,,,,12026,phantasim,,,,,,,,,,
7155,12024,MDA Ltd.,XX-XY,,,MDA Ltd.,MDA.TO,,,,,,,,,,,,,Canada,company.public,USD-marketcap,"$1,270,000,000",$10.70,,,,,B.lion,,,,12026,phantasim,,,,,,,,,,
7156,12024,Polenergia,XX-XY,,,Polenergia,PEP.WA,,,,,,,,,,,,,Poland,company.public,USD-marketcap,"$1,270,000,000",$16.56,,,,,B.lion,,,,12026,phantasim,,,,,,,,,,
7157,12024,Doha Bank,XX-XY,,,Doha Bank,DHBK.QA,,,,,,,,,,,,,Qatar,company.public,USD-marketcap,"$1,270,000,000",$0.41,,,,,B.lion,,,,12026,phantasim,,,,,,,,,,
7158,12024,D/S Norden (Dampskibsselskabet Norden),XX-XY,,,D/S Norden (Dampskibsselskabet Norden),DNORD.CO,,,,,,,,,,,,,Denmark,company.public,USD-marketcap,"$1,270,000,000",$40.86,,,,,B.lion,,,,12026,phantasim,,,,,,,,,,
7159,12024,BMV (Bolsa Mexicana de Valores),XX-XY,,,BMV (Bolsa Mexicana de Valores),BOLSAA.MX,,,,,,,,,,,,,Mexico,company.public,USD-marketcap,"$1,270,000,000",$2.24,,,,,B.lion,,,,12026,phantasim,,,,,,,,,,
7160,12024,Anant Raj,XX-XY,,,Anant Raj,ANANTRAJ.NS,,,,,,,,,,,,,India,company.public,USD-marketcap,"$1,270,000,000",$3.74,,,,,B.lion,,,,12026,phantasim,,,,,,,,,,
7161,12024,Nicolet Bankshares,XX-XY,,,Nicolet Bankshares,NIC,,,,,,,,,,,,,United States,company.public,USD-marketcap,"$1,260,000,000",$85.00,,12024.03,,,B.lion,,,,12026,phantasim,,,,,,,,,,
7162,12024,PAR Technology,XX-XY,,,PAR Technology,PAR,,,,,,,,,,,,,United States,company.public,USD-marketcap,"$1,260,000,000",$45.08,,12024.03,,,B.lion,,,,12026,phantasim,,,,,,,,,,
7163,12024,Silence Therapeutics,XX-XY,,,Silence Therapeutics,SLN,,,,,,,,,,,,,United Kingdom,company.public,USD-marketcap,"$1,260,000,000",$21.82,,12024.03,,,B.lion,,,,12026,phantasim,,,,,,,,,,
7164,12024,Universal Corporation,XX-XY,,,Universal Corporation,UVV,,,,,,,,,,,,,United States,company.public,USD-marketcap,"$1,260,000,000",$51.46,,12024.03,,,B.lion,,,,12026,phantasim,,,,,,,,,,
7165,12024,Zuora,XX-XY,,,Zuora,ZUO,,,,,,,,,,,,,United States,company.public,USD-marketcap,"$1,260,000,000",$8.85,,12024.03,,,B.lion,,,,12026,phantasim,,,,,,,,,,
7166,12024,Corsair Gaming,XX-XY,,,Corsair Gaming,CRSR,,,,,,,,,,,,,United States,company.public,USD-marketcap,"$1,260,000,000",$12.29,,12024.03,,,B.lion,,,,12026,phantasim,,,,,,,,,,
7167,12024,Leslie's,XX-XY,,,Leslie's,LESL,,,,,,,,,,,,,United States,company.public,USD-marketcap,"$1,260,000,000",$6.86,,12024.03,,,B.lion,,,,12026,phantasim,,,,,,,,,,
7168,12024,Ligand Pharmaceuticals,XX-XY,,,Ligand Pharmaceuticals,LGND,,,,,,,,,,,,,United States,company.public,USD-marketcap,"$1,260,000,000",$71.27,,12024.03,,,B.lion,,,,12026,phantasim,,,,,,,,,,
7169,12024,Pharvaris,XX-XY,,,Pharvaris,PHVS,,,,,,,,,,,,,Netherlands,company.public,USD-marketcap,"$1,260,000,000",$23.50,,12024.03,,,B.lion,,,,12026,phantasim,,,,,,,,,,
7170,12024,1st Source,XX-XY,,,1st Source,SRCE,,,,,,,,,,,,,United States,company.public,USD-marketcap,"$1,260,000,000",$51.66,,12024.03,,,B.lion,,,,12026,phantasim,,,,,,,,,,
7171,12024,VSE Corporation,XX-XY,,,VSE Corporation,VSEC,,,,,,,,,,,,,United States,company.public,USD-marketcap,"$1,260,000,000",$79.94,,12024.03,,,B.lion,,,,12026,phantasim,,,,,,,,,,
7172,12024,Keywords Studios,XX-XY,,,Keywords Studios,KWS.L,,,,,,,,,,,,,Ireland,company.public,USD-marketcap,"$1,260,000,000",$15.90,,12024.03,,,B.lion,,,,12026,phantasim,,,,,,,,,,
7173,12024,Mixi,XX-XY,,,Mixi,2121.T,,,,,,,,,,,,,Japan,company.public,USD-marketcap,"$1,260,000,000",$17.97,,12024.03,,,B.lion,,,,12026,phantasim,,,,,,,,,,
7174,12024,Semapa,XX-XY,,,Semapa,SEM.LS,,,,,,,,,,,,,Portugal,company.public,USD-marketcap,"$1,260,000,000",$15.84,,,,,B.lion,,,,12026,phantasim,,,,,,,,,,
7175,12024,Yanbu Cement Company,XX-XY,,,Yanbu Cement Company,3060.SR,,,,,,,,,,,,,Saudi Arabia,company.public,USD-marketcap,"$1,260,000,000",$8.04,,,,,B.lion,,,,12026,phantasim,,,,,,,,,,
7176,12024,Com7 Public Company,XX-XY,,,Com7 Public Company,COM7.BK,,,,,,,,,,,,,Thailand,company.public,USD-marketcap,"$1,260,000,000",$0.53,,,,,B.lion,,,,12026,phantasim,,,,,,,,,,
7177,12024,Dexco,XX-XY,,,Dexco,DXCO3.SA,,,,,,,,,,,,,Brazil,company.public,USD-marketcap,"$1,260,000,000",$1.56,,,,,B.lion,,,,12026,phantasim,,,,,,,,,,
7178,12024,Reliance Infrastructure,XX-XY,,,Reliance Infrastructure,RELINFRA.NS,,,,,,,,,,,,,India,company.public,USD-marketcap,"$1,260,000,000",$3.21,,,,,B.lion,,,,12026,phantasim,,,,,,,,,,
7179,12024,PennyMac Mortgage Investment Trust,XX-XY,,,PennyMac Mortgage Investment Trust,PMT,,,,,,,,,,,,,United States,company.public,USD-marketcap,"$1,250,000,000",$14.52,,12024.03,,,B.lion,,,,12026,phantasim,,,,,,,,,,
7180,12024,Couchbase,XX-XY,,,Couchbase,BASE,,,,,,,,,,,,,United States,company.public,USD-marketcap,"$1,250,000,000",$26.12,,12024.03,,,B.lion,,,,12026,phantasim,,,,,,,,,,
7181,12024,Centerra Gold,XX-XY,,,Centerra Gold,CGAU,,,,,,,,,,,,,Canada,company.public,USD-marketcap,"$1,250,000,000",$5.81,,12024.03,,,B.lion,,,,12026,phantasim,,,,,,,,,,
7182,12024,Canadian Solar,XX-XY,,,Canadian Solar,CSIQ,,,,,,,,,,,,,Canada,company.public,USD-marketcap,"$1,250,000,000",$19.40,,12024.03,,,B.lion,,,,12026,phantasim,,,,,,,,,,
7183,12024,MannKind Corp,XX-XY,,,MannKind Corp,MNKD,,,,,,,,,,,,,United States,company.public,USD-marketcap,"$1,250,000,000",$4.63,,12024.03,,,B.lion,,,,12026,phantasim,,,,,,,,,,
7184,12024,John Wood Group,XX-XY,,,John Wood Group,WG.L,,,,,,,,,,,,,United Kingdom,company.public,USD-marketcap,"$1,250,000,000",$1.69,,12024.03,,,B.lion,,,,12026,phantasim,,,,,,,,,,
7185,12024,Winmark,XX-XY,,,Winmark,WINA,,,,,,,,,,,,,United States,company.public,USD-marketcap,"$1,250,000,000",$359.19,,12024.03,,,B.lion,,,,12026,phantasim,,,,,,,,,,
7186,12024,Boss Energy,XX-XY,,,Boss Energy,BOE.AX,,,,,,,,,,,,,Australia,company.public,USD-marketcap,"$1,250,000,000",$3.06,,12024.03,,,B.lion,,,,12026,phantasim,,,,,,,,,,
7187,12024,Elkem,XX-XY,,,Elkem,ELK.OL,,,,,,,,,,,,,Norway,company.public,USD-marketcap,"$1,250,000,000",$1.98,,,,,B.lion,,,,12026,phantasim,,,,,,,,,,
7188,12024,Hongkong and Shanghai Hotels,XX-XY,,,Hongkong and Shanghai Hotels,0045.HK,,,,,,,,,,,,,Hong Kong,company.public,USD-marketcap,"$1,250,000,000",$0.76,,,,,B.lion,,,,12026,phantasim,,,,,,,,,,
7189,12024,Enghouse Systems,XX-XY,,,Enghouse Systems,ENGH.TO,,,,,,,,,,,,,Canada,company.public,USD-marketcap,"$1,250,000,000",$22.61,,,,,B.lion,,,,12026,phantasim,,,,,,,,,,
7190,12024,Investcorp Capital,XX-XY,,,Investcorp Capital,ICAP.AE,,,,,,,,,,,,,United Arab Emirates,company.public,USD-marketcap,"$1,250,000,000",$0.57,,,,,B.lion,,,,12026,phantasim,,,,,,,,,,
7191,12024,Aavas Financiers,XX-XY,,,Aavas Financiers,AAVAS.NS,,,,,,,,,,,,,India,company.public,USD-marketcap,"$1,250,000,000",$15.89,,,,,B.lion,,,,12026,phantasim,,,,,,,,,,
7192,12024,Granules India,XX-XY,,,Granules India,GRANULES.NS,,,,,,,,,,,,,India,company.public,USD-marketcap,"$1,250,000,000",$5.16,,,,,B.lion,,,,12026,phantasim,,,,,,,,,,
7193,12024,Bajaj Electricals,XX-XY,,,Bajaj Electricals,BAJAJELEC.NS,,,,,,,,,,,,,India,company.public,USD-marketcap,"$1,250,000,000",$10.84,,,,,B.lion,,,,12026,phantasim,,,,,,,,,,
7194,12024,Brookdale Senior Living,XX-XY,,,Brookdale Senior Living,BKD,,,,,,,,,,,,,United States,company.public,USD-marketcap,"$1,240,000,000",$6.59,,12024.03,,,B.lion,,,,12026,phantasim,,,,,,,,,,
7195,12024,Construcciones y Auxiliar de Ferrocarriles,XX-XY,,,Construcciones y Auxiliar de Ferrocarriles,CAF.MC,,,,,,,,,,,,,Spain,company.public,USD-marketcap,"$1,240,000,000",$36.50,,12024.03,,,B.lion,,,,12026,phantasim,,,,,,,,,,
7196,12024,Kinepolis Group,XX-XY,,,Kinepolis Group,KIN.BR,,,,,,,,,,,,,Belgium,company.public,USD-marketcap,"$1,240,000,000",$46.69,,,,,B.lion,,,,12026,phantasim,,,,,,,,,,
7197,12024,Sildarvinnslan,XX-XY,,,Sildarvinnslan,SVN.IC,,,,,,,,,,,,,Iceland,company.public,USD-marketcap,"$1,240,000,000",$0.67,,,,,B.lion,,,,12026,phantasim,,,,,,,,,,
7198,12024,Bank Dhofar,XX-XY,,,Bank Dhofar,BKDB.OM,,,,,,,,,,,,,Oman,company.public,USD-marketcap,"$1,240,000,000",$0.42,,,,,B.lion,,,,12026,phantasim,,,,,,,,,,
7199,12024,CAMGSM Plc. (Cellcard),XX-XY,,,CAMGSM Plc. (Cellcard),CGSM.KH,,,,,,,,,,,,,Cambodia,company.public,USD-marketcap,"$1,240,000,000",$0.63,,,,,B.lion,,,,12026,phantasim,,,,,,,,,,
7200,12024,YOOZOO Interactive,XX-XY,,,YOOZOO Interactive,002174.SZ,,,,,,,,,,,,,China,company.public,USD-marketcap,"$1,240,000,000",$1.36,,,,,B.lion,,,,12026,phantasim,,,,,,,,,,
7201,12024,Aether Industries,XX-XY,,,Aether Industries,AETHER.NS,,,,,,,,,,,,,India,company.public,USD-marketcap,"$1,240,000,000",$9.37,,,,,B.lion,,,,12026,phantasim,,,,,,,,,,
7202,12024,Agthia Group,XX-XY,,,Agthia Group,AGTHIA.AE,,,,,,,,,,,,,United Arab Emirates,company.public,USD-marketcap,"$1,240,000,000",$1.57,,,,,B.lion,,,,12026,phantasim,,,,,,,,,,
7203,12024,KFin Technologies,XX-XY,,,KFin Technologies,KFINTECH.NS,,,,,,,,,,,,,India,company.public,USD-marketcap,"$1,240,000,000",$7.26,,,,,B.lion,,,,12026,phantasim,,,,,,,,,,
7204,12024,Union Coop,XX-XY,,,Union Coop,UNIONCOOP.AE,,,,,,,,,,,,,United Arab Emirates,company.public,USD-marketcap,"$1,240,000,000",$0.71,,,,,B.lion,,,,12026,phantasim,,,,,,,,,,
7205,12024,Warba Bank,XX-XY,,,Warba Bank,WARBABANK.KW,,,,,,,,,,,,,Kuwait,company.public,USD-marketcap,"$1,240,000,000",$605.09,,,,,B.lion,,,,12026,phantasim,,,,,,,,,,
7206,12024,Amara Raja Batteries,XX-XY,,,Amara Raja Batteries,AMARAJABAT.NS,,,,,,,,,,,,,India,company.public,USD-marketcap,"$1,240,000,000",$7.26,,,,,B.lion,,,,12026,phantasim,,,,,,,,,,
7207,12024,Fresh Del Monte Produce,XX-XY,,,Fresh Del Monte Produce,FDP,,,,,,,,,,,,,Cayman Islands,company.public,USD-marketcap,"$1,230,000,000",$26.03,,12024.03,,,B.lion,,,,12026,phantasim,,,,,,,,,,
7208,12024,Cosmo Pharmaceuticals,XX-XY,,,Cosmo Pharmaceuticals,C43.F,,,,,,,,,,,,,Ireland,company.public,USD-marketcap,"$1,230,000,000",$75.82,,12024.03,,,B.lion,,,,12026,phantasim,,,,,,,,,,
7209,12024,Helios Towers,XX-XY,,,Helios Towers,HTWS.L,,,,,,,,,,,,,United Kingdom,company.public,USD-marketcap,"$1,230,000,000",$1.17,,,,,B.lion,,,,12026,phantasim,,,,,,,,,,
7210,12024,First Milling Company,XX-XY,,,First Milling Company,2283.SR,,,,,,,,,,,,,Saudi Arabia,company.public,USD-marketcap,"$1,230,000,000",$22.25,,,,,B.lion,,,,12026,phantasim,,,,,,,,,,
7211,12024,Bank Islam Malaysia,XX-XY,,,Bank Islam Malaysia,5258.KL,,,,,,,,,,,,,Malaysia,company.public,USD-marketcap,"$1,230,000,000",$0.54,,,,,B.lion,,,,12026,phantasim,,,,,,,,,,
7212,12024,Dana Gas,XX-XY,,,Dana Gas,DANA.AE,,,,,,,,,,,,,United Arab Emirates,company.public,USD-marketcap,"$1,230,000,000",$0.18,,,,,B.lion,,,,12026,phantasim,,,,,,,,,,
7213,12024,Arlo Technologies,XX-XY,,,Arlo Technologies,ARLO,,,,,,,,,,,,,United States,company.public,USD-marketcap,"$1,220,000,000",$12.77,,12024.03,,,B.lion,,,,12026,phantasim,,,,,,,,,,
7214,12024,Deciphera Pharmaceuticals,XX-XY,,,Deciphera Pharmaceuticals,DCPH,,,,,,,,,,,,,United States,company.public,USD-marketcap,"$1,220,000,000",$15.18,,12024.03,,,B.lion,,,,12026,phantasim,,,,,,,,,,
7215,12024,Vivid Seats,XX-XY,,,Vivid Seats,SEAT,,,,,,,,,,,,,United States,company.public,USD-marketcap,"$1,220,000,000",$5.84,,12024.03,,,B.lion,,,,12026,phantasim,,,,,,,,,,
7216,12024,Great Portland Estates,XX-XY,,,Great Portland Estates,GPE.L,,,,,,,,,,,,,United Kingdom,company.public,USD-marketcap,"$1,220,000,000",$4.82,,12024.03,,,B.lion,,,,12026,phantasim,,,,,,,,,,
7217,12024,flatexDEGIRO AG,XX-XY,,,flatexDEGIRO AG,FTK.DE,,,,,,,,,,,,,Germany,company.public,USD-marketcap,"$1,220,000,000",$11.15,,,,,B.lion,,,,12026,phantasim,,,,,,,,,,
7218,12024,HelloFresh,XX-XY,,,HelloFresh,HFG.DE,,,,,,,,,,,,,Germany,company.public,USD-marketcap,"$1,220,000,000",$7.18,,,,,B.lion,,,,12026,phantasim,,,,,,,,,,
7219,12024,Precinct Properties,XX-XY,,,Precinct Properties,PCT.NZ,,,,,,,,,,,,,New Zealand,company.public,USD-marketcap,"$1,220,000,000",$0.72,,,,,B.lion,,,,12026,phantasim,,,,,,,,,,
7220,12024,Hawaiian Electric Industries,XX-XY,,,Hawaiian Electric Industries,HE,,,,,,,,,,,,,United States,company.public,USD-marketcap,"$1,210,000,000",$10.99,,12024.03,,,B.lion,,,,12026,phantasim,,,,,,,,,,
7221,12024,Camping World,XX-XY,,,Camping World,CWH,,,,,,,,,,,,,United States,company.public,USD-marketcap,"$1,210,000,000",$26.91,,12024.03,,,B.lion,,,,12026,phantasim,,,,,,,,,,
7222,12024,Blue Bird Corporation,XX-XY,,,Blue Bird Corporation,BLBD,,,,,,,,,,,,,United States,company.public,USD-marketcap,"$1,210,000,000",$37.85,,12024.03,,,B.lion,,,,12026,phantasim,,,,,,,,,,
7223,12024,Elme Communities,XX-XY,,,Elme Communities,ELME,,,,,,,,,,,,,United States,company.public,USD-marketcap,"$1,210,000,000",$13.79,,12024.03,,,B.lion,,,,12026,phantasim,,,,,,,,,,
7224,12024,Nikola,XX-XY,,,Nikola,NKLA,,,,,,,,,,,,,United States,company.public,USD-marketcap,"$1,210,000,000",$0.91,,12024.03,,,B.lion,,,,12026,phantasim,,,,,,,,,,
7225,12024,S&T Bancorp,XX-XY,,,S&T Bancorp,STBA,,,,,,,,,,,,,United States,company.public,USD-marketcap,"$1,210,000,000",$31.76,,12024.03,,,B.lion,,,,12026,phantasim,,,,,,,,,,
7226,12024,TriCo Bancshares,XX-XY,,,TriCo Bancshares,TCBK,,,,,,,,,,,,,United States,company.public,USD-marketcap,"$1,210,000,000",$36.63,,12024.03,,,B.lion,,,,12026,phantasim,,,,,,,,,,
7227,12024,Air New Zealand,XX-XY,,,Air New Zealand,ANZFF,,,,,,,,,,,,,New Zealand,company.public,USD-marketcap,"$1,210,000,000",$0.35,,12024.03,,,B.lion,,,,12026,phantasim,,,,,,,,,,
7228,12024,Toagosei,XX-XY,,,Toagosei,4045.T,,,,,,,,,,,,,Japan,company.public,USD-marketcap,"$1,210,000,000",$10.64,,12024.03,,,B.lion,,,,12026,phantasim,,,,,,,,,,
7229,12024,Daiseki,XX-XY,,,Daiseki,9793.T,,,,,,,,,,,,,Japan,company.public,USD-marketcap,"$1,210,000,000",$24.84,,12024.03,,,B.lion,,,,12026,phantasim,,,,,,,,,,
7230,12024,Innergex Renewable Energy,XX-XY,,,Innergex Renewable Energy,INE.TO,,,,,,,,,,,,,Canada,company.public,USD-marketcap,"$1,210,000,000",$5.96,,,,,B.lion,,,,12026,phantasim,,,,,,,,,,
7231,12024,Sheela Foam,XX-XY,,,Sheela Foam,SFL.NS,,,,,,,,,,,,,India,company.public,USD-marketcap,"$1,210,000,000",$11.16,,,,,B.lion,,,,12026,phantasim,,,,,,,,,,
7232,12024,SPIMACO (Saudi Pharmaceutical Industries and Medical Appliances Corporation),XX-XY,,,SPIMACO (Saudi Pharmaceutical Industries and Medical Appliances Corporation),2070.SR,,,,,,,,,,,,,Saudi Arabia,company.public,USD-marketcap,"$1,210,000,000",$10.16,,,,,B.lion,,,,12026,phantasim,,,,,,,,,,
7233,12024,Eurocommercial Properties,XX-XY,,,Eurocommercial Properties,ECMPA.AS,,,,,,,,,,,,,Netherlands,company.public,USD-marketcap,"$1,210,000,000",$22.64,,,,,B.lion,,,,12026,phantasim,,,,,,,,,,
7380,12024,Mechel PAO,XX-XY,,,Mechel PAO,MTL,,,,,,,,,,,,,Russia,company.public,USD-marketcap,"$1,200,000,000",$2.25,,12024.03,,,B.lion,,,,12026,phantasim,,,,,,,,,,
7381,12024,ZIM Integrated Shipping Services,XX-XY,,,ZIM Integrated Shipping Services,ZIM,,,,,,,,,,,,,Israel,company.public,USD-marketcap,"$1,200,000,000",$10.02,,12024.03,,,B.lion,,,,12026,phantasim,,,,,,,,,,
7382,12024,Olaplex,XX-XY,,,Olaplex,OLPX,,,,,,,,,,,,,United States,company.public,USD-marketcap,"$1,200,000,000",$1.82,,12024.03,,,B.lion,,,,12026,phantasim,,,,,,,,,,
7383,12024,Safety Insurance,XX-XY,,,Safety Insurance,SAFT,,,,,,,,,,,,,United States,company.public,USD-marketcap,"$1,200,000,000",$81.77,,12024.03,,,B.lion,,,,12026,phantasim,,,,,,,,,,
7384,12024,Scholar Rock Holding,XX-XY,,,Scholar Rock Holding,SRRK,,,,,,,,,,,,,United States,company.public,USD-marketcap,"$1,200,000,000",$15.45,,12024.03,,,B.lion,,,,12026,phantasim,,,,,,,,,,
7385,12024,Grenke,XX-XY,,,Grenke,GLJ.F,,,,,,,,,,,,,Germany,company.public,USD-marketcap,"$1,200,000,000",$26.00,,12024.03,,,B.lion,,,,12026,phantasim,,,,,,,,,,
7386,12024,PeptiDream,XX-XY,,,PeptiDream,4587.T,,,,,,,,,,,,,Japan,company.public,USD-marketcap,"$1,200,000,000",$9.29,,12024.03,,,B.lion,,,,12026,phantasim,,,,,,,,,,
7387,12024,Bénéteau,XX-XY,,,Bénéteau,BEN.PA,,,,,,,,,,,,,France,company.public,USD-marketcap,"$1,200,000,000",$14.86,,12024.03,,,B.lion,,,,12026,phantasim,,,,,,,,,,
7388,12024,City Union Bank,XX-XY,,,City Union Bank,CUB.NS,,,,,,,,,,,,,India,company.public,USD-marketcap,"$1,200,000,000",$1.63,,,,,B.lion,,,,12026,phantasim,,,,,,,,,,
7389,12024,Champion REIT,XX-XY,,,Champion REIT,2778.HK,,,,,,,,,,,,,Hong Kong,company.public,USD-marketcap,"$1,200,000,000",$0.20,,,,,B.lion,,,,12026,phantasim,,,,,,,,,,
7390,12024,DOF Group,XX-XY,,,DOF Group,DOFG.OL,,,,,,,,,,,,,Norway,company.public,USD-marketcap,"$1,200,000,000",$6.84,,,,,B.lion,,,,12026,phantasim,,,,,,,,,,
7391,12024,PCBL Limited,XX-XY,,,PCBL Limited,PCBL.NS,,,,,,,,,,,,,India,company.public,USD-marketcap,"$1,200,000,000",$3.18,,,,,B.lion,,,,12026,phantasim,,,,,,,,,,
7392,12024,Altice USA,XX-XY,,,Altice USA,ATUS,,,,,,,,,,,,,United States,company.public,USD-marketcap,"$1,190,000,000",$2.62,,12024.03,,,B.lion,,,,12026,phantasim,,,,,,,,,,
7393,12024,ams AG,XX-XY,,,ams AG,DQW1.F,,,,,,,,,,,,,Austria,company.public,USD-marketcap,"$1,190,000,000",$1.21,,,,,B.lion,,,,12026,phantasim,,,,,,,,,,
7394,12024,MMTC,XX-XY,,,MMTC,MMTC.NS,,,,,,,,,,,,,India,company.public,USD-marketcap,"$1,190,000,000",$0.80,,,,,B.lion,,,,12026,phantasim,,,,,,,,,,
7395,12024,Hangzhou Shunwang Technology,XX-XY,,,Hangzhou Shunwang Technology,300113.SZ,,,,,,,,,,,,,China,company.public,USD-marketcap,"$1,190,000,000",$1.60,,,,,B.lion,,,,12026,phantasim,,,,,,,,,,
7396,12024,Indiabulls Housing Finance,XX-XY,,,Indiabulls Housing Finance,IBULHSGFIN.NS,,,,,,,,,,,,,India,company.public,USD-marketcap,"$1,190,000,000",$1.95,,,,,B.lion,,,,12026,phantasim,,,,,,,,,,
7397,12024,Alexander & Baldwin,XX-XY,,,Alexander & Baldwin,ALEX,,,,,,,,,,,,,United States,company.public,USD-marketcap,"$1,180,000,000",$16.32,,12024.03,,,B.lion,,,,12026,phantasim,,,,,,,,,,
7398,12024,Ameresco,XX-XY,,,Ameresco,AMRC,,,,,,,,,,,,,United States,company.public,USD-marketcap,"$1,180,000,000",$22.74,,12024.03,,,B.lion,,,,12026,phantasim,,,,,,,,,,
7399,12024,Belite Bio,XX-XY,,,Belite Bio,BLTE,,,,,,,,,,,,,United States,company.public,USD-marketcap,"$1,180,000,000",$39.93,,12024.03,,,B.lion,,,,12026,phantasim,,,,,,,,,,
7400,12024,Genius Sports,XX-XY,,,Genius Sports,GENI,,,,,,,,,,,,,United Kingdom,company.public,USD-marketcap,"$1,180,000,000",$5.65,,12024.03,,,B.lion,,,,12026,phantasim,,,,,,,,,,
7401,12024,Mirum Pharmaceuticals,XX-XY,,,Mirum Pharmaceuticals,MIRM,,,,,,,,,,,,,United States,company.public,USD-marketcap,"$1,180,000,000",$25.12,,12024.03,,,B.lion,,,,12026,phantasim,,,,,,,,,,
7402,12024,Lisi S.A.,XX-XY,,,Lisi S.A.,FII.PA,,,,,,,,,,,,,France,company.public,USD-marketcap,"$1,180,000,000",$25.51,,,,,B.lion,,,,12026,phantasim,,,,,,,,,,
7403,12024,Sparebanken Vest,XX-XY,,,Sparebanken Vest,SVEG.OL,,,,,,,,,,,,,Norway,company.public,USD-marketcap,"$1,180,000,000",$10.80,,,,,B.lion,,,,12026,phantasim,,,,,,,,,,
7404,12024,Esker,XX-XY,,,Esker,ALESK.PA,,,,,,,,,,,,,France,company.public,USD-marketcap,"$1,180,000,000",$199.31,,,,,B.lion,,,,12026,phantasim,,,,,,,,,,
7405,12024,Sanoma,XX-XY,,,Sanoma,SANOMA.HE,,,,,,,,,,,,,Finland,company.public,USD-marketcap,"$1,180,000,000",$7.28,,,,,B.lion,,,,12026,phantasim,,,,,,,,,,
7406,12024,Praj Industries,XX-XY,,,Praj Industries,PRAJIND.NS,,,,,,,,,,,,,India,company.public,USD-marketcap,"$1,180,000,000",$6.47,,,,,B.lion,,,,12026,phantasim,,,,,,,,,,
7407,12024,Aimco,XX-XY,,,Aimco,AIV,,,,,,,,,,,,,United States,company.public,USD-marketcap,"$1,170,000,000",$8.12,,12024.03,,,B.lion,,,,12026,phantasim,,,,,,,,,,
7408,12024,Central Securities,XX-XY,,,Central Securities,CET,,,,,,,,,,,,,United States,company.public,USD-marketcap,"$1,170,000,000",$41.48,,12024.03,,,B.lion,,,,12026,phantasim,,,,,,,,,,
7409,12024,Easterly Government Properties,XX-XY,,,Easterly Government Properties,DEA,,,,,,,,,,,,,United States,company.public,USD-marketcap,"$1,170,000,000",$11.39,,12024.03,,,B.lion,,,,12026,phantasim,,,,,,,,,,
7410,12024,Momo,XX-XY,,,Momo,MOMO,,,,,,,,,,,,,China,company.public,USD-marketcap,"$1,170,000,000",$6.24,,12024.03,,,B.lion,,,,12026,phantasim,,,,,,,,,,
7411,12024,Orla Mining,XX-XY,,,Orla Mining,ORLA,,,,,,,,,,,,,Canada,company.public,USD-marketcap,"$1,170,000,000",$3.71,,12024.03,,,B.lion,,,,12026,phantasim,,,,,,,,,,
7412,12024,Jungfraubahn Holding AG,XX-XY,,,Jungfraubahn Holding AG,JFN.SW,,,,,,,,,,,,,Switzerland,company.public,USD-marketcap,"$1,170,000,000",$202.29,,,,,B.lion,,,,12026,phantasim,,,,,,,,,,
7413,12024,Magellan Financial Group,XX-XY,,,Magellan Financial Group,MFG.AX,,,,,,,,,,,,,Australia,company.public,USD-marketcap,"$1,170,000,000",$6.52,,,,,B.lion,,,,12026,phantasim,,,,,,,,,,
7414,12024,Westshore Terminals Investment,XX-XY,,,Westshore Terminals Investment,WTE.TO,,,,,,,,,,,,,Canada,company.public,USD-marketcap,"$1,170,000,000",$18.86,,,,,B.lion,,,,12026,phantasim,,,,,,,,,,
7415,12024,Arriyadh Development Company,XX-XY,,,Arriyadh Development Company,4150.SR,,,,,,,,,,,,,Saudi Arabia,company.public,USD-marketcap,"$1,170,000,000",$6.63,,,,,B.lion,,,,12026,phantasim,,,,,,,,,,
7416,12024,Voltamp Transformers,XX-XY,,,Voltamp Transformers,VOLTAMP.NS,,,,,,,,,,,,,India,company.public,USD-marketcap,"$1,170,000,000",$116.46,,,,,B.lion,,,,12026,phantasim,,,,,,,,,,
7417,12024,Seabridge Gold,XX-XY,,,Seabridge Gold,SA,,,,,,,,,,,,,Canada,company.public,USD-marketcap,"$1,160,000,000",$13.82,,12024.03,,,B.lion,,,,12026,phantasim,,,,,,,,,,
7418,12024,Montrose Environmental,XX-XY,,,Montrose Environmental,MEG,,,,,,,,,,,,,United States,company.public,USD-marketcap,"$1,160,000,000",$38.37,,12024.03,,,B.lion,,,,12026,phantasim,,,,,,,,,,
7419,12024,Adeia,XX-XY,,,Adeia,ADEA,,,,,,,,,,,,,United States,company.public,USD-marketcap,"$1,160,000,000",$10.81,,12024.03,,,B.lion,,,,12026,phantasim,,,,,,,,,,
7420,12024,Adecoagro,XX-XY,,,Adecoagro,AGRO,,,,,,,,,,,,,Luxembourg,company.public,USD-marketcap,"$1,160,000,000",$10.95,,12024.03,,,B.lion,,,,12026,phantasim,,,,,,,,,,
7421,12024,Oxford Lane Capital,XX-XY,,,Oxford Lane Capital,OXLC,,,,,,,,,,,,,United States,company.public,USD-marketcap,"$1,160,000,000",$5.08,,12024.03,,,B.lion,,,,12026,phantasim,,,,,,,,,,
7422,12024,Perdoceo Education,XX-XY,,,Perdoceo Education,PRDO,,,,,,,,,,,,,United States,company.public,USD-marketcap,"$1,160,000,000",$17.70,,12024.03,,,B.lion,,,,12026,phantasim,,,,,,,,,,
7423,12024,PubMatic,XX-XY,,,PubMatic,PUBM,,,,,,,,,,,,,United States,company.public,USD-marketcap,"$1,160,000,000",$23.26,,12024.03,,,B.lion,,,,12026,phantasim,,,,,,,,,,
7424,12024,Soho House & Co,XX-XY,,,Soho House & Co,SHCO,,,,,,,,,,,,,United States,company.public,USD-marketcap,"$1,160,000,000",$5.97,,12024.03,,,B.lion,,,,12026,phantasim,,,,,,,,,,
7425,12024,MIRAIT ONE Corporation,XX-XY,,,MIRAIT ONE Corporation,1417.T,,,,,,,,,,,,,Japan,company.public,USD-marketcap,"$1,160,000,000",$12.53,,12024.03,,,B.lion,,,,12026,phantasim,,,,,,,,,,
7426,12024,Europris,XX-XY,,,Europris,EPR.OL,,,,,,,,,,,,,Norway,company.public,USD-marketcap,"$1,160,000,000",$7.24,,,,,B.lion,,,,12026,phantasim,,,,,,,,,,
7427,12024,GFH Financial Group,XX-XY,,,GFH Financial Group,GFH.AE,,,,,,,,,,,,,Bahrain,company.public,USD-marketcap,"$1,160,000,000",$0.30,,,,,B.lion,,,,12026,phantasim,,,,,,,,,,
7428,12024,Formosa Taffeta,XX-XY,,,Formosa Taffeta,1434.TW,,,,,,,,,,,,,Taiwan,company.public,USD-marketcap,"$1,160,000,000",$0.69,,,,,B.lion,,,,12026,phantasim,,,,,,,,,,
7429,12024,Future Care Trading Company,XX-XY,,,Future Care Trading Company,9544.SR,,,,,,,,,,,,,Saudi Arabia,company.public,USD-marketcap,"$1,160,000,000",$2.33,,,,,B.lion,,,,12026,phantasim,,,,,,,,,,
7430,12024,Siam City Cement (INSEE),XX-XY,,,Siam City Cement (INSEE),SCCC.BK,,,,,,,,,,,,,Thailand,company.public,USD-marketcap,"$1,160,000,000",$3.89,,,,,B.lion,,,,12026,phantasim,,,,,,,,,,
7431,12024,Alfen,XX-XY,,,Alfen,ALFEN.AS,,,,,,,,,,,,,Netherlands,company.public,USD-marketcap,"$1,160,000,000",$53.62,,,,,B.lion,,,,12026,phantasim,,,,,,,,,,
7432,12024,East India Distilleries Parry,XX-XY,,,East India Distilleries Parry,EIDPARRY.NS,,,,,,,,,,,,,India,company.public,USD-marketcap,"$1,160,000,000",$6.55,,,,,B.lion,,,,12026,phantasim,,,,,,,,,,
7433,12024,MapmyIndia,XX-XY,,,MapmyIndia,MAPMYINDIA.NS,,,,,,,,,,,,,India,company.public,USD-marketcap,"$1,160,000,000",$21.86,,,,,B.lion,,,,12026,phantasim,,,,,,,,,,
7434,12024,Kennedy Wilson,XX-XY,,,Kennedy Wilson,KW,,,,,,,,,,,,,United States,company.public,USD-marketcap,"$1,150,000,000",$8.33,,12024.03,,,B.lion,,,,12026,phantasim,,,,,,,,,,
7435,12024,HCI Group,XX-XY,,,HCI Group,HCI,,,,,,,,,,,,,United States,company.public,USD-marketcap,"$1,150,000,000",$115.53,,12024.03,,,B.lion,,,,12026,phantasim,,,,,,,,,,
7436,12024,Koppers,XX-XY,,,Koppers,KOP,,,,,,,,,,,,,United States,company.public,USD-marketcap,"$1,150,000,000",$54.70,,12024.03,,,B.lion,,,,12026,phantasim,,,,,,,,,,
7437,12024,New Gold,XX-XY,,,New Gold,NGD,,,,,,,,,,,,,Canada,company.public,USD-marketcap,"$1,150,000,000",$1.69,,12024.03,,,B.lion,,,,12026,phantasim,,,,,,,,,,
7438,12024,Calumet Specialty Products Partners,XX-XY,,,Calumet Specialty Products Partners,CLMT,,,,,,,,,,,,,United States,company.public,USD-marketcap,"$1,150,000,000",$14.38,,12024.03,,,B.lion,,,,12026,phantasim,,,,,,,,,,
7439,12024,Digi International,XX-XY,,,Digi International,DGII,,,,,,,,,,,,,United States,company.public,USD-marketcap,"$1,150,000,000",$31.75,,12024.03,,,B.lion,,,,12026,phantasim,,,,,,,,,,
7440,12024,Trupanion,XX-XY,,,Trupanion,TRUP,,,,,,,,,,,,,United States,company.public,USD-marketcap,"$1,150,000,000",$27.74,,12024.03,,,B.lion,,,,12026,phantasim,,,,,,,,,,
7441,12024,Pigeon,XX-XY,,,Pigeon,7956.T,,,,,,,,,,,,,Japan,company.public,USD-marketcap,"$1,150,000,000",$9.62,,12024.03,,,B.lion,,,,12026,phantasim,,,,,,,,,,
7442,12024,Al Moammar Information Systems,XX-XY,,,Al Moammar Information Systems,7200.SR,,,,,,,,,,,,,Saudi Arabia,company.public,USD-marketcap,"$1,150,000,000",$38.52,,,,,B.lion,,,,12026,phantasim,,,,,,,,,,
7443,12024,Altri,XX-XY,,,Altri,ALTR.LS,,,,,,,,,,,,,Portugal,company.public,USD-marketcap,"$1,150,000,000",$5.63,,,,,B.lion,,,,12026,phantasim,,,,,,,,,,
7444,12024,Godawari Power & Ispat,XX-XY,,,Godawari Power & Ispat,GPIL.NS,,,,,,,,,,,,,India,company.public,USD-marketcap,"$1,150,000,000",$8.80,,,,,B.lion,,,,12026,phantasim,,,,,,,,,,
7445,12024,Grendene,XX-XY,,,Grendene,GRND3.SA,,,,,,,,,,,,,Brazil,company.public,USD-marketcap,"$1,150,000,000",$1.29,,,,,B.lion,,,,12026,phantasim,,,,,,,,,,
7446,12024,Shinsegae,XX-XY,,,Shinsegae,004170.KS,,,,,,,,,,,,,South Korea,company.public,USD-marketcap,"$1,150,000,000",$121.72,,,,,B.lion,,,,12026,phantasim,,,,,,,,,,
7447,12024,Infibeam Avenues,XX-XY,,,Infibeam Avenues,INFIBEAM.NS,,,,,,,,,,,,,India,company.public,USD-marketcap,"$1,150,000,000",$0.42,,,,,B.lion,,,,12026,phantasim,,,,,,,,,,
7448,12024,AMC Entertainment,XX-XY,,,AMC Entertainment,AMC,,,,,,,,,,,,,United States,company.public,USD-marketcap,"$1,140,000,000",$4.34,,12024.03,,,B.lion,,,,12026,phantasim,,,,,,,,,,
7449,12024,MFA Financial,XX-XY,,,MFA Financial,MFA,,,,,,,,,,,,,United States,company.public,USD-marketcap,"$1,140,000,000",$11.25,,12024.03,,,B.lion,,,,12026,phantasim,,,,,,,,,,
7450,12024,Immatics,XX-XY,,,Immatics,IMTX,,,,,,,,,,,,,Germany,company.public,USD-marketcap,"$1,140,000,000",$11.10,,12024.03,,,B.lion,,,,12026,phantasim,,,,,,,,,,
7451,12024,Lemonade,XX-XY,,,Lemonade,LMND,,,,,,,,,,,,,United States,company.public,USD-marketcap,"$1,140,000,000",$16.29,,12024.03,,,B.lion,,,,12026,phantasim,,,,,,,,,,
7452,12024,Liquidia Technologies,XX-XY,,,Liquidia Technologies,LQDA,,,,,,,,,,,,,United States,company.public,USD-marketcap,"$1,140,000,000",$15.07,,12024.03,,,B.lion,,,,12026,phantasim,,,,,,,,,,
7453,12024,Sage Therapeutics,XX-XY,,,Sage Therapeutics,SAGE,,,,,,,,,,,,,United States,company.public,USD-marketcap,"$1,140,000,000",$19.04,,12024.03,,,B.lion,,,,12026,phantasim,,,,,,,,,,
7454,12024,IntegraFin,XX-XY,,,IntegraFin,IHP.L,,,,,,,,,,,,,United Kingdom,company.public,USD-marketcap,"$1,140,000,000",$3.46,,12024.03,,,B.lion,,,,12026,phantasim,,,,,,,,,,
7455,12024,THG (The Hut Group),XX-XY,,,THG (The Hut Group),THG.L,,,,,,,,,,,,,United Kingdom,company.public,USD-marketcap,"$1,140,000,000",$0.86,,12024.03,,,B.lion,,,,12026,phantasim,,,,,,,,,,
7456,12024,Advantage Energy,XX-XY,,,Advantage Energy,AAV.TO,,,,,,,,,,,,,Canada,company.public,USD-marketcap,"$1,140,000,000",$7.14,,12024.03,,,B.lion,,,,12026,phantasim,,,,,,,,,,
7457,12024,Cymbria,XX-XY,,,Cymbria,CYB.TO,,,,,,,,,,,,,Canada,company.public,USD-marketcap,"$1,140,000,000",$50.32,,,,,B.lion,,,,12026,phantasim,,,,,,,,,,
7458,12024,Tabcorp,XX-XY,,,Tabcorp,TAH.AX,,,,,,,,,,,,,Australia,company.public,USD-marketcap,"$1,140,000,000",$0.50,,,,,B.lion,,,,12026,phantasim,,,,,,,,,,
7459,12024,EHang Holdings,XX-XY,,,EHang Holdings,EH,,,,,,,,,,,,,China,company.public,USD-marketcap,"$1,130,000,000",$18.79,,12024.03,,,B.lion,,,,12026,phantasim,,,,,,,,,,
7460,12024,Employers Holdings,XX-XY,,,Employers Holdings,EIG,,,,,,,,,,,,,United States,company.public,USD-marketcap,"$1,130,000,000",$45.01,,12024.03,,,B.lion,,,,12026,phantasim,,,,,,,,,,
7461,12024,RPT Realty,XX-XY,,,RPT Realty,RPT,,,,,,,,,,,,,United States,company.public,USD-marketcap,"$1,130,000,000",$12.83,,12024.03,,,B.lion,,,,12026,phantasim,,,,,,,,,,
7462,12024,Yatsen Holding,XX-XY,,,Yatsen Holding,YSG,,,,,,,,,,,,,China,company.public,USD-marketcap,"$1,130,000,000",$2.11,,12024.03,,,B.lion,,,,12026,phantasim,,,,,,,,,,
7463,12024,Canada Goose,XX-XY,,,Canada Goose,GOOS,,,,,,,,,,,,,Canada,company.public,USD-marketcap,"$1,130,000,000",$11.66,,12024.03,,,B.lion,,,,12026,phantasim,,,,,,,,,,
7464,12024,ChipMOS Technologies,XX-XY,,,ChipMOS Technologies,IMOS,,,,,,,,,,,,,Taiwan,company.public,USD-marketcap,"$1,130,000,000",$31.22,,12024.03,,,B.lion,,,,12026,phantasim,,,,,,,,,,
7465,12024,NerdWallet,XX-XY,,,NerdWallet,NRDS,,,,,,,,,,,,,United States,company.public,USD-marketcap,"$1,130,000,000",$14.74,,12024.03,,,B.lion,,,,12026,phantasim,,,,,,,,,,
7466,12024,Nagarro,XX-XY,,,Nagarro,NA9.DE,,,,,,,,,,,,,Germany,company.public,USD-marketcap,"$1,130,000,000",$85.41,,,,,B.lion,,,,12026,phantasim,,,,,,,,,,
7467,12024,Samyang Foods,XX-XY,,,Samyang Foods,003230.KS,,,,,,,,,,,,,South Korea,company.public,USD-marketcap,"$1,130,000,000",$150.39,,,,,B.lion,,,,12026,phantasim,,,,,,,,,,
7468,12024,Force Motors,XX-XY,,,Force Motors,FORCEMOT.NS,,,,,,,,,,,,,India,company.public,USD-marketcap,"$1,130,000,000",$86.30,,,,,B.lion,,,,12026,phantasim,,,,,,,,,,
7469,12024,ZipRecruiter,XX-XY,,,ZipRecruiter,ZIP,,,,,,,,,,,,,United States,company.public,USD-marketcap,"$1,120,000,000",$11.36,,12024.03,,,B.lion,,,,12026,phantasim,,,,,,,,,,
7470,12024,Cars.com,XX-XY,,,Cars.com,CARS,,,,,,,,,,,,,United States,company.public,USD-marketcap,"$1,120,000,000",$17.07,,12024.03,,,B.lion,,,,12026,phantasim,,,,,,,,,,
7471,12024,Dole PLC,XX-XY,,,Dole PLC,DOLE,,,,,,,,,,,,,Ireland,company.public,USD-marketcap,"$1,120,000,000",$11.81,,12024.03,,,B.lion,,,,12026,phantasim,,,,,,,,,,
7472,12024,indie Semiconductor,XX-XY,,,indie Semiconductor,INDI,,,,,,,,,,,,,United States,company.public,USD-marketcap,"$1,120,000,000",$6.77,,12024.03,,,B.lion,,,,12026,phantasim,,,,,,,,,,
7473,12024,Veritex Holdings,XX-XY,,,Veritex Holdings,VBTX,,,,,,,,,,,,,United States,company.public,USD-marketcap,"$1,120,000,000",$20.58,,12024.03,,,B.lion,,,,12026,phantasim,,,,,,,,,,
7474,12024,Gold Road Resources,XX-XY,,,Gold Road Resources,GOR.AX,,,,,,,,,,,,,Australia,company.public,USD-marketcap,"$1,120,000,000",$1.04,,,,,B.lion,,,,12026,phantasim,,,,,,,,,,
7475,12024,GVS S.p.A.,XX-XY,,,GVS S.p.A.,GVS.MI,,,,,,,,,,,,,Italy,company.public,USD-marketcap,"$1,120,000,000",$6.16,,,,,B.lion,,,,12026,phantasim,,,,,,,,,,
7476,12024,Piaggio,XX-XY,,,Piaggio,PIA.MI,,,,,,,,,,,,,Italy,company.public,USD-marketcap,"$1,120,000,000",$3.17,,,,,B.lion,,,,12026,phantasim,,,,,,,,,,
7477,12024,National Bank of Oman,XX-XY,,,National Bank of Oman,NBOB.OM,,,,,,,,,,,,,Oman,company.public,USD-marketcap,"$1,120,000,000",$0.69,,,,,B.lion,,,,12026,phantasim,,,,,,,,,,
7478,12024,Zydus Wellness,XX-XY,,,Zydus Wellness,ZYDUSWELL.NS,,,,,,,,,,,,,India,company.public,USD-marketcap,"$1,120,000,000",$17.71,,,,,B.lion,,,,12026,phantasim,,,,,,,,,,
7479,12024,Ryerson,XX-XY,,,Ryerson,RYI,,,,,,,,,,,,,United States,company.public,USD-marketcap,"$1,110,000,000",$32.91,,12024.03,,,B.lion,,,,12026,phantasim,,,,,,,,,,
7480,12024,Service Properties Trust,XX-XY,,,Service Properties Trust,SVC,,,,,,,,,,,,,United States,company.public,USD-marketcap,"$1,110,000,000",$6.72,,12024.03,,,B.lion,,,,12026,phantasim,,,,,,,,,,
7481,12024,Triumph Group,XX-XY,,,Triumph Group,TGI,,,,,,,,,,,,,United States,company.public,USD-marketcap,"$1,110,000,000",$14.51,,12024.03,,,B.lion,,,,12026,phantasim,,,,,,,,,,
7482,12024,Gogo Inflight Internet,XX-XY,,,Gogo Inflight Internet,GOGO,,,,,,,,,,,,,United States,company.public,USD-marketcap,"$1,110,000,000",$8.67,,12024.03,,,B.lion,,,,12026,phantasim,,,,,,,,,,
7483,12024,MiMedx Group,XX-XY,,,MiMedx Group,MDXG,,,,,,,,,,,,,United States,company.public,USD-marketcap,"$1,110,000,000",$7.61,,12024.03,,,B.lion,,,,12026,phantasim,,,,,,,,,,
7484,12024,PNE AG,XX-XY,,,PNE AG,PNE3.DE,,,,,,,,,,,,,Germany,company.public,USD-marketcap,"$1,110,000,000",$14.62,,,,,B.lion,,,,12026,phantasim,,,,,,,,,,
7620,12024,Hyster-Yale Materials Handling,XX-XY,,,Hyster-Yale Materials Handling,HY,,,,,,,,,,,,,United States,company.public,USD-marketcap,"$1,100,000,000",$62.93,,12024.03,,,B.lion,,,,12026,phantasim,,,,,,,,,,
7621,12024,Target Hospitality,XX-XY,,,Target Hospitality,TH,,,,,,,,,,,,,United States,company.public,USD-marketcap,"$1,100,000,000",$10.96,,12024.03,,,B.lion,,,,12026,phantasim,,,,,,,,,,
7622,12024,Bluelinx,XX-XY,,,Bluelinx,BXC,,,,,,,,,,,,,United States,company.public,USD-marketcap,"$1,100,000,000",$128.29,,12024.03,,,B.lion,,,,12026,phantasim,,,,,,,,,,
7623,12024,Fortuna Silver Mines,XX-XY,,,Fortuna Silver Mines,FSM,,,,,,,,,,,,,Canada,company.public,USD-marketcap,"$1,100,000,000",$3.62,,12024.03,,,B.lion,,,,12026,phantasim,,,,,,,,,,
7624,12024,Arcutis Biotherapeutics,XX-XY,,,Arcutis Biotherapeutics,ARQT,,,,,,,,,,,,,United States,company.public,USD-marketcap,"$1,100,000,000",$9.59,,12024.03,,,B.lion,,,,12026,phantasim,,,,,,,,,,
7625,12024,ScanSource,XX-XY,,,ScanSource,SCSC,,,,,,,,,,,,,United States,company.public,USD-marketcap,"$1,100,000,000",$43.73,,12024.03,,,B.lion,,,,12026,phantasim,,,,,,,,,,
7626,12024,Verve Therapeutics,XX-XY,,,Verve Therapeutics,VERV,,,,,,,,,,,,,United States,company.public,USD-marketcap,"$1,100,000,000",$13.19,,12024.03,,,B.lion,,,,12026,phantasim,,,,,,,,,,
7627,12024,secunet,XX-XY,,,secunet,YSN.F,,,,,,,,,,,,,Germany,company.public,USD-marketcap,"$1,100,000,000",$170.71,,12024.03,,,B.lion,,,,12026,phantasim,,,,,,,,,,
7628,12024,DeNA,XX-XY,,,DeNA,2432.T,,,,,,,,,,,,,Japan,company.public,USD-marketcap,"$1,100,000,000",$9.95,,12024.03,,,B.lion,,,,12026,phantasim,,,,,,,,,,
7629,12024,Maytronics,XX-XY,,,Maytronics,MTRN.TA,,,,,,,,,,,,,Israel,company.public,USD-marketcap,"$1,100,000,000",$10.06,,,,,B.lion,,,,12026,phantasim,,,,,,,,,,
7630,12024,United Development Company,XX-XY,,,United Development Company,UDCD.QA,,,,,,,,,,,,,Qatar,company.public,USD-marketcap,"$1,100,000,000",$0.31,,,,,B.lion,,,,12026,phantasim,,,,,,,,,,
7631,12024,Craftsman Automation,XX-XY,,,Craftsman Automation,CRAFTSMAN.NS,,,,,,,,,,,,,India,company.public,USD-marketcap,"$1,100,000,000",$52.03,,,,,B.lion,,,,12026,phantasim,,,,,,,,,,
7632,12024,Network18,XX-XY,,,Network18,NETWORK18.NS,,,,,,,,,,,,,India,company.public,USD-marketcap,"$1,100,000,000",$1.05,,,,,B.lion,,,,12026,phantasim,,,,,,,,,,
7633,12024,Ivanhoe Electric,XX-XY,,,Ivanhoe Electric,IE,,,,,,,,,,,,,Canada,company.public,USD-marketcap,"$1,090,000,000",$9.11,,12024.03,,,B.lion,,,,12026,phantasim,,,,,,,,,,
7634,12024,Chimera Investment Corporation,XX-XY,,,Chimera Investment Corporation,CIM,,,,,,,,,,,,,United States,company.public,USD-marketcap,"$1,090,000,000",$4.54,,12024.03,,,B.lion,,,,12026,phantasim,,,,,,,,,,
7635,12024,Lithium Americas,XX-XY,,,Lithium Americas,LAC,,,,,,,,,,,,,Canada,company.public,USD-marketcap,"$1,090,000,000",$6.74,,12024.03,,,B.lion,,,,12026,phantasim,,,,,,,,,,
7636,12024,UMH Properties,XX-XY,,,UMH Properties,UMH,,,,,,,,,,,,,United States,company.public,USD-marketcap,"$1,090,000,000",$15.84,,12024.03,,,B.lion,,,,12026,phantasim,,,,,,,,,,
7637,12024,Scholastic,XX-XY,,,Scholastic,SCHL,,,,,,,,,,,,,United States,company.public,USD-marketcap,"$1,090,000,000",$38.26,,12024.03,,,B.lion,,,,12026,phantasim,,,,,,,,,,
7638,12024,Viridian Therapeutics,XX-XY,,,Viridian Therapeutics,VRDN,,,,,,,,,,,,,United States,company.public,USD-marketcap,"$1,090,000,000",$17.51,,12024.03,,,B.lion,,,,12026,phantasim,,,,,,,,,,
7639,12024,Sakata Seed,XX-XY,,,Sakata Seed,1377.T,,,,,,,,,,,,,Japan,company.public,USD-marketcap,"$1,090,000,000",$24.68,,12024.03,,,B.lion,,,,12026,phantasim,,,,,,,,,,
7640,12024,Ferretti,XX-XY,,,Ferretti,F3T1.F,,,,,,,,,,,,,Italy,company.public,USD-marketcap,"$1,090,000,000",$3.23,,,,,B.lion,,,,12026,phantasim,,,,,,,,,,
7641,12024,East Pipes Integrated Company for Industry,XX-XY,,,East Pipes Integrated Company for Industry,1321.SR,,,,,,,,,,,,,Saudi Arabia,company.public,USD-marketcap,"$1,090,000,000",$34.63,,,,,B.lion,,,,12026,phantasim,,,,,,,,,,
7642,12024,Al-Saif Stores for Development & Investment,XX-XY,,,Al-Saif Stores for Development & Investment,4192.SR,,,,,,,,,,,,,Saudi Arabia,company.public,USD-marketcap,"$1,090,000,000",$3.13,,,,,B.lion,,,,12026,phantasim,,,,,,,,,,
7643,12024,Zad Holding Company,XX-XY,,,Zad Holding Company,ZHCD.QA,,,,,,,,,,,,,Qatar,company.public,USD-marketcap,"$1,090,000,000",$3.82,,,,,B.lion,,,,12026,phantasim,,,,,,,,,,
7644,12024,SD BioSensor,XX-XY,,,SD BioSensor,137310.KS,,,,,,,,,,,,,South Korea,company.public,USD-marketcap,"$1,090,000,000",$8.96,,,,,B.lion,,,,12026,phantasim,,,,,,,,,,
7645,12024,Benchmark Electronics,XX-XY,,,Benchmark Electronics,BHE,,,,,,,,,,,,,United States,company.public,USD-marketcap,"$1,080,000,000",$30.19,,12024.03,,,B.lion,,,,12026,phantasim,,,,,,,,,,
7646,12024,Provident Financial Services,XX-XY,,,Provident Financial Services,PFS,,,,,,,,,,,,,United States,company.public,USD-marketcap,"$1,080,000,000",$14.38,,12024.03,,,B.lion,,,,12026,phantasim,,,,,,,,,,
7647,12024,TriMas,XX-XY,,,TriMas,TRS,,,,,,,,,,,,,United States,company.public,USD-marketcap,"$1,080,000,000",$26.48,,12024.03,,,B.lion,,,,12026,phantasim,,,,,,,,,,
7648,12024,Centessa Pharmaceuticals,XX-XY,,,Centessa Pharmaceuticals,CNTA,,,,,,,,,,,,,United Kingdom,company.public,USD-marketcap,"$1,080,000,000",$11.10,,12024.03,,,B.lion,,,,12026,phantasim,,,,,,,,,,
7649,12024,Encore Capital Group,XX-XY,,,Encore Capital Group,ECPG,,,,,,,,,,,,,United States,company.public,USD-marketcap,"$1,080,000,000",$46.06,,12024.03,,,B.lion,,,,12026,phantasim,,,,,,,,,,
7650,12024,Franklin BSP Realty Trust,XX-XY,,,Franklin BSP Realty Trust,FBRT,,,,,,,,,,,,,United States,company.public,USD-marketcap,"$1,080,000,000",$13.16,,12024.03,,,B.lion,,,,12026,phantasim,,,,,,,,,,
7651,12024,Paramount Group,XX-XY,,,Paramount Group,PGRE,,,,,,,,,,,,,United States,company.public,USD-marketcap,"$1,080,000,000",$4.60,,12024.03,,,B.lion,,,,12026,phantasim,,,,,,,,,,
7652,12024,REGENXBIO,XX-XY,,,REGENXBIO,RGNX,,,,,,,,,,,,,United States,company.public,USD-marketcap,"$1,080,000,000",$22.18,,12024.03,,,B.lion,,,,12026,phantasim,,,,,,,,,,
7653,12024,Select Energy Services,XX-XY,,,Select Energy Services,WTTR,,,,,,,,,,,,,United States,company.public,USD-marketcap,"$1,080,000,000",$9.15,,12024.03,,,B.lion,,,,12026,phantasim,,,,,,,,,,
7654,12024,AUTO1,XX-XY,,,AUTO1,AG1.F,,,,,,,,,,,,,Germany,company.public,USD-marketcap,"$1,080,000,000",$5.04,,12024.03,,,B.lion,,,,12026,phantasim,,,,,,,,,,
7655,12024,CropEnergies,XX-XY,,,CropEnergies,CE2.F,,,,,,,,,,,,,Germany,company.public,USD-marketcap,"$1,080,000,000",$12.02,,12024.03,,,B.lion,,,,12026,phantasim,,,,,,,,,,
7656,12024,Glory Ltd.,XX-XY,,,Glory Ltd.,6457.T,,,,,,,,,,,,,Japan,company.public,USD-marketcap,"$1,080,000,000",$19.44,,12024.03,,,B.lion,,,,12026,phantasim,,,,,,,,,,
7657,12024,Bystronic AG,XX-XY,,,Bystronic AG,BYS.SW,,,,,,,,,,,,,Switzerland,company.public,USD-marketcap,"$1,080,000,000",$526.74,,12024.03,,,B.lion,,,,12026,phantasim,,,,,,,,,,
7658,12024,K92 Mining,XX-XY,,,K92 Mining,KNT.TO,,,,,,,,,,,,,Canada,company.public,USD-marketcap,"$1,080,000,000",$4.63,,,,,B.lion,,,,12026,phantasim,,,,,,,,,,
7659,12024,HPH Trust (Hutchison Port),XX-XY,,,HPH Trust (Hutchison Port),NS8U.SI,,,,,,,,,,,,,Singapore,company.public,USD-marketcap,"$1,080,000,000",$0.12,,,,,B.lion,,,,12026,phantasim,,,,,,,,,,
7660,12024,Jubilant Pharmova,XX-XY,,,Jubilant Pharmova,JUBLPHARMA.NS,,,,,,,,,,,,,India,company.public,USD-marketcap,"$1,080,000,000",$6.87,,,,,B.lion,,,,12026,phantasim,,,,,,,,,,
7661,12024,BrightView,XX-XY,,,BrightView,BV,,,,,,,,,,,,,United States,company.public,USD-marketcap,"$1,070,000,000",$11.40,,12024.03,,,B.lion,,,,12026,phantasim,,,,,,,,,,
7662,12024,Banco Latinoamericano de Comercio Exterior,XX-XY,,,Banco Latinoamericano de Comercio Exterior,BLX,,,,,,,,,,,,,Panama,company.public,USD-marketcap,"$1,070,000,000",$29.35,,12024.03,,,B.lion,,,,12026,phantasim,,,,,,,,,,
7663,12024,Thermon Group,XX-XY,,,Thermon Group,THR,,,,,,,,,,,,,United States,company.public,USD-marketcap,"$1,070,000,000",$31.87,,12024.03,,,B.lion,,,,12026,phantasim,,,,,,,,,,
7664,12024,Model N,XX-XY,,,Model N,MODN,,,,,,,,,,,,,United States,company.public,USD-marketcap,"$1,070,000,000",$27.66,,12024.03,,,B.lion,,,,12026,phantasim,,,,,,,,,,
7665,12024,REV Group,XX-XY,,,REV Group,REVG,,,,,,,,,,,,,United States,company.public,USD-marketcap,"$1,070,000,000",$20.63,,12024.03,,,B.lion,,,,12026,phantasim,,,,,,,,,,
7666,12024,Relay Therapeutics,XX-XY,,,Relay Therapeutics,RLAY,,,,,,,,,,,,,United States,company.public,USD-marketcap,"$1,070,000,000",$8.16,,12024.03,,,B.lion,,,,12026,phantasim,,,,,,,,,,
7667,12024,Zentalis Pharmaceuticals,XX-XY,,,Zentalis Pharmaceuticals,ZNTL,,,,,,,,,,,,,United States,company.public,USD-marketcap,"$1,070,000,000",$15.19,,12024.03,,,B.lion,,,,12026,phantasim,,,,,,,,,,
7668,12024,Bank ABC (Arab Banking Corporation),XX-XY,,,Bank ABC (Arab Banking Corporation),ABC.BH,,,,,,,,,,,,,Bahrain,company.public,USD-marketcap,"$1,070,000,000",N/A,,12024.03,,,B.lion,,,,12026,phantasim,,,,,,,,,,
7669,12024,Energiekontor,XX-XY,,,Energiekontor,EKT.DE,,,,,,,,,,,,,Germany,company.public,USD-marketcap,"$1,070,000,000",$77.01,,,,,B.lion,,,,12026,phantasim,,,,,,,,,,
7670,12024,Jastrzebska Spólka Weglowa,XX-XY,,,Jastrzebska Spólka Weglowa,JSW.WA,,,,,,,,,,,,,Poland,company.public,USD-marketcap,"$1,070,000,000",$9.17,,,,,B.lion,,,,12026,phantasim,,,,,,,,,,
7671,12024,Wesdome Gold Mines,XX-XY,,,Wesdome Gold Mines,WDO.TO,,,,,,,,,,,,,Canada,company.public,USD-marketcap,"$1,070,000,000",$7.23,,,,,B.lion,,,,12026,phantasim,,,,,,,,,,
7672,12024,Brim hf.,XX-XY,,,Brim hf.,BRIM.IC,,,,,,,,,,,,,Iceland,company.public,USD-marketcap,"$1,070,000,000",$0.56,,,,,B.lion,,,,12026,phantasim,,,,,,,,,,
7673,12024,Cera Sanitaryware,XX-XY,,,Cera Sanitaryware,CERA.NS,,,,,,,,,,,,,India,company.public,USD-marketcap,"$1,070,000,000",$82.51,,,,,B.lion,,,,12026,phantasim,,,,,,,,,,
7674,12024,PolyPeptide Group,XX-XY,,,PolyPeptide Group,PPGN.SW,,,,,,,,,,,,,Switzerland,company.public,USD-marketcap,"$1,070,000,000",$32.70,,,,,B.lion,,,,12026,phantasim,,,,,,,,,,
7675,12024,ChemoMetec,XX-XY,,,ChemoMetec,CHEMM.CO,,,,,,,,,,,,,Denmark,company.public,USD-marketcap,"$1,070,000,000",$61.54,,,,,B.lion,,,,12026,phantasim,,,,,,,,,,
7676,12024,cBrain,XX-XY,,,cBrain,CBRAIN.CO,,,,,,,,,,,,,Denmark,company.public,USD-marketcap,"$1,070,000,000",$54.89,,,,,B.lion,,,,12026,phantasim,,,,,,,,,,
7677,12024,GigaCloud Technology,XX-XY,,,GigaCloud Technology,GCT,,,,,,,,,,,,,China,company.public,USD-marketcap,"$1,060,000,000",$26.16,,12024.03,,,B.lion,,,,12026,phantasim,,,,,,,,,,
7678,12024,Perimeter Solutions,XX-XY,,,Perimeter Solutions,PRM,,,,,,,,,,,,,United States,company.public,USD-marketcap,"$1,060,000,000",$7.33,,12024.03,,,B.lion,,,,12026,phantasim,,,,,,,,,,
7679,12024,BioCryst Pharmaceuticals,XX-XY,,,BioCryst Pharmaceuticals,BCRX,,,,,,,,,,,,,United States,company.public,USD-marketcap,"$1,060,000,000",$5.15,,12024.03,,,B.lion,,,,12026,phantasim,,,,,,,,,,
7680,12024,Perion Network,XX-XY,,,Perion Network,PERI,,,,,,,,,,,,,Israel,company.public,USD-marketcap,"$1,060,000,000",$22.36,,12024.03,,,B.lion,,,,12026,phantasim,,,,,,,,,,
7681,12024,Repay Holdings,XX-XY,,,Repay Holdings,RPAY,,,,,,,,,,,,,United States,company.public,USD-marketcap,"$1,060,000,000",$11.05,,12024.03,,,B.lion,,,,12026,phantasim,,,,,,,,,,
7682,12024,tuya,XX-XY,,,tuya,TUYA,,,,,,,,,,,,,China,company.public,USD-marketcap,"$1,060,000,000",$1.82,,12024.03,,,B.lion,,,,12026,phantasim,,,,,,,,,,
7683,12024,Telia Lietuva,XX-XY,,,Telia Lietuva,ZWS.F,,,,,,,,,,,,,Lithuania,company.public,USD-marketcap,"$1,060,000,000",$1.76,,12024.03,,,B.lion,,,,12026,phantasim,,,,,,,,,,
7684,12024,Dalata Hotel Group,XX-XY,,,Dalata Hotel Group,DHG.IR,,,,,,,,,,,,,Ireland,company.public,USD-marketcap,"$1,060,000,000",$4.77,,,,,B.lion,,,,12026,phantasim,,,,,,,,,,
7685,12024,Faes Farma,XX-XY,,,Faes Farma,FAE.MC,,,,,,,,,,,,,Spain,company.public,USD-marketcap,"$1,060,000,000",$3.42,,,,,B.lion,,,,12026,phantasim,,,,,,,,,,
7686,12024,National Bank of Umm Al Qaiwain,XX-XY,,,National Bank of Umm Al Qaiwain,NBQ.AE,,,,,,,,,,,,,United Arab Emirates,company.public,USD-marketcap,"$1,060,000,000",$0.53,,,,,B.lion,,,,12026,phantasim,,,,,,,,,,
7687,12024,Nexus AG,XX-XY,,,Nexus AG,NXU.DE,,,,,,,,,,,,,Germany,company.public,USD-marketcap,"$1,060,000,000",$61.63,,,,,B.lion,,,,12026,phantasim,,,,,,,,,,
7688,12024,Scatec ASA,XX-XY,,,Scatec ASA,SCATC.OL,,,,,,,,,,,,,Norway,company.public,USD-marketcap,"$1,060,000,000",$6.69,,,,,B.lion,,,,12026,phantasim,,,,,,,,,,
7689,12024,Espressif Systems (Shanghai),XX-XY,,,Espressif Systems (Shanghai),688018.SS,,,,,,,,,,,,,China,company.public,USD-marketcap,"$1,060,000,000",$12.82,,,,,B.lion,,,,12026,phantasim,,,,,,,,,,
7690,12024,MRC Global,XX-XY,,,MRC Global,MRC,,,,,,,,,,,,,United States,company.public,USD-marketcap,"$1,050,000,000",$12.56,,12024.03,,,B.lion,,,,12026,phantasim,,,,,,,,,,
7691,12024,89bio,XX-XY,,,89bio,ETNB,,,,,,,,,,,,,United States,company.public,USD-marketcap,"$1,050,000,000",$11.31,,12024.03,,,B.lion,,,,12026,phantasim,,,,,,,,,,
7692,12024,Preferred Bank,XX-XY,,,Preferred Bank,PFBC,,,,,,,,,,,,,United States,company.public,USD-marketcap,"$1,050,000,000",$76.42,,12024.03,,,B.lion,,,,12026,phantasim,,,,,,,,,,
7693,12024,TDCX,XX-XY,,,TDCX,TDCX,,,,,,,,,,,,,Singapore,company.public,USD-marketcap,"$1,050,000,000",$7.20,,12024.03,,,B.lion,,,,12026,phantasim,,,,,,,,,,
7694,12024,AMAG Austria Metall,XX-XY,,,AMAG Austria Metall,AM8.F,,,,,,,,,,,,,Austria,company.public,USD-marketcap,"$1,050,000,000",$29.46,,12024.03,,,B.lion,,,,12026,phantasim,,,,,,,,,,
7695,12024,Cancom,XX-XY,,,Cancom,COK.F,,,,,,,,,,,,,Germany,company.public,USD-marketcap,"$1,050,000,000",$28.77,,12024.03,,,B.lion,,,,12026,phantasim,,,,,,,,,,
7696,12024,Sumitomo Pharma,XX-XY,,,Sumitomo Pharma,4506.T,,,,,,,,,,,,,Japan,company.public,USD-marketcap,"$1,050,000,000",$2.66,,12024.03,,,B.lion,,,,12026,phantasim,,,,,,,,,,
7697,12024,Ali Al-Ghanim Sons Automotive Company,XX-XY,,,Ali Al-Ghanim Sons Automotive Company,ALG.KW,,,,,,,,,,,,,Kuwait,company.public,USD-marketcap,"$1,050,000,000","$3,855.00",,12024.03,,,B.lion,,,,12026,phantasim,,,,,,,,,,
7698,12024,Birchcliff Energy,XX-XY,,,Birchcliff Energy,BIR.TO,,,,,,,,,,,,,Canada,company.public,USD-marketcap,"$1,050,000,000",$3.91,,12024.03,,,B.lion,,,,12026,phantasim,,,,,,,,,,
7699,12024,Manitou Group,XX-XY,,,Manitou Group,MTU.PA,,,,,,,,,,,,,France,company.public,USD-marketcap,"$1,050,000,000",$27.51,,,,,B.lion,,,,12026,phantasim,,,,,,,,,,
7700,12024,Kossan Rubber Industries,XX-XY,,,Kossan Rubber Industries,7153.KL,,,,,,,,,,,,,Malaysia,company.public,USD-marketcap,"$1,050,000,000",$0.41,,,,,B.lion,,,,12026,phantasim,,,,,,,,,,
7701,12024,Boubyan Petrochemical Company,XX-XY,,,Boubyan Petrochemical Company,BPCC.KW,,,,,,,,,,,,,Kuwait,company.public,USD-marketcap,"$1,050,000,000","$1,984.00",,,,,B.lion,,,,12026,phantasim,,,,,,,,,,
7702,12024,Diagnosticos da America,XX-XY,,,Diagnosticos da America,DASA3.SA,,,,,,,,,,,,,Brazil,company.public,USD-marketcap,"$1,050,000,000",$1.42,,,,,B.lion,,,,12026,phantasim,,,,,,,,,,
7703,12024,HiteJinro,XX-XY,,,HiteJinro,000080.KS,,,,,,,,,,,,,South Korea,company.public,USD-marketcap,"$1,050,000,000",$15.30,,,,,B.lion,,,,12026,phantasim,,,,,,,,,,
7704,12024,Tianyu Digital Technology (Dalian),XX-XY,,,Tianyu Digital Technology (Dalian),002354.SZ,,,,,,,,,,,,,China,company.public,USD-marketcap,"$1,050,000,000",$0.64,,,,,B.lion,,,,12026,phantasim,,,,,,,,,,
7705,12024,Safari Industries India,XX-XY,,,Safari Industries India,SAFARI.NS,,,,,,,,,,,,,India,company.public,USD-marketcap,"$1,050,000,000",$21.61,,,,,B.lion,,,,12026,phantasim,,,,,,,,,,
7706,12024,Truecaller,XX-XY,,,Truecaller,TRUE-B.ST,,,,,,,,,,,,,Sweden,company.public,USD-marketcap,"$1,050,000,000",$3.03,,,,,B.lion,,,,12026,phantasim,,,,,,,,,,
7707,12024,Mahindra Lifespaces,XX-XY,,,Mahindra Lifespaces,MAHLIFE.NS,,,,,,,,,,,,,India,company.public,USD-marketcap,"$1,050,000,000",$6.78,,,,,B.lion,,,,12026,phantasim,,,,,,,,,,
7708,12024,Sedlmayr Grund und Immobilien AG,XX-XY,,,Sedlmayr Grund und Immobilien AG,SPB.F,,,,,,,,,,,,,Germany,company.public,USD-marketcap,"$1,040,000,000","$1,419.00",,12024.03,,,B.lion,,,,12026,phantasim,,,,,,,,,,
7709,12024,Great Eagle,XX-XY,,,Great Eagle,0041.HK,,,,,,,,,,,,,Hong Kong,company.public,USD-marketcap,"$1,040,000,000",$1.40,,,,,B.lion,,,,12026,phantasim,,,,,,,,,,
7710,12024,Super Hi International,XX-XY,,,Super Hi International,9658.HK,,,,,,,,,,,,,Singapore,company.public,USD-marketcap,"$1,040,000,000",$1.69,,,,,B.lion,,,,12026,phantasim,,,,,,,,,,
7711,12024,Gorman-Rupp,XX-XY,,,Gorman-Rupp,GRC,,,,,,,,,,,,,United States,company.public,USD-marketcap,"$1,030,000,000",$39.31,,12024.03,,,B.lion,,,,12026,phantasim,,,,,,,,,,
7712,12024,Cronos Group,XX-XY,,,Cronos Group,CRON,,,,,,,,,,,,,Canada,company.public,USD-marketcap,"$1,030,000,000",$2.70,,12024.03,,,B.lion,,,,12026,phantasim,,,,,,,,,,
7713,12024,EyePoint Pharmaceuticals,XX-XY,,,EyePoint Pharmaceuticals,EYPT,,,,,,,,,,,,,United States,company.public,USD-marketcap,"$1,030,000,000",$20.81,,12024.03,,,B.lion,,,,12026,phantasim,,,,,,,,,,
7714,12024,Golden Entertainment,XX-XY,,,Golden Entertainment,GDEN,,,,,,,,,,,,,United States,company.public,USD-marketcap,"$1,030,000,000",$36.06,,12024.03,,,B.lion,,,,12026,phantasim,,,,,,,,,,
7715,12024,Huya,XX-XY,,,Huya,HUYA,,,,,,,,,,,,,China,company.public,USD-marketcap,"$1,030,000,000",$4.45,,12024.03,,,B.lion,,,,12026,phantasim,,,,,,,,,,
7716,12024,Loma Negra,XX-XY,,,Loma Negra,LOMA,,,,,,,,,,,,,Argentina,company.public,USD-marketcap,"$1,030,000,000",$6.82,,12024.03,,,B.lion,,,,12026,phantasim,,,,,,,,,,
7717,12024,Peoples Bancorp,XX-XY,,,Peoples Bancorp,PEBO,,,,,,,,,,,,,United States,company.public,USD-marketcap,"$1,030,000,000",$29.13,,12024.03,,,B.lion,,,,12026,phantasim,,,,,,,,,,
7718,12024,Digital Garage,XX-XY,,,Digital Garage,4819.T,,,,,,,,,,,,,Japan,company.public,USD-marketcap,"$1,030,000,000",$21.87,,12024.03,,,B.lion,,,,12026,phantasim,,,,,,,,,,
7719,12024,ACLEDA Bank,XX-XY,,,ACLEDA Bank,ABC.KH,,,,,,,,,,,,,Cambodia,company.public,USD-marketcap,"$1,030,000,000",$2.39,,12024.03,,,B.lion,,,,12026,phantasim,,,,,,,,,,
7720,12024,Compañía de Acero del Pacífico,XX-XY,,,Compañía de Acero del Pacífico,CAP.SN,,,,,,,,,,,,,Chile,company.public,USD-marketcap,"$1,030,000,000",$6.90,,12024.03,,,B.lion,,,,12026,phantasim,,,,,,,,,,
7721,12024,Terveystalo,XX-XY,,,Terveystalo,TTALO.HE,,,,,,,,,,,,,Finland,company.public,USD-marketcap,"$1,030,000,000",$8.16,,,,,B.lion,,,,12026,phantasim,,,,,,,,,,
7722,12024,Shriram Pistons & Rings,XX-XY,,,Shriram Pistons & Rings,SHRIPISTON.NS,,,,,,,,,,,,,India,company.public,USD-marketcap,"$1,030,000,000",$23.51,,,,,B.lion,,,,12026,phantasim,,,,,,,,,,
7723,12024,SP Plus Corporation,XX-XY,,,SP Plus Corporation,SP,,,,,,,,,,,,,United States,company.public,USD-marketcap,"$1,020,000,000",$51.97,,12024.03,,,B.lion,,,,12026,phantasim,,,,,,,,,,
7724,12024,Standard BioTools,XX-XY,,,Standard BioTools,LAB,,,,,,,,,,,,,United States,company.public,USD-marketcap,"$1,020,000,000",$2.69,,12024.03,,,B.lion,,,,12026,phantasim,,,,,,,,,,
7725,12024,PRA Group,XX-XY,,,PRA Group,PRAA,,,,,,,,,,,,,United States,company.public,USD-marketcap,"$1,020,000,000",$26.04,,12024.03,,,B.lion,,,,12026,phantasim,,,,,,,,,,
7726,12024,Sandy Spring Bank,XX-XY,,,Sandy Spring Bank,SASR,,,,,,,,,,,,,United States,company.public,USD-marketcap,"$1,020,000,000",$22.73,,12024.03,,,B.lion,,,,12026,phantasim,,,,,,,,,,
7727,12024,BayWa,XX-XY,,,BayWa,BYW.F,,,,,,,,,,,,,Germany,company.public,USD-marketcap,"$1,020,000,000",$35.20,,12024.03,,,B.lion,,,,12026,phantasim,,,,,,,,,,
7728,12024,Oakley Capital Investments,XX-XY,,,Oakley Capital Investments,OCI.L,,,,,,,,,,,,,Bermuda,company.public,USD-marketcap,"$1,020,000,000",$5.81,,12024.03,,,B.lion,,,,12026,phantasim,,,,,,,,,,
7729,12024,Pilot Corporation,XX-XY,,,Pilot Corporation,7846.T,,,,,,,,,,,,,Japan,company.public,USD-marketcap,"$1,020,000,000",$25.91,,12024.03,,,B.lion,,,,12026,phantasim,,,,,,,,,,
7730,12024,Foran Mining,XX-XY,,,Foran Mining,FOM.TO,,,,,,,,,,,,,Canada,company.public,USD-marketcap,"$1,020,000,000",$3.07,,,,,B.lion,,,,12026,phantasim,,,,,,,,,,
7731,12024,Retail Estates NV,XX-XY,,,Retail Estates NV,RET.BR,,,,,,,,,,,,,Belgium,company.public,USD-marketcap,"$1,020,000,000",$71.17,,,,,B.lion,,,,12026,phantasim,,,,,,,,,,
7732,12024,TomTom,XX-XY,,,TomTom,TOM2.AS,,,,,,,,,,,,,Netherlands,company.public,USD-marketcap,"$1,020,000,000",$7.99,,,,,B.lion,,,,12026,phantasim,,,,,,,,,,
7733,12024,Ottogi,XX-XY,,,Ottogi,007310.KS,,,,,,,,,,,,,South Korea,company.public,USD-marketcap,"$1,020,000,000",$296.72,,,,,B.lion,,,,12026,phantasim,,,,,,,,,,
7734,12024,Kalpataru Power Transmission,XX-XY,,,Kalpataru Power Transmission,KALPATPOWR.NS,,,,,,,,,,,,,India,company.public,USD-marketcap,"$1,020,000,000",$6.33,,,,,B.lion,,,,12026,phantasim,,,,,,,,,,
7735,12024,MAG Silver,XX-XY,,,MAG Silver,MAG,,,,,,,,,,,,,Canada,company.public,USD-marketcap,"$1,010,000,000",$9.88,,12024.03,,,B.lion,,,,12026,phantasim,,,,,,,,,,
7736,12024,A10 Networks,XX-XY,,,A10 Networks,ATEN,,,,,,,,,,,,,United States,company.public,USD-marketcap,"$1,010,000,000",$13.68,,12024.03,,,B.lion,,,,12026,phantasim,,,,,,,,,,
7737,12024,Bain Capital,XX-XY,,,Bain Capital,BCSF,,,,,,,,,,,,,United States,company.public,USD-marketcap,"$1,010,000,000",$15.68,,12024.03,,,B.lion,,,,12026,phantasim,,,,,,,,,,
7738,12024,CRA International,XX-XY,,,CRA International,CRAI,,,,,,,,,,,,,United States,company.public,USD-marketcap,"$1,010,000,000",$145.99,,12024.03,,,B.lion,,,,12026,phantasim,,,,,,,,,,
7739,12024,Plymouth Industrial REIT,XX-XY,,,Plymouth Industrial REIT,PLYM,,,,,,,,,,,,,United States,company.public,USD-marketcap,"$1,010,000,000",$22.11,,12024.03,,,B.lion,,,,12026,phantasim,,,,,,,,,,
7740,12024,TaskUs,XX-XY,,,TaskUs,TASK,,,,,,,,,,,,,United States,company.public,USD-marketcap,"$1,010,000,000",$11.50,,12024.03,,,B.lion,,,,12026,phantasim,,,,,,,,,,
7741,12024,X-FAB,XX-XY,,,X-FAB,XFAB.PA,,,,,,,,,,,,,Belgium,company.public,USD-marketcap,"$1,010,000,000",$7.73,,,,,B.lion,,,,12026,phantasim,,,,,,,,,,
7742,12024,Syrma SGS Technology,XX-XY,,,Syrma SGS Technology,SYRMA.NS,,,,,,,,,,,,,India,company.public,USD-marketcap,"$1,010,000,000",$5.69,,,,,B.lion,,,,12026,phantasim,,,,,,,,,,
,,Compaq,Z,"Rod Canion
James M. Harris
Bill Murto",Ogilvy & Mather (New York),Compaq Computer Corporation,CQ,,,United States,,disgruntled senior managers quit to create a rival company,,,,,,,,United States,company.public,USD-marketcap,"$1,000,000,000",,,12024.03,11982,,B.lion,,12013,,31,householder,,,,,,,,,before deciding on computers the co-founders had almost created a chain of Tex-Mex restaraunts.  Ogilvy & Mather were the firm that gave the company it's garbage-sounding name.,
7846,12024,Bluegreen Vacations,XX-XY,,,Bluegreen Vacations,BVH,,,,,,,,,,,,,United States,company.public,USD-marketcap,"$1,000,000,000",$75.00,,12024.03,,,B.lion,,,,12026,phantasim,,,,,,,,,,
7847,12024,Beazer Homes USA,XX-XY,,,Beazer Homes USA,BZH,,,,,,,,,,,,,United States,company.public,USD-marketcap,"$1,000,000,000",$31.88,,12024.03,,,B.lion,,,,12026,phantasim,,,,,,,,,,
7848,12024,edenor,XX-XY,,,edenor,EDN,,,,,,,,,,,,,Argentina,company.public,USD-marketcap,"$1,000,000,000",$17.92,,12024.03,,,B.lion,,,,12026,phantasim,,,,,,,,,,
7849,12024,Cricut,XX-XY,,,Cricut,CRCT,,,,,,,,,,,,,United States,company.public,USD-marketcap,"$1,000,000,000",$4.65,,12024.03,,,B.lion,,,,12026,phantasim,,,,,,,,,,
7850,12024,German American Bancorp,XX-XY,,,German American Bancorp,GABC,,,,,,,,,,,,,United States,company.public,USD-marketcap,"$1,000,000,000",$33.84,,12024.03,,,B.lion,,,,12026,phantasim,,,,,,,,,,
7851,12024,QCR Holdings,XX-XY,,,QCR Holdings,QCRH,,,,,,,,,,,,,United States,company.public,USD-marketcap,"$1,000,000,000",$59.64,,12024.03,,,B.lion,,,,12026,phantasim,,,,,,,,,,
7852,12024,Interface,XX-XY,,,Interface,TILE,,,,,,,,,,,,,United States,company.public,USD-marketcap,"$1,000,000,000",$17.32,,12024.03,,,B.lion,,,,12026,phantasim,,,,,,,,,,
7853,12024,Trustpilot Group,XX-XY,,,Trustpilot Group,TRST.L,,,,,,,,,,,,,Denmark,company.public,USD-marketcap,"$1,000,000,000",$2.44,,,,,B.lion,,,,12026,phantasim,,,,,,,,,,
7854,12024,Bukalapak.com,XX-XY,,,Bukalapak.com,BUKA.JK,,,,,,,,,,,,,Indonesia,company.public,USD-marketcap,"$1,000,000,000",$0.01,,,,,B.lion,,,,12026,phantasim,,,,,,,,,,
7855,12024,Abu Dhabi National Insurance Company,XX-XY,,,Abu Dhabi National Insurance Company,ADNIC.AE,,,,,,,,,,,,,United Arab Emirates,company.public,USD-marketcap,"$1,000,000,000",$1.77,,,,,B.lion,,,,12026,phantasim,,,,,,,,,,