rank-number,rank-year,index-name_en-US,rank-value,patron-source,patron-industry,lastseen-country
298,12024,Aon,"$66,180,000,000",,,United Kingdom
299,12024,ADNOC Gas,"$66,040,000,000",,,United Arab Emirates
300,12024,Freeport-McMoRan,"$65,810,000,000",,,United States
301,12024,Munich RE (Münchener Rück),"$65,650,000,000",,,Germany
302,12024,Foxconn Industrial Internet,"$65,220,000,000",,,China
303,12024,Paccar,"$65,210,000,000",,,United States
304,12024,London Stock Exchange,"$64,930,000,000",,,United Kingdom
305,12024,Nintendo,"$64,910,000,000",,,Japan
306,12024,Emerson,"$64,850,000,000",,,United States
307,12024,Apollo Global Management,"$64,530,000,000",,,United States
308,12024,Chugai Pharmaceutical,"$64,430,000,000",,,Japan
310,12024,Foxconn (Hon Hai Precision Industry),"$64,370,000,000",,,Taiwan
311,12024,ITC,"$64,160,000,000",,,India
312,12024,Postal Savings Bank of China,"$63,720,000,000",,,China
313,12024,PNC Financial Services,"$63,640,000,000",,,United States
314,12024,Rosneft,"$63,580,000,000",,,Russia
315,12024,Hindustan Unilever,"$63,210,000,000",,,India
316,12024,KDDI,"$63,090,000,000",,,Japan
317,12024,Itōchū Shōji,"$63,050,000,000",,,Japan
318,12024,Enterprise Products,"$62,980,000,000",,,United States
319,12024,Daiichi Sankyō,"$62,980,000,000",,,Japan
320,12024,Brookfield Corporation,"$62,950,000,000",,,Canada
321,12024,NXP Semiconductors,"$62,940,000,000",,,Netherlands
322,12024,Marvell Technology Group,"$62,620,000,000",,,United States
323,12024,Scotiabank,"$62,520,000,000",,,Canada
324,12024,UniCredit,"$62,340,000,000",,,Italy
325,12024,Coinbase,"$62,190,000,000",,,United States
326,12024,Tokio Marine,"$62,130,000,000",,,Japan
327,12024,Volvo Group,"$62,110,000,000",,,Sweden
328,12024,Monster Beverage,"$62,000,000,000",,,United States
329,12024,The Saudi National Bank,"$61,680,000,000",,,Saudi Arabia
330,12024,SABIC,"$61,620,000,000",,,Saudi Arabia
331,12024,Midea,"$61,400,000,000",,,China
332,12024,Larsen & Toubro,"$61,180,000,000",,,India
333,12024,Pioneer Natural Resources,"$60,740,000,000",,,United States
334,12024,Honda,"$60,330,000,000",,,Japan
335,12024,Republic Services,"$60,250,000,000",,,United States
336,12024,Supermicro,"$59,910,000,000",,,United States
337,12024,Roper Technologies,"$59,840,000,000",,,United States
338,12024,Westpac Banking,"$59,530,000,000",,,Australia
339,12024,Bank Rakyat Indonesia,"$59,460,000,000",,,Indonesia
340,12024,Nongfu Spring,"$59,290,000,000",,,China
341,12024,Cement Roadstone Holding,"$59,220,000,000",,,Ireland
342,12024,Bank of Communications,"$58,980,000,000",,,China
344,12024,Motorola Solutions,"$58,710,000,000",,,United States
345,12024,Dassault Systèmes,"$58,640,000,000",,,France
346,12024,America Movil,"$58,390,000,000",,,Mexico
347,12024,Constellation Energy,"$58,260,000,000",,,United States
348,12024,Constellation Software,"$58,260,000,000",,,Canada
349,12024,MediaTek,"$57,990,000,000",,,Taiwan
350,12024,Simon Property Group,"$57,840,000,000",,,United States
351,12024,3M,"$57,800,000,000",,,United States
353,12024,ANZ Bank,"$57,380,000,000",,,Australia
354,12024,Edwards Lifesciences,"$57,210,000,000",,,United States
355,12024,Nu Holdings,"$56,950,000,000",,,Brazil
356,12024,Occidental Petroleum,"$56,910,000,000",,,United States
357,12024,Norfolk Southern,"$56,860,000,000",,,United States
358,12024,Denso,"$56,710,000,000",,,Japan
360,12024,DoorDash,"$56,100,000,000",,,United States
361,12024,Lukoil,"$56,040,000,000",,,Russia
362,12024,Zijin Mining,"$55,920,000,000",,,China
363,12024,Autodesk,"$55,820,000,000",,,United States
364,12024,Valero Energy,"$55,790,000,000",,,United States
365,12024,AutoZone,"$55,240,000,000",,,United States
366,12024,Copart,"$55,030,000,000",,,United States
367,12024,Capital One,"$54,970,000,000",,,United States
368,12024,Alimentation Couche-Tard,"$54,760,000,000",,,Canada
369,12024,Heineken,"$54,740,000,000",,,Netherlands
371,12024,Palantir,"$54,230,000,000",,,United States
372,12024,Arthur J. Gallagher & Co.,"$54,090,000,000",,,United States
373,12024,Air Products and Chemicals,"$54,040,000,000",,,United States
374,12024,Hilton Worldwide,"$54,040,000,000",,,United States
375,12024,D. R. Horton,"$53,770,000,000",,,United States
376,12024,DexCom,"$53,770,000,000",,,United States
377,12024,Universal Music Group,"$53,650,000,000",,,Netherlands
378,12024,ING,"$53,640,000,000",,,Netherlands
379,12024,Oriental Land,"$53,580,000,000",,,Japan
380,12024,MetLife,"$53,440,000,000",,,United States
381,12024,American International Group,"$53,340,000,000",,,United States
382,12024,Saudi Telecom Company,"$52,850,000,000",,,Saudi Arabia
383,12024,Welltower,"$52,790,000,000",,,United States
384,12024,Adyen,"$52,770,000,000",,,Netherlands
385,12024,Snowflake,"$52,620,000,000",,,United States
386,12024,The Travelers Companies,"$52,430,000,000",,,United States
387,12024,Energy Transfer Partners,"$52,330,000,000",,,United States
388,12024,Vale,"$52,300,000,000",,,Brazil
389,12024,DHL Group (Deutsche Post),"$52,250,000,000",,,Germany
390,12024,Bajaj Finance,"$52,090,000,000",,,India
391,12024,Estee Lauder,"$51,990,000,000",,,United States
392,12024,Carrier,"$51,910,000,000",,,United States
393,12024,Ford,"$51,890,000,000",,,United States
394,12024,BAE Systems,"$51,750,000,000",,,United Kingdom
395,12024,Spotify,"$51,600,000,000",,,Sweden
396,12024,Truist Financial,"$51,500,000,000",,,United States
397,12024,BASF,"$51,480,000,000",,,Germany
398,12024,General Motors,"$51,470,000,000",,,United States
399,12024,Fortinet,"$51,320,000,000",,,United States
400,12024,Block,"$51,210,000,000",,,United States
401,12024,Public Storage,"$50,760,000,000",,,United States
402,12024,ENI,"$50,740,000,000",,,Italy
403,12024,Maaden,"$50,720,000,000",,,Saudi Arabia
404,12024,Fortescue,"$50,680,000,000",,,Australia
405,12024,National Grid,"$50,620,000,000",,,United Kingdom
406,12024,Mizuho Financial Group,"$50,440,000,000",,,Japan
407,12024,HCL Technologies,"$50,280,000,000",,,India
408,12024,Holcim Group,"$50,210,000,000",,,Switzerland
410,12024,W. W. Grainger,"$50,120,000,000",,,United States
411,12024,Wesfarmers,"$50,110,000,000",,,Australia
413,12024,Atlassian,"$50,100,000,000",,,Australia
414,12024,Macquarie,"$49,810,000,000",,,Australia
415,12024,Constellation Brands,"$49,730,000,000",,,United States
416,12024,Compass Group,"$49,630,000,000",,,United Kingdom
417,12024,Ross Stores,"$49,550,000,000",,,United States
418,12024,Aflac,"$49,260,000,000",,,United States
419,12024,lululemon athletica,"$49,070,000,000",,,Canada
420,12024,Cencora,"$48,740,000,000",,,United States
421,12024,Kering,"$48,670,000,000",,,France
422,12024,United Rentals,"$48,380,000,000",,,United States
423,12024,Microchip Technology,"$48,190,000,000",,,United States
424,12024,Mindray,"$48,010,000,000",,,China
425,12024,Industrial Bank,"$47,690,000,000",,,China
426,12024,Nucor,"$47,650,000,000",,,United States
427,12024,Xiaomi,"$47,600,000,000",,,China
428,12024,Sika,"$47,360,000,000",,,Switzerland
429,12024,Maruti Suzuki India,"$47,230,000,000",,,India
431,12024,QNB Finansleasing,"$46,960,000,000",,,Turkey
432,12024,Suncor Energy,"$46,950,000,000",,,Canada
433,12024,Williams Companies,"$46,950,000,000",,,United States
434,12024,CIBC,"$46,920,000,000",,,Canada
435,12024,Japan Tobacco,"$46,890,000,000",,,Japan
436,12024,Fomento Económico Mexicano,"$46,600,000,000",,,Mexico
437,12024,Old Dominion Freight Line,"$46,570,000,000",,,United States
438,12024,Lennar,"$46,440,000,000",,,United States
439,12024,Interactive Brokers,"$46,440,000,000",,,United States
440,12024,Oneok,"$46,410,000,000",,,United States
441,12024,Grupo México,"$46,310,000,000",,,Mexico
442,12024,Realty Income,"$46,300,000,000",,,United States
443,12024,Hess,"$46,240,000,000",,,United States
444,12024,Sun Pharmaceutical,"$46,210,000,000",,,India
445,12024,IQVIA,"$45,970,000,000",,,United States
446,12024,Crown Castle,"$45,880,000,000",,,United States
447,12024,OCBC Bank,"$45,840,000,000",,,Singapore
448,12024,Digital Realty,"$45,810,000,000",,,United States
449,12024,Kaspi.kz Joint Stock Company,"$45,750,000,000",,,Kazakhstan
451,12024,Sempra Energy,"$45,040,000,000",,,United States
453,12024,IDEXX Laboratories,"$44,830,000,000",,,United States
454,12024,Takeda Pharmaceutical,"$44,780,000,000",,,Japan
455,12024,TE Connectivity,"$44,750,000,000",,,Switzerland
456,12024,Allstate,"$44,670,000,000",,,United States
457,12024,American Electric Power,"$44,650,000,000",,,United States
458,12024,Rolls-Royce Holdings,"$44,630,000,000",,,United Kingdom
459,12024,Manulife Financial,"$44,530,000,000",,,Canada
460,12024,Crédit Agricole,"$44,490,000,000",,,France
461,12024,Infineon,"$44,440,000,000",,,Germany
462,12024,Kraft Heinz,"$44,400,000,000",,,United States
463,12024,Ferguson,"$44,370,000,000",,,United Kingdom
464,12024,Waste Connections,"$44,240,000,000",,,United States
465,12024,Fastenal,"$44,230,000,000",,,United States
466,12024,Hoya,"$44,220,000,000",,,Japan
467,12024,Johnson Controls,"$44,200,000,000",,,Ireland
468,12024,MSCI,"$44,120,000,000",,,United States
469,12024,Samsung Biologics,"$44,080,000,000",,,South Korea
470,12024,Lonza,"$43,960,000,000",,,Switzerland
471,12024,Hyundai,"$43,770,000,000",,,South Korea
472,12024,Paychex,"$43,720,000,000",,,United States
473,12024,Pacific Gas and Electric,"$43,710,000,000",,,United States
474,12024,Ameriprise Financial,"$43,680,000,000",,,United States
475,12024,Jingdong Mall,"$43,520,000,000",,,China
476,12024,Alpha Dhabi,"$43,400,000,000",,,United Arab Emirates
477,12024,Emirates Telecom (Etisalat Group),"$43,240,000,000",,,United Arab Emirates
478,12024,Agilent Technologies,"$43,180,000,000",,Healthcare,United States
480,12024,Tata Motors,"$43,000,000,000",,,India
481,12024,Novatek,"$42,940,000,000",,,Russia
483,12024,Kimberly-Clark,"$42,870,000,000",,,United States
484,12024,Bank of New York Mellon,"$42,860,000,000",,,United States
486,12024,Adani Enterprises,"$42,740,000,000",,,India
487,12024,The Trade Desk,"$42,640,000,000",,,United States
488,12024,Ametek,"$42,470,000,000",,,United States
489,12024,Banco Santander Brasil,"$42,430,000,000",,,Brazil
490,12024,Kotak Mahindra Bank,"$42,380,000,000",,,India
491,12024,Charter Communications,"$42,370,000,000",,,United States
492,12024,Grayscale Bitcoin Trust,"$42,360,000,000",,,United States
493,12024,Fidelity National Information Services,"$42,340,000,000",,,United States
494,12024,Moderna,"$42,340,000,000",,,United States
495,12024,Lloyds Banking Group,"$42,310,000,000",,,United Kingdom
496,12024,Bank Mandiri,"$42,250,000,000",,,Indonesia
497,12024,Humana,"$42,130,000,000",,,United States
498,12024,Prudential Financial,"$42,030,000,000",,,United States
499,12024,Centene,"$41,900,000,000",,,United States
500,12024,Hikvision,"$41,890,000,000",,,China
501,12024,MPLX,"$41,750,000,000",,,United States
502,12024,Danone,"$41,520,000,000",,,France
503,12024,Ares Management,"$41,510,000,000",,,United States
504,12024,Keurig Dr Pepper,"$41,370,000,000",,,United States
505,12024,Alcon,"$41,300,000,000",,,Switzerland
506,12024,Dow,"$41,160,000,000",,,United States
507,12024,Goodman Group,"$41,160,000,000",,,Australia
508,12024,TC Energy,"$41,120,000,000",,,Canada
509,12024,GE HealthCare Technologies,"$41,120,000,000",,,United States
510,12024,Kenvue,"$41,060,000,000",,,United States
511,12024,ENGIE,"$41,000,000,000",,,France
512,12024,Datadog,"$40,980,000,000",,,United States
513,12024,Kroger,"$40,960,000,000",,,United States
514,12024,Givaudan,"$40,950,000,000",,,Switzerland
515,12024,Japan Post Bank,"$40,900,000,000",,,Japan
516,12024,Pernod Ricard,"$40,820,000,000",,,France
517,12024,Sysco,"$40,790,000,000",,,United States
518,12024,Experian,"$40,790,000,000",,,Ireland
519,12024,Dominion Energy,"$40,640,000,000",,,United States
520,12024,Newmont,"$40,630,000,000",,,United States
521,12024,Daimler Truck,"$40,610,000,000",,,Germany
522,12024,First Abu Dhabi Bank,"$40,550,000,000",,,United Arab Emirates
523,12024,Jiangsu Hengrui Medicine,"$40,520,000,000",,,China
524,12024,Otis Worldwide,"$40,480,000,000",,,United States
525,12024,L3Harris Technologies,"$40,390,000,000",,,United States
526,12024,Gazprom,"$40,370,000,000",,,Russia
527,12024,Kinder Morgan,"$40,280,000,000",,,United States
528,12024,Daikin,"$40,240,000,000",,,Japan
529,12024,Cummins,"$40,160,000,000",,,United States
531,12024,Titan Company,"$40,070,000,000",,,India
532,12024,Bayan Resources,"$40,000,000,000",,,Indonesia
533,12024,STMicroelectronics,"$39,890,000,000",,,Switzerland
534,12024,Corteva,"$39,830,000,000",,,United States
535,12024,Kuwait Finance House,"$39,810,000,000",,,Kuwait
536,12024,Reckitt Benckiser,"$39,750,000,000",,,United Kingdom
537,12024,Nordea Bank,"$39,630,000,000",,,Finland
538,12024,Adidas,"$39,580,000,000",,,Germany
539,12024,Disco Corp.,"$39,570,000,000",,,Japan
540,12024,Generali,"$39,540,000,000",,,Italy
541,12024,Oil & Natural Gas,"$39,540,000,000",,,India
542,12024,The Hershey Company,"$39,500,000,000",,,United States
543,12024,Ambev,"$39,440,000,000",,,Brazil
544,12024,General Mills,"$39,320,000,000",,,United States
545,12024,CoStar Group,"$39,290,000,000",,,United States
546,12024,Compagnie de Saint-Gobain,"$39,240,000,000",,,France
548,12024,Exor,"$39,070,000,000",,,Netherlands
549,12024,Axis Bank,"$39,040,000,000",,,India
550,12024,Haleon,"$38,940,000,000",,,United Kingdom
552,12024,Las Vegas Sands,"$38,790,000,000",,,United States
553,12024,CaixaBank,"$38,770,000,000",,,Spain
554,12024,Capgemini,"$38,750,000,000",,,France
555,12024,Yum! Brands,"$38,630,000,000",,,United States
556,12024,NTPC Limited,"$38,620,000,000",,,India
557,12024,Ingersoll Rand,"$38,430,000,000",,,Ireland
558,12024,Woodside Energy,"$38,270,000,000",,,Australia
559,12024,EQT,"$38,200,000,000",,,Sweden
560,12024,Luzhou Laojiao,"$38,150,000,000",,,China
562,12024,Baidu,"$37,920,000,000",,,China
563,12024,Quanta Services,"$37,850,000,000",,,United States
564,12024,7-Eleven,"$37,850,000,000",,,Japan
565,12024,Martin Marietta,"$37,820,000,000",,,United States
566,12024,Cheniere Energy,"$37,810,000,000",,,United States
567,12024,Wolters Kluwer,"$37,710,000,000",,,Netherlands
568,12024,Veeva Systems,"$37,640,000,000",,,United States
569,12024,Gartner,"$37,490,000,000",,,United States
570,12024,Swiss Re,"$37,470,000,000",,,Switzerland
571,12024,Deutsche Börse,"$37,460,000,000",,,Germany
572,12024,CITIC Bank,"$37,380,000,000",,,China
573,12024,Exelon Corporation,"$37,300,000,000",,,United States
575,12024,Hong Kong Exchanges & Clearing,"$37,070,000,000",,,Hong Kong
576,12024,Cenovus Energy,"$37,060,000,000",,,Canada
577,12024,CITIC Securities,"$37,030,000,000",,,China
578,12024,UOB,"$36,880,000,000",,,Singapore
579,12024,Imperial Oil,"$36,780,000,000",,,Canada
580,12024,Flutter Entertainment,"$36,760,000,000",,,Ireland
581,12024,Partners Group,"$36,750,000,000",,,Switzerland
582,12024,BTG Pactual,"$36,690,000,000",,,Brazil
583,12024,Cognizant Technology Solutions,"$36,650,000,000",,,United States
584,12024,E.ON,"$36,350,000,000",,,Germany
585,12024,Nasdaq,"$36,270,000,000",,,United States
586,12024,SMC corp,"$36,140,000,000",,,Japan
587,12024,Vulcan Materials,"$36,070,000,000",,,United States
588,12024,QNB (Qatar National Bank),"$36,070,000,000",,,Qatar
589,12024,Murata Manufacturing (Murata Seisakusho),"$35,880,000,000",,,Japan
590,12024,Royal Caribbean,"$35,850,000,000",,,United States
591,12024,Barclays,"$35,560,000,000",,,United Kingdom
592,12024,Mitsubishi Electric,"$35,560,000,000",,,Japan
593,12024,Thales,"$35,470,000,000",,,France
594,12024,Restaurant Brands International,"$35,350,000,000",,,Canada
596,12024,Electronic Arts,"$35,250,000,000",,,United States
597,12024,Diamondback Energy,"$35,070,000,000",,,United States
601,12024,Adani Green Energy,"$34,660,000,000",,,India
602,12024,Wanhua Chemical,"$34,640,000,000",,,China
603,12024,CDW Corporation,"$34,610,000,000",,,United States
604,12024,DMart,"$34,600,000,000",,,India
605,12024,Halliburton,"$34,560,000,000",,,United States
606,12024,Loblaw Companies,"$34,530,000,000",,,Canada
607,12024,3i Group,"$34,470,000,000",,,United Kingdom
608,12024,Adani Ports & SEZ,"$34,310,000,000",,,India
609,12024,Arch Capital,"$34,220,000,000",,,Bermuda
610,12024,PPG Industries,"$34,010,000,000",,,United States
611,12024,DSV,"$33,950,000,000",,,Denmark
612,12024,Dollar General,"$33,870,000,000",,,United States
613,12024,Dubai Electricity and Water Authority (DEWA),"$33,620,000,000",,,United Arab Emirates
614,12024,Global Payments,"$33,610,000,000",,,United States
615,12024,Verisk Analytics,"$33,540,000,000",,,United States
617,12024,LyondellBasell,"$33,400,000,000",,,United States
618,12024,Rockwell Automation,"$33,370,000,000",,,United States
619,12024,Baker Hughes,"$33,350,000,000",,,United States
620,12024,Beiersdorf,"$33,320,000,000",,,Germany
621,12024,UltraTech Cement,"$33,300,000,000",,,India
622,12024,Ryanair,"$33,280,000,000",,,Ireland
623,12024,Kia,"$33,240,000,000",,,South Korea
624,12024,PSEG,"$33,230,000,000",,,United States
625,12024,Advantest,"$33,190,000,000",,,Japan
626,12024,Hannover Rück,"$33,100,000,000",,,Germany
627,12024,Assa Abloy,"$32,960,000,000",,,Sweden
628,12024,Japan Post Holdings,"$32,860,000,000",,,Japan
629,12024,Coca-Cola European Partners,"$32,840,000,000",,,United Kingdom
630,12024,Monolithic Power Systems,"$32,750,000,000",,,United States
631,12024,Anglo American,"$32,730,000,000",,,United Kingdom
632,12024,Kühne + Nagel,"$32,720,000,000",,,Switzerland
634,12024,Cloudflare,"$32,600,000,000",,,United States
635,12024,Equifax,"$32,590,000,000",,,United States
636,12024,Asian Paints,"$32,590,000,000",,,India
637,12024,MicroStrategy,"$32,560,000,000",,,United States
638,12024,Hexagon,"$32,490,000,000",,,Sweden
639,12024,WEG ON,"$32,470,000,000",,,Brazil
640,12024,Toyota Industries,"$32,380,000,000",,,Japan
641,12024,ON Semiconductor,"$32,310,000,000",,,United States
642,12024,Invest Bank,"$32,240,000,000",,,United Arab Emirates
643,12024,Archer Daniels Midland (ADM),"$32,110,000,000",,,United States
645,12024,Extra Space Storage,"$32,100,000,000",,,United States
646,12024,Discover Financial Services,"$32,070,000,000",,,United States
647,12024,Banco do Brasil,"$32,070,000,000",,,Brazil
648,12024,Muyuan Foods,"$31,960,000,000",,,China
649,12024,Dupont De Nemours,"$31,940,000,000",,,United States
650,12024,Henkel,"$31,910,000,000",,,Germany
651,12024,Deutsche Bank,"$31,800,000,000",,,Germany
652,12024,Swisscom,"$31,790,000,000",,,Switzerland
653,12024,Coal India,"$31,780,000,000",,,India
654,12024,Naspers,"$31,770,000,000",,,South Africa
655,12024,Sun Life Financial,"$31,740,000,000",,,Canada
658,12024,Coupang,"$31,580,000,000",,,South Korea
659,12024,HubSpot,"$31,580,000,000",,,United States
660,12024,Foshan Haitian Flavouring and Food,"$31,540,000,000",,,China
662,12024,Biogen,"$31,440,000,000",,,United States
663,12024,Devon Energy,"$31,400,000,000",,,United States
664,12024,Orange,"$31,360,000,000",,,France
665,12024,Xylem,"$31,280,000,000",,,United States
666,12024,Renesas Electronics,"$31,280,000,000",,,Japan
667,12024,FICO,"$31,270,000,000",,,United States
668,12024,BCE,"$31,250,000,000",,,Canada
669,12024,Chandra Asri Petrochemical,"$31,250,000,000",,,Indonesia
672,12024,Bajaj Auto,"$31,160,000,000",,,India
673,12024,Consolidated Edison,"$31,110,000,000",,,United States
674,12024,Singtel,"$31,100,000,000",,,Singapore
675,12024,Quanta Computer,"$31,040,000,000",,,Taiwan
676,12024,VICI Properties,"$31,030,000,000",,,United States
677,12024,Vertiv Holdings,"$30,940,000,000",,,United States
678,12024,Banco Bradesco,"$30,900,000,000",,,Brazil
679,12024,QNB Finansbank,"$30,870,000,000",,,Turkey
680,12024,DSM-Firmenich,"$30,840,000,000",,,Switzerland
681,12024,Ashtead,"$30,750,000,000",,,United Kingdom
682,12024,Li Auto,"$30,740,000,000",,,China
683,12024,Banorte,"$30,710,000,000",,,Mexico
684,12024,Chunghwa Telecom,"$30,650,000,000",,,Taiwan
685,12024,ASM International,"$30,610,000,000",,,Netherlands
686,12024,Sea (Garena),"$30,460,000,000",,,Singapore
687,12024,Delta Air Lines,"$30,430,000,000",,,United States
688,12024,Coloplast,"$30,430,000,000",,,Denmark
689,12024,Bridgestone,"$30,420,000,000",,,Japan
690,12024,Fujitsu,"$30,420,000,000",,,Japan
691,12024,The Hartford,"$30,410,000,000",,,United States
692,12024,Ansys,"$30,270,000,000",,,United States
693,12024,Bajaj Finserv,"$30,250,000,000",,,India
694,12024,Bayer,"$30,240,000,000",,,Germany
695,12024,Fortive,"$30,220,000,000",,,United States
696,12024,Wipro,"$30,220,000,000",,,India
698,12024,KBC,"$30,180,000,000",,,Belgium
699,12024,Powergrid Corporation of India,"$30,180,000,000",,,India
700,12024,China State Construction Engineering,"$30,170,000,000",,,China
701,12024,Mitsui Fudosan,"$30,130,000,000",,,Japan
702,12024,Gree Electric Appliances,"$30,130,000,000",,,China
703,12024,DNB,"$30,120,000,000",,,Norway
704,12024,Sumitomo,"$30,080,000,000",,,Japan
706,12024,Mitsubishi Heavy Industries,"$29,890,000,000",,,Japan
707,12024,Nestlé India,"$29,710,000,000",,,India
709,12024,Anta Sports,"$29,680,000,000",,,China
710,12024,Emirates NBD Bank PJSC,"$29,670,000,000",,,United Arab Emirates
711,12024,Xcel Energy,"$29,630,000,000",,,United States
712,12024,NatWest Group,"$29,620,000,000",,,United Kingdom
713,12024,CBRE Group,"$29,600,000,000",,,United States
714,12024,Aena,"$29,570,000,000",,,Spain
718,12024,Great-West Lifeco,"$29,490,000,000",,,Canada
719,12024,HP,"$29,470,000,000",,,United States
720,12024,Canon,"$29,440,000,000",,,Japan
721,12024,Ferrovial,"$29,370,000,000",,,Spain
722,12024,Dr. Sulaiman Al Habib Medical Services Group Company,"$29,330,000,000",,,Saudi Arabia
723,12024,Marubeni,"$29,240,000,000",,,Japan
724,12024,Luxshare Precision,"$29,180,000,000",,,China
725,12024,Shanghai Pudong Development Bank,"$29,120,000,000",,,China
726,12024,Haier Smart Home,"$29,120,000,000",,,China
727,12024,Zscaler,"$28,990,000,000",,,United States
728,12024,Intact Financial,"$28,970,000,000",,,Canada
729,12024,Rocket Companies,"$28,950,000,000",,,United States
730,12024,Dollar Tree,"$28,880,000,000",,,United States
731,12024,ResMed,"$28,870,000,000",,,United States
732,12024,West Pharmaceutical,"$28,850,000,000",,,United States
733,12024,East Money Information,"$28,830,000,000",,,China
734,12024,Agnico Eagle Mines,"$28,820,000,000",,,Canada
735,12024,National Bank of Canada,"$28,640,000,000",,,Canada
736,12024,Celltrion,"$28,620,000,000",,,South Korea
737,12024,GlobalFoundries,"$28,610,000,000",,,United States
738,12024,Mettler-Toledo,"$28,570,000,000",,,United States
739,12024,Trip.com,"$28,560,000,000",,,China
740,12024,Telstra,"$28,540,000,000",,,Australia
741,12024,MS&AD Insurance,"$28,530,000,000",,,Japan
743,12024,Barrick Gold,"$28,470,000,000",,,Canada
744,12024,Skandinaviska Enskilda Banken,"$28,470,000,000",,,Sweden
745,12024,Ping An Bank,"$28,460,000,000",,,China
746,12024,Bank of China (Hong Kong),"$28,440,000,000",,,Hong Kong
747,12024,Sandvik,"$28,440,000,000",,,Sweden
748,12024,Fubon Financial,"$28,410,000,000",,,Taiwan
749,12024,Garmin,"$28,370,000,000",,,Switzerland
750,12024,Ahold Delhaize,"$28,310,000,000",,,Netherlands
751,12024,Willis Towers Watson,"$28,270,000,000",,,United Kingdom
752,12024,Corning,"$28,240,000,000",,,United States
753,12024,Vestas Wind Systems,"$28,200,000,000",,,Denmark
754,12024,CITIC limited,"$28,180,000,000",,,China
755,12024,Sun Hung Kai Properties,"$28,170,000,000",,,Hong Kong
756,12024,Komatsu,"$28,160,000,000",,,Japan
758,12024,Tractor Supply,"$28,100,000,000",,,United States
759,12024,Mahindra & Mahindra,"$28,090,000,000",,,India
760,12024,Amadeus IT Group,"$28,030,000,000",,,Spain
762,12024,Howmet Aerospace,"$27,930,000,000",,,United States
763,12024,The People's Insurance Company (PICC),"$27,910,000,000",,,China
764,12024,Delta Electronics,"$27,900,000,000",,,Taiwan
766,12024,Chocoladefabriken Lindt & Sprüngli,"$27,700,000,000",,,Switzerland
767,12024,Terumo,"$27,620,000,000",,,Japan
768,12024,Michelin,"$27,560,000,000",,,France
769,12024,Indian Oil,"$27,480,000,000",,,India
771,12024,Cardinal Health,"$27,370,000,000",,,United States
772,12024,Legrand,"$27,350,000,000",,,France
773,12024,Keysight,"$27,200,000,000",,,United States
774,12024,Zimmer Biomet,"$27,190,000,000",,,United States
775,12024,ICON plc,"$27,180,000,000",,,Ireland
776,12024,Novozymes,"$27,100,000,000",,,Denmark
778,12024,T. Rowe Price,"$27,020,000,000",,,United States
780,12024,Publicis Groupe,"$27,000,000,000",,,France
781,12024,H&M,"$26,950,000,000",,,Sweden
782,12024,Prudential,"$26,940,000,000",,,United Kingdom
783,12024,eBay,"$26,890,000,000",,,United States
784,12024,Blue Owl Capital,"$26,830,000,000",,,United States
785,12024,Jio Financial Services,"$26,760,000,000",,,India
786,12024,Fujifilm,"$26,730,000,000",,,Japan
788,12024,Edison International,"$26,690,000,000",,,United States
789,12024,Raymond James,"$26,630,000,000",,,United States
790,12024,Symbotic,"$26,620,000,000",,,United States
791,12024,Transurban,"$26,610,000,000",,,Australia
793,12024,Jardine Matheson,"$26,600,000,000",,,Hong Kong
794,12024,Kuaishou Technology,"$26,600,000,000",,,China
795,12024,Tesco,"$26,570,000,000",,,United Kingdom
796,12024,Schindler Group,"$26,560,000,000",,,Switzerland
797,12024,Nutrien,"$26,520,000,000",,,Canada
798,12024,PTT PCL,"$26,520,000,000",,,Thailand
799,12024,Fanuc,"$26,470,000,000",,,Japan
800,12024,Splunk,"$26,440,000,000",,,United States
801,12024,Klabin,"$26,400,000,000",,,Brazil
802,12024,Mobileye,"$26,360,000,000",,,Israel
803,12024,Hindustan Aeronautics,"$26,350,000,000",,,India
804,12024,Woolworths Group,"$26,350,000,000",,,Australia
805,12024,China Pacific Insurance,"$26,250,000,000",,,China
806,12024,Weyerhaeuser,"$26,210,000,000",,,United States
807,12024,DLF,"$26,170,000,000",,,India
808,12024,Hapag-Lloyd,"$26,150,000,000",,,Germany
809,12024,MongoDB,"$26,130,000,000",,,United States
810,12024,AvalonBay Communities,"$26,080,000,000",,,United States
811,12024,Verbund AG,"$25,850,000,000",,,Austria
812,12024,Wabtec,"$25,820,000,000",,,United States
813,12024,Evolution Gaming,"$25,780,000,000",,,Sweden
814,12024,Airports of Thailand,"$25,740,000,000",,,Thailand
815,12024,China Everbright Bank,"$25,700,000,000",,,China
816,12024,Danske Bank,"$25,680,000,000",,,Denmark
817,12024,Fairfax Financial,"$25,630,000,000",,,Canada
818,12024,WEC Energy Group,"$25,610,000,000",,,United States
820,12024,Techtronic Industries,"$25,580,000,000",,,Hong Kong
821,12024,CGI,"$25,570,000,000",,,Canada
822,12024,Builders FirstSource,"$25,560,000,000",,,United States
823,12024,Central Japan Railway,"$25,560,000,000",,,Japan
824,12024,Telefónica,"$25,550,000,000",,,Spain
825,12024,Straumann,"$25,550,000,000",,,Switzerland
826,12024,Lasertec,"$25,540,000,000",,,Japan
827,12024,NVR,"$25,520,000,000",,,United States
829,12024,ORIX,"$25,450,000,000",,,Japan
830,12024,Church & Dwight,"$25,410,000,000",,,United States
831,12024,RWE,"$25,370,000,000",,,Germany
833,12024,Nornickel,"$25,250,000,000",,,Russia
834,12024,LG Chem,"$25,240,000,000",,,South Korea
835,12024,Delta Electronics (Thailand),"$25,220,000,000",,,Thailand
837,12024,Fifth Third Bank,"$25,110,000,000",,,United States
838,12024,Cellnex Telecom,"$25,110,000,000",,,Spain
839,12024,Maybank,"$25,090,000,000",,,Malaysia
840,12024,Take 2 Interactive,"$25,060,000,000",,,United States
841,12024,Brown & Brown,"$24,930,000,000",,,United States
842,12024,ULTA Beauty,"$24,930,000,000",,,United States
843,12024,Dai-ichi Life Holdings,"$24,900,000,000",,,Japan
844,12024,PulteGroup,"$24,890,000,000",,,United States
845,12024,National Bank of Kuwait,"$24,860,000,000",,,Kuwait
846,12024,Yili Group,"$24,780,000,000",,,China
847,12024,Antofagasta,"$24,750,000,000",,,United Kingdom
848,12024,Brown Forman,"$24,740,000,000",,,United States
849,12024,Targa Resources,"$24,710,000,000",,,United States
850,12024,Live Nation,"$24,650,000,000",,,United States
851,12024,S.F. Express,"$24,640,000,000",,,China
852,12024,Align Technology,"$24,620,000,000",,,United States
854,12024,Molina Healthcare,"$24,520,000,000",,,United States
855,12024,POSCO,"$24,440,000,000",,,South Korea
857,12024,Toyota Tsusho,"$24,370,000,000",,,Japan
858,12024,Dover,"$24,340,000,000",,,United States
860,12024,CRRC,"$24,140,000,000",,,China
861,12024,M&T Bank,"$24,120,000,000",,,United States
862,12024,China Tourism Group Duty Free,"$24,100,000,000",,,China
863,12024,Deckers Brands,"$24,070,000,000",,,United States
864,12024,Vonovia,"$24,050,000,000",,,Germany
865,12024,Rheinmetall,"$24,030,000,000",,,Germany
866,12024,KONE,"$24,020,000,000",,,Finland
867,12024,Broadridge Financial Solutions,"$24,000,000,000",,,United States
869,12024,SAIC Motor,"$23,970,000,000",,,China
870,12024,Associated British Foods,"$23,940,000,000",,,United Kingdom
871,12024,SMIC,"$23,940,000,000",,,China
872,12024,Roblox,"$23,920,000,000",,,United States
873,12024,JSW Steel,"$23,920,000,000",,,India
874,12024,Adani Power,"$23,920,000,000",,,India
875,12024,Vodafone,"$23,910,000,000",,,United Kingdom
876,12024,Telkom Indonesia,"$23,900,000,000",,,Indonesia
877,12024,Cheniere Energy,"$23,760,000,000",,,United States
878,12024,HEICO,"$23,760,000,000",,,United States
879,12024,Vistra,"$23,760,000,000",,,United States
880,12024,Axon Enterprise,"$23,760,000,000",,,United States
881,12024,Equity Residential,"$23,740,000,000",,,United States
882,12024,UCB,"$23,730,000,000",,,Belgium
883,12024,ASE Group,"$23,710,000,000",,,Taiwan
885,12024,Pinterest,"$23,680,000,000",,,United States
886,12024,American Water Works,"$23,660,000,000",,,United States
887,12024,Argenx,"$23,660,000,000",,,Netherlands
888,12024,SBA Communications,"$23,570,000,000",,,United States
889,12024,Nidec,"$23,560,000,000",,,Japan
890,12024,Veolia,"$23,520,000,000",,,France
892,12024,Telus,"$23,480,000,000",,,Canada
893,12024,Iron Mountain,"$23,420,000,000",,,United States
894,12024,Riyad Bank,"$23,410,000,000",,,Saudi Arabia
896,12024,First Citizens BancShares,"$23,390,000,000",,,United States
897,12024,Uniper,"$23,350,000,000",,,Germany
898,12024,Ørsted,"$23,340,000,000",,,Denmark
899,12024,Sartorius,"$23,330,000,000",,,Germany
900,12024,Ecopetrol,"$23,290,000,000",,,Colombia
901,12024,Steel Dynamics,"$23,240,000,000",,,United States
902,12024,State Street Corporation,"$23,210,000,000",,,United States
903,12024,Samsung SDI,"$23,210,000,000",,,South Korea
904,12024,Alinma Bank,"$23,110,000,000",,,Saudi Arabia
907,12024,SSE,"$23,040,000,000",,,United Kingdom
908,12024,DTE Energy,"$23,030,000,000",,,United States
909,12024,Tenaris,"$23,000,000,000",,,Luxembourg
910,12024,Mitsubishi Estate,"$22,990,000,000",,,Japan
911,12024,The Saudi British Bank,"$22,990,000,000",,,Saudi Arabia
912,12024,Hewlett Packard Enterprise,"$22,960,000,000",,,United States
913,12024,ArcelorMittal,"$22,910,000,000",,,Luxembourg
914,12024,China Minsheng Bank,"$22,910,000,000",,,China
916,12024,Nippon Steel,"$22,900,000,000",,,Japan
917,12024,Tata Steel,"$22,890,000,000",,,India
918,12024,Otsuka Holdings,"$22,880,000,000",,,Japan
919,12024,NTT Data,"$22,880,000,000",,,Japan
920,12024,AppLovin,"$22,820,000,000",,,United States
921,12024,Tradeweb,"$22,730,000,000",,,United States
922,12024,Teck Resources,"$22,720,000,000",,,Canada
923,12024,PTC,"$22,680,000,000",,,United States
924,12024,Rollins,"$22,620,000,000",,,United States
925,12024,Siemens India,"$22,620,000,000",,,India
926,12024,W. R. Berkley,"$22,610,000,000",,,United States
928,12024,Panasonic,"$22,560,000,000",,,Japan
929,12024,East Japan Railway,"$22,550,000,000",,,Japan
930,12024,Franco-Nevada,"$22,540,000,000",,,Canada
931,12024,Suzuki Motor,"$22,520,000,000",,,Japan
932,12024,Standard Chartered,"$22,460,000,000",,,United Kingdom
933,12024,Carnival Corporation,"$22,450,000,000",,,United States
934,12024,Epiroc,"$22,450,000,000",,,Sweden
935,12024,China Resources Land,"$22,420,000,000",,,Hong Kong
936,12024,Indian Railway Finance,"$22,420,000,000",,,India
938,12024,Shenzhen Inovance,"$22,390,000,000",,,China
939,12024,Entergy,"$22,360,000,000",,,United States
940,12024,Alexandria Real Estate Equities,"$22,330,000,000",,,United States
941,12024,EnBW Energie,"$22,290,000,000",,,Germany
942,12024,Steris,"$22,280,000,000",,,Ireland
943,12024,Swedbank,"$22,280,000,000",,,Sweden
944,12024,Great Wall Motors,"$22,240,000,000",,,China
945,12024,Hubbell,"$22,190,000,000",,,United States
946,12024,Cathay Financial Holding,"$22,180,000,000",,,Taiwan
947,12024,Galaxy Entertainment,"$22,130,000,000",,,Hong Kong
949,12024,BioNTech,"$22,100,000,000",,,Germany
950,12024,FirstEnergy,"$22,090,000,000",,,United States
951,12024,China Unicom,"$22,090,000,000",,,Hong Kong
952,12024,Western Digital,"$22,040,000,000",,,United States
953,12024,Illumina,"$22,030,000,000",,,United States
955,12024,Rogers Communication,"$22,000,000,000",,,Canada
956,12024,Sampo,"$21,890,000,000",,,Finland
957,12024,International Flavors & Fragrances,"$21,860,000,000",,,United States
958,12024,Fleetcor,"$21,790,000,000",,,United States
959,12024,Saudi Electricity,"$21,740,000,000",,,Saudi Arabia
960,12024,Itaúsa,"$21,720,000,000",,,Brazil
961,12024,NetApp,"$21,710,000,000",,,United States
962,12024,Dollarama,"$21,690,000,000",,,Canada
963,12024,Baxter,"$21,670,000,000",,,United States
964,12024,Genuine Parts Company,"$21,630,000,000",,,United States
967,12024,Varun Beverages,"$21,590,000,000",,,India
968,12024,DraftKings,"$21,570,000,000",,,United States
970,12024,Aptiv,"$21,440,000,000",,,Ireland
971,12024,COSCO Shipping,"$21,440,000,000",,,China
972,12024,Neste,"$21,390,000,000",,,Finland
973,12024,Invitation Homes,"$21,350,000,000",,,United States
974,12024,China Railway Group,"$21,350,000,000",,,China
975,12024,Erie Indemnity,"$21,340,000,000",,,United States
976,12024,Sungrow Power Supply,"$21,260,000,000",,,China
977,12024,Entegris,"$21,250,000,000",,,United States
978,12024,SM Investments Corporation,"$21,250,000,000",,,Philippines
981,12024,LONGi Green Energy Technology,"$21,200,000,000",,,China
982,12024,Sompo Holdings,"$21,160,000,000",,,Japan
983,12024,Naturgy,"$21,140,000,000",,,Spain
984,12024,Naver,"$21,140,000,000",,,South Korea
985,12024,Ball Corporation,"$21,130,000,000",,,United States
987,12024,WSP Global,"$21,090,000,000",,,Canada
991,12024,Tyson Foods,"$20,990,000,000",,,United States
992,12024,Wheaton Precious Metals,"$20,960,000,000",,,Canada
993,12024,Coterra Energy,"$20,930,000,000",,,United States
994,12024,Prada,"$20,930,000,000",,,Italy
995,12024,Société Générale,"$20,910,000,000",,,France
996,12024,Formosa Petrochemical,"$20,910,000,000",,,Taiwan
998,12024,Hang Seng Bank,"$20,900,000,000",,,Hong Kong
999,12024,Grupo Bimbo,"$20,820,000,000",,,Mexico
1000,12024,Warner Bros. Discovery,"$20,790,000,000",,,United States
1001,12024,MTR Corporation,"$20,780,000,000",,,Hong Kong
1002,12024,Samsara,"$20,730,000,000",,,United States
1003,12024,Eversource Energy,"$20,680,000,000",,,United States
1004,12024,Elm Company,"$20,680,000,000",,,Saudi Arabia
1005,12024,Yankuang Energy (Yanzhou Coal Mining),"$20,620,000,000",,,China
1006,12024,YANGHE,"$20,610,000,000",,,China
1008,12024,Zoom,"$20,480,000,000",,,United States
1009,12024,Waters Corporation,"$20,430,000,000",,,United States
1010,12024,Aeon,"$20,410,000,000",,,Japan
1011,12024,BOE Technology,"$20,410,000,000",,,China
1012,12024,HeidelbergCement,"$20,400,000,000",,,Germany
1013,12024,McCormick & Company,"$20,390,000,000",,,United States
1014,12024,United Microelectronics,"$20,380,000,000",,,Taiwan
1015,12024,Talanx,"$20,330,000,000",,,Germany
1016,12024,Coca-Cola FEMSA,"$20,320,000,000",,,Mexico
1017,12024,Teledyne,"$20,320,000,000",,,United States
1018,12024,WiseTech Global,"$20,320,000,000",,,Australia
1019,12024,Maersk,"$20,320,000,000",,,Denmark
1020,12024,Svenska Handelsbanken,"$20,310,000,000",,,Sweden
1021,12024,Chongqing Changan,"$20,310,000,000",,,China
1022,12024,Principal,"$20,300,000,000",,,United States
1023,12024,Borouge,"$20,290,000,000",,,United Arab Emirates
1024,12024,Repsol,"$20,250,000,000",,,Spain
1025,12024,Cooper Companies,"$20,240,000,000",,,United States
1026,12024,PPL,"$20,220,000,000",,,United States
1028,12024,CLP Group,"$20,190,000,000",,,Hong Kong
1029,12024,Grupo Carso,"$20,190,000,000",,,Mexico
1030,12024,J. B. Hunt,"$20,160,000,000",,,United States
1031,12024,Williams-Sonoma,"$20,130,000,000",,,United States
1032,12024,Moncler,"$20,110,000,000",,,Italy
1033,12024,Huntington Bancshares,"$20,070,000,000",,,United States
1034,12024,Nokia,"$20,060,000,000",,,Finland
1035,12024,Astellas Pharma,"$20,050,000,000",,,Japan
1036,12024,Markel,"$20,020,000,000",,,United States
1037,12024,China Tower,"$20,020,000,000",,,China
1038,12024,Genmab,"$20,000,000,000",,,Denmark
1039,12024,CTBC Financial Holding,"$20,000,000,000",,,Taiwan
1040,12024,Darden Restaurants,"$19,930,000,000",,,United States
1041,12024,Industries Qatar,"$19,930,000,000",,,Qatar
1042,12024,Bank of Jiangsu,"$19,930,000,000",,,China
1043,12024,China Securities,"$19,850,000,000",,,China
1044,12024,Seagate Technology,"$19,810,000,000",,,Ireland
1045,12024,Geberit,"$19,750,000,000",,,Switzerland
1046,12024,Swiss Life,"$19,720,000,000",,,Switzerland
1047,12024,Emaar Properties,"$19,710,000,000",,,United Arab Emirates
1048,12024,Freddie Mac,"$19,640,000,000",,,United States
1049,12024,ČEZ Group,"$19,610,000,000",,,Czech Republic
1052,12024,Endesa,"$19,580,000,000",,,Spain
1053,12024,LPL Financial,"$19,550,000,000",,,United States
1054,12024,Westlake Chemical,"$19,530,000,000",,,United States
1055,12024,KB Financial Group,"$19,480,000,000",,,South Korea
1056,12024,Ameren,"$19,470,000,000",,,United States
1057,12024,Alnylam Pharmaceuticals,"$19,440,000,000",,,United States
1058,12024,Celsius Holdings,"$19,420,000,000",,,United States
1059,12024,Daiwa House,"$19,420,000,000",,,Japan
1060,12024,Z Holdings,"$19,420,000,000",,,Japan
1061,12024,NEC Corp,"$19,420,000,000",,,Japan
1062,12024,Fortis,"$19,400,000,000",,,Canada
1063,12024,Budweiser APAC,"$19,390,000,000",,,Hong Kong
1064,12024,Kellogg's,"$19,360,000,000",,,United States
1065,12024,Reliance Steel & Aluminum,"$19,340,000,000",,,United States
1066,12024,Cincinnati Financial,"$19,310,000,000",,,United States
1067,12024,Legal & General,"$19,310,000,000",,,United Kingdom
1068,12024,Weichai Power,"$19,300,000,000",,,China
1069,12024,Pembina Pipeline,"$19,280,000,000",,,Canada
1070,12024,Tencent Music,"$19,280,000,000",,,China
1071,12024,Kyocera,"$19,280,000,000",,,Japan
1072,12024,Ajinomoto,"$19,270,000,000",,,Japan
1073,12024,Imperial Brands,"$19,250,000,000",,,United Kingdom
1074,12024,Booz Allen Hamilton,"$19,230,000,000",,,United States
1075,12024,Jacobs Engineering,"$19,210,000,000",,,United States
1078,12024,Check Point Software,"$19,200,000,000",,,Israel
1079,12024,Bolloré,"$19,200,000,000",,,France
1080,12024,Centrais Electricas Brasileiras,"$19,190,000,000",,,Brazil
1081,12024,Nomura Holdings,"$19,190,000,000",,,Japan
1082,12024,Bank of Ningbo,"$19,130,000,000",,,China
1083,12024,TDK,"$19,120,000,000",,,Japan
1085,12024,Hormel Foods,"$19,080,000,000",,,United States
1086,12024,VeriSign,"$19,080,000,000",,,United States
1087,12024,Cboe,"$19,020,000,000",,,United States
1090,12024,Regions Financial,"$19,000,000,000",,,United States
1091,12024,Seres Group,"$18,990,000,000",,,China
1092,12024,Carlsberg,"$18,980,000,000",,,Denmark
1093,12024,Unicharm,"$18,960,000,000",,,Japan
1094,12024,Clorox,"$18,950,000,000",,,United States
1095,12024,Expedia Group,"$18,940,000,000",,,United States
1096,12024,Celanese,"$18,920,000,000",,,United States
1099,12024,Snap,"$18,890,000,000",,,United States
1100,12024,Arca Continental,"$18,860,000,000",,,Mexico
1101,12024,Inpex,"$18,860,000,000",,,Japan
1102,12024,Omnicom,"$18,840,000,000",,,United States
1103,12024,Grupo Financiero Inbursa,"$18,830,000,000",,,Mexico
1105,12024,Zomato,"$18,690,000,000",,,India
1106,12024,Asahi Group,"$18,670,000,000",,,Japan
1107,12024,Carlisle Companies,"$18,570,000,000",,,United States
1108,12024,PKN Orlen,"$18,560,000,000",,,Poland
1109,12024,Cameco,"$18,540,000,000",,,Canada
1110,12024,IDEX,"$18,530,000,000",,,United States
1111,12024,Textron,"$18,510,000,000",,,United States
1115,12024,SM Prime Holdings,"$18,490,000,000",,,Philippines
1116,12024,Shinhan Financial Group,"$18,470,000,000",,,South Korea
1117,12024,CK Hutchison Holdings,"$18,450,000,000",,,Hong Kong
1118,12024,Philips,"$18,420,000,000",,,Netherlands
1119,12024,Kubota,"$18,390,000,000",,,Japan
1120,12024,Traton,"$18,390,000,000",,,Germany
1121,12024,Ericsson,"$18,350,000,000",,,Sweden
1122,12024,George Weston,"$18,350,000,000",,,Canada
1123,12024,PKO Bank Polski,"$18,320,000,000",,,Poland
1124,12024,DiDi,"$18,310,000,000",,,China
1125,12024,Power Corporation of Canada,"$18,270,000,000",,,Canada
1126,12024,Pidilite,"$18,270,000,000",,,India
1127,12024,LabCorp,"$18,210,000,000",,,United States
1128,12024,Dick's Sporting Goods,"$18,190,000,000",,,United States
1129,12024,Royalty Pharma,"$18,190,000,000",,,United Kingdom
1130,12024,Hologic,"$18,150,000,000",,,United States
1131,12024,Walgreens Boots Alliance,"$18,120,000,000",,,United States
1132,12024,FirstRand,"$18,100,000,000",,,South Africa
1133,12024,Avery Dennison,"$18,050,000,000",,,United States
1134,12024,POSCO Chemical,"$18,030,000,000",,,South Korea
1135,12024,WuXi AppTec,"$18,020,000,000",,,China
1138,12024,UPM-Kymmene,"$18,000,000,000",,,Finland
1139,12024,Grasim Industries,"$17,980,000,000",,,India
1140,12024,CenterPoint Energy,"$17,910,000,000",,,United States
1141,12024,Northern Trust,"$17,900,000,000",,,United States
1142,12024,Aristocrat,"$17,900,000,000",,,Australia
1143,12024,CMS Energy,"$17,890,000,000",,,United States
1144,12024,First Solar,"$17,890,000,000",,,United States
1145,12024,MFHC,"$17,870,000,000",,,Taiwan
1146,12024,Atmos Energy,"$17,830,000,000",,,United States
1147,12024,Kakao,"$17,820,000,000",,,South Korea
1148,12024,Dassault Aviation,"$17,800,000,000",,,France
1149,12024,SGS,"$17,790,000,000",,,Switzerland
1150,12024,SBI Life Insurance,"$17,790,000,000",,,India
1151,12024,Tyler Technologies,"$17,780,000,000",,,United States
1152,12024,Ems-Chemie,"$17,770,000,000",,,Switzerland
1153,12024,Hyundai Mobis,"$17,760,000,000",,,South Korea
1154,12024,AerCap,"$17,730,000,000",,,Ireland
1155,12024,QBE Insurance,"$17,710,000,000",,,Australia
1157,12024,Nitori Holdings,"$17,700,000,000",,,Japan
1158,12024,Best Buy,"$17,630,000,000",,,United States
1159,12024,Leidos,"$17,620,000,000",,,United States
1160,12024,Erste Group Bank,"$17,610,000,000",,,Austria
1161,12024,Okta,"$17,560,000,000",,,United States
1162,12024,Ventas,"$17,550,000,000",,,United States
1163,12024,Kaō,"$17,540,000,000",,,Japan
1164,12024,Corebridge Financial,"$17,520,000,000",,,United States
1165,12024,InterContinental Hotels Group,"$17,510,000,000",,,United Kingdom
1166,12024,LTIMindtree,"$17,510,000,000",,,India
1170,12024,Bharat Electronics,"$17,500,000,000",,,India
1171,12024,James Hardie Industries,"$17,490,000,000",,,Ireland
1172,12024,Robinhood,"$17,490,000,000",,,United States
1173,12024,Hydro One,"$17,480,000,000",,,Canada
1174,12024,Southwest Airlines,"$17,460,000,000",,,United States
1175,12024,Expeditors,"$17,440,000,000",,,United States
1176,12024,PBBank (Public Bank Bhd),"$17,440,000,000",,,Malaysia
1179,12024,GoDaddy,"$17,390,000,000",,,United States
1180,12024,Loews Corporation,"$17,350,000,000",,,United States
1181,12024,Avantor,"$17,350,000,000",,,United States
1182,12024,Jabil,"$17,330,000,000",,,United States
1183,12024,Sonova,"$17,330,000,000",,,Switzerland
1184,12024,Subaru,"$17,320,000,000",,,Japan
1185,12024,Lennox,"$17,310,000,000",,,United States
1186,12024,Skyworks Solutions,"$17,280,000,000",,,United States
1187,12024,ZTO Express,"$17,270,000,000",,,China
1188,12024,Warner Music Group,"$17,250,000,000",,,United States
1189,12024,Sumitomo Realty & Development,"$17,220,000,000",,,Japan
1190,12024,Nippon Paint,"$17,210,000,000",,,Japan
1191,12024,Synchrony,"$17,200,000,000",,,United States
1192,12024,ADNOC Drilling Company,"$17,200,000,000",,,United Arab Emirates
1193,12024,Watsco,"$17,180,000,000",,,United States
1194,12024,Abiomed,"$17,180,000,000",,,United States
1195,12024,Everest Group,"$17,170,000,000",,,Bermuda
1196,12024,Domino's Pizza,"$17,140,000,000",,,United States
1197,12024,Commerzbank,"$17,130,000,000",,,Germany
1198,12024,BeiGene,"$17,120,000,000",,,China
1199,12024,Sany Heavy Industry,"$17,120,000,000",,,China
1200,12024,Severstal,"$17,110,000,000",,,Russia
1202,12024,Masco,"$17,100,000,000",,,United States
1203,12024,Aviva,"$17,100,000,000",,,United Kingdom
1204,12024,Teradyne,"$17,070,000,000",,,United States
1205,12024,FactSet,"$17,030,000,000",,,United States
1206,12024,Polyus,"$17,000,000,000",,,Russia
1207,12024,KE Holdings,"$16,960,000,000",,,China
1208,12024,Packaging Corporation of America,"$16,930,000,000",,,United States
1209,12024,Carlyle Group,"$16,880,000,000",,,United States
1210,12024,Terna,"$16,880,000,000",,,Italy
1211,12024,Olympus,"$16,870,000,000",,,Japan
1212,12024,AIER Eye Hospital,"$16,870,000,000",,,China
1213,12024,Advanced Info Service (AIS),"$16,850,000,000",,,Thailand
1214,12024,Essity,"$16,800,000,000",,,Sweden
1215,12024,Telefonica Brasil,"$16,730,000,000",,,Brazil
1216,12024,Kingspan Group,"$16,730,000,000",,,Ireland
1217,12024,BioMarin Pharmaceutical,"$16,710,000,000",,,United States
1219,12024,Bank of Beijing,"$16,670,000,000",,,China
1220,12024,Huaneng Power,"$16,630,000,000",,,China
1221,12024,Akamai,"$16,610,000,000",,,United States
1222,12024,Pure Storage,"$16,600,000,000",,,United States
1223,12024,Symrise,"$16,600,000,000",,,Germany
1224,12024,Emcor,"$16,540,000,000",,,United States
1225,12024,Trent Limited,"$16,540,000,000",,,India
1226,12024,Alfa Laval,"$16,510,000,000",,,Sweden
1229,12024,Abu Dhabi Commercial Bank (ADCB),"$16,500,000,000",,,United Arab Emirates
1230,12024,PTT Exploration and Production,"$16,490,000,000",,,Thailand
1231,12024,Nomura Research Institute,"$16,480,000,000",,,Japan
1232,12024,Suzano,"$16,460,000,000",,,Brazil
1233,12024,Otsuka,"$16,460,000,000",,,Japan
1234,12024,InterGlobe Aviation,"$16,430,000,000",,,India
1235,12024,Citizens Financial Group,"$16,410,000,000",,,United States
1236,12024,TPG Capital,"$16,400,000,000",,,United States
1237,12024,Sun Communities,"$16,390,000,000",,,United States
1238,12024,NICE,"$16,370,000,000",,,Israel
1239,12024,Guotai Junan Securities,"$16,350,000,000",,,China
1240,12024,Santos,"$16,340,000,000",,,Australia
1241,12024,EDP Group,"$16,310,000,000",,,Portugal
1242,12024,Tatneft,"$16,310,000,000",,,Russia
1244,12024,Hyatt Hotels,"$16,270,000,000",,,United States
1245,12024,Enphase Energy,"$16,260,000,000",,,United States
1246,12024,Porsche SE,"$16,260,000,000",,,Germany
1247,12024,Brookfield Asset Management,"$16,250,000,000",,,Canada
1248,12024,Punjab National Bank,"$16,240,000,000",,,India
1249,12024,Poste Italiane,"$16,220,000,000",,,Italy
1250,12024,Standard Bank Group,"$16,220,000,000",,,South Africa
1253,12024,Teva Pharmaceutical Industries,"$16,170,000,000",,,Israel
1254,12024,HDFC Life,"$16,170,000,000",,,India
1255,12024,CNH Industrial,"$16,130,000,000",,,United Kingdom
1256,12024,Tourmaline Oil,"$16,130,000,000",,,Canada
1257,12024,Snam,"$16,100,000,000",,,Italy
1258,12024,Pan Pacific International Holdings,"$16,070,000,000",,,Japan
1259,12024,Huatai Securities,"$16,060,000,000",,,China
1260,12024,Bank of Baroda,"$16,060,000,000",,,India
1261,12024,REA Group,"$16,050,000,000",,,Australia
1262,12024,Essex Property Trust,"$16,040,000,000",,,United States
1263,12024,Carvana,"$16,030,000,000",,,United States
1264,12024,ZTE,"$16,020,000,000",,,China
1266,12024,Sage Group,"$15,990,000,000",,,United Kingdom
1267,12024,EPAM Systems,"$15,980,000,000",,,United States
1268,12024,ABB India,"$15,980,000,000",,,India
1269,12024,Wilmar International,"$15,980,000,000",,,Singapore
1270,12024,SS&C Technologies,"$15,950,000,000",,,United States
1271,12024,POOLCORP,"$15,910,000,000",,,United States
1273,12024,EQT Corporation,"$15,890,000,000",,,United States
1274,12024,Nissan,"$15,890,000,000",,,Japan
1275,12024,Sumitomo Mitsui Trust Holdings,"$15,890,000,000",,,Japan
1276,12024,Graco,"$15,860,000,000",,,United States
1277,12024,China Communications Construction,"$15,850,000,000",,,China
1282,12024,Aker BP,"$15,800,000,000",,,Norway
1283,12024,Snap-on,"$15,680,000,000",,,United States
1284,12024,Mid-America Apartment Communities,"$15,670,000,000",,,United States
1285,12024,Nordson,"$15,650,000,000",,,United States
1286,12024,Magna International,"$15,640,000,000",,,Canada
1287,12024,Marathon Oil,"$15,630,000,000",,,United States
1289,12024,Secom,"$15,580,000,000",,,Japan
1290,12024,Trimble,"$15,550,000,000",,,United States
1291,12024,Bouygues,"$15,520,000,000",,,France
1292,12024,Formula One Group,"$15,510,000,000",,,United States
1294,12024,CF Industries,"$15,500,000,000",,,United States
1295,12024,Telenor,"$15,500,000,000",,,Norway
1296,12024,United Airlines Holdings,"$15,490,000,000",,,United States
1297,12024,Anhui Conch Cement,"$15,490,000,000",,,China
1298,12024,Saudi Arabian Fertilizer Company,"$15,490,000,000",,,Saudi Arabia
1299,12024,RPM International,"$15,480,000,000",,,United States
1300,12024,VAT Group,"$15,470,000,000",,,Switzerland
1301,12024,Bharat Petroleum,"$15,450,000,000",,,India
1302,12024,Aluminum Corporation of China,"$15,450,000,000",,,China
1303,12024,Grupo Elektra,"$15,430,000,000",,,Mexico
1304,12024,Saia,"$15,390,000,000",,,United States
1305,12024,Manhattan Associates,"$15,370,000,000",,,United States
1306,12024,Zebra Technologies,"$15,370,000,000",,,United States
1307,12024,Lamb Weston,"$15,340,000,000",,,United States
1308,12024,Bentley Systems,"$15,330,000,000",,,United States
1309,12024,Rentokil Initial,"$15,310,000,000",,,United Kingdom
1311,12024,Brookfield Renewable Partners,"$15,290,000,000",,,Bermuda
1312,12024,Yum China,"$15,270,000,000",,,China
1313,12024,TransUnion,"$15,260,000,000",,,United States
1314,12024,Power Finance Corp,"$15,250,000,000",,,India
1315,12024,Fresenius,"$15,220,000,000",,,Germany
1316,12024,Almarai,"$15,220,000,000",,,Saudi Arabia
1317,12024,China Merchants Securities,"$15,210,000,000",,,China
1319,12024,OMV,"$15,200,000,000",,,Austria
1320,12024,Industrivarden,"$15,200,000,000",,,Sweden
1321,12024,Godrej,"$15,170,000,000",,,India
1322,12024,Albemarle,"$15,130,000,000",,,United States
1323,12024,AMH (American Homes 4 Rent),"$15,130,000,000",,,United States
1324,12024,Nutanix,"$15,130,000,000",,,United States
1325,12024,News Corp,"$15,110,000,000",,,United States
1326,12024,China Longyuan Power Group,"$15,110,000,000",,,China
1328,12024,SEGRO,"$15,080,000,000",,,United Kingdom
1329,12024,Koç Holding,"$15,010,000,000",,,Turkey
1330,12024,Kerry Group,"$14,990,000,000",,,Ireland
1331,12024,Sirius XM,"$14,980,000,000",,,United States
1332,12024,Hindalco Industries,"$14,970,000,000",,,India
1333,12024,Stanley Black & Decker,"$14,920,000,000",,,United States
1334,12024,Shionogi,"$14,910,000,000",,,Japan
1337,12024,Hindustan Zinc,"$14,900,000,000",,,India
1338,12024,Tata Power,"$14,900,000,000",,,India
1339,12024,Sekisui House,"$14,890,000,000",,,Japan
1340,12024,Bunge,"$14,880,000,000",,,United States
1341,12024,Resona Holdings,"$14,880,000,000",,,Japan
1342,12024,China Overseas Land & Investment,"$14,850,000,000",,,Hong Kong
1343,12024,China Railway Construction,"$14,850,000,000",,,China
1345,12024,MGM Resorts,"$14,770,000,000",,,United States
1346,12024,Next plc,"$14,760,000,000",,,United Kingdom
1347,12024,Coles Group,"$14,760,000,000",,,Australia
1348,12024,CIMB Group,"$14,760,000,000",,,Malaysia
1349,12024,CK Infrastructure,"$14,750,000,000",,,Hong Kong
1350,12024,Burlington Stores,"$14,740,000,000",,,United States
1351,12024,Ivanhoe Mines,"$14,740,000,000",,,Canada
1353,12024,Host Hotels & Resorts,"$14,700,000,000",,,United States
1354,12024,Chow Tai Fook,"$14,700,000,000",,,Hong Kong
1355,12024,Tech Mahindra,"$14,700,000,000",,,India
1356,12024,KPN,"$14,690,000,000",,,Netherlands
1357,12024,Lincoln Electric,"$14,680,000,000",,,United States
1358,12024,Hong Kong and China Gas,"$14,640,000,000",,,Hong Kong
1359,12024,China Resources Beer,"$14,630,000,000",,,Hong Kong
1360,12024,Brambles,"$14,620,000,000",,,Australia
1361,12024,CK Asset Holdings,"$14,620,000,000",,,Hong Kong
1363,12024,Renault,"$14,600,000,000",,,France
1364,12024,Continental,"$14,560,000,000",,,Germany
1365,12024,Owens Corning,"$14,540,000,000",,,United States
1366,12024,Franklin Resources,"$14,540,000,000",,,United States
1368,12024,Quest Diagnostics,"$14,500,000,000",,,United States
1369,12024,KeyCorp (KeyBank),"$14,500,000,000",,,United States
1370,12024,New Oriental,"$14,490,000,000",,,China
1371,12024,Ryan Specialty Group,"$14,490,000,000",,,United States
1372,12024,Shandong Gold Mining,"$14,490,000,000",,,China
1373,12024,ENEOS Holdings,"$14,480,000,000",,,Japan
1374,12024,Novolipetsk Steel,"$14,470,000,000",,,Russia
1375,12024,Informa plc,"$14,430,000,000",,,United Kingdom
1376,12024,Japan Exchange Group,"$14,420,000,000",,,Japan
1377,12024,Cochlear,"$14,410,000,000",,,Australia
1378,12024,Lenovo,"$14,410,000,000",,,Hong Kong
1380,12024,Prysmian Group,"$14,400,000,000",,,Italy
1381,12024,BDO Unibank,"$14,350,000,000",,,Philippines
1382,12024,ABN AMRO,"$14,340,000,000",,,Netherlands
1383,12024,Santander Polska,"$14,340,000,000",,,Poland
1384,12024,EDP Renováveis,"$14,340,000,000",,,Spain
1385,12024,Ambuja Cements,"$14,340,000,000",,,India
1386,12024,IndusInd Bank,"$14,330,000,000",,,India
1387,12024,Molson Coors,"$14,310,000,000",,,United States
1388,12024,Hua Xia Bank,"$14,310,000,000",,,China
1390,12024,NRG Energy,"$14,300,000,000",,,United States
1391,12024,Leonardo,"$14,300,000,000",,,Italy
1392,12024,Gulf Energy Development Public Company,"$14,280,000,000",,,Thailand
1393,12024,GAIL,"$14,230,000,000",,,India
1394,12024,Britannia Industries,"$14,230,000,000",,,India
1395,12024,Fox Corporation,"$14,220,000,000",,,United States
1398,12024,Fidelity National Financial,"$14,190,000,000",,,United States
1399,12024,Cipla,"$14,180,000,000",,,India
1400,12024,LKQ Corporation,"$14,170,000,000",,,United States
1401,12024,Yandex,"$14,160,000,000",,,Netherlands
1402,12024,Singapore Airlines,"$14,140,000,000",,,Singapore
1403,12024,Henderson Land Development,"$14,140,000,000",,,Hong Kong
1404,12024,Pentair,"$14,110,000,000",,,United Kingdom
1405,12024,Siemens Energy,"$14,110,000,000",,,Germany
1407,12024,Conagra Brands,"$14,090,000,000",,,United States
1408,12024,Rural Electrification Corp,"$14,090,000,000",,,India
1409,12024,Gen Digital,"$14,070,000,000",,,United States
1410,12024,Tenaga Nasional,"$14,050,000,000",,,Malaysia
1411,12024,Nexon,"$14,050,000,000",,,Japan
1412,12024,Ritchie Bros. Auctioneers,"$14,040,000,000",,,Canada
1413,12024,XPO Logistics,"$14,040,000,000",,,United States
1414,12024,Viatris,"$14,040,000,000",,,United States
1417,12024,Air China,"$14,000,000,000",,,China
1418,12024,Avangrid,"$13,990,000,000",,,United States
1419,12024,XP Inc.,"$13,970,000,000",,,Brazil
1420,12024,Gold Fields,"$13,970,000,000",,,South Africa
1421,12024,TopBuild,"$13,940,000,000",,,United States
1422,12024,Amundi,"$13,940,000,000",,,France
1423,12024,Nippon Sanso,"$13,920,000,000",,,Japan
1424,12024,Bank Negara Indonesia,"$13,910,000,000",,,Indonesia
1427,12024,Nan Ya Plastics,"$13,880,000,000",,,Taiwan
1428,12024,Floor & Decor,"$13,870,000,000",,,United States
1429,12024,Bureau Veritas,"$13,860,000,000",,,France
1430,12024,Union Bank of India,"$13,860,000,000",,,India
1431,12024,Sociedad Química y Minera,"$13,850,000,000",,,Chile
1432,12024,Brookfield Infrastructure Partners,"$13,830,000,000",,,Bermuda
1433,12024,Charles River Laboratories,"$13,830,000,000",,,United States
1434,12024,Ovintiv,"$13,810,000,000",,,United States
1435,12024,Logitech,"$13,790,000,000",,,Switzerland
1436,12024,BT Group,"$13,740,000,000",,,United Kingdom
1437,12024,CarMax,"$13,730,000,000",,,United States
1438,12024,Vanke,"$13,730,000,000",,,China
1439,12024,Neurocrine Biosciences,"$13,710,000,000",,,United States
1443,12024,Amcor,"$13,700,000,000",,,Switzerland
1444,12024,Lodha Group,"$13,700,000,000",,,India
1446,12024,Aéroports de Paris,"$13,680,000,000",,,France
1447,12024,Suncorp,"$13,680,000,000",,,Australia
1448,12024,International Paper,"$13,640,000,000",,,United States
1449,12024,Formosa Plastics,"$13,630,000,000",,,Taiwan
1450,12024,Uni-President Enterprises,"$13,610,000,000",,,Taiwan
1451,12024,Adani Energy Solutions,"$13,600,000,000",,,India
1453,12024,Dynatrace,"$13,590,000,000",,,United States
1454,12024,MTU Aero Engines,"$13,570,000,000",,,Germany
1455,12024,Lundbergföretagen,"$13,570,000,000",,,Sweden
1456,12024,CP All,"$13,530,000,000",,,Thailand
1457,12024,B3,"$13,490,000,000",,,Brazil
1458,12024,Q Holding,"$13,480,000,000",,,United Arab Emirates
1459,12024,Shimano,"$13,470,000,000",,,Japan
1460,12024,Astra International,"$13,470,000,000",,,Indonesia
1461,12024,TFI International,"$13,430,000,000",,,Canada
1462,12024,Nitto Denko,"$13,410,000,000",,,Japan
1463,12024,E.SUN Bank,"$13,390,000,000",,,Taiwan
1464,12024,Western Midstream,"$13,370,000,000",,,United States
1465,12024,Galp Energia,"$13,370,000,000",,,Portugal
1466,12024,Credicorp,"$13,360,000,000",,,Bermuda
1467,12024,J.M. Smucker Company,"$13,340,000,000",,,United States
1468,12024,US Foods,"$13,340,000,000",,,United States
1469,12024,Toast,"$13,330,000,000",,,United States
1470,12024,OBIC,"$13,320,000,000",,,Japan
1474,12024,Advanced Drainage Systems,"$13,300,000,000",,,United States
1475,12024,Toll Brothers,"$13,270,000,000",,,United States
1476,12024,Xero,"$13,270,000,000",,,New Zealand
1477,12024,Edenred,"$13,250,000,000",,,France
1478,12024,AECOM,"$13,230,000,000",,,United States
1479,12024,Bank of Shanghai,"$13,230,000,000",,,China
1480,12024,AspenTech,"$13,210,000,000",,,United States
1482,12024,Permian Resources,"$13,200,000,000",,,United States
1483,12024,Pandora,"$13,200,000,000",,,Denmark
1485,12024,Morningstar,"$13,160,000,000",,,United States
1486,12024,UDR Apartments,"$13,150,000,000",,,United States
1487,12024,Ecopro,"$13,150,000,000",,,South Korea
1488,12024,Campbell Soup,"$13,130,000,000",,,United States
1490,12024,Hana Financial Group,"$13,100,000,000",,,South Korea
1491,12024,AMEC,"$13,090,000,000",,,China
1492,12024,A. O. Smith,"$13,060,000,000",,,United States
1493,12024,Bunzl,"$13,050,000,000",,,United Kingdom
1494,12024,Kimco Realty,"$13,020,000,000",,,United States
1495,12024,Revvity,"$13,020,000,000",,,United States
1496,12024,Samsung Life Insurance,"$13,010,000,000",,,South Korea
1497,12024,Bank Albilad,"$13,000,000,000",,,Saudi Arabia
1498,12024,Physicians Realty Trust,"$12,990,000,000",,,United States
1499,12024,AIB Group (Allied Irish Banks),"$12,980,000,000",,,Ireland
1500,12024,BB Seguridade Participações,"$12,960,000,000",,,Brazil
1501,12024,AkzoNobel,"$12,950,000,000",,,Netherlands
1502,12024,Bank of Nanjing,"$12,950,000,000",,,China
1503,12024,GFL Environmental,"$12,940,000,000",,,Canada
1504,12024,bioMérieux,"$12,940,000,000",,,France
1505,12024,Nippon Yūsen,"$12,930,000,000",,,Japan
1506,12024,Bruker,"$12,920,000,000",,,United States
1507,12024,Indian Overseas Bank,"$12,920,000,000",,,India
1510,12024,Capitec Bank,"$12,900,000,000",,,South Africa
1511,12024,UiPath,"$12,890,000,000",,,United States
1512,12024,Adevinta,"$12,870,000,000",,,Norway
1513,12024,Eicher Motors,"$12,860,000,000",,,India
1514,12024,Cemex,"$12,820,000,000",,,Mexico
1515,12024,Incyte,"$12,820,000,000",,,United States
1516,12024,Amerco,"$12,770,000,000",,,United States
1517,12024,Alliant Energy,"$12,740,000,000",,,United States
1518,12024,Sodexo,"$12,730,000,000",,,France
1519,12024,OTP Bank,"$12,730,000,000",,,Hungary
1520,12024,Reinsurance Group of America,"$12,700,000,000",,,United States
1521,12024,Tryg,"$12,700,000,000",,,Denmark
1522,12024,KEPCO,"$12,680,000,000",,,Japan
1523,12024,Sandoz Group,"$12,670,000,000",,,Switzerland
1524,12024,Bandai Namco,"$12,660,000,000",,,Japan
1525,12024,Westrock,"$12,640,000,000",,,United States
1527,12024,Kikkoman,"$12,600,000,000",,,Japan
1528,12024,Brenntag,"$12,600,000,000",,,Germany
1529,12024,Karuna Therapeutics,"$12,590,000,000",,,United States
1530,12024,Jerónimo Martins,"$12,590,000,000",,,Portugal
1531,12024,Tsingtao,"$12,590,000,000",,,China
1532,12024,Equity LifeStyle Properties,"$12,580,000,000",,,United States
1533,12024,NN Group,"$12,560,000,000",,,Netherlands
1534,12024,Grab Holdings,"$12,550,000,000",,,Singapore
1535,12024,Jack Henry & Associates,"$12,550,000,000",,,United States
1536,12024,Bank Leumi,"$12,550,000,000",,,Israel
1537,12024,Power Assets,"$12,530,000,000",,,Hong Kong
1538,12024,Power Financial,"$12,530,000,000",,,Canada
1539,12024,Equitable Holdings,"$12,510,000,000",,,United States
1540,12024,Mediobanca,"$12,480,000,000",,,Italy
1541,12024,Tata Consumer Products,"$12,480,000,000",,,India
1542,12024,Indian Hotels Company,"$12,470,000,000",,,India
1543,12024,Bangkok Dusit Medical Services (BDMS),"$12,460,000,000",,,Thailand
1544,12024,Bank Hapoalim,"$12,460,000,000",,,Israel
1545,12024,Abu Dhabi National Oil Company (ADNOC),"$12,450,000,000",,,United Arab Emirates
1546,12024,nVent Electric,"$12,440,000,000",,,United Kingdom
1547,12024,RenaissanceRe,"$12,430,000,000",,,Bermuda
1548,12024,Ares Capital,"$12,420,000,000",,,United States
1549,12024,Gaming and Leisure Properties,"$12,420,000,000",,,United States
1550,12024,Interpublic Group,"$12,410,000,000",,,United States
1551,12024,Sumitomo Denki Kōgyō,"$12,410,000,000",,,Japan
1552,12024,Medpace,"$12,400,000,000",,,United States
1554,12024,Qatar Islamic Bank,"$12,370,000,000",,,Qatar
1555,12024,Kinsale Capital Group,"$12,340,000,000",,,United States
1556,12024,Knorr-Bremse,"$12,340,000,000",,,Germany
1557,12024,Albertsons,"$12,330,000,000",,,United States
1558,12024,Lifco,"$12,330,000,000",,,Sweden
1559,12024,Huazhu Hotels,"$12,320,000,000",,,China
1561,12024,Swire Properties,"$12,290,000,000",,,Hong Kong
1562,12024,Canara Bank,"$12,290,000,000",,,India
1563,12024,LG Electronics,"$12,290,000,000",,,South Korea
1564,12024,NiSource,"$12,280,000,000",,,United States
1565,12024,AES,"$12,260,000,000",,,United States
1566,12024,Rakuten,"$12,250,000,000",,,Japan
1567,12024,W. P. Carey,"$12,230,000,000",,,United States
1568,12024,Kongsberg Gruppen,"$12,230,000,000",,,Norway
1569,12024,Metro,"$12,230,000,000",,,Canada
1570,12024,Universal Health Services,"$12,220,000,000",,,United States
1571,12024,Sarepta Therapeutics,"$12,220,000,000",,,United States
1574,12024,Astera Labs,"$12,180,000,000",,,United States
1575,12024,Evergy,"$12,180,000,000",,,United States
1576,12024,Carrefour,"$12,180,000,000",,,France
1577,12024,DocuSign,"$12,170,000,000",,,United States
1578,12024,Wiwynn,"$12,160,000,000",,,Taiwan
1579,12024,CNA Financial,"$12,140,000,000",,,United States
1580,12024,Dr. Reddy's,"$12,140,000,000",,,India
1581,12024,Exact Sciences,"$12,140,000,000",,,United States
1582,12024,Adani Total Gas,"$12,140,000,000",,,India
1583,12024,Plains All American Pipeline,"$12,130,000,000",,,United States
1584,12024,Eisai,"$12,120,000,000",,,Japan
1585,12024,China Southern Airlines,"$12,120,000,000",,,China
1586,12024,Lamar Advertising,"$12,110,000,000",,,United States
1587,12024,Vedanta,"$12,110,000,000",,,India
1588,12024,SAAB AB,"$12,110,000,000",,,Sweden
1589,12024,TVS Motor,"$12,110,000,000",,,India
1591,12024,Ally,"$12,100,000,000",,,United States
1592,12024,Juniper Networks,"$12,090,000,000",,,United States
1593,12024,Arabian Internet and Communications Services,"$12,090,000,000",,,Saudi Arabia
1594,12024,Turkish Airlines,"$12,090,000,000",,,Turkey
1595,12024,China Merchants Shekou Industrial Zone,"$12,090,000,000",,,China
1596,12024,Zydus Lifesciences,"$12,090,000,000",,,India
1597,12024,ShockWave Medical,"$12,060,000,000",,,United States
1598,12024,Flex,"$12,050,000,000",,,Singapore
1599,12024,Shanghai Airport (AVINEX),"$12,050,000,000",,,China
1600,12024,Banque Saudi Fransi,"$12,030,000,000",,,Saudi Arabia
1601,12024,Shinkin Central Bank,"$12,020,000,000",,,Japan
1602,12024,Yuanta Financial Holding,"$12,020,000,000",,,Taiwan
1603,12024,Davide Campari-Milano,"$12,010,000,000",,,Italy
1604,12024,Hai Di Lao Hot Pot,"$12,010,000,000",,,China
1606,12024,Taiwan Cooperative Financial,"$12,000,000,000",,,Taiwan
1608,12024,BE Semiconductor,"$11,990,000,000",,,Netherlands
1609,12024,Wise PLC,"$11,980,000,000",,,United Kingdom
1610,12024,DaVita,"$11,940,000,000",,,United States
1611,12024,Al Dar Properties,"$11,940,000,000",,,United Arab Emirates
1612,12024,Eurofins Scientific,"$11,930,000,000",,,Luxembourg
1614,12024,Ford Otosan,"$11,920,000,000",,,Turkey
1615,12024,Smurfit Kappa Group,"$11,910,000,000",,,Ireland
1616,12024,Regal Rexnord,"$11,860,000,000",,,United States
1617,12024,First Financial Holding,"$11,840,000,000",,,Taiwan
1618,12024,HF Sinclair,"$11,830,000,000",,,United States
1619,12024,Insulet,"$11,830,000,000",,,United States
1620,12024,Procore,"$11,820,000,000",,,United States
1622,12024,Accor,"$11,800,000,000",,,France
1623,12024,D'Ieteren Group,"$11,800,000,000",,,Belgium
1624,12024,Casey's General Stores,"$11,790,000,000",,,United States
1625,12024,Julius Bär,"$11,790,000,000",,,Switzerland
1626,12024,Performance Food Group,"$11,780,000,000",,,United States
1627,12024,Swatch,"$11,780,000,000",,,Switzerland
1628,12024,Reece Group,"$11,760,000,000",,,Australia
1629,12024,Allegion,"$11,750,000,000",,,Ireland
1630,12024,International Container Terminal Services,"$11,740,000,000",,,Philippines
1631,12024,Geely,"$11,730,000,000",,,China
1632,12024,Bank Pekao (Bank Polska Kasa Opieki),"$11,720,000,000",,,Poland
1633,12024,Hansoh Pharma,"$11,720,000,000",,,China
1634,12024,Zillow,"$11,710,000,000",,,United States
1635,12024,Eastman Chemical,"$11,710,000,000",,,United States
1636,12024,Recordati,"$11,690,000,000",,,Italy
1637,12024,ZoomInfo,"$11,640,000,000",,,United States
1638,12024,Rede D'Or Sao Luiz,"$11,630,000,000",,,Brazil
1639,12024,Arab National Bank,"$11,620,000,000",,,Saudi Arabia
1640,12024,EVE Energy,"$11,620,000,000",,,China
1641,12024,Coca-Cola HBC,"$11,610,000,000",,,Switzerland
1642,12024,Evergreen Marine,"$11,610,000,000",,,Taiwan
1644,12024,Nemetschek,"$11,590,000,000",,,Germany
1645,12024,JD Health,"$11,550,000,000",,,China
1646,12024,Pure Health Holding,"$11,550,000,000",,,United Arab Emirates
1647,12024,PChem (Petronas Chemicals Group),"$11,520,000,000",,,Malaysia
1648,12024,Volvo Car,"$11,520,000,000",,,Sweden
1649,12024,Smith & Nephew,"$11,510,000,000",,,United Kingdom
1650,12024,UWM Holdings,"$11,510,000,000",,,United States
1654,12024,Carl Zeiss Meditec,"$11,500,000,000",,,Germany
1656,12024,Localiza,"$11,490,000,000",,,Brazil
1657,12024,Chesapeake Energy,"$11,470,000,000",,,United States
1658,12024,Huntington Ingalls Industries,"$11,470,000,000",,,United States
1659,12024,Dubai Islamic Bank,"$11,470,000,000",,,United Arab Emirates
1660,12024,American Financial Group,"$11,440,000,000",,,United States
1661,12024,United Therapeutics,"$11,440,000,000",,,United States
1662,12024,Core & Main,"$11,430,000,000",,,United States
1663,12024,Sabesp,"$11,430,000,000",,,Brazil
1666,12024,Fresenius Medical Care,"$11,400,000,000",,,Germany
1667,12024,Wynn Resorts,"$11,400,000,000",,,United States
1668,12024,Scentre Group,"$11,400,000,000",,,Australia
1670,12024,China Steel,"$11,390,000,000",,,Taiwan
1671,12024,Cholamandalam Investment and Finance,"$11,390,000,000",,,India
1672,12024,Ayala Corporation,"$11,380,000,000",,,Philippines
1673,12024,Mitsui O.S.K. Lines,"$11,370,000,000",,,Japan
1674,12024,Comfort Systems,"$11,340,000,000",,,United States
1675,12024,Bank of the Philippine Islands,"$11,310,000,000","Banking, Finance",,Philippines
1676,12024,Surgutneftegas,"$11,310,000,000",,,Russia
1681,12024,Kirin Holdings,"$11,300,000,000",,,Japan
1682,12024,Sysmex,"$11,300,000,000",,,Japan
1683,12024,Hotai Motor,"$11,270,000,000",,,Taiwan
1684,12024,Affirm,"$11,260,000,000",,,United States
1685,12024,Unibail-Rodamco-Westfield,"$11,250,000,000",,,France
1686,12024,IHH Healthcare,"$11,240,000,000",,,Malaysia
1687,12024,Novatek Microelectronics,"$11,240,000,000",,,Taiwan
1688,12024,Mankind Pharma,"$11,240,000,000",,,India
1689,12024,ITT,"$11,230,000,000",,,United States
1690,12024,Shree Cement,"$11,230,000,000",,,India
1691,12024,Fortum,"$11,210,000,000",,,Finland
1692,12024,Halma,"$11,200,000,000",,,United Kingdom
1693,12024,Havells India,"$11,200,000,000",,,India
1694,12024,Link REIT,"$11,190,000,000",,,Hong Kong
1695,12024,Regency Centers,"$11,180,000,000",,,United States
1696,12024,Melrose Industries,"$11,170,000,000",,,United Kingdom
1697,12024,Paycom,"$11,150,000,000",,,United States
1698,12024,CyberArk,"$11,130,000,000",,,Israel
1699,12024,Bath & Body Works,"$11,120,000,000",,,United States
1700,12024,Yaskawa,"$11,120,000,000",,,Japan
1701,12024,Vivendi,"$11,120,000,000",,,France
1702,12024,Pershing Square Holdings,"$11,110,000,000",,,United States
1703,12024,Aisin Seiki,"$11,110,000,000",,,Japan
1706,12024,F5 Networks,"$11,100,000,000",,,United States
1707,12024,Twilio,"$11,100,000,000",,,United States
1708,12024,Dabur,"$11,100,000,000",,,India
1709,12024,East West Bancorp,"$11,090,000,000",,,United States
1710,12024,monday.com,"$11,090,000,000",,,Israel
1711,12024,TechnipFMC,"$11,070,000,000",,,United Kingdom
1712,12024,On Holding,"$11,070,000,000",,,Switzerland
1713,12024,Abu Dhabi Islamic Bank (ADIB),"$11,070,000,000",,,United Arab Emirates
1714,12024,Banco de Chile,"$11,060,000,000",,,Chile
1715,12024,Qorvo,"$11,060,000,000",,,United States
1716,12024,Daiwa Securities Group,"$11,060,000,000",,,Japan
1717,12024,Stora Enso,"$11,060,000,000",,,Finland
1718,12024,VinFast Auto,"$11,050,000,000",,,Vietnam
1719,12024,Rexford Industrial,"$11,050,000,000",,,United States
1720,12024,Norsk Hydro,"$11,040,000,000",,,Norway
1721,12024,Cleveland-Cliffs,"$11,020,000,000",,,United States
1722,12024,Eiffage,"$11,010,000,000",,,France
1725,12024,China Resources Power Holdings,"$10,990,000,000",,,Hong Kong
1726,12024,Demant,"$10,980,000,000",,,Denmark
1727,12024,Hero MotoCorp,"$10,970,000,000",,,India
1728,12024,Globe Life,"$10,960,000,000",,,United States
1729,12024,Lattice Semiconductor,"$10,950,000,000",,,United States
1730,12024,Admiral Group,"$10,950,000,000",,,United Kingdom
1731,12024,Natera,"$10,920,000,000",,,United States
1732,12024,Bio-Techne,"$10,910,000,000",,,United States
1733,12024,JFE Holdings,"$10,910,000,000",,,Japan
1737,12024,INWIT,"$10,900,000,000",,,Italy
1738,12024,e.l.f. Cosmetics,"$10,890,000,000",,,United States
1739,12024,Kazatomprom,"$10,890,000,000",,,Kazakhstan
1740,12024,Advantech,"$10,890,000,000",,,Taiwan
1741,12024,Penske Automotive,"$10,860,000,000",,,United States
1742,12024,Ahli United Bank,"$10,860,000,000",,,Bahrain
1743,12024,Service Corporation International,"$10,830,000,000",,,United States
1744,12024,Shiseido,"$10,820,000,000",,,Japan
1745,12024,Bajaj Holdings & Investment,"$10,820,000,000",,,India
1746,12024,Clean Harbors,"$10,810,000,000",,,United States
1747,12024,Etihad Etisalat (Mobily),"$10,800,000,000",,,Saudi Arabia
1748,12024,AEGON,"$10,790,000,000",,,Netherlands
1749,12024,Trex,"$10,780,000,000",,,United States
1750,12024,Grupo ACS,"$10,780,000,000",,,Spain
1751,12024,Svenska Cellulosa Aktiebolaget (SCA),"$10,780,000,000",,,Sweden
1752,12024,Shriram Transport Finance,"$10,760,000,000",,,India
1753,12024,Apollo Hospitals,"$10,750,000,000",,,India
1754,12024,Rivian,"$10,740,000,000",,,United States
1755,12024,BOSCH India,"$10,740,000,000",,,India
1756,12024,Wingstop Restaurants,"$10,730,000,000",,,United States
1757,12024,Divis Laboratories,"$10,730,000,000",,,India
1758,12024,Siam Makro,"$10,720,000,000",,,Thailand
1759,12024,NHPC Limited,"$10,710,000,000",,,India
1761,12024,Tapestry,"$10,700,000,000",,,United States
1762,12024,Suntory,"$10,690,000,000",,,Japan
1763,12024,Korea Electric Power,"$10,680,000,000",,,South Korea
1764,12024,Northern Star,"$10,680,000,000",,,Australia
1765,12024,China Zheshang Bank,"$10,660,000,000",,,China
1766,12024,Swire Pacific,"$10,650,000,000",,,Hong Kong
1769,12024,SCB (Siam Commercial Bank),"$10,600,000,000",,,Thailand
1770,12024,Coty,"$10,580,000,000",,,United States
1771,12024,Fortune Brands Innovations,"$10,570,000,000",,,United States
1772,12024,ARC Resources,"$10,550,000,000",,,Canada
1773,12024,Isuzu,"$10,540,000,000",,,Japan
1774,12024,Teleflex,"$10,530,000,000",,,United States
1778,12024,Wistron Corporation,"$10,500,000,000",,,Taiwan
1779,12024,New China Life Insurance,"$10,500,000,000",,,China
1780,12024,West Japan Railway,"$10,490,000,000",,,Japan
1781,12024,Tenet Healthcare,"$10,480,000,000",,,United States
1782,12024,Amdocs,"$10,470,000,000",,,United States
1783,12024,Informatica,"$10,470,000,000",,,United States
1784,12024,Torrent Pharmaceuticals,"$10,450,000,000",,,India
1785,12024,Celcomdigi,"$10,440,000,000",,,Malaysia
1786,12024,Asahi Kasei,"$10,420,000,000",,,Japan
1787,12024,Enel Américas,"$10,420,000,000",,,Chile
1788,12024,Unity Software,"$10,410,000,000",,,United States
1790,12024,Camden Property Trust,"$10,390,000,000",,,United States
1791,12024,IMCD,"$10,390,000,000",,,Netherlands
1792,12024,OpenText,"$10,380,000,000",,,Canada
1793,12024,HELLA,"$10,380,000,000",,,Germany
1794,12024,CapitaLand Investment Limited,"$10,360,000,000",,,Singapore
1795,12024,ICICI Prulife,"$10,360,000,000",,,India
1796,12024,Legend Biotech,"$10,350,000,000",,,United States
1797,12024,Powszechny Zakład Ubezpieczeń,"$10,350,000,000",,,Poland
1798,12024,International Consolidated Airlines,"$10,320,000,000",,,Spain
1799,12024,NOF Corporation,"$10,310,000,000",,,Japan
1801,12024,Repligen,"$10,300,000,000",,,United States
1802,12024,Texas Roadhouse,"$10,300,000,000",,,United States
1803,12024,The Mosaic Company,"$10,290,000,000",,,United States
1804,12024,Unum,"$10,280,000,000",,,United States
1805,12024,JDE Peet's,"$10,280,000,000",,,Netherlands
1806,12024,CubeSmart,"$10,270,000,000",,,United States
1807,12024,Covestro,"$10,250,000,000",,,Germany
1808,12024,Wharf Holdings,"$10,250,000,000",,,Hong Kong
1809,12024,IDBI Bank,"$10,250,000,000",,,India
1810,12024,ASR Nederland,"$10,240,000,000",,,Netherlands
1811,12024,Origin Energy,"$10,220,000,000",,,Australia
1812,12024,Bank of Ireland Group,"$10,220,000,000",,,Ireland
1813,12024,Dayforce,"$10,210,000,000",,,United States
1822,12024,Catalent,"$10,200,000,000",,,United States
1823,12024,LG Corp,"$10,200,000,000",,,South Korea
1824,12024,Jindal Steel & Power,"$10,200,000,000",,,India
1825,12024,Gap Inc.,"$10,190,000,000",,,United States
1826,12024,JSW Energy,"$10,180,000,000",,,India
1827,12024,BJ's Wholesale Club,"$10,170,000,000",,,United States
1828,12024,TD Synnex,"$10,170,000,000",,,United States
1829,12024,KakaoBank,"$10,170,000,000",,,South Korea
1830,12024,Apache Corporation,"$10,160,000,000",,,United States
1831,12024,Largan Precision,"$10,160,000,000",,,Taiwan
1832,12024,YPF (Yacimientos Petrolíferos Fiscales),"$10,150,000,000",,,Argentina
1833,12024,Five Below,"$10,150,000,000",,,United States
1834,12024,Computershare,"$10,130,000,000",,,Australia
1835,12024,Intertek,"$10,130,000,000",,,United Kingdom
1836,12024,Türkiye Petrol Rafinerileri,"$10,130,000,000",,,Turkey
1837,12024,NIO,"$10,120,000,000",,,China
1838,12024,Telia Company,"$10,120,000,000",,,Sweden
1842,12024,Insurance Australia Group,"$10,100,000,000",,,Australia
1844,12024,Autoliv,"$10,090,000,000",,,Sweden
1845,12024,Elastic NV,"$10,090,000,000",,,United States
1846,12024,Vodacom,"$10,080,000,000",,,South Africa
1847,12024,Formosa Chemicals & Fibre,"$10,070,000,000",,,Taiwan
1848,12024,GAC (Guangzhou Automobile Group),"$10,070,000,000",,,China
1849,12024,WPP,"$10,060,000,000",,,United Kingdom
1850,12024,Essential Utilities,"$10,060,000,000",,,United States
1851,12024,Chailease Holding,"$10,060,000,000",,,Taiwan
1852,12024,CG Power and Industrial Solutions,"$10,060,000,000",,,India
1853,12024,Wharf REIC,"$10,050,000,000",,,Hong Kong
1854,12024,Rational AG,"$10,030,000,000",,,Germany
1855,12024,Emera,"$10,020,000,000",,,Canada
1856,12024,Bupa Arabia for Cooperative Insurance Company,"$10,020,000,000",,,Saudi Arabia
1857,12024,Indutrade,"$10,020,000,000",,,Sweden
1858,12024,American Airlines,"$10,010,000,000",,,United States
1860,12024,Brookfield Property Partners,"$10,000,000,000",,,Bermuda
1861,12024,Banco BPM,"$10,000,000,000",,,Italy
1862,12024,Kajima,"$9,970,000,000",,,Japan
1863,12024,ANA Holdings,"$9,970,000,000",,,Japan
1864,12024,Banque Cantonale Vaudoise,"$9,970,000,000",,,Switzerland
1865,12024,Randstad,"$9,960,000,000",,,Netherlands
1866,12024,Chubu Electric Power,"$9,940,000,000",,,Japan
1867,12024,Bio-Rad Laboratories,"$9,920,000,000",,,United States
1868,12024,Boston Properties,"$9,910,000,000",,,United States
1869,12024,China Eastern Airlines,"$9,910,000,000",,,China
1871,12024,Euronext,"$9,890,000,000",,,Netherlands
1872,12024,Instacart (Maplebear Inc.),"$9,880,000,000",,,United States
1873,12024,Ipsen,"$9,880,000,000",,,France
1874,12024,Cummins India,"$9,880,000,000",,,India
1875,12024,Tetra Tech,"$9,870,000,000",,,United States
1876,12024,“K” Line,"$9,870,000,000",,,Japan
1877,12024,ASUS,"$9,860,000,000",,,Taiwan
1878,12024,Metso,"$9,860,000,000",,,Finland
1879,12024,CapitaLand Mall Trust,"$9,850,000,000",,,Singapore
1880,12024,Ooredoo,"$9,850,000,000",,,United Arab Emirates
1881,12024,kyowa Kirin,"$9,840,000,000",,,Japan
1882,12024,Hua Nan Financial Holdings,"$9,830,000,000",,,Taiwan
1883,12024,ICICI Lombard,"$9,830,000,000",,,India
1884,12024,NIBE Industrier,"$9,810,000,000",,,Sweden
1891,12024,Jefferies Financial Group,"$9,770,000,000",,,United States
1892,12024,Tempur Sealy,"$9,760,000,000",,,United States
1893,12024,WEX,"$9,760,000,000",,,United States
1894,12024,Paylocity,"$9,760,000,000",,,United States
1895,12024,GBL,"$9,760,000,000",,,Belgium
1896,12024,Keppel,"$9,750,000,000",,,Singapore
1897,12024,JBS,"$9,750,000,000",,,Brazil
1898,12024,Assurant,"$9,740,000,000",,,United States
1899,12024,Chemed,"$9,730,000,000",,,United States
1900,12024,Annaly Capital Management,"$9,720,000,000",,,United States
1901,12024,Seven Group Holdings (SGH),"$9,720,000,000",,,Australia
1907,12024,Curtiss-Wright,"$9,700,000,000",,,United States
1908,12024,Tianqi Lithium,"$9,700,000,000",,,China
1909,12024,APi Group,"$9,690,000,000",,,United States
1910,12024,Severn Trent,"$9,690,000,000",,,United Kingdom
1911,12024,United Spirits,"$9,690,000,000",,,India
1912,12024,Solar Industries India,"$9,660,000,000",,,India
1913,12024,Henry Schein,"$9,650,000,000",,,United States
1914,12024,Taiwan Mobile,"$9,640,000,000",,,Taiwan
1915,12024,"M3, Inc","$9,630,000,000",,,Japan
1916,12024,Guidewire Software,"$9,610,000,000",,,United States
1917,12024,Match Group,"$9,610,000,000",,,United States
1922,12024,AptarGroup,"$9,570,000,000",,,United States
1923,12024,Oracle Corp Japan,"$9,570,000,000",,,Japan
1924,12024,Stantec,"$9,560,000,000",,,Canada
1925,12024,Duolingo,"$9,540,000,000",,,United States
1926,12024,Samvardhana Motherson,"$9,540,000,000",,,India
1927,12024,T&D Holdings,"$9,530,000,000",,,Japan
1928,12024,Meridian Energy,"$9,530,000,000",,,New Zealand
1929,12024,Mowi,"$9,520,000,000",,,Norway
1930,12024,Idemitsu Kosan,"$9,510,000,000",,,Japan
1933,12024,Grupo Aeroportuario del Sureste,"$9,500,000,000",,,Mexico
1934,12024,Mizrahi-Tefahot,"$9,500,000,000",,,Israel
1936,12024,Elbit Systems,"$9,490,000,000",,,Israel
1937,12024,Healthpeak Properties,"$9,490,000,000",,,United States
1938,12024,Crown Holdings,"$9,480,000,000",,,United States
1939,12024,Konami Holdings,"$9,480,000,000",,,Japan
1940,12024,SKF (Svenska Kullagerfabriken),"$9,480,000,000",,,Sweden
1941,12024,Qiagen,"$9,460,000,000",,,Netherlands
1942,12024,SEI Investments,"$9,450,000,000",,,United States
1943,12024,Confluent,"$9,440,000,000",,,United States
1944,12024,Liberty Media,"$9,430,000,000",,,United States
1945,12024,Roku,"$9,410,000,000",,,United States
1946,12024,Spirax-Sarco Engineering,"$9,410,000,000",,,United Kingdom
1947,12024,RaiaDrogasil,"$9,410,000,000",,,Brazil
1950,12024,The Toro Company,"$9,400,000,000",,,United States
1951,12024,Caesars Entertainment,"$9,370,000,000",,,United States
1952,12024,Woodward,"$9,360,000,000",,,United States
1953,12024,Max Healthcare Institute,"$9,360,000,000",,,India
1954,12024,Light & Wonder,"$9,340,000,000",,,United States
1955,12024,Banco Santander-Chile,"$9,340,000,000",,,Chile
1956,12024,Longfor Group,"$9,340,000,000",,,China
1957,12024,Red Eléctrica,"$9,330,000,000",,,Spain
1958,12024,Skechers,"$9,320,000,000",,,United States
1959,12024,Osaka Gas,"$9,320,000,000",,,Japan
1960,12024,BWX Technologies,"$9,310,000,000",,,United States
1961,12024,GitLab,"$9,310,000,000",,,United States
1962,12024,Evonik Industries,"$9,310,000,000",,,Germany
1965,12024,Lufthansa,"$9,300,000,000",,,Germany
1966,12024,ST Engineering,"$9,290,000,000",,,Singapore
1967,12024,Dino Polska,"$9,280,000,000",,,Poland
1968,12024,Getlink,"$9,280,000,000",,,France
1969,12024,Sagax,"$9,280,000,000",,,Sweden
1970,12024,Eagle Materials,"$9,270,000,000",,,United States
1971,12024,PhosAgro,"$9,270,000,000",,,Russia
1972,12024,Tōkyō Gas,"$9,250,000,000",,,Japan
1973,12024,Empresas Copec,"$9,250,000,000",,,Chile
1974,12024,Mashreqbank,"$9,230,000,000",,,United Arab Emirates
1975,12024,U.S. Steel,"$9,220,000,000",,,United States
1976,12024,AngloGold Ashanti,"$9,220,000,000",,,South Africa
1984,12024,Everbright Securities Company,"$9,200,000,000",,,Hong Kong
1986,12024,Jones Lang LaSalle,"$9,190,000,000",,,United States
1987,12024,Realtek,"$9,190,000,000",,,Taiwan
1988,12024,Far EasTone,"$9,190,000,000",,,Taiwan
1989,12024,Reddit,"$9,180,000,000",,,United States
1990,12024,Sonic Healthcare,"$9,180,000,000",,,Australia
1991,12024,Ganfeng Lithium,"$9,180,000,000",,,China
1992,12024,FinecoBank,"$9,170,000,000",,,Italy
1993,12024,Indus Towers,"$9,170,000,000",,,India
1994,12024,Churchill Downs,"$9,150,000,000",,,United States
1995,12024,Wärtsilä,"$9,140,000,000",,,Finland
1996,12024,Ooredoo Qatar,"$9,130,000,000",,,Qatar
1997,12024,Unimicron,"$9,120,000,000",,,Taiwan
1998,12024,CCL Industries,"$9,120,000,000",,,Canada
1999,12024,United Utilities,"$9,100,000,000",,,United Kingdom
2000,12024,AGCO,"$9,080,000,000",,,United States
2001,12024,Norwegian Cruise Line,"$9,080,000,000",,,United States
2002,12024,Yamaha Motor,"$9,080,000,000",,,Japan
2003,12024,Fisher & Paykel Healthcare,"$9,080,000,000",,,New Zealand
2004,12024,Polycab India,"$9,080,000,000",,,India
2005,12024,Emaar Development,"$9,070,000,000",,,United Arab Emirates
2006,12024,Thai Beverage,"$9,040,000,000",,,Thailand
2007,12024,Ascendas Reit,"$9,030,000,000",,,Singapore
2008,12024,Donaldson,"$9,010,000,000",,,United States
2014,12024,Hochtief,"$9,000,000,000",,,Germany
2015,12024,Viking Therapeutics,"$8,990,000,000",,,United States
2016,12024,Pearson,"$8,980,000,000",,,United Kingdom
2017,12024,MTN Group,"$8,980,000,000",,,South Africa
2018,12024,SRF Limited,"$8,980,000,000",,,India
2019,12024,Industrial Bank of Korea (IBK),"$8,970,000,000",,,South Korea
2020,12024,GarantiBank,"$8,940,000,000",,,Turkey
2021,12024,Obayashi,"$8,930,000,000",,,Japan
2022,12024,Indian Railway Catering & Tourism,"$8,930,000,000",,,India
2023,12024,Primerica,"$8,920,000,000",,,United States
2024,12024,Vipshop,"$8,920,000,000",,,China
2025,12024,Zoomlion,"$8,920,000,000",,,China
2026,12024,Jabal Omar Development,"$8,910,000,000",,,Saudi Arabia
2030,12024,Graphic Packaging,"$8,900,000,000",,,United States
2031,12024,AppFolio,"$8,880,000,000",,,United States
2032,12024,Türkiye Is Bankasi,"$8,870,000,000",,,Turkey
2033,12024,Onto Innovation,"$8,860,000,000",,,United States
2034,12024,DWS Group,"$8,860,000,000",,,Germany
2035,12024,Daifuku,"$8,860,000,000",,,Japan
2036,12024,MKS Instruments,"$8,840,000,000",,,United States
2037,12024,Houlihan Lokey,"$8,830,000,000",,,United States
2038,12024,Birkenstock,"$8,830,000,000",,,Germany
2039,12024,Tube Investments of India,"$8,830,000,000",,,India
2040,12024,Globant,"$8,820,000,000",,,Luxembourg
2041,12024,Hong Kong Telecom,"$8,810,000,000",,,Hong Kong
2049,12024,SharkNinja,"$8,800,000,000",,,United States
2050,12024,Mitsubishi Chemical Holdings,"$8,800,000,000",,,Japan
2051,12024,Carsales,"$8,790,000,000",,,Australia
2052,12024,Saudi Tadawul Group Holding Company,"$8,790,000,000",,,Saudi Arabia
2053,12024,Krafton,"$8,790,000,000",,,South Korea
2054,12024,Penumbra,"$8,760,000,000",,,United States
2055,12024,Parsons,"$8,750,000,000",,,United States
2056,12024,WillScot,"$8,750,000,000",,,United States
2057,12024,Lupin Limited,"$8,750,000,000",,,India
2058,12024,First Quantum Minerals,"$8,740,000,000",,,Canada
2059,12024,Roivant Sciences,"$8,730,000,000",,,United Kingdom
2060,12024,SalMar ASA,"$8,730,000,000",,,Norway
2061,12024,ImmunoGen,"$8,720,000,000",,,United States
2062,12024,TIM S.A.,"$8,720,000,000",,,Brazil
2063,12024,Croda International,"$8,720,000,000",,,United Kingdom
2064,12024,Sino Land,"$8,720,000,000",,,Hong Kong
2065,12024,President Chain Store (PSCS),"$8,720,000,000",,,Taiwan
2066,12024,Antero Resources,"$8,710,000,000",,,United States
2067,12024,Webster Financial,"$8,710,000,000",,,United States
2068,12024,Mineral Resources,"$8,710,000,000",,,Australia
2071,12024,WESCO International,"$8,700,000,000",,,United States
2072,12024,Swedish Orphan Biovitrum,"$8,700,000,000",,,Sweden
2074,12024,Trelleborg AB,"$8,690,000,000",,,Sweden
2075,12024,C. H. Robinson,"$8,680,000,000",,,United States
2076,12024,Centrica,"$8,680,000,000",,,United Kingdom
2077,12024,Colgate-Palmolive India,"$8,680,000,000",,,India
2078,12024,Murphy USA,"$8,670,000,000",,,United States
2079,12024,South32,"$8,670,000,000",,,Australia
2080,12024,Azrieli Group,"$8,670,000,000",,,Israel
2081,12024,Stevanato,"$8,660,000,000",,,Italy
2082,12024,Knight-Swift,"$8,650,000,000",,,United States
2083,12024,Crocs,"$8,650,000,000",,,United States
2084,12024,Ayala Land,"$8,650,000,000",,,Philippines
2085,12024,Nissin Foods,"$8,640,000,000",,,Japan
2086,12024,WH Group,"$8,640,000,000",,,Hong Kong
2087,12024,Simpson Manufacturing Company,"$8,610,000,000",,,United States
2088,12024,ASICS Corporation,"$8,610,000,000",,,Japan
2096,12024,Mengniu Dairy,"$8,590,000,000",,,China
2097,12024,SK Innovation,"$8,580,000,000",,,South Korea
2098,12024,Fastighets AB Balder,"$8,580,000,000",,,Sweden
2099,12024,Allegro.eu,"$8,570,000,000",,,Poland
2100,12024,Middleby,"$8,550,000,000",,,United States
2101,12024,Siam Cement,"$8,550,000,000",,,Thailand
2102,12024,EastGroup Properties,"$8,540,000,000",,,United States
2103,12024,ageas,"$8,540,000,000",,,Belgium
2104,12024,China Oilfield Services,"$8,540,000,000",,,China
2105,12024,(HLBank) Hong Leong Bank,"$8,540,000,000",,,Malaysia
2106,12024,Magnit,"$8,540,000,000",,,Russia
2107,12024,KBR,"$8,520,000,000",,,United States
2108,12024,Shimadzu,"$8,510,000,000",,,Japan
2112,12024,First Horizon National,"$8,500,000,000",,,United States
2113,12024,Becle,"$8,500,000,000",,,Mexico
2114,12024,Old Republic International,"$8,490,000,000",,,United States
2115,12024,Federal Realty Investment Trust,"$8,480,000,000",,,United States
2116,12024,Info Edge,"$8,480,000,000",,,India
2117,12024,CTS Eventim,"$8,470,000,000",,,Germany
2118,12024,CACI,"$8,440,000,000",,,United States
2119,12024,Coherent,"$8,440,000,000",,,United States
2120,12024,Ebara Corporation,"$8,430,000,000",,,Japan
2121,12024,Ramsay Health Care,"$8,430,000,000",,,Australia
2122,12024,Weatherford International,"$8,420,000,000",,,United States
2123,12024,Banco Sabadell,"$8,420,000,000",,,Spain
2124,12024,Bancolombia,"$8,410,000,000",,,Colombia
2125,12024,Aramark,"$8,410,000,000",,,United States
2130,12024,Dropbox,"$8,400,000,000",,,United States
2131,12024,SK Telecom,"$8,400,000,000",,,South Korea
2132,12024,Ascendis Pharma,"$8,400,000,000",,,Denmark
2133,12024,Gentex,"$8,400,000,000",,,United States
2134,12024,Japan Airlines,"$8,400,000,000",,,Japan
2135,12024,Nextracker,"$8,390,000,000",,,United States
2136,12024,Pinnacle West Capital,"$8,390,000,000",,,United States
2137,12024,SIG Combibloc,"$8,390,000,000",,,Switzerland
2138,12024,Hikari Tsushin,"$8,380,000,000",,,Japan
2139,12024,ENN Energy,"$8,380,000,000",,,China
2140,12024,Nexi,"$8,380,000,000",,,Italy
2141,12024,Sinopac Financial Holdings,"$8,370,000,000",,,Taiwan
2142,12024,Vail Resorts,"$8,360,000,000",,,United States
2143,12024,Lithia Motors,"$8,350,000,000",,,United States
2144,12024,Hanwha Aerospace,"$8,350,000,000",,,South Korea
2145,12024,Rumo,"$8,340,000,000",,,Brazil
2146,12024,Vår Energi,"$8,320,000,000",,,Norway
2147,12024,Phillips-Van Heusen,"$8,310,000,000",,,United States
2148,12024,Range Resources,"$8,310,000,000",,,United States
2149,12024,Amplifon,"$8,310,000,000",,,Italy
2154,12024,Saputo,"$8,290,000,000",,,Canada
2155,12024,Doosan Enerbility,"$8,290,000,000",,,South Korea
2156,12024,Woori Financial Group,"$8,280,000,000",,,South Korea
2157,12024,SiteOne Landscape Supply,"$8,280,000,000",,,United States
2158,12024,Southwestern Energy,"$8,270,000,000",,,United States
2159,12024,Lear Corporation,"$8,260,000,000",,,United States
2160,12024,Acuity Brands,"$8,240,000,000",,,United States
2161,12024,MarketAxess,"$8,240,000,000",,,United States
2162,12024,ASX,"$8,240,000,000",,,Australia
2163,12024,Elia Group,"$8,240,000,000",,,Belgium
2164,12024,Banca Mediolanum,"$8,240,000,000",,,Italy
2165,12024,Deutsche Wohnen,"$8,240,000,000",,,Germany
2166,12024,Ternium,"$8,220,000,000",,,Luxembourg
2167,12024,Robert Half,"$8,220,000,000",,,United States
2168,12024,Mohawk Industries,"$8,210,000,000",,,United States
2169,12024,UnipolSai Assicurazioni,"$8,210,000,000",,,Italy
2170,12024,Bid Corp,"$8,210,000,000",,,South Africa
2171,12024,Torrent Power,"$8,210,000,000",,,India
2180,12024,Pilgrim's Pride,"$8,190,000,000",,,United States
2181,12024,Pegatron,"$8,190,000,000",,,Taiwan
2182,12024,Capcom,"$8,180,000,000",,,Japan
2183,12024,Grupo Aeroportuario del Pacífico,"$8,170,000,000",,,Mexico
2184,12024,SG Holdings,"$8,140,000,000",,,Japan
2185,12024,Sainsbury's,"$8,140,000,000",,,United Kingdom
2186,12024,Hainan Airlines,"$8,140,000,000",,,China
2187,12024,Wayfair,"$8,130,000,000",,,United States
2188,12024,Liberty Broadband,"$8,130,000,000",,,United States
2189,12024,Sinopharm,"$8,130,000,000",,,China
2190,12024,ADNOC Logistics & Services,"$8,130,000,000",,,United Arab Emirates
2191,12024,Accton Technology,"$8,120,000,000",,,Taiwan
2192,12024,CPFL Energia,"$8,120,000,000",,,Brazil
2193,12024,Amer Sports,"$8,110,000,000",,,Finland
2194,12024,Hess Midstream,"$8,110,000,000",,,United States
2195,12024,PMetal (Press Metal Aluminium),"$8,110,000,000",,,Malaysia
2196,12024,Kasikornbank,"$8,110,000,000",,,Thailand
2202,12024,Oshkosh Corporation,"$8,100,000,000",,,United States
2203,12024,Yara International,"$8,100,000,000",,,Norway
2204,12024,Orient Overseas Container Line,"$8,090,000,000",,,Hong Kong
2205,12024,Indofood CBP,"$8,090,000,000",,,Indonesia
2206,12024,Indian Bank,"$8,080,000,000",,,India
2207,12024,Edison,"$8,070,000,000",,,Italy
2208,12024,MBME GROUP,"$8,070,000,000",,,United Arab Emirates
2209,12024,InPost,"$8,070,000,000",,,Luxembourg
2210,12024,BKW AG,"$8,060,000,000",,,Switzerland
2211,12024,Etsy,"$8,050,000,000",,,United States
2212,12024,Sumitomo Metal Mining,"$8,050,000,000",,,Japan
2213,12024,Amkor Technology,"$8,040,000,000",,,United States
2214,12024,Paramount Global,"$8,040,000,000",,,United States
2215,12024,Rexel,"$8,040,000,000",,,France
2216,12024,Abu Dhabi Ports,"$8,020,000,000",,,United Arab Emirates
2217,12024,Hindustan Petroleum,"$8,020,000,000",,,India
2218,12024,BorgWarner,"$8,010,000,000",,,United States
2219,12024,Vodafone Idea,"$8,010,000,000",,,India
2220,12024,Samsung Electro-Mechanics,"$8,010,000,000",,,South Korea
2229,12024,Toppan,"$7,990,000,000",,,Japan
2230,12024,Yes Bank,"$7,990,000,000",,,India
2231,12024,Dolby,"$7,980,000,000",,,United States
2232,12024,Elanco,"$7,970,000,000",,,United States
2233,12024,Genting Singapore,"$7,970,000,000",,,Singapore
2234,12024,Kanzhun,"$7,960,000,000",,,China
2235,12024,Universal Display Corporation,"$7,940,000,000",,,United States
2236,12024,MinebeaMitsumi,"$7,940,000,000",,,Japan
2237,12024,CTP N.V.,"$7,940,000,000",,,Netherlands
2238,12024,Boubyan Bank,"$7,940,000,000",,,Kuwait
2239,12024,Berger Paints,"$7,940,000,000",,,India
2240,12024,Celulosa Argentina,"$7,930,000,000",,,Argentina
2241,12024,RBC Bearings,"$7,920,000,000",,,United States
2242,12024,Arkema,"$7,910,000,000",,,France
2243,12024,mBank,"$7,910,000,000",,,Poland
2244,12024,Petro Rio,"$7,910,000,000",,,Brazil
2245,12024,HMM,"$7,910,000,000",,,South Korea
2254,12024,SBI Card,"$7,900,000,000",,,India
2255,12024,Coca-Cola Consolidated,"$7,890,000,000",,,United States
2256,12024,Stifel,"$7,880,000,000",,,United States
2257,12024,CAVA Group,"$7,880,000,000",,,United States
2258,12024,Aselsan,"$7,870,000,000",,,Turkey
2259,12024,Full Truck Alliance,"$7,860,000,000",,,China
2260,12024,Toromont,"$7,860,000,000",,,Canada
2261,12024,Ono Pharmaceutical,"$7,850,000,000",,,Japan
2262,12024,Descartes Systems,"$7,840,000,000",,,Canada
2263,12024,Central Pattana,"$7,840,000,000",,,Thailand
2264,12024,Washington H. Soul Pattinson and Company (WHSP),"$7,840,000,000",,,Australia
2265,12024,KT&G (Korea Tobacco),"$7,840,000,000",,,South Korea
2266,12024,Hasbro,"$7,830,000,000",,,United States
2267,12024,Omega Healthcare,"$7,830,000,000",,,United States
2268,12024,Française des Jeux,"$7,830,000,000",,,France
2269,12024,FMC,"$7,820,000,000",,,United States
2270,12024,Royal Gold,"$7,820,000,000",,,United States
2271,12024,Toray Industries,"$7,820,000,000",,,Japan
2272,12024,Mapfre,"$7,820,000,000",,,Spain
2273,12024,Matador Resources,"$7,810,000,000",,,United States
2274,12024,Hulic,"$7,810,000,000",,,Japan
2275,12024,AGC,"$7,810,000,000",,,Japan
2282,12024,Mondi,"$7,790,000,000",,,United Kingdom
2283,12024,Oil India,"$7,790,000,000",,,India
2284,12024,Savola Group,"$7,790,000,000",,,Saudi Arabia
2285,12024,Barry Callebaut,"$7,790,000,000",,,Switzerland
2286,12024,HealthSouth,"$7,780,000,000",,,United States
2287,12024,NNN REIT,"$7,780,000,000",,,United States
2288,12024,Lyft,"$7,780,000,000",,,United States
2289,12024,Alchip Technologies,"$7,760,000,000",,,Taiwan
2290,12024,Ingredion,"$7,740,000,000",,,United States
2291,12024,Beijer Ref,"$7,740,000,000",,,Sweden
2292,12024,Lotus Bakeries,"$7,730,000,000",,,Belgium
2301,12024,Crane Co.,"$7,700,000,000",,,United States
2302,12024,BellRing Brands,"$7,700,000,000",,,United States
2303,12024,Levi Strauss,"$7,700,000,000",,,United States
2304,12024,GlobalWafers,"$7,700,000,000",,,Taiwan
2305,12024,Gerdau,"$7,690,000,000",,,Brazil
2306,12024,Cerevel Therapeutics,"$7,690,000,000",,,United States
2307,12024,MakeMyTrip,"$7,690,000,000",,,India
2308,12024,Daito Trust Construction,"$7,690,000,000",,,Japan
2309,12024,Delivery Hero,"$7,680,000,000",,,Germany
2310,12024,Marico,"$7,680,000,000",,,India
2311,12024,Summit Materials,"$7,670,000,000",,,United States
2312,12024,ZOZO,"$7,670,000,000",,,Japan
2313,12024,Sanlam,"$7,670,000,000",,,South Africa
2314,12024,Endeavor Group,"$7,660,000,000",,,United States
2315,12024,Americana Restaurants International,"$7,660,000,000",,,United Arab Emirates
2316,12024,China Development Financial,"$7,660,000,000",,,Taiwan
2317,12024,Applied Industrial Technologies,"$7,650,000,000",,,United States
2318,12024,Whitbread,"$7,650,000,000",,,United Kingdom
2319,12024,Masimo,"$7,640,000,000",,,United States
2320,12024,Lundin Mining,"$7,640,000,000",,,Canada
2321,12024,Boliden,"$7,630,000,000",,,Sweden
2322,12024,Luberef (Saudi Aramco Base Oil Company),"$7,630,000,000",,,Saudi Arabia
2323,12024,SK Group,"$7,630,000,000",,,South Korea
2324,12024,Skanska,"$7,620,000,000",,,Sweden
2325,12024,JD Sports Fashion,"$7,610,000,000",,,United Kingdom
2326,12024,Brunello Cucinelli,"$7,610,000,000",,,Italy
2327,12024,Schroders,"$7,610,000,000",,,United Kingdom
2328,12024,Yageo,"$7,610,000,000",,,Taiwan
2338,12024,True Corporation,"$7,600,000,000",,,Thailand
2339,12024,Godrej Properties,"$7,600,000,000",,,India
2341,12024,MSA Safety,"$7,590,000,000",,,United States
2342,12024,Wix.com,"$7,590,000,000",,,Israel
2343,12024,Alfamart,"$7,590,000,000",,,Indonesia
2344,12024,Buzzi Unicem,"$7,580,000,000",,,Italy
2345,12024,SSAB,"$7,580,000,000",,,Sweden
2346,12024,Civitas Resources,"$7,570,000,000",,,United States
2347,12024,Telefónica Deutschland (O2),"$7,570,000,000",,,Germany
2348,12024,NOV,"$7,560,000,000",,,United States
2349,12024,Intermediate Capital Group (ICG),"$7,560,000,000",,,United Kingdom
2350,12024,XPeng,"$7,550,000,000",,,China
2351,12024,Makita,"$7,550,000,000",,,Japan
2352,12024,Gecina,"$7,550,000,000",,,France
2353,12024,Axalta,"$7,540,000,000",,,United States
2354,12024,Tokyu,"$7,530,000,000",,,Japan
2355,12024,LATAM Airlines,"$7,530,000,000",,,Chile
2356,12024,Aurobindo Pharma,"$7,530,000,000",,,India
2357,12024,Mazda,"$7,520,000,000",,,Japan
2358,12024,The Lottery Corporation,"$7,520,000,000",,,Australia
2359,12024,Jazz Pharmaceuticals,"$7,510,000,000",,,Ireland
2360,12024,Japan Post Insurance,"$7,510,000,000",,,Japan
2361,12024,Dai Nippon Printing,"$7,510,000,000",,,Japan
2368,12024,Generac Power Systems,"$7,500,000,000",,,United States
2369,12024,FirstService,"$7,490,000,000",,,Canada
2370,12024,Futu Holdings,"$7,490,000,000",,,Hong Kong
2371,12024,Universal Forest Products,"$7,490,000,000",,,United States
2372,12024,Convatec Group,"$7,490,000,000",,,United Kingdom
2373,12024,Kesko,"$7,490,000,000",,,Finland
2374,12024,Zalando,"$7,460,000,000",,,Germany
2375,12024,Taiwan Cement,"$7,460,000,000",,,Taiwan
2376,12024,Voya Financial,"$7,450,000,000",,,United States
2377,12024,SBI Holdings,"$7,450,000,000",,,Japan
2378,12024,FTI Consulting,"$7,440,000,000",,,United States
2379,12024,Dillard's,"$7,430,000,000",,,United States
2380,12024,Evercore,"$7,430,000,000",,,United States
2381,12024,MasTec,"$7,430,000,000",,,United States
2382,12024,TMX Group,"$7,430,000,000",,,Canada
2383,12024,Vaxcyte,"$7,420,000,000",,,United States
2384,12024,Stockland,"$7,420,000,000",,,Australia
2385,12024,Equatorial Energia,"$7,420,000,000",,,Brazil
2393,12024,Darling Ingredients,"$7,400,000,000",,,United States
2394,12024,Spring Airlines,"$7,400,000,000",,,China
2395,12024,GEA Group,"$7,390,000,000",,,Germany
2396,12024,Klépierre,"$7,390,000,000",,,France
2397,12024,Persistent Systems,"$7,390,000,000",,,India
2398,12024,Invesco,"$7,380,000,000",,,United States
2399,12024,Emirates Integrated Telecommunications Company,"$7,380,000,000",,,United Arab Emirates
2400,12024,Singapore Exchange,"$7,380,000,000",,,Singapore
2401,12024,Lumine Group,"$7,370,000,000",,,Canada
2402,12024,Pilbara Minerals,"$7,370,000,000",,,Australia
2403,12024,Kunlun Energy Company,"$7,370,000,000",,,Hong Kong
2404,12024,Trina Solar,"$7,370,000,000",,,China
2405,12024,PetGas (Petronas Gas),"$7,360,000,000",,,Malaysia
2406,12024,Cytokinetics,"$7,350,000,000",,,United States
2407,12024,Dentsu,"$7,350,000,000",,,Japan
2408,12024,Auckland Airport,"$7,350,000,000",,,New Zealand
2409,12024,Choice Properties REIT,"$7,330,000,000",,,Canada
2410,12024,WuXi Biologics,"$7,320,000,000",,,China
2411,12024,Sofina,"$7,320,000,000",,,Belgium
2417,12024,Chord Energy,"$7,300,000,000",,,United States
2418,12024,Ciena,"$7,300,000,000",,,United States
2419,12024,Bangkok Bank,"$7,300,000,000",,,Thailand
2420,12024,China Resources Gas Group,"$7,300,000,000",,,Hong Kong
2421,12024,Icahn Enterprises,"$7,290,000,000",,,United States
2422,12024,Cognex,"$7,290,000,000",,,United States
2423,12024,Gjensidige Forsikring,"$7,290,000,000",,,Norway
2424,12024,Shanghai Commercial and Savings Bank,"$7,280,000,000",,,Taiwan
2425,12024,The AZEK Company,"$7,260,000,000",,,United States
2426,12024,National Bank of Greece,"$7,260,000,000",,,Greece
2427,12024,Kingdom Holding,"$7,260,000,000",,,Saudi Arabia
2428,12024,Helvetia Holding,"$7,260,000,000",,,Switzerland
2429,12024,Cathay Pacific,"$7,250,000,000",,,Hong Kong
2430,12024,Installed Building Products,"$7,240,000,000",,,United States
2431,12024,New York Times,"$7,240,000,000",,,United States
2432,12024,Allison Transmission,"$7,230,000,000",,,United States
2433,12024,Exelixis,"$7,230,000,000",,,United States
2434,12024,Sino Biopharmaceutical,"$7,230,000,000",,,China
2435,12024,MISC Berhad,"$7,230,000,000",,,Malaysia
2436,12024,Acadia Healthcare,"$7,220,000,000",,,United States
2437,12024,Mouwasat Medical Services Company,"$7,220,000,000",,,Saudi Arabia
2438,12024,Kinross Gold,"$7,210,000,000",,,Canada
2439,12024,Elisa,"$7,210,000,000",,,Finland
2440,12024,Bank of India,"$7,210,000,000",,,India
2449,12024,DCC plc,"$7,200,000,000",,,Ireland
2450,12024,AtkinsRéalis,"$7,200,000,000",,,Canada
2451,12024,Compagnie de l'Odet,"$7,200,000,000",,,France
2452,12024,Swiss Prime Site,"$7,200,000,000",,,Switzerland
2453,12024,TAL Education Group,"$7,190,000,000",,,China
2454,12024,CCC Intelligent Solutions,"$7,190,000,000",,,United States
2455,12024,Eurobank Ergasias Services and Holdings,"$7,190,000,000",,,Greece
2456,12024,Comerica,"$7,180,000,000",,,United States
2457,12024,Globus Medical,"$7,180,000,000",,,United States
2458,12024,SoFi,"$7,180,000,000",,,United States
2459,12024,Alkem Laboratories,"$7,180,000,000",,,India
2460,12024,Hankyu Hanshin Holdings,"$7,160,000,000",,,Japan
2461,12024,Topicus,"$7,150,000,000",,,Canada
2462,12024,Acciona Energías Renovables,"$7,150,000,000",,,Spain
2463,12024,Akbank,"$7,150,000,000",,,Turkey
2464,12024,Cullen/Frost Bankers,"$7,140,000,000",,,United States
2465,12024,Sembcorp,"$7,140,000,000",,,Singapore
2466,12024,M&G plc,"$7,130,000,000",,,United Kingdom
2467,12024,Bâloise,"$7,130,000,000",,,Switzerland
2468,12024,Fluor Corporation,"$7,120,000,000",,,United States
2469,12024,Muthoot Finance,"$7,120,000,000",,,India
2470,12024,TKO Group,"$7,110,000,000",,,United States
2471,12024,Altair Engineering,"$7,110,000,000",,,United States
2472,12024,Bill.com,"$7,110,000,000",,,United States
2473,12024,The Ensign Group,"$7,110,000,000",,,United States
2474,12024,Shoprite,"$7,110,000,000",,,South Africa
2483,12024,Omron,"$7,090,000,000",,,Japan
2484,12024,Want Want China,"$7,090,000,000",,,Hong Kong
2485,12024,STAG Industrial,"$7,080,000,000",,,United States
2486,12024,Orkla,"$7,080,000,000",,,Norway
2487,12024,Western Alliance Bancorporation,"$7,070,000,000",,,United States
2488,12024,West Fraser Timber,"$7,070,000,000",,,Canada
2489,12024,Aaon,"$7,070,000,000",,,United States
2490,12024,Korea Zinc,"$7,070,000,000",,,South Korea
2491,12024,First Industrial Realty Trust,"$7,060,000,000",,,United States
2492,12024,Apellis Pharmaceuticals,"$7,050,000,000",,,United States
2493,12024,Americold,"$7,050,000,000",,,United States
2494,12024,Watts Water Technologies,"$7,040,000,000",,,United States
2495,12024,Taishin Financial Holdings,"$7,040,000,000",,,Taiwan
2496,12024,Rockwool,"$7,040,000,000",,,Denmark
2497,12024,KT Corporation,"$7,030,000,000",,,South Korea
2498,12024,Jardine Cycle & Carriage,"$7,030,000,000",,,Singapore
2499,12024,Zurich Airport,"$7,020,000,000",,,Switzerland
2500,12024,Schibsted,"$7,020,000,000",,,Norway
2501,12024,Brixmor Property Group,"$7,010,000,000",,,United States
2502,12024,Berry Global,"$7,010,000,000",,,United States
2503,12024,LPP SA,"$7,010,000,000",,,Poland
2516,12024,Ubiquiti,"$7,000,000,000",,,United States
2517,12024,Arrow Electronics,"$7,000,000,000",,,United States
2518,12024,Groupe SEB,"$7,000,000,000",,,France
2519,12024,AirTAC International,"$7,000,000,000",,,Taiwan
2520,12024,Bachem,"$7,000,000,000",,,Switzerland
2521,12024,National Mineral Development Corporation,"$7,000,000,000",,,India
2523,12024,AutoNation,"$6,980,000,000",,,United States
2524,12024,Chart Industries,"$6,980,000,000",,,United States
2525,12024,KION Group,"$6,980,000,000",,,Germany
2526,12024,General Insurance Corporation of India,"$6,980,000,000",,,India
2527,12024,PI Industries,"$6,980,000,000",,,India
2528,12024,Israel Chemicals,"$6,970,000,000",,,Israel
2529,12024,Olin,"$6,960,000,000",,,United States
2530,12024,Zain (Mobile Telecommunications Company),"$6,960,000,000",,,Kuwait
2531,12024,APA Group,"$6,950,000,000",,,Australia
2532,12024,Jindal Stainless,"$6,950,000,000",,,India
2533,12024,Fabrinet,"$6,940,000,000",,,Cayman Islands
2534,12024,Ryman Hospitality Properties,"$6,930,000,000",,,United States
2535,12024,Trend Micro,"$6,930,000,000",,,Japan
2536,12024,Commerce Bancshares,"$6,920,000,000",,,United States
2537,12024,DS Smith,"$6,920,000,000",,,United Kingdom
2538,12024,B&M European Value Retail,"$6,910,000,000",,,Luxembourg
2539,12024,L&T Technology Services,"$6,910,000,000",,,India
2540,12024,Yapı Kredi,"$6,910,000,000",,,Turkey
2541,12024,HYBE,"$6,910,000,000",,,South Korea
2550,12024,Dentsply Sirona,"$6,900,000,000",,,United States
2551,12024,Gruma (Maseca),"$6,900,000,000",,,Mexico
2552,12024,Murphy Oil,"$6,880,000,000",,,United States
2553,12024,OGE Energy,"$6,880,000,000",,,United States
2554,12024,Vontier,"$6,880,000,000",,,United States
2555,12024,MACOM,"$6,880,000,000",,,United States
2556,12024,Noble Corporation,"$6,870,000,000",,,United Kingdom
2557,12024,HealthEquity,"$6,860,000,000",,,United States
2558,12024,Klaviyo,"$6,860,000,000",,,United States
2559,12024,Phoenix Group,"$6,860,000,000",,,United Kingdom
2560,12024,Zhuzhou CRRC Times Electric,"$6,860,000,000",,,Hong Kong
2561,12024,Multiply Group,"$6,860,000,000",,,United Arab Emirates
2562,12024,Rambus,"$6,850,000,000",,,United States
2563,12024,Atkore,"$6,840,000,000",,,United States
2564,12024,Lucid Motors,"$6,820,000,000",,,United States
2565,12024,Marks & Spencer,"$6,820,000,000",,,United Kingdom
2566,12024,Lawson,"$6,820,000,000",,,Japan
2567,12024,Saudi Research and Media Group,"$6,820,000,000",,,Saudi Arabia
2568,12024,AGNC Investment,"$6,810,000,000",,,United States
2569,12024,Abbott India,"$6,810,000,000",,,India
2583,12024,Chewy,"$6,800,000,000",,,United States
2584,12024,Mattel,"$6,790,000,000",,,United States
2585,12024,SPS Commerce,"$6,790,000,000",,,United States
2586,12024,Chongqing Rural Commercial Bank,"$6,790,000,000",,,China
2587,12024,H&R Block,"$6,780,000,000",,,United States
2588,12024,RLI Corp.,"$6,780,000,000",,,United States
2589,12024,Credit Acceptance,"$6,780,000,000",,,United States
2590,12024,MatsukiyoCocokara,"$6,780,000,000",,,Japan
2591,12024,SentinelOne,"$6,770,000,000",,,United States
2592,12024,ChampionX,"$6,770,000,000",,,United States
2593,12024,Hongkong Land,"$6,770,000,000",,,Hong Kong
2594,12024,Mesaieed Petrochemical Holding Company,"$6,770,000,000",,,Qatar
2595,12024,Commercial Metals Company,"$6,760,000,000",,,United States
2596,12024,S-OIL,"$6,760,000,000",,,South Korea
2597,12024,Nippon Building Fund,"$6,750,000,000",,,Japan
2598,12024,Acciona,"$6,750,000,000",,,Spain
2599,12024,Tata Communications,"$6,750,000,000",,,India
2600,12024,Intra-Cellular Therapies,"$6,740,000,000",,,United States
2601,12024,Luckin Coffee,"$6,720,000,000",,,China
2602,12024,Komerční banka,"$6,720,000,000",,,Czech Republic
2603,12024,SAIC,"$6,710,000,000",,,United States
2604,12024,Madras Rubber Factory,"$6,710,000,000",,,India
2621,12024,BlueScope Steel,"$6,700,000,000",,,Australia
2622,12024,PUMA,"$6,700,000,000",,,Germany
2623,12024,Landstar System,"$6,690,000,000",,,United States
2624,12024,Viper Energy Partners,"$6,690,000,000",,,United States
2625,12024,Medibank,"$6,690,000,000",,,Australia
2626,12024,DSME (Daewoo Shipbuilding),"$6,690,000,000",,,South Korea
2627,12024,PBF Energy,"$6,680,000,000",,,United States
2628,12024,FTAI Aviation,"$6,680,000,000",,,United States
2629,12024,TriNet,"$6,680,000,000",,,United States
2630,12024,Holmen,"$6,670,000,000",,,Sweden
2631,12024,Antero Midstream,"$6,660,000,000",,,United States
2632,12024,The Company for Cooperative Insurance,"$6,650,000,000",,,Saudi Arabia
2633,12024,ESAB,"$6,640,000,000",,,United States
2634,12024,BPER Banca,"$6,640,000,000",,,Italy
2635,12024,The Weir Group,"$6,630,000,000",,,United Kingdom
2636,12024,Steel Authority of India,"$6,630,000,000",,,India
2637,12024,Oberoi Realty,"$6,610,000,000",,,India
2645,12024,Pinnacle Financial Partners,"$6,600,000,000",,,United States
2646,12024,Bechtle,"$6,600,000,000",,,Germany
2647,12024,IDFC FIRST Bank,"$6,600,000,000",,,India
2648,12024,Nanya Technology,"$6,590,000,000",,,Taiwan
2649,12024,Starwood Property Trust,"$6,580,000,000",,,United States
2650,12024,Bankinter,"$6,580,000,000",,,Spain
2651,12024,Li Ning Company,"$6,580,000,000",,,China
2652,12024,ENGIE Brasil,"$6,580,000,000",,,Brazil
2653,12024,Adecco Group,"$6,570,000,000",,,Switzerland
2654,12024,Castellum,"$6,570,000,000",,,Sweden
2655,12024,Unilever Indonesia,"$6,570,000,000",,,Indonesia
2656,12024,Bright Horizons,"$6,540,000,000",,,United States
2657,12024,Hitachi Construction Machinery,"$6,540,000,000",,,Japan
2658,12024,Liberty Global,"$6,530,000,000",,,United Kingdom
2659,12024,Kunlun Tech,"$6,530,000,000",,,China
2660,12024,Falabella,"$6,530,000,000",,,Chile
2661,12024,Linde India,"$6,530,000,000",,,India
2662,12024,CAE,"$6,520,000,000",,,Canada
2663,12024,Taylor Morrison,"$6,520,000,000",,,United States
2664,12024,Alibaba Health Information Technology,"$6,520,000,000",,,Hong Kong
2665,12024,Selective Insurance,"$6,510,000,000",,,United States
2673,12024,Brunswick Corporation,"$6,500,000,000",,,United States
2674,12024,Allegheny Technologies,"$6,500,000,000",,,United States
2675,12024,Ionis Pharmaceuticals,"$6,500,000,000",,,United States
2676,12024,Raiffeisen Bank International,"$6,500,000,000",,,Austria
2677,12024,Sprouts Farmers Market,"$6,480,000,000",,,United States
2678,12024,Post Holdings,"$6,480,000,000",,,United States
2679,12024,OPAP (Organization of Football Prognostics),"$6,480,000,000",,,Greece
2680,12024,Treasury Wine Estates,"$6,470,000,000",,,Australia
2681,12024,YTL Power International,"$6,470,000,000",,,Malaysia
2682,12024,Inspire Medical Systems,"$6,460,000,000",,,United States
2683,12024,Krung Thai Bank,"$6,460,000,000",,,Thailand
2684,12024,MGM China Holdings,"$6,460,000,000",,,Macau
2685,12024,Mobile TeleSystems,"$6,460,000,000",,,Russia
2686,12024,BİM Birleşik Mağazalar,"$6,460,000,000",,,Turkey
2687,12024,Sasa Polyester,"$6,450,000,000",,,Turkey
2688,12024,Astral Poly Technik,"$6,440,000,000",,,India
2689,12024,Wintrust Financial,"$6,430,000,000",,,United States
2690,12024,Whirlpool,"$6,420,000,000",,,United States
2691,12024,Great Eastern,"$6,420,000,000",,,Singapore
2692,12024,South State Corp,"$6,410,000,000",,,United States
2693,12024,AltaGas,"$6,410,000,000",,,Canada
2694,12024,Procter & Gamble India,"$6,410,000,000",,,India
2703,12024,MINISO Group,"$6,400,000,000",,,China
2704,12024,Eurazeo,"$6,400,000,000",,,France
2705,12024,Toyo Suisan,"$6,400,000,000",,,Japan
2706,12024,Israel Discount Bank,"$6,380,000,000",,,Israel
2707,12024,LEG Immobilien,"$6,380,000,000",,,Germany
2708,12024,Sampoerna,"$6,380,000,000",,,Indonesia
2709,12024,Zions Bancorporation,"$6,360,000,000",,,United States
2710,12024,Sime Darby Plantation,"$6,360,000,000",,,Malaysia
2711,12024,Supreme Industries,"$6,360,000,000",,,India
2712,12024,Boyd Gaming,"$6,350,000,000",,,United States
2713,12024,Diploma plc,"$6,350,000,000",,,United Kingdom
2714,12024,Meiji Holdings,"$6,340,000,000",,,Japan
2715,12024,Choice Hotels International,"$6,330,000,000",,,United States
2716,12024,Entain,"$6,330,000,000",,,Isle of Man
2717,12024,Sekisui Chemical,"$6,330,000,000",,,Japan
2718,12024,Endeavour Group,"$6,330,000,000",,,Australia
2719,12024,Element Fleet Management,"$6,330,000,000",,,Canada
2720,12024,Container Corporation of India,"$6,330,000,000",,,India
2721,12024,MOL Group,"$6,320,000,000",,,Hungary
2722,12024,Yakult,"$6,310,000,000",,,Japan
2729,12024,Essent Group,"$6,300,000,000",,,Bermuda
2731,12024,Banco Popular,"$6,290,000,000",,,United States
2732,12024,Axfood,"$6,290,000,000",,,Sweden
2733,12024,Tingyi (master kang),"$6,280,000,000",,,China
2734,12024,Suzlon,"$6,280,000,000",,,India
2735,12024,Fertiglobe,"$6,280,000,000",,,United Arab Emirates
2736,12024,GXO Logistics,"$6,270,000,000",,,United States
2737,12024,Rohm,"$6,270,000,000",,,Japan
2738,12024,Taylor Wimpey,"$6,260,000,000",,,United Kingdom
2739,12024,Isetan Mitsukoshi Holdings,"$6,260,000,000",,,Japan
2740,12024,Warehouses De Pauw,"$6,260,000,000",,,Belgium
2741,12024,Meritage Homes,"$6,240,000,000",,,United States
2742,12024,Vicinity Centres,"$6,240,000,000",,,Australia
2743,12024,Chang Hwa Commercial Bank,"$6,240,000,000",,,Taiwan
2744,12024,SPIE,"$6,240,000,000",,,France
2745,12024,Novanta,"$6,220,000,000",,,United States
2746,12024,AutoStore Holdings,"$6,220,000,000",,,Norway
2747,12024,Wyndham Hotels & Resorts,"$6,210,000,000",,,United States
2748,12024,Andritz,"$6,210,000,000",,,Austria
2749,12024,iA Financial,"$6,210,000,000",,,Canada
2750,12024,Bharat Forge,"$6,210,000,000",,,India
2758,12024,ADT,"$6,200,000,000",,,United States
2759,12024,Timken Company,"$6,200,000,000",,,United States
2760,12024,Addtech AB,"$6,200,000,000",,,Sweden
2762,12024,Hamilton Lane,"$6,190,000,000",,,United States
2763,12024,Howden Joinery,"$6,190,000,000",,,United Kingdom
2764,12024,Land Securities Group,"$6,190,000,000",,,United Kingdom
2765,12024,MEG Energy,"$6,180,000,000",,,Canada
2766,12024,Gildan,"$6,170,000,000",,,Canada
2767,12024,First American,"$6,160,000,000",,,United States
2768,12024,Ultrapar Participacoes,"$6,160,000,000",,,Brazil
2769,12024,Colliers International,"$6,150,000,000",,,Canada
2770,12024,Pirelli,"$6,150,000,000",,,Italy
2771,12024,Zealand Pharma,"$6,150,000,000",,,Denmark
2772,12024,AAK,"$6,140,000,000",,,Sweden
2773,12024,Ampol,"$6,140,000,000",,,Australia
2774,12024,IGM Financial,"$6,130,000,000",,,Canada
2775,12024,ENKA,"$6,130,000,000",,,Turkey
2776,12024,Abercrombie & Fitch,"$6,120,000,000",,,United States
2777,12024,Ibiden,"$6,120,000,000",,,Japan
2778,12024,Thor Industries,"$6,110,000,000",,,United States
2779,12024,Intouch Holdings,"$6,110,000,000",,,Thailand
2787,12024,Red Rock Resorts,"$6,100,000,000",,,United States
2788,12024,Qualys,"$6,100,000,000",,,United States
2789,12024,Qantas Airways,"$6,090,000,000",,,Australia
2790,12024,Prosperity Bancshares,"$6,080,000,000",,,United States
2791,12024,Cosan,"$6,080,000,000",,,Brazil
2792,12024,ADES Holding Company,"$6,080,000,000",,,Saudi Arabia
2793,12024,Qatar Gas Transport Company,"$6,080,000,000",,,Qatar
2794,12024,Georg Fischer,"$6,070,000,000",,,Switzerland
2795,12024,Mueller Industries,"$6,060,000,000",,,United States
2796,12024,New Fortress Energy,"$6,060,000,000",,,United States
2797,12024,Beacon Roofing Supply,"$6,060,000,000",,,United States
2798,12024,Bausch + Lomb,"$6,060,000,000",,,Canada
2799,12024,Insight Enterprises,"$6,060,000,000",,,United States
2800,12024,BELIMO Holding,"$6,060,000,000",,,Switzerland
2801,12024,OneMain Financial,"$6,050,000,000",,,United States
2802,12024,Frontier Communications,"$6,050,000,000",,,United States
2803,12024,Hexcel,"$6,040,000,000",,,United States
2804,12024,Louisiana-Pacific,"$6,040,000,000",,,United States
2805,12024,EnLink Midstream,"$6,040,000,000",,,United States
2806,12024,Reynolds Consumer,"$6,040,000,000",,,United States
2807,12024,NewMarket Corp,"$6,030,000,000",,,United States
2808,12024,Chiba Bank,"$6,030,000,000",,,Japan
2809,12024,Saudi International Petrochemical Company (Sipchem),"$6,030,000,000",,,Saudi Arabia
2810,12024,Masraf Al Rayan,"$6,030,000,000",,,Qatar
2811,12024,Element Solutions,"$6,020,000,000",,,United States
2812,12024,Banco de Crédito e Inversiones,"$6,020,000,000",,,Chile
2813,12024,YTL Corporation Berhad,"$6,010,000,000",,,Malaysia
2826,12024,Boise Cascade,"$6,000,000,000",,,United States
2827,12024,Flowserve,"$6,000,000,000",,,United States
2828,12024,McDonald's Japan,"$6,000,000,000",,,Japan
2829,12024,National Marine Dredging,"$6,000,000,000",,,United Arab Emirates
2832,12024,IMI plc,"$5,990,000,000",,,United Kingdom
2833,12024,Investec,"$5,990,000,000",,,United Kingdom
2834,12024,Unipol Gruppo,"$5,990,000,000",,,Italy
2835,12024,Littelfuse,"$5,980,000,000",,,United States
2836,12024,Fuchs Petrolub,"$5,980,000,000",,,Germany
2837,12024,OTE Group,"$5,980,000,000",,,Greece
2838,12024,Securitas AB,"$5,980,000,000",,,Sweden
2839,12024,Central Retail Corporation,"$5,970,000,000",,,Thailand
2840,12024,Copenhagen Airport,"$5,970,000,000",,,Denmark
2841,12024,Alcoa,"$5,960,000,000",,,United States
2842,12024,Harley-Davidson,"$5,960,000,000",,,United States
2843,12024,Sojitz Corporation,"$5,960,000,000",,,Japan
2844,12024,Australian Foundation Investment Company,"$5,960,000,000",,,Australia
2845,12024,PSP Swiss Property,"$5,960,000,000",,,Switzerland
2846,12024,Korean Air Lines,"$5,960,000,000",,,South Korea
2847,12024,Ashok Leyland,"$5,960,000,000",,,India
2848,12024,Central Bank of India,"$5,960,000,000",,,India
2849,12024,Fomento de Construcciones y Contratas,"$5,950,000,000",,,Spain
2850,12024,Mirvac Group,"$5,950,000,000",,,Australia
2851,12024,Empire Company,"$5,950,000,000",,,Canada
2852,12024,MGIC Investment,"$5,940,000,000",,,United States
2853,12024,Global-e,"$5,940,000,000",,,Israel
2854,12024,PB Fintech,"$5,940,000,000",,,India
2855,12024,SCSK Corporation,"$5,920,000,000",,,Japan
2856,12024,NEXTDC,"$5,920,000,000",,,Australia
2857,12024,Scor,"$5,920,000,000",,,France
2858,12024,Cemig,"$5,910,000,000",,,Brazil
2859,12024,PTT Oil and Retail Business,"$5,910,000,000",,,Thailand
2865,12024,Genpact,"$5,900,000,000",,,Bermuda
2866,12024,Marathon Digital Holdings,"$5,900,000,000",,,United States
2867,12024,Toho Co.,"$5,900,000,000",,,Japan
2868,12024,Patanjali Foods,"$5,900,000,000",,,India
2871,12024,Colruyt,"$5,890,000,000",,,Belgium
2872,12024,New Hope Liuhe,"$5,890,000,000",,,China
2873,12024,BOK Financial,"$5,880,000,000",,,United States
2874,12024,Terreno Realty,"$5,880,000,000",,,United States
2875,12024,Monotaro,"$5,880,000,000",,,Japan
2876,12024,Atacadão,"$5,880,000,000",,,Brazil
2877,12024,Copel,"$5,870,000,000",,,Brazil
2878,12024,Dutch Bros,"$5,870,000,000",,,United States
2879,12024,VF Corporation,"$5,860,000,000",,,United States
2880,12024,Phoenix Mills,"$5,860,000,000",,,India
2881,12024,L'Occitane International,"$5,850,000,000",,,Luxembourg
2882,12024,Kintetsu GHD,"$5,850,000,000",,,Japan
2883,12024,Barratt Developments,"$5,850,000,000",,,United Kingdom
2884,12024,Nestle Malaysia,"$5,850,000,000",,,Malaysia
2885,12024,Keyera,"$5,840,000,000",,,Canada
2886,12024,OCI,"$5,840,000,000",,,Netherlands
2887,12024,Teleperformance,"$5,840,000,000",,,France
2888,12024,CSN Mineração,"$5,840,000,000",,,Brazil
2889,12024,Tele2,"$5,840,000,000",,,Sweden
2890,12024,Synovus,"$5,830,000,000",,,United States
2891,12024,Ezdan Holding Group,"$5,830,000,000",,,Qatar
2892,12024,Kingfisher,"$5,820,000,000",,,United Kingdom
2893,12024,eMemory Technology,"$5,820,000,000",,,Taiwan
2897,12024,Blueprint Medicines,"$5,800,000,000",,,United States
2898,12024,Quiñenco,"$5,800,000,000",,,Chile
2899,12024,SJVN,"$5,790,000,000",,,India
2900,12024,DT Midstream,"$5,780,000,000",,,United States
2901,12024,Seek Limited,"$5,780,000,000",,,Australia
2902,12024,Canadian Apartment Properties REIT,"$5,780,000,000",,,Canada
2903,12024,GMR Group,"$5,780,000,000",,,India
2904,12024,Alamos Gold,"$5,770,000,000",,,Canada
2905,12024,Tokyu Fudosan Holdings,"$5,770,000,000",,,Japan
2906,12024,Valvoline,"$5,760,000,000",,,United States
2907,12024,Option Care Health,"$5,750,000,000",,,United States
2908,12024,Onex,"$5,750,000,000",,,Canada
2909,12024,Nexstar Media Group,"$5,740,000,000",,,United States
2910,12024,Mercury NZ,"$5,740,000,000",,,New Zealand
2911,12024,Leonardo DRS,"$5,730,000,000",,,United States
2912,12024,Alstom,"$5,730,000,000",,,France
2913,12024,Worley,"$5,730,000,000",,,Australia
2914,12024,Prestige Group,"$5,730,000,000",,,India
2915,12024,Tata Elxsi,"$5,730,000,000",,,India
2916,12024,Casella Waste Systems,"$5,720,000,000",,,United States
2917,12024,Banca Monte dei Paschi di Siena,"$5,720,000,000",,,Italy
2918,12024,Indosat,"$5,720,000,000",,,Indonesia
2919,12024,Agree Realty,"$5,710,000,000",,,United States
2920,12024,Canadian Tire,"$5,710,000,000",,,Canada
2931,12024,Vornado Realty Trust,"$5,690,000,000",,,United States
2932,12024,BridgeBio Pharma,"$5,690,000,000",,,United States
2933,12024,FirstCash,"$5,690,000,000",,,United States
2934,12024,Lancaster Colony Corporation,"$5,690,000,000",,,United States
2935,12024,SAL Saudi Logistics Services,"$5,690,000,000",,,Saudi Arabia
2936,12024,Wacker Chemie,"$5,680,000,000",,,Germany
2937,12024,A2A,"$5,680,000,000",,,Italy
2938,12024,Ackermans & Van Haaren,"$5,680,000,000",,,Belgium
2939,12024,SM Energy,"$5,670,000,000",,,United States
2940,12024,Tenable,"$5,670,000,000",,,United States
2941,12024,Orica,"$5,670,000,000",,,Australia
2942,12024,Thermax,"$5,660,000,000",,,India
2943,12024,Air Lease Corporation,"$5,650,000,000",,,United States
2944,12024,Shift4 Payments,"$5,650,000,000",,,United States
2945,12024,Hapvida,"$5,650,000,000",,,Brazil
2946,12024,Sonoco,"$5,640,000,000",,,United States
2947,12024,FAW Car,"$5,640,000,000",,,China
2948,12024,DoubleVerify,"$5,630,000,000",,,United States
2949,12024,Zurn Water Solutions,"$5,630,000,000",,,United States
2950,12024,CRISPR Therapeutics,"$5,630,000,000",,,Switzerland
2951,12024,United Tractors,"$5,630,000,000",,,Indonesia
2952,12024,Beazley,"$5,620,000,000",,,United Kingdom
2953,12024,ALD Automotive,"$5,620,000,000",,,France
2954,12024,GPT Group,"$5,620,000,000",,,Australia
2955,12024,MSC Industrial Direct,"$5,610,000,000",,,United States
2967,12024,Nedbank,"$5,600,000,000",,,South Africa
2968,12024,Polaris,"$5,590,000,000",,,United States
2969,12024,Dechra Pharmaceuticals,"$5,590,000,000",,,United Kingdom
2970,12024,Freshpet,"$5,580,000,000",,,United States
2971,12024,Grifols,"$5,580,000,000",,,Spain
2972,12024,A1 Telekom Austria,"$5,580,000,000",,,Austria
2973,12024,Burberry,"$5,580,000,000",,,United Kingdom
2974,12024,Maxis Berhad,"$5,580,000,000",,,Malaysia
2975,12024,Barito Pacific,"$5,570,000,000",,,Indonesia
2976,12024,Amorepacific,"$5,570,000,000",,,South Korea
2977,12024,Hamamatsu,"$5,560,000,000",,,Japan
2978,12024,Parkland Corp,"$5,560,000,000",,,Canada
2979,12024,Getinge,"$5,560,000,000",,,Sweden
2980,12024,Kirby Corporation,"$5,550,000,000",,,United States
2981,12024,Gaztransport & Technigaz,"$5,550,000,000",,,France
2982,12024,Yanbu National Petrochemical,"$5,550,000,000",,,Saudi Arabia
2983,12024,Nykaa,"$5,550,000,000",,,India
2984,12024,SPX Corporation,"$5,540,000,000",,,United States
2985,12024,Sunny Optical,"$5,540,000,000",,,China
2986,12024,Dukhan Bank,"$5,540,000,000",,,Qatar
2987,12024,ACC,"$5,530,000,000",,,India
2988,12024,Samsonite International,"$5,520,000,000",,,Luxembourg
2989,12024,Technoprobe,"$5,520,000,000",,,Italy
2990,12024,Arcadis,"$5,520,000,000",,,Netherlands
2991,12024,Scout24,"$5,510,000,000",,,Germany
2992,12024,The Commercial Bank (P.S.Q.C.),"$5,510,000,000",,,Qatar
3013,12024,KGHM Polska Miedź,"$5,500,000,000",,,Poland
3014,12024,HK Electric Investments,"$5,500,000,000",,,Hong Kong
3015,12024,Far Eastern New Century,"$5,490,000,000",,,Taiwan
3016,12024,China State Construction International,"$5,490,000,000",,,Hong Kong
3017,12024,Yonyou,"$5,490,000,000",,,China
3018,12024,Sensata Technologies,"$5,480,000,000",,,United States
3019,12024,AXIS Capital,"$5,480,000,000",,,Bermuda
3020,12024,Rightmove,"$5,480,000,000",,,United Kingdom
3021,12024,Yunnan Energy New Material,"$5,480,000,000",,,China
3022,12024,Aditya Birla Capital,"$5,480,000,000",,,India
3023,12024,Alight,"$5,470,000,000",,,United States
3024,12024,Rithm Capital,"$5,470,000,000",,,United States
3025,12024,Kobe Bussan,"$5,470,000,000",,,Japan
3026,12024,R1 RCM,"$5,460,000,000",,,United States
3027,12024,Pegasystems,"$5,460,000,000",,,United States
3028,12024,Dexus,"$5,460,000,000",,,Australia
3029,12024,Mphasis,"$5,460,000,000",,,India
3030,12024,Affiliated Managers Group,"$5,450,000,000",,,United States
3031,12024,Armstrong World Industries,"$5,450,000,000",,,United States
3032,12024,Ricoh Company,"$5,450,000,000",,,Japan
3033,12024,Bosideng,"$5,450,000,000",,,Hong Kong
3034,12024,Macy's,"$5,440,000,000",,,United States
3035,12024,Lincoln National Corporation,"$5,440,000,000",,,United States
3036,12024,GoTo,"$5,440,000,000",,,Indonesia
3037,12024,Celestica,"$5,430,000,000",,,Canada
3038,12024,Umicore,"$5,430,000,000",,,Belgium
3039,12024,Jyske Bank,"$5,430,000,000",,,Denmark
3040,12024,Commercial Bank of Dubai,"$5,420,000,000",,,United Arab Emirates
3041,12024,Restoration Hardware,"$5,410,000,000",,,United States
3042,12024,Mapletree Logistics Trust,"$5,410,000,000",,,Singapore
3054,12024,Infratil,"$5,400,000,000",,,New Zealand
3055,12024,Hiscox,"$5,390,000,000",,,Bermuda
3056,12024,United Breweries,"$5,390,000,000",,,India
3057,12024,HashiCorp,"$5,380,000,000",,,United States
3058,12024,Freshworks,"$5,380,000,000",,,United States
3059,12024,Nissan Chemical,"$5,380,000,000",,,Japan
3060,12024,Tobu Railway,"$5,380,000,000",,,Japan
3061,12024,Schaeffler India,"$5,380,000,000",,,India
3062,12024,Healthcare Realty,"$5,370,000,000",,,United States
3063,12024,Planet Fitness,"$5,370,000,000",,,United States
3064,12024,Southwest Gas,"$5,360,000,000",,,United States
3065,12024,Reply,"$5,360,000,000",,,Italy
3066,12024,Emmi AG,"$5,360,000,000",,,Switzerland
3067,12024,Mytilineos,"$5,360,000,000",,,Greece
3068,12024,TPG Telecom,"$5,350,000,000",,,Australia
3069,12024,EVA Air,"$5,350,000,000",,,Taiwan
3070,12024,Charoen Pokphand Indonesia,"$5,350,000,000",,,Indonesia
3071,12024,Valaris,"$5,340,000,000",,,United Kingdom
3072,12024,Madrigal Pharmaceuticals,"$5,340,000,000",,,United States
3073,12024,Unite Group (Unite Students),"$5,340,000,000",,,United Kingdom
3074,12024,Sealed Air,"$5,330,000,000",,,United States
3075,12024,RTL Group,"$5,330,000,000",,,Luxembourg
3076,12024,BOC Aviation,"$5,330,000,000",,,Singapore
3077,12024,Dixon Technologies,"$5,330,000,000",,,India
3078,12024,PLDT,"$5,320,000,000",,,Philippines
3079,12024,Hensoldt,"$5,320,000,000",,,Germany
3080,12024,Hikma Pharmaceuticals,"$5,320,000,000",,,United Kingdom
3081,12024,Metropolitan Bank (Metrobank),"$5,320,000,000",,,Philippines
3082,12024,Vistry Group,"$5,320,000,000",,,United Kingdom
3083,12024,Aalberts,"$5,320,000,000",,,Netherlands
3084,12024,Janus Henderson,"$5,310,000,000",,,United Kingdom
3085,12024,BRF,"$5,310,000,000",,,Brazil
3086,12024,Pan American Silver,"$5,310,000,000",,,Canada
3087,12024,Oberbank,"$5,310,000,000",,,Austria
3088,12024,Balkrishna Industries,"$5,310,000,000",,,India
3103,12024,FS KKR Capital,"$5,300,000,000",,,United States
3104,12024,easyJet,"$5,300,000,000",,,United Kingdom
3105,12024,Global Unichip Corp.,"$5,300,000,000",,,Taiwan
3106,12024,Adaro Energy,"$5,300,000,000",,,Indonesia
3107,12024,37 Interactive Entertainment,"$5,300,000,000",,,China
3108,12024,Alaska Airlines,"$5,290,000,000",,,United States
3109,12024,Equitrans Midstream,"$5,290,000,000",,,United States
3110,12024,Taiwan High Speed Rail,"$5,280,000,000",,,Taiwan
3111,12024,KB Home,"$5,270,000,000",,,United States
3112,12024,Cadence Bancorp,"$5,270,000,000",,,United States
3113,12024,Capri Holdings,"$5,270,000,000",,,United Kingdom
3114,12024,Smartsheet,"$5,270,000,000",,,United States
3115,12024,Orion Corporation,"$5,270,000,000",,,Finland
3116,12024,Persimmon,"$5,260,000,000",,,United Kingdom
3117,12024,Emperador Brandy,"$5,260,000,000",,,Philippines
3118,12024,Nahdi Medical Company,"$5,260,000,000",,,Saudi Arabia
3119,12024,Ryder,"$5,250,000,000",,,United States
3120,12024,National Storage,"$5,240,000,000",,,United States
3121,12024,Commercial International Bank,"$5,230,000,000",,,Egypt
3122,12024,De' Longhi,"$5,230,000,000",,,Italy
3123,12024,Hera Group,"$5,230,000,000",,,Italy
3124,12024,Elis,"$5,230,000,000",,,France
3125,12024,Revolution Medicines,"$5,220,000,000",,,United States
3126,12024,Axiata Group,"$5,220,000,000",,,Malaysia
3127,12024,Magnolia Oil & Gas,"$5,210,000,000",,,United States
3128,12024,Nova Measuring Instruments,"$5,210,000,000",,,Israel
3129,12024,Tokyo Century,"$5,210,000,000",,,Japan
3142,12024,Temenos,"$5,200,000,000",,,Switzerland
3143,12024,Glanbia plc,"$5,190,000,000",,,Ireland
3144,12024,MBC Group Co.,"$5,190,000,000",,,Saudi Arabia
3145,12024,Tecan,"$5,190,000,000",,,Switzerland
3146,12024,Frontline,"$5,180,000,000",,,Bermuda
3147,12024,EXL Service,"$5,180,000,000",,,United States
3148,12024,Air Canada,"$5,180,000,000",,,Canada
3149,12024,Nippon Prologis REIT,"$5,180,000,000",,,Japan
3150,12024,Fukuoka Financial Group,"$5,180,000,000",,,Japan
3151,12024,Japan Real Estate Investment,"$5,180,000,000",,,Japan
3152,12024,Azelis Group,"$5,180,000,000",,,Belgium
3153,12024,ASM Pacific Technology,"$5,180,000,000",,,Hong Kong
3154,12024,IOI Corporation Berhad,"$5,180,000,000",,,Malaysia
3155,12024,Allegro MicroSystems,"$5,170,000,000",,,United States
3156,12024,Halozyme Therapeutics,"$5,170,000,000",,,United States
3157,12024,Interpump Group,"$5,170,000,000",,,Italy
3158,12024,Piraeus Financial Holdings,"$5,170,000,000",,,Greece
3159,12024,StoneCo,"$5,160,000,000",,,Brazil
3160,12024,Varonis,"$5,160,000,000",,,United States
3161,12024,Kuala Lumpur Kepong,"$5,160,000,000",,,Malaysia
3162,12024,Federal Signal,"$5,150,000,000",,,United States
3163,12024,Spark New Zealand,"$5,150,000,000",,,New Zealand
3164,12024,Hyundai Glovis,"$5,150,000,000",,,South Korea
3165,12024,Bank OZK,"$5,140,000,000",,,United States
3166,12024,LondonMetric Property,"$5,140,000,000",,,United Kingdom
3167,12024,Bank Muscat,"$5,140,000,000",,,Oman
3168,12024,Minor International,"$5,140,000,000",,,Thailand
3169,12024,SFS Group,"$5,140,000,000",,,Switzerland
3170,12024,Agility Public Warehousing Company,"$5,140,000,000",,,Kuwait
3171,12024,Quebecor,"$5,140,000,000",,,Canada
3172,12024,Odakyu Electric Railway,"$5,130,000,000",,,Japan
3173,12024,Aspen Pharmacare,"$5,130,000,000",,,South Africa
3174,12024,DiaSorin,"$5,130,000,000",,,Italy
3175,12024,Rémy Cointreau,"$5,130,000,000",,,France
3176,12024,Hankook Tire,"$5,130,000,000",,,South Korea
3177,12024,Jackson Financial,"$5,120,000,000",,,United States
3178,12024,Jollibee,"$5,120,000,000",,,Philippines
3179,12024,Sabancı Holding,"$5,110,000,000",,,Turkey
3191,12024,TIS,"$5,100,000,000",,,Japan
3192,12024,Telecom Italia,"$5,100,000,000",,,Italy
3193,12024,China Gas,"$5,100,000,000",,,China
3194,12024,Cabot Corporation,"$5,090,000,000",,,United States
3195,12024,Harmony Gold,"$5,090,000,000",,,South Africa
3196,12024,Maximus,"$5,090,000,000",,,United States
3197,12024,Old National Bank,"$5,090,000,000",,,United States
3198,12024,Advance Auto Parts,"$5,080,000,000",,,United States
3199,12024,Euronet Worldwide,"$5,080,000,000",,,United States
3200,12024,Sunoco,"$5,070,000,000",,,United States
3201,12024,Yamato Holdings,"$5,070,000,000",,,Japan
3202,12024,UGI Corporation,"$5,060,000,000",,,United States
3203,12024,Voestalpine,"$5,060,000,000",,,Austria
3204,12024,Covivio,"$5,060,000,000",,,France
3205,12024,Academy Sports,"$5,050,000,000",,,United States
3206,12024,Transocean,"$5,050,000,000",,,Switzerland
3207,12024,Braze,"$5,050,000,000",,,United States
3208,12024,China Power International Development,"$5,050,000,000",,,Hong Kong
3209,12024,Adani Wilmar,"$5,040,000,000",,,India
3210,12024,F.N.B. Corporation,"$5,030,000,000",,,United States
3211,12024,Radian Group,"$5,030,000,000",,,United States
3212,12024,Rayonier,"$5,030,000,000",,,United States
3213,12024,Grupo Simec,"$5,030,000,000",,,Mexico
3214,12024,Mr. Cooper Group,"$5,030,000,000",,,United States
3215,12024,Doximity,"$5,030,000,000",,,United States
3216,12024,Bank of Maharashtra,"$5,030,000,000",,,India
3217,12024,Silgan Holdings,"$5,020,000,000",,,United States
3218,12024,Aboitiz Power,"$5,020,000,000",,,Philippines
3219,12024,China Merchants Port,"$5,020,000,000",,,Hong Kong
3220,12024,Empresas CMPC,"$5,020,000,000",,,Chile
3221,12024,Mapletree Commercial Trust,"$5,020,000,000",,,Singapore
3222,12024,Krystal Biotech,"$5,010,000,000",,,United States
3223,12024,Akeso,"$5,010,000,000",,,China
3242,12024,Lufax,"$5,000,000,000",,,China
3243,12024,Crescent Point Energy,"$5,000,000,000",,,Canada
3244,12024,Hilton Grand Vacations,"$5,000,000,000",,,United States
3245,12024,Flowers Foods,"$4,990,000,000",,,United States
3246,12024,MDU Resources,"$4,990,000,000",,,United States
3247,12024,Squarespace,"$4,990,000,000",,,United States
3248,12024,ALTEN,"$4,990,000,000",,,France
3249,12024,Banco Comercial Português (Millennium bcp),"$4,990,000,000",,,Portugal
3250,12024,Balchem,"$4,980,000,000",,,United States
3251,12024,Clarivate,"$4,980,000,000",,,United Kingdom
3252,12024,GMO Payment Gateway,"$4,980,000,000",,,Japan
3253,12024,Modine Manufacturing,"$4,970,000,000",,,United States
3254,12024,Airtel Africa,"$4,960,000,000",,,United Kingdom
3255,12024,Endeavour Mining,"$4,960,000,000",,,United Kingdom
3256,12024,Merlin Properties,"$4,960,000,000",,,Spain
3257,12024,American Eagle Outfitters,"$4,950,000,000",,,United States
3258,12024,Cirrus Logic,"$4,950,000,000",,,United States
3259,12024,Galicia Financial Group,"$4,950,000,000",,,Argentina
3260,12024,Sopra Steria Group,"$4,950,000,000",,,France
3261,12024,Sasol,"$4,940,000,000",,,South Africa
3262,12024,BAWAG Group,"$4,940,000,000",,,Austria
3263,12024,Valmet,"$4,940,000,000",,,Finland
3264,12024,Kyndryl,"$4,930,000,000",,,United States
3265,12024,Home BancShares,"$4,930,000,000",,,United States
3266,12024,Husqvarna,"$4,930,000,000",,,Sweden
3267,12024,Enact Holdings,"$4,920,000,000",,,United States
3268,12024,Yadea Group,"$4,920,000,000",,,China
3269,12024,Franklin Electric,"$4,910,000,000",,,United States
3270,12024,Nuvalent,"$4,910,000,000",,,United States
3271,12024,Patterson-UTI Energy,"$4,910,000,000",,,United States
3272,12024,Stericycle,"$4,910,000,000",,,United States
3273,12024,Mitsubishi Motors,"$4,910,000,000",,,Japan
3274,12024,TMBThanachart Bank (ttb),"$4,910,000,000",,,Thailand
3275,12024,JAC Motors,"$4,910,000,000",,,China
3276,12024,APL Apollo,"$4,910,000,000",,,India
3292,12024,Hualan Biological Engineering,"$4,900,000,000",,,China
3293,12024,Embraer,"$4,890,000,000",,,Brazil
3294,12024,Bumrungrad Hospital,"$4,890,000,000",,,Thailand
3295,12024,JSC Halyk Bank,"$4,890,000,000",,,Kazakhstan
3296,12024,Qatar Electricity & Water Company,"$4,890,000,000",,,Qatar
3297,12024,Ashland,"$4,880,000,000",,,United States
3298,12024,National Fuel Gas,"$4,880,000,000",,,United States
3299,12024,Fraport,"$4,880,000,000",,,Germany
3300,12024,Richter Gedeon,"$4,880,000,000",,,Hungary
3301,12024,Telekom Malaysia,"$4,870,000,000",,,Malaysia
3302,12024,Asahi Intecc,"$4,860,000,000",,,Japan
3303,12024,Hanover Insurance Group,"$4,850,000,000",,,United States
3304,12024,Ollie's Bargain Outlet,"$4,850,000,000",,,United States
3305,12024,Mapletree Industrial Trust,"$4,850,000,000",,,Singapore
3306,12024,Assured Guaranty,"$4,840,000,000",,,Bermuda
3307,12024,Phillips Edison & Company,"$4,840,000,000",,,United States
3308,12024,Atlas Arteria,"$4,840,000,000",,,Australia
3309,12024,Skyline Champion,"$4,830,000,000",,,United States
3310,12024,PTT Global Chemical,"$4,830,000,000",,,Thailand
3311,12024,Ocado,"$4,820,000,000",,,United Kingdom
3312,12024,Yang Ming,"$4,820,000,000",,,Taiwan
3313,12024,Cencosud,"$4,820,000,000",,,Chile
3314,12024,KPIT Technologies,"$4,820,000,000",,,India
3315,12024,Herc Holdings,"$4,810,000,000",,,United States
3316,12024,Tidewater,"$4,810,000,000",,,United States
3317,12024,ASGN,"$4,810,000,000",,,United States
3331,12024,Bombardier Recreational Products,"$4,800,000,000",,,Canada
3332,12024,SITC International,"$4,800,000,000",,,Hong Kong
3333,12024,Vopak,"$4,790,000,000",,,Netherlands
3334,12024,Subsea 7,"$4,790,000,000",,,Luxembourg
3335,12024,Kite Realty,"$4,780,000,000",,,United States
3336,12024,Aurizon Holdings,"$4,780,000,000",,,Australia
3337,12024,VZ Holding,"$4,780,000,000",,,Switzerland
3338,12024,Megacable Holdings,"$4,780,000,000",,,Mexico
3339,12024,United Bankshares,"$4,770,000,000",,,United States
3340,12024,Zhejiang Century Huatong,"$4,770,000,000",,,China
3341,12024,Asbury Automotive Group,"$4,760,000,000",,,United States
3342,12024,Columbia Sportswear,"$4,760,000,000",,,United States
3343,12024,Clearwater Analytics,"$4,760,000,000",,,United States
3344,12024,Sallie Mae,"$4,750,000,000",,,United States
3345,12024,Arcadium Lithium,"$4,750,000,000",,,United States
3346,12024,GATX,"$4,750,000,000",,,United States
3347,12024,TOTO,"$4,750,000,000",,,Japan
3348,12024,International Games System,"$4,750,000,000",,,Taiwan
3349,12024,Petronet LNG,"$4,750,000,000",,,India
3350,12024,Italgas,"$4,740,000,000",,,Italy
3351,12024,Public Power Corporation,"$4,740,000,000",,,Greece
3352,12024,Soitec,"$4,740,000,000",,,France
3353,12024,Makkah Construction & Development,"$4,740,000,000",,,Saudi Arabia
3354,12024,Vertex,"$4,730,000,000",,,United States
3355,12024,Square Enix,"$4,730,000,000",,,Japan
3356,12024,UNO Minda,"$4,730,000,000",,,India
3357,12024,Badger Meter,"$4,720,000,000",,,United States
3358,12024,Immunovant,"$4,720,000,000",,,United States
3359,12024,Beijing Enterprises Holdings,"$4,720,000,000",,,Hong Kong
3360,12024,MDC Holdings,"$4,710,000,000",,,United States
3361,12024,Organon,"$4,710,000,000",,,United States
3362,12024,Bilibili,"$4,710,000,000",,,China
3363,12024,Ternium Argentina,"$4,710,000,000",,,Argentina
3375,12024,MARAFIQ (The Power and Water Utility Company for Jubail and Yanbu),"$4,700,000,000",,,Saudi Arabia
3376,12024,Jarir,"$4,700,000,000",,,Saudi Arabia
3377,12024,Western Union,"$4,690,000,000",,,United States
3378,12024,Nomura Real Estate Master Fund,"$4,690,000,000",,,Japan
3379,12024,Rohto Pharmaceutical,"$4,690,000,000",,,Japan
3380,12024,PPB Group Berhad,"$4,690,000,000",,,Malaysia
3381,12024,Idacorp,"$4,680,000,000",,,United States
3382,12024,ABC-Mart,"$4,680,000,000",,,Japan
3383,12024,Saipem,"$4,680,000,000",,,Italy
3384,12024,Enstar Group,"$4,670,000,000",,,Bermuda
3385,12024,Capstone Copper,"$4,670,000,000",,,Canada
3386,12024,EVN Group,"$4,670,000,000",,,Austria
3387,12024,Jfrog,"$4,660,000,000",,,United States
3388,12024,Biohaven Pharmaceutical,"$4,650,000,000",,,United States
3389,12024,Lundbeck,"$4,650,000,000",,,Denmark
3390,12024,Banco del Bajío,"$4,650,000,000",,,Mexico
3391,12024,First Financial Bankshares,"$4,640,000,000",,,United States
3392,12024,Taisho Pharmaceutical,"$4,640,000,000",,,Japan
3393,12024,Tomra,"$4,640,000,000",,,Norway
3394,12024,Ringkjøbing Landbobank,"$4,640,000,000",,,Denmark
3395,12024,Romgaz,"$4,630,000,000",,,Romania
3396,12024,Aluminium Bahrain (Alba),"$4,630,000,000",,,Bahrain
3397,12024,Apartment Income REIT,"$4,620,000,000",,,United States
3398,12024,Natura&Co,"$4,620,000,000",,,Brazil
3399,12024,PennyMac,"$4,620,000,000",,,United States
3400,12024,Canadian Utilities,"$4,620,000,000",,,Canada
3401,12024,Nexans,"$4,620,000,000",,,France
3402,12024,Wynn Macau,"$4,620,000,000",,,Macau
3403,12024,Workiva,"$4,610,000,000",,,United States
3404,12024,Gates Industrial Corp,"$4,610,000,000",,,United States
3405,12024,Qatar International Islamic Bank,"$4,610,000,000",,,Qatar
3406,12024,Page Industries,"$4,610,000,000",,,India
3427,12024,White Mountains Insurance Group,"$4,600,000,000",,,Bermuda
3428,12024,Technip Energies,"$4,600,000,000",,,France
3429,12024,British Land,"$4,600,000,000",,,United Kingdom
3430,12024,Vienna Airport,"$4,600,000,000",,,Austria
3432,12024,PagSeguro,"$4,590,000,000",,,Brazil
3433,12024,Strabag,"$4,590,000,000",,,Austria
3434,12024,Boyd Group,"$4,590,000,000",,,Canada
3435,12024,Hang Lung Properties,"$4,590,000,000",,,Hong Kong
3436,12024,DKSH Holding,"$4,590,000,000",,,Switzerland
3437,12024,Glaukos,"$4,580,000,000",,,United States
3438,12024,Flughafen Wien (Vienna Airport),"$4,580,000,000",,,Austria
3439,12024,Punjab & Sind Bank,"$4,580,000,000",,,India
3440,12024,PrairieSky Royalty,"$4,580,000,000",,,Canada
3441,12024,CleanSpark,"$4,570,000,000",,,United States
3442,12024,Frasers Group,"$4,570,000,000",,,United Kingdom
3443,12024,New India Assurance,"$4,570,000,000",,,India
3444,12024,Five9,"$4,560,000,000",,,United States
3445,12024,Evolution Mining,"$4,560,000,000",,,Australia
3446,12024,JB Hi-Fi,"$4,560,000,000",,,Australia
3447,12024,Asia Cement,"$4,560,000,000",,,Taiwan
3448,12024,Valmont Industries,"$4,550,000,000",,,United States
3449,12024,Alkermes,"$4,550,000,000",,,Ireland
3450,12024,Banca Generali,"$4,550,000,000",,,Italy
3451,12024,Haitian International Holdings,"$4,550,000,000",,,Hong Kong
3452,12024,IAC/InterActiveCorp,"$4,540,000,000",,,United States
3453,12024,Bucher Industries,"$4,540,000,000",,,Switzerland
3454,12024,Verallia,"$4,540,000,000",,,France
3455,12024,Knife River Corporation,"$4,520,000,000",,,United States
3456,12024,Nippon Express,"$4,520,000,000",,,Japan
3457,12024,Grupo Catalana Occidente,"$4,520,000,000",,,Spain
3458,12024,Glacier Bancorp,"$4,510,000,000",,,United States
3459,12024,Fannie Mae,"$4,510,000,000",,,United States
3460,12024,"Globe Telecom, Inc.","$4,510,000,000",,,Philippines
3461,12024,Schaeffler,"$4,510,000,000",,,Germany
3462,12024,Yancoal,"$4,510,000,000",,,Australia
3463,12024,AU Small Finance Bank,"$4,510,000,000",,,India
3477,12024,Essential Properties Realty Trust,"$4,500,000,000",,,United States
3478,12024,Fluidra,"$4,500,000,000",,,Spain
3479,12024,H.B. Fuller,"$4,490,000,000",,,United States
3480,12024,Hudco,"$4,490,000,000",,,India
3481,12024,Huntsman Corporation,"$4,480,000,000",,,United States
3482,12024,Whitecap Resources,"$4,480,000,000",,,Canada
3483,12024,Laboratorios Farmaceuticos Rovi,"$4,480,000,000",,,Spain
3484,12024,Cargotec,"$4,480,000,000",,,Finland
3485,12024,Avnet,"$4,470,000,000",,,United States
3486,12024,Silicon Labs,"$4,470,000,000",,,United States
3487,12024,Budimex,"$4,470,000,000",,,Poland
3488,12024,Gujarat Gas,"$4,470,000,000",,,India
3489,12024,American Equity Investment Life Holding,"$4,460,000,000",,,United States
3490,12024,Turkcell,"$4,460,000,000",,,Turkey
3491,12024,Strathcona Resources,"$4,460,000,000",,,Canada
3492,12024,Saudi Industrial Investment Group,"$4,460,000,000",,,Saudi Arabia
3493,12024,Interparfums,"$4,450,000,000",,,United States
3494,12024,International Game Technology,"$4,440,000,000",,,United Kingdom
3495,12024,GamaLife,"$4,440,000,000",,,Portugal
3496,12024,Coca-Cola İçecek,"$4,440,000,000",,,Turkey
3497,12024,Clariant,"$4,430,000,000",,,Switzerland
3498,12024,NKT A/S,"$4,430,000,000",,,Denmark
3499,12024,Signet Jewelers,"$4,420,000,000",,,Bermuda
3500,12024,CorVel Corporation,"$4,420,000,000",,,United States
3501,12024,Hargreaves Lansdown,"$4,420,000,000",,,United Kingdom
3502,12024,MSG Sports,"$4,420,000,000",,,United States
3503,12024,Wendel,"$4,420,000,000",,,France
3504,12024,Texas Pacific Land Trust,"$4,410,000,000",,,United States
3505,12024,Clearway Energy,"$4,410,000,000",,,United States
3506,12024,Shake Shack,"$4,410,000,000",,,United States
3507,12024,Vanguard International Semiconductor,"$4,410,000,000",,,Taiwan
3508,12024,Huhtamäki,"$4,410,000,000",,,Finland
3521,12024,Vallourec,"$4,400,000,000",,,France
3522,12024,AIA Engineering,"$4,400,000,000",,,India
3523,12024,Dalmia Bharat,"$4,400,000,000",,,India
3524,12024,10x Genomics,"$4,390,000,000",,,United States
3525,12024,Boral,"$4,390,000,000",,,Australia
3526,12024,Ambu,"$4,390,000,000",,,Denmark
3527,12024,Brookfield Renewable,"$4,380,000,000",,,United States
3528,12024,National Beverage,"$4,380,000,000",,,United States
3529,12024,Argo Investments,"$4,380,000,000",,,Australia
3530,12024,LG Household & Health Care,"$4,380,000,000",,,South Korea
3531,12024,Federal Bank,"$4,380,000,000",,,India
3532,12024,Avis Budget Group,"$4,370,000,000",,,United States
3533,12024,Dun & Bradstreet,"$4,370,000,000",,,United States
3534,12024,Commvault,"$4,370,000,000",,,United States
3535,12024,Merit Medical,"$4,370,000,000",,,United States
3536,12024,RS Group,"$4,370,000,000",,,United Kingdom
3537,12024,The Bidvest Group,"$4,370,000,000",,,South Africa
3538,12024,Saudi Investment Bank,"$4,370,000,000",,,Saudi Arabia
3539,12024,Innolux,"$4,370,000,000",,,Taiwan
3540,12024,GCL Technology,"$4,370,000,000",,,Hong Kong
3541,12024,Erdemir,"$4,370,000,000",,,Turkey
3542,12024,CRISIL,"$4,370,000,000",,,India
3543,12024,Nuvei,"$4,350,000,000",,,Canada
3544,12024,Bank AlJazira,"$4,350,000,000",,,Saudi Arabia
3545,12024,Acer,"$4,350,000,000",,,Taiwan
3546,12024,Braskem,"$4,340,000,000",,,Brazil
3547,12024,GOL Airlines,"$4,340,000,000",,,Brazil
3548,12024,Voltas,"$4,340,000,000",,,India
3549,12024,ESR,"$4,330,000,000",,,Hong Kong
3550,12024,Ecopro BM,"$4,330,000,000",,,South Korea
3551,12024,HEXPOL AB,"$4,330,000,000",,,Sweden
3552,12024,Copa Holdings,"$4,320,000,000",,,Panama
3553,12024,Terex,"$4,320,000,000",,,United States
3554,12024,Concentrix,"$4,320,000,000",,,United States
3555,12024,Discovery Limited,"$4,320,000,000",,,South Africa
3556,12024,Xinyi Glass Holdings,"$4,320,000,000",,,Hong Kong
3557,12024,Shurgard Self Storage,"$4,320,000,000",,,Luxembourg
3581,12024,Algonquin Power & Utilities,"$4,300,000,000",,,Canada
3582,12024,Ryohin Keikaku,"$4,290,000,000",,,Japan
3583,12024,Aker ASA,"$4,290,000,000",,,Norway
3584,12024,Chemours,"$4,280,000,000",,,United States
3585,12024,Grupo Aeroportuario Centro Norte,"$4,280,000,000",,,Mexico
3586,12024,Haemonetics,"$4,270,000,000",,,United States
3587,12024,Kilroy Realty,"$4,270,000,000",,,United States
3588,12024,Lotus Technology,"$4,270,000,000",,,China
3589,12024,Nisshin Seifun Group,"$4,270,000,000",,,Japan
3590,12024,Konecranes,"$4,270,000,000",,,Finland
3591,12024,Şişecam,"$4,270,000,000",,,Turkey
3592,12024,Buenaventura Mining Company,"$4,260,000,000",,,Peru
3593,12024,Perrigo,"$4,260,000,000",,,Ireland
3594,12024,Yuhan,"$4,260,000,000",,,South Korea
3595,12024,Finning,"$4,250,000,000",,,Canada
3596,12024,Siegfried Holding,"$4,250,000,000",,,Switzerland
3597,12024,3M India,"$4,250,000,000",,,India
3598,12024,dLocal,"$4,240,000,000",,,Uruguay
3599,12024,Freedom Holding,"$4,240,000,000",,,Kazakhstan
3600,12024,Burjeel Holdings,"$4,230,000,000",,,United Arab Emirates
3601,12024,Companhia Siderúrgica Nacional,"$4,220,000,000",,,Brazil
3602,12024,Fresnillo,"$4,220,000,000",,,Mexico
3603,12024,Acom,"$4,220,000,000",,,Japan
3604,12024,Portland General Electric,"$4,210,000,000",,,United States
3605,12024,Acushnet Holdings,"$4,210,000,000",,,United States
3606,12024,Northland Power,"$4,210,000,000",,,Canada
3607,12024,Bombardier,"$4,210,000,000",,,Canada
3608,12024,Neoen,"$4,210,000,000",,,France
3609,12024,Hisense Visual Technology,"$4,210,000,000",,,China
3630,12024,Alpha Metallurgical Resources,"$4,200,000,000",,,United States
3631,12024,AeroVironment,"$4,200,000,000",,,United States
3632,12024,Plains GP,"$4,200,000,000",,,United States
3633,12024,Krones,"$4,200,000,000",,,Germany
3634,12024,Sixt,"$4,200,000,000",,,Germany
3635,12024,Riyadh Cables Group Company,"$4,200,000,000",,,Saudi Arabia
3636,12024,Max Financial Services,"$4,200,000,000",,,India
3638,12024,Itron,"$4,190,000,000",,,United States
3639,12024,Steadfast Group,"$4,190,000,000",,,Australia
3640,12024,Alpha Services and Holdings,"$4,190,000,000",,,Greece
3641,12024,Johnson Matthey,"$4,180,000,000",,,United Kingdom
3642,12024,Indoritel,"$4,180,000,000",,,Indonesia
3643,12024,Dycom Industries,"$4,170,000,000",,,United States
3644,12024,Helmerich & Payne,"$4,170,000,000",,,United States
3645,12024,Arcosa,"$4,170,000,000",,,United States
3646,12024,ScottsMiracle-Gro,"$4,170,000,000",,,United States
3647,12024,IPG Photonics,"$4,170,000,000",,,United States
3648,12024,UMB Financial,"$4,170,000,000",,,United States
3649,12024,Verra Mobility,"$4,170,000,000",,,United States
3650,12024,Brembo,"$4,170,000,000",,,Italy
3651,12024,Global Power Synergy,"$4,170,000,000",,,Thailand
3652,12024,Banco Macro,"$4,160,000,000",,,Argentina
3653,12024,New Jersey Resources,"$4,160,000,000",,,United States
3654,12024,Enel Chile,"$4,160,000,000",,,Chile
3655,12024,Spectris,"$4,160,000,000",,,United Kingdom
3656,12024,Charter Hall Group,"$4,160,000,000",,,Australia
3657,12024,Silergy,"$4,160,000,000",,,China
3658,12024,Doosan Bobcat,"$4,160,000,000",,,South Korea
3659,12024,China Resources Pharmaceutical Group,"$4,150,000,000",,,Hong Kong
3660,12024,Compagnie du Cambodge,"$4,150,000,000",,,France
3661,12024,NexGen Energy,"$4,140,000,000",,,Canada
3662,12024,Spirit AeroSystems,"$4,140,000,000",,,United States
3663,12024,Corporación América Airports,"$4,140,000,000",,,Luxembourg
3664,12024,Lantheus Holdings,"$4,140,000,000",,,United States
3665,12024,Games Workshop Group,"$4,140,000,000",,,United Kingdom
3666,12024,Mainfreight,"$4,140,000,000",,,New Zealand
3667,12024,Swissquote,"$4,140,000,000",,,Switzerland
3668,12024,Kingsoft,"$4,140,000,000",,,China
3669,12024,Exponent,"$4,130,000,000",,,United States
3670,12024,Koito Manufacturing,"$4,130,000,000",,,Japan
3671,12024,Sweco,"$4,130,000,000",,,Sweden
3672,12024,Kemper,"$4,120,000,000",,,United States
3673,12024,ALS Global,"$4,120,000,000",,,Australia
3674,12024,TUI,"$4,120,000,000",,,Germany
3675,12024,Fosun,"$4,120,000,000",,,China
3676,12024,Topsports International,"$4,120,000,000",,,Hong Kong
3677,12024,Nan Ya PCB,"$4,120,000,000",,,Taiwan
3678,12024,Galenica,"$4,120,000,000",,,Switzerland
3679,12024,Tofaş Türk Otomobil Fabrikası,"$4,120,000,000",,,Turkey
3680,12024,Mirati Therapeutics,"$4,110,000,000",,,United States
3681,12024,Rush Enterprises,"$4,110,000,000",,,United States
3682,12024,GLP J-REIT,"$4,110,000,000",,,Japan
3683,12024,Harvey Norman,"$4,110,000,000",,,Australia
3684,12024,Storebrand,"$4,110,000,000",,,Norway
3685,12024,Dar Al Arkan Real Estate Development Company,"$4,110,000,000",,,Saudi Arabia
3686,12024,Coforge,"$4,110,000,000",,,India
3707,12024,Universal Robina Corporation,"$4,100,000,000",,,Philippines
3708,12024,UPL,"$4,100,000,000",,,India
3709,12024,HUGO BOSS,"$4,100,000,000",,,Germany
3710,12024,Box,"$4,090,000,000",,,United States
3711,12024,Synnex Technology International,"$4,090,000,000",,,Taiwan
3712,12024,Arabian Drilling Company,"$4,090,000,000",,,Saudi Arabia
3713,12024,First International Bank of Israel,"$4,090,000,000",,,Israel
3714,12024,Sino-American Silicon Products,"$4,090,000,000",,,Taiwan
3715,12024,Gujarat Fluorochemicals,"$4,090,000,000",,,India
3716,12024,LG Display,"$4,080,000,000",,,South Korea
3717,12024,JCDecaux,"$4,080,000,000",,,France
3718,12024,Sunway,"$4,080,000,000",,,Malaysia
3719,12024,Brink's,"$4,070,000,000",,,United States
3720,12024,RioCan REIT,"$4,070,000,000",,,Canada
3721,12024,Aurora Innovation,"$4,060,000,000",,,United States
3722,12024,nCino,"$4,060,000,000",,,United States
3723,12024,Taiwan Business Bank,"$4,060,000,000",,,Taiwan
3724,12024,Assaí Atacadista,"$4,050,000,000",,,Brazil
3725,12024,Insmed,"$4,050,000,000",,,United States
3726,12024,Grand Canyon Education,"$4,050,000,000",,,United States
3727,12024,Vienna Insurance Group,"$4,050,000,000",,,Austria
3728,12024,Delhivery,"$4,050,000,000",,,India
3729,12024,Insperity,"$4,040,000,000",,,United States
3730,12024,Curaleaf,"$4,040,000,000",,,United States
3731,12024,Greencoat UK Wind,"$4,040,000,000",,,United Kingdom
3732,12024,Contact Energy,"$4,040,000,000",,,New Zealand
3733,12024,Iveco Group,"$4,040,000,000",,,Italy
3734,12024,Sulzer,"$4,040,000,000",,,Switzerland
3735,12024,GameStop,"$4,020,000,000",,,United States
3736,12024,Valley Bank,"$4,020,000,000",,,United States
3737,12024,Vista Oil & Gas,"$4,020,000,000",,,Mexico
3738,12024,PGE Polska,"$4,020,000,000",,,Poland
3739,12024,Qatar Fuel Company (WOQOD),"$4,020,000,000",,,Qatar
3740,12024,Honeywell Automation India,"$4,020,000,000",,,India
3741,12024,Power Integrations,"$4,010,000,000",,,United States
3766,12024,Ormat Technologies,"$4,000,000,000",,,United States
3767,12024,BSE,"$4,000,000,000",,,India
3771,12024,Apple Hospitality REIT,"$3,990,000,000",,,United States
3772,12024,Encore Wire,"$3,990,000,000",,,United States
3773,12024,IHI Corporation,"$3,990,000,000",,,Japan
3774,12024,Seatrium,"$3,990,000,000",,,Singapore
3775,12024,Columbia Banking System,"$3,980,000,000",,,United States
3776,12024,SolarEdge,"$3,980,000,000",,,Israel
3777,12024,Softcat,"$3,980,000,000",,,United Kingdom
3778,12024,ALK-Abelló,"$3,980,000,000",,,Denmark
3779,12024,AllianceBernstein,"$3,970,000,000",,,United States
3780,12024,Group 1 Automotive,"$3,970,000,000",,,United States
3781,12024,Hancock Whitney,"$3,970,000,000",,,United States
3782,12024,Main Street Capital,"$3,970,000,000",,,United States
3783,12024,StepStone Group,"$3,970,000,000",,,United States
3784,12024,Bellway,"$3,970,000,000",,,United Kingdom
3785,12024,Urban Outfitters,"$3,960,000,000",,,United States
3786,12024,City Developments,"$3,960,000,000",,,Singapore
3787,12024,Netmarble,"$3,950,000,000",,,South Korea
3788,12024,Remitly,"$3,940,000,000",,,United States
3789,12024,MISUMI Group,"$3,940,000,000",,,Japan
3790,12024,Ebos Group,"$3,940,000,000",,,New Zealand
3791,12024,Home Product Center,"$3,940,000,000",,,Thailand
3792,12024,Enerplus,"$3,930,000,000",,,Canada
3793,12024,Northern Oil and Gas,"$3,930,000,000",,,United States
3794,12024,Iovance Biotherapeutics,"$3,930,000,000",,,United States
3795,12024,Schneider,"$3,930,000,000",,,United States
3796,12024,Hong Leong Financial Group,"$3,930,000,000",,,Malaysia
3797,12024,Astra Industrial Group Company,"$3,930,000,000",,,Saudi Arabia
3798,12024,Shin Kong Financial Holding,"$3,930,000,000",,,Taiwan
3799,12024,Kakao Pay,"$3,930,000,000",,,South Korea
3800,12024,Camtek,"$3,920,000,000",,,Israel
3801,12024,Charoen Pokphand Foods,"$3,920,000,000",,,Thailand
3802,12024,BlackLine,"$3,910,000,000",,,United States
3803,12024,Dream Finders Homes,"$3,910,000,000",,,United States
3804,12024,Avient,"$3,910,000,000",,,United States
3805,12024,Cleanaway Waste Management,"$3,910,000,000",,,Australia
3833,12024,CBIZ,"$3,900,000,000",,,United States
3834,12024,Kadant,"$3,900,000,000",,,United States
3835,12024,United Internet,"$3,900,000,000",,,Germany
3836,12024,Wan Hai Lines,"$3,900,000,000",,,Taiwan
3837,12024,LIC Housing Finance,"$3,900,000,000",,,India
3838,12024,Sitio Royalties,"$3,890,000,000",,,United States
3839,12024,Blackbaud,"$3,890,000,000",,,United States
3840,12024,Man Group,"$3,890,000,000",,,Jersey
3841,12024,Wendy’s Company,"$3,880,000,000",,,United States
3842,12024,EngageSmart,"$3,880,000,000",,,United States
3843,12024,Synaptics,"$3,880,000,000",,,United States
3844,12024,Computacenter,"$3,880,000,000",,,United Kingdom
3845,12024,Gerresheimer,"$3,880,000,000",,,Germany
3846,12024,Sanwa Holdings,"$3,880,000,000",,,Japan
3847,12024,Tohoku Electric Power,"$3,880,000,000",,,Japan
3848,12024,Signify,"$3,880,000,000",,,Netherlands
3849,12024,NLC India,"$3,880,000,000",,,India
3850,12024,Jumbo S.A.,"$3,870,000,000",,,Greece
3851,12024,Wienerberger,"$3,870,000,000",,,Austria
3852,12024,iQIYI,"$3,860,000,000",,,China
3853,12024,GN Store Nord,"$3,860,000,000",,,Denmark
3854,12024,Bharat Dynamics,"$3,860,000,000",,,India
3855,12024,Enagás,"$3,860,000,000",,,Spain
3856,12024,Goodyear,"$3,850,000,000",,,United States
3857,12024,DXC Technology,"$3,850,000,000",,,United States
3858,12024,GMS,"$3,850,000,000",,,United States
3859,12024,Ultragenyx,"$3,850,000,000",,,United States
3860,12024,Fielmann,"$3,850,000,000",,,Germany
3861,12024,Jet2,"$3,850,000,000",,,United Kingdom
3862,12024,Genscript Biotech,"$3,850,000,000",,,China
3863,12024,DEME Group,"$3,850,000,000",,,Belgium
3864,12024,Macerich,"$3,840,000,000",,,United States
3865,12024,Integer Holdings,"$3,840,000,000",,,United States
3866,12024,TripAdvisor,"$3,840,000,000",,,United States
3867,12024,Genting Berhad,"$3,840,000,000",,,Malaysia
3868,12024,Luzerner Kantonalbank,"$3,840,000,000",,,Switzerland
3869,12024,Moelis & Company,"$3,830,000,000",,,United States
3870,12024,Bausch Health,"$3,830,000,000",,,Canada
3871,12024,Teradata,"$3,830,000,000",,,United States
3872,12024,Apogee Therapeutics,"$3,830,000,000",,,United States
3873,12024,Matson,"$3,830,000,000",,,United States
3874,12024,Bank Mega,"$3,830,000,000",,,Indonesia
3875,12024,Bakkafrost,"$3,830,000,000",,,Denmark
3876,12024,Belden,"$3,820,000,000",,,United States
3877,12024,BGC Group,"$3,820,000,000",,,United States
3878,12024,Qube Holdings,"$3,820,000,000",,,Australia
3879,12024,Advanced Energy,"$3,810,000,000",,,United States
3880,12024,Renishaw,"$3,810,000,000",,,United Kingdom
3899,12024,EnerSys,"$3,800,000,000",,,United States
3900,12024,Joby Aviation,"$3,800,000,000",,,United States
3901,12024,EchoStar,"$3,800,000,000",,,United States
3902,12024,Topdanmark,"$3,800,000,000",,,Denmark
3904,12024,Surgery Partners,"$3,790,000,000",,,United States
3905,12024,EFG International,"$3,790,000,000",,,Switzerland
3906,12024,Coromandel,"$3,790,000,000",,,India
3907,12024,Select Medical Holdings,"$3,780,000,000",,,United States
3908,12024,Azimut Holding,"$3,780,000,000",,,Italy
3909,12024,Darktrace,"$3,780,000,000",,,United Kingdom
3910,12024,Inchcape,"$3,780,000,000",,,United Kingdom
3911,12024,PCCW,"$3,780,000,000",,,Hong Kong
3912,12024,Guoco,"$3,780,000,000",,,Hong Kong
3913,12024,California Resources Corporation,"$3,770,000,000",,,United States
3914,12024,COSMOS Pharmaceutical,"$3,760,000,000",,,Japan
3915,12024,Tritax Big Box REIT,"$3,760,000,000",,,United Kingdom
3916,12024,LOTTE Chemical,"$3,760,000,000",,,South Korea
3917,12024,JK Cement,"$3,760,000,000",,,India
3918,12024,Cohen & Steers,"$3,750,000,000",,,United States
3919,12024,Axsome Therapeutics,"$3,750,000,000",,,United States
3920,12024,RayzeBio,"$3,750,000,000",,,United States
3921,12024,Japan Airport Terminal,"$3,750,000,000",,,Japan
3922,12024,Indorama Ventures,"$3,750,000,000",,,Thailand
3923,12024,Zhongsheng Group,"$3,750,000,000",,,China
3924,12024,TECOM Group,"$3,750,000,000",,,United Arab Emirates
3925,12024,Scorpio Tankers,"$3,740,000,000",,,Monaco
3926,12024,DMG Mori,"$3,740,000,000",,,Germany
3927,12024,ITV plc,"$3,740,000,000",,,United Kingdom
3928,12024,Jungheinrich,"$3,740,000,000",,,Germany
3929,12024,Tikehau Capital,"$3,740,000,000",,,France
3930,12024,Sime Darby,"$3,740,000,000",,,Malaysia
3931,12024,Fortis Healthcare,"$3,740,000,000",,,India
3932,12024,Quaker Houghton,"$3,730,000,000",,,United States
3933,12024,PotlatchDeltic,"$3,730,000,000",,,United States
3934,12024,KBC Ancora,"$3,730,000,000",,,Belgium
3935,12024,Kimberly-Clark de México,"$3,730,000,000",,,Mexico
3936,12024,Evolent Health,"$3,720,000,000",,,United States
3937,12024,PJT Partners,"$3,720,000,000",,,United States
3938,12024,CymaBay Therapeutics,"$3,720,000,000",,,United States
3939,12024,ACEA,"$3,720,000,000",,,Italy
3940,12024,Bendigo and Adelaide Bank,"$3,720,000,000",,,Australia
3941,12024,ERG,"$3,720,000,000",,,Italy
3942,12024,Viva Energy,"$3,720,000,000",,,Australia
3943,12024,Park Hotels & Resorts,"$3,710,000,000",,,United States
3944,12024,Arcellx,"$3,710,000,000",,,United States
3945,12024,Iida Group,"$3,710,000,000",,,Japan
3946,12024,Clicks Group,"$3,710,000,000",,,South Africa
3968,12024,Boston Beer Company,"$3,700,000,000",,,United States
3969,12024,Marriott Vacations Worldwide,"$3,700,000,000",,,United States
3970,12024,Tower Semiconductor,"$3,700,000,000",,,Israel
3972,12024,Black Hills,"$3,690,000,000",,,United States
3973,12024,Independence Realty Trust,"$3,690,000,000",,,United States
3974,12024,ManpowerGroup,"$3,690,000,000",,,United States
3975,12024,Envista,"$3,690,000,000",,,United States
3976,12024,SpringWorks Therapeutics,"$3,690,000,000",,,United States
3977,12024,Virtu Financial,"$3,690,000,000",,,United States
3978,12024,CyberAgent,"$3,690,000,000",,,Japan
3979,12024,China Airlines,"$3,690,000,000",,,Taiwan
3980,12024,Biocon,"$3,690,000,000",,,India
3981,12024,Korea Aerospace Industries,"$3,680,000,000",,,South Korea
3982,12024,RLJ Lodging Trust,"$3,670,000,000",,,United States
3983,12024,ImmunityBio,"$3,670,000,000",,,United States
3984,12024,Ipca Laboratories,"$3,670,000,000",,,India
3985,12024,Axcelis Technologies,"$3,660,000,000",,,United States
3986,12024,Progyny,"$3,660,000,000",,,United States
3987,12024,Greggs,"$3,660,000,000",,,United Kingdom
3988,12024,Sumitomo Chemical,"$3,660,000,000",,,Japan
3989,12024,Logista (Compañía de Distribución Integral Logista),"$3,660,000,000",,,Spain
3990,12024,Pepkor,"$3,660,000,000",,,South Africa
3991,12024,UOL Group,"$3,660,000,000",,,Singapore
3992,12024,Tri Pointe Homes,"$3,640,000,000",,,United States
3993,12024,Alarm.com,"$3,640,000,000",,,United States
3994,12024,Escorts Limited,"$3,640,000,000",,,India
3995,12024,CNX Resources,"$3,630,000,000",,,United States
3996,12024,Howard Hughes Holdings,"$3,630,000,000",,,United States
3997,12024,Ermenegildo Zegna,"$3,630,000,000",,,Italy
3998,12024,Yamaha,"$3,630,000,000",,,Japan
3999,12024,AGL Energy,"$3,630,000,000",,,Australia
4000,12024,M/I Homes,"$3,620,000,000",,,United States
4001,12024,Asset World Corp,"$3,620,000,000",,,Thailand
4002,12024,Impala Platinum,"$3,620,000,000",,,South Africa
4003,12024,Bezeq,"$3,620,000,000",,,Israel
4004,12024,Mayora,"$3,620,000,000",,,Indonesia
4005,12024,Lazard,"$3,610,000,000",,,Bermuda
4006,12024,CSW Industrials,"$3,610,000,000",,,United States
4007,12024,Santen Pharmaceutical,"$3,610,000,000",,,Japan
4008,12024,Remgro Limited,"$3,610,000,000",,,South Africa
4009,12024,Thai Oil,"$3,610,000,000",,,Thailand
4041,12024,Prestige Consumer Healthcare,"$3,600,000,000",,,United States
4042,12024,ServisFirst Bancshares,"$3,600,000,000",,,United States
4043,12024,Gland Pharma,"$3,600,000,000",,,India
4047,12024,Griffon Corporation,"$3,590,000,000",,,United States
4048,12024,Wolfspeed,"$3,590,000,000",,,United States
4049,12024,Rubis,"$3,590,000,000",,,France
4050,12024,Jubilant FoodWorks,"$3,590,000,000",,,India
4051,12024,Cousins Properties,"$3,580,000,000",,,United States
4052,12024,ONE Gas,"$3,580,000,000",,,United States
4053,12024,iRhythm,"$3,580,000,000",,,United States
4054,12024,RadNet,"$3,570,000,000",,,United States
4055,12024,Energy Absolute,"$3,570,000,000",,,Thailand
4056,12024,Indra Sistemas,"$3,570,000,000",,,Spain
4057,12024,Indraprastha Gas,"$3,570,000,000",,,India
4058,12024,Sprinklr,"$3,560,000,000",,,United States
4059,12024,Seadrill,"$3,560,000,000",,,Bermuda
4060,12024,Sharp Corporation,"$3,560,000,000",,,Japan
4061,12024,SES S.A.,"$3,560,000,000",,,Luxembourg
4062,12024,Apollo Tyres,"$3,560,000,000",,,India
4063,12024,Arrowhead Pharmaceuticals,"$3,550,000,000",,,United States
4064,12024,Otter Tail,"$3,550,000,000",,,United States
4065,12024,Rotork,"$3,550,000,000",,,United Kingdom
4066,12024,Capital Power,"$3,550,000,000",,,Canada
4067,12024,Granite Real Estate,"$3,550,000,000",,,Canada
4068,12024,Mabanee Company,"$3,550,000,000",,,Kuwait
4069,12024,Alvotech,"$3,540,000,000",,,Iceland
4070,12024,DigitalOcean,"$3,540,000,000",,,United States
4071,12024,Welcia Holdings,"$3,540,000,000",,,Japan
4072,12024,Koei Tecmo,"$3,540,000,000",,,Japan
4073,12024,Dätwyler,"$3,540,000,000",,,Switzerland
4074,12024,Melisron,"$3,540,000,000",,,Israel
4075,12024,TFS Financial,"$3,530,000,000",,,United States
4076,12024,Nikon,"$3,530,000,000",,,Japan
4077,12024,Saudi Kayan Petrochemical Company,"$3,530,000,000",,,Saudi Arabia
4078,12024,COSCO SHIPPING Development,"$3,530,000,000",,,China
4079,12024,Deepak Nitrite,"$3,530,000,000",,,India
4080,12024,Alteryx,"$3,520,000,000",,,United States
4081,12024,Aldrees Petroleum and Transport Services,"$3,520,000,000",,,Saudi Arabia
4082,12024,ATS Automation,"$3,510,000,000",,,Canada
4083,12024,Burford Capital,"$3,510,000,000",,,Guernsey
4084,12024,AMTD IDEA Group,"$3,510,000,000",,,Hong Kong
4085,12024,Axonics Modulation Tech,"$3,510,000,000",,,United States
4086,12024,Green Thumb Industries,"$3,510,000,000",,,United States
4087,12024,TOTVS,"$3,510,000,000",,,Brazil
4122,12024,CVR Energy,"$3,500,000,000",,,United States
4123,12024,Amicus Therapeutics,"$3,500,000,000",,,United States
4124,12024,Sterling Construction,"$3,500,000,000",,,United States
4125,12024,Shaftesbury Capital,"$3,500,000,000",,,United Kingdom
4126,12024,Tsuruha Holdings,"$3,500,000,000",,,Japan
4127,12024,Virgin Money UK,"$3,500,000,000",,,United Kingdom
4128,12024,INFICON,"$3,500,000,000",,,Switzerland
4129,12024,Indofood,"$3,500,000,000",,,Indonesia
4130,12024,AntarChile,"$3,500,000,000",,,Chile
4131,12024,Hillenbrand,"$3,490,000,000",,,United States
4132,12024,EnPro Industries,"$3,490,000,000",,,United States
4133,12024,SL Green Realty,"$3,490,000,000",,,United States
4134,12024,Accelleron Industries,"$3,490,000,000",,,Switzerland
4135,12024,Bandhan Bank,"$3,490,000,000",,,India
4136,12024,FormFactor,"$3,480,000,000",,,United States
4137,12024,Immofinanz,"$3,480,000,000",,,Austria
4138,12024,National Shipping Company of Saudi Arabia (Bahri),"$3,480,000,000",,,Saudi Arabia
4139,12024,International Bancshares Corp,"$3,470,000,000",,,United States
4140,12024,Impinj,"$3,460,000,000",,,United States
4141,12024,Carpenter Technology,"$3,460,000,000",,,United States
4142,12024,ACI Worldwide,"$3,460,000,000",,,United States
4143,12024,Credo Technology,"$3,460,000,000",,,United States
4144,12024,Crinetics Pharmaceuticals,"$3,460,000,000",,,United States
4145,12024,Sanmina,"$3,460,000,000",,,United States
4146,12024,Gulf Bank,"$3,460,000,000",,,Kuwait
4147,12024,Wallenius Wilhelmsen,"$3,460,000,000",,,Norway
4148,12024,Nelnet,"$3,450,000,000",,,United States
4149,12024,Asana,"$3,450,000,000",,,United States
4150,12024,Paycor,"$3,450,000,000",,,United States
4151,12024,CA Immo,"$3,450,000,000",,,Austria
4152,12024,IG Group,"$3,450,000,000",,,United Kingdom
4153,12024,Saudia Dairy & Foodstuff Company,"$3,450,000,000",,,Saudi Arabia
4154,12024,Hanwha Solutions,"$3,450,000,000",,,South Korea
4155,12024,Korn Ferry,"$3,440,000,000",,,United States
4156,12024,PowerSchool,"$3,440,000,000",,,United States
4157,12024,Leapmotor,"$3,440,000,000",,,China
4158,12024,Merdeka Copper Gold,"$3,440,000,000",,,Indonesia
4159,12024,Travel + Leisure,"$3,430,000,000",,,United States
4160,12024,Blackstone Mortgage Trust,"$3,430,000,000",,,United States
4161,12024,Sportradar,"$3,430,000,000",,,Switzerland
4162,12024,United Parks & Resorts,"$3,420,000,000",,,United States
4163,12024,Credito Emiliano,"$3,420,000,000",,,Italy
4164,12024,National Bank of Bahrain,"$3,420,000,000",,,Bahrain
4165,12024,Syngene International,"$3,420,000,000",,,India
4166,12024,Enovis,"$3,410,000,000",,,United States
4193,12024,Vesta Real Estate,"$3,400,000,000",,,Mexico
4194,12024,Dongfeng Motor,"$3,400,000,000",,,China
4196,12024,Millicom,"$3,390,000,000",,,Luxembourg
4197,12024,Babcock International Group,"$3,390,000,000",,,United Kingdom
4198,12024,Bangkok Expressway and Metro (BEM),"$3,390,000,000",,,Thailand
4199,12024,CIE Automotive,"$3,390,000,000",,,Spain
4200,12024,Banca Popolare di Sondrio,"$3,390,000,000",,,Italy
4201,12024,Apar Industries,"$3,390,000,000",,,India
4202,12024,Tata Chemicals,"$3,390,000,000",,,India
4203,12024,Walker & Dunlop,"$3,380,000,000",,,United States
4204,12024,Allete,"$3,380,000,000",,,United States
4205,12024,Simply Good Foods,"$3,380,000,000",,,United States
4206,12024,WD-40 Company,"$3,380,000,000",,,United States
4207,12024,Thyssenkrupp,"$3,380,000,000",,,Germany
4208,12024,Graham Holdings,"$3,370,000,000",,,United States
4209,12024,PNM Resources,"$3,370,000,000",,,United States
4210,12024,Sprout Social,"$3,370,000,000",,,United States
4211,12024,Hims & Hers Health,"$3,370,000,000",,,United States
4212,12024,Liberty Energy,"$3,370,000,000",,,United States
4213,12024,Polestar,"$3,370,000,000",,,Sweden
4214,12024,Sabra Health Care REIT,"$3,370,000,000",,,United States
4215,12024,Freenet,"$3,370,000,000",,,Germany
4216,12024,ISS A/S,"$3,370,000,000",,,Denmark
4217,12024,Lynas,"$3,370,000,000",,,Australia
4218,12024,Netwealth,"$3,370,000,000",,,Australia
4219,12024,Phoenix Group,"$3,370,000,000",,,United Arab Emirates
4220,12024,Vidrala,"$3,370,000,000",,,Spain
4221,12024,Indah Kiat Pulp & Paper,"$3,370,000,000",,,Indonesia
4222,12024,Petro Rabigh,"$3,360,000,000",,,Saudi Arabia
4223,12024,Milaha - Qatar Navigation,"$3,360,000,000",,,Qatar
4224,12024,ZF Commercial Vehicle Control Systems India,"$3,360,000,000",,,India
4225,12024,Sotera Health,"$3,350,000,000",,,United States
4226,12024,Ströer,"$3,350,000,000",,,Germany
4227,12024,Worldline,"$3,350,000,000",,,France
4228,12024,St. Joe Company,"$3,340,000,000",,,United States
4229,12024,Neogen,"$3,340,000,000",,,United States
4230,12024,Powerchip Semiconductor Manufacturing,"$3,340,000,000",,,Taiwan
4231,12024,Vontobel,"$3,340,000,000",,,Switzerland
4232,12024,National Aluminum & Alloy,"$3,340,000,000",,,India
4233,12024,Spire Energy,"$3,330,000,000",,,United States
4234,12024,Black Stone Minerals,"$3,330,000,000",,,United States
4235,12024,Autohome,"$3,330,000,000",,,China
4236,12024,YETI Holdings,"$3,330,000,000",,,United States
4237,12024,C3 AI,"$3,320,000,000",,,United States
4238,12024,John Bean Technologies,"$3,320,000,000",,,United States
4239,12024,Telecom Argentina,"$3,320,000,000",,,Argentina
4240,12024,Ameris Bancorp,"$3,320,000,000",,,United States
4241,12024,Hayward,"$3,320,000,000",,,United States
4242,12024,C&D International Investment Group,"$3,320,000,000",,,Hong Kong
4243,12024,Türk Telekom,"$3,320,000,000",,,Turkey
4244,12024,Azenta,"$3,310,000,000",,,United States
4245,12024,Rinnai Corporation,"$3,310,000,000",,,Japan
4246,12024,Lundin Gold,"$3,310,000,000",,,Canada
4247,12024,Royal Unibrew,"$3,310,000,000",,,Denmark
4248,12024,Hindustan Copper,"$3,310,000,000",,,India
4278,12024,B2Gold,"$3,300,000,000",,,Canada
4279,12024,Kontoor Brands,"$3,300,000,000",,,United States
4280,12024,Stella-Jones,"$3,300,000,000",,,Canada
4281,12024,Brederode,"$3,300,000,000",,,Luxembourg
4282,12024,Melexis NV,"$3,300,000,000",,,Belgium
4283,12024,EIH Limited,"$3,300,000,000",,,India
4284,12024,Cenomi Centers (Arabian Centres Company),"$3,290,000,000",,,Saudi Arabia
4285,12024,Cactus Inc,"$3,280,000,000",,,United States
4286,12024,Krungthai Card,"$3,280,000,000",,,Thailand
4287,12024,Cavco Industries,"$3,270,000,000",,,United States
4288,12024,Société Foncière Lyonnaise,"$3,270,000,000",,,France
4289,12024,Linamar,"$3,270,000,000",,,Canada
4290,12024,Genting Malaysia Berhad,"$3,270,000,000",,,Malaysia
4291,12024,Newell Brands,"$3,260,000,000",,,United States
4292,12024,CareTrust REIT,"$3,260,000,000",,,United States
4293,12024,Lumentum,"$3,260,000,000",,,United States
4294,12024,Oscar Health,"$3,260,000,000",,,United States
4295,12024,Resideo Technologies,"$3,260,000,000",,,United States
4296,12024,NWS holdings,"$3,260,000,000",,,Hong Kong
4297,12024,Munters Group AB,"$3,260,000,000",,,Sweden
4298,12024,Glenmark Pharmaceuticals,"$3,260,000,000",,,India
4299,12024,Greif,"$3,250,000,000",,,United States
4300,12024,Nordstrom,"$3,250,000,000",,,United States
4301,12024,Unicaja Banco,"$3,250,000,000",,,Spain
4302,12024,Warrior Met Coal,"$3,240,000,000",,,United States
4303,12024,Euronav,"$3,240,000,000",,,Belgium
4304,12024,Xenon Pharmaceuticals,"$3,240,000,000",,,Canada
4305,12024,Groupe Lagardère,"$3,240,000,000",,,France
4306,12024,Diodes Incorporated,"$3,230,000,000",,,United States
4307,12024,Nomad Foods,"$3,230,000,000",,,United Kingdom
4308,12024,Visteon,"$3,220,000,000",,,United States
4309,12024,RingCentral,"$3,220,000,000",,,United States
4310,12024,ArcBest,"$3,220,000,000",,,United States
4311,12024,IDEAYA Biosciences,"$3,220,000,000",,,United States
4312,12024,Innospec,"$3,220,000,000",,,United States
4313,12024,Iridium Communications,"$3,220,000,000",,,United States
4314,12024,QuidelOrtho,"$3,220,000,000",,,United States
4315,12024,Giant Network Group,"$3,220,000,000",,,China
4316,12024,Brighthouse Financial,"$3,210,000,000",,,United States
4317,12024,Tanger Factory Outlet Centers,"$3,210,000,000",,,United States
4318,12024,UniFirst,"$3,210,000,000",,,United States
4319,12024,abrdn,"$3,210,000,000",,,United Kingdom
4320,12024,National Bank of Fujairah,"$3,210,000,000",,,United Arab Emirates
4321,12024,Abdullah Al-Othaim Markets Company,"$3,210,000,000",,,Saudi Arabia
4322,12024,St. Galler Kantonalbank,"$3,210,000,000",,,Switzerland
4323,12024,Kingnet Network,"$3,210,000,000",,,China
4324,12024,Blue Star,"$3,210,000,000",,,India
4369,12024,Direct Line Group,"$3,200,000,000",,,United Kingdom
4370,12024,Motor Oil (Hellas) Corinth Refineries,"$3,200,000,000",,,Greece
4372,12024,Associated Banc-Corp,"$3,190,000,000",,,United States
4373,12024,EPR Properties,"$3,190,000,000",,,United States
4374,12024,Constellium,"$3,190,000,000",,,France
4375,12024,Sibanye-Stillwater,"$3,190,000,000",,,South Africa
4376,12024,Corporación Financiera Alba,"$3,190,000,000",,,Spain
4377,12024,IDP Education,"$3,190,000,000",,,Australia
4378,12024,Kinaxis,"$3,190,000,000",,,Canada
4379,12024,Stadler Rail,"$3,190,000,000",,,Switzerland
4380,12024,CLEAR Secure,"$3,180,000,000",,,United States
4381,12024,HASI (Hannon Armstrong),"$3,180,000,000",,,United States
4382,12024,Melco Resorts & Entertainment,"$3,180,000,000",,,Hong Kong
4383,12024,St. James's Place,"$3,180,000,000",,,United Kingdom
4384,12024,ALSO Holding,"$3,180,000,000",,,Switzerland
4385,12024,Sapporo,"$3,170,000,000",,,Japan
4386,12024,VGP NV,"$3,170,000,000",,,Belgium
4387,12024,Bank of East Asia,"$3,170,000,000",,,Hong Kong
4388,12024,Kinnevik,"$3,170,000,000",,,Sweden
4389,12024,AmTrust Financial Services,"$3,160,000,000",,,United States
4390,12024,Immunocore,"$3,160,000,000",,,United Kingdom
4391,12024,Envestnet,"$3,150,000,000",,,United States
4392,12024,Kohl's,"$3,150,000,000",,,United States
4393,12024,MoonLake Immunotherapeutics,"$3,150,000,000",,,Switzerland
4394,12024,TORM,"$3,150,000,000",,,United Kingdom
4395,12024,Nordex,"$3,150,000,000",,,Germany
4396,12024,Vishay Intertechnology,"$3,140,000,000",,,United States
4397,12024,Artisan Partners,"$3,140,000,000",,,United States
4398,12024,DigitalBridge Group,"$3,140,000,000",,,United States
4399,12024,IONOS Group,"$3,140,000,000",,,Germany
4400,12024,Tate & Lyle,"$3,140,000,000",,,United Kingdom
4401,12024,The Navigator Company,"$3,130,000,000",,,Portugal
4402,12024,Lojas Renner,"$3,130,000,000",,,Brazil
4403,12024,Inmobiliaria Colonial,"$3,120,000,000",,,Spain
4404,12024,ATCO,"$3,120,000,000",,,Canada
4405,12024,NCsoft,"$3,120,000,000",,,South Korea
4406,12024,Peabody Energy,"$3,110,000,000",,,United States
4407,12024,1&1,"$3,110,000,000",,,Germany
4408,12024,Dubai Financial Market (DFM),"$3,110,000,000",,,United Arab Emirates
4409,12024,Olam,"$3,110,000,000",,,Singapore
4443,12024,Q2,"$3,100,000,000",,,United States
4444,12024,Riot Blockchain,"$3,100,000,000",,,United States
4445,12024,Kansai Paint,"$3,100,000,000",,,Japan
4446,12024,Trigano,"$3,100,000,000",,,France
4447,12024,İsdemir,"$3,100,000,000",,,Turkey
4448,12024,Coway,"$3,100,000,000",,,South Korea
4449,12024,Exide Industries,"$3,100,000,000",,,India
4450,12024,Under Armour,"$3,090,000,000",,,United States
4451,12024,Seaboard,"$3,090,000,000",,,United States
4452,12024,Worthington Industries,"$3,090,000,000",,,United States
4453,12024,ACV Auctions,"$3,090,000,000",,,United States
4454,12024,Steve Madden,"$3,090,000,000",,,United States
4455,12024,United Community Bank,"$3,090,000,000",,,United States
4456,12024,Galaxy Digital Holdings,"$3,090,000,000",,,United States
4457,12024,Leejam Sports Company,"$3,090,000,000",,,Saudi Arabia
4458,12024,Just Eat Takeaway,"$3,090,000,000",,,Netherlands
4459,12024,Virbac SA,"$3,090,000,000",,,France
4460,12024,QuantumScape,"$3,080,000,000",,,United States
4461,12024,NorthWestern Corporation,"$3,080,000,000",,,United States
4462,12024,Hagerty,"$3,080,000,000",,,United States
4463,12024,Gamuda Berhad,"$3,080,000,000",,,Malaysia
4464,12024,Cogent Communications,"$3,070,000,000",,,United States
4465,12024,Instructure Holdings,"$3,070,000,000",,,United States
4466,12024,Bachoco,"$3,070,000,000",,,Mexico
4467,12024,Pampa Energía,"$3,060,000,000",,,Argentina
4468,12024,Kosé,"$3,060,000,000",,,Japan
4469,12024,Aritzia,"$3,060,000,000",,,Canada
4470,12024,Venture Corporation,"$3,060,000,000",,,Singapore
4471,12024,China Taiping Insurance,"$3,060,000,000",,,Hong Kong
4472,12024,VisEra Technologies,"$3,060,000,000",,,Taiwan
4473,12024,Boardwalk Real Estate Investment Trust,"$3,060,000,000",,,Canada
4474,12024,Endurance Technologies,"$3,060,000,000",,,India
4475,12024,Savers Value Village,"$3,050,000,000",,,United States
4476,12024,U.S. Cellular,"$3,050,000,000",,,United States
4477,12024,LCI Industries,"$3,050,000,000",,,United States
4478,12024,Valeo,"$3,050,000,000",,,France
4479,12024,Aurubis,"$3,050,000,000",,,Germany
4480,12024,Arabian Contracting Services Company,"$3,050,000,000",,,Saudi Arabia
4481,12024,Zain Saudi Arabia,"$3,050,000,000",,,Saudi Arabia
4482,12024,Derwent London,"$3,040,000,000",,,United Kingdom
4483,12024,Axos Financial,"$3,030,000,000",,,United States
4484,12024,Carter's,"$3,030,000,000",,,United States
4485,12024,Life Time Group,"$3,030,000,000",,,United States
4486,12024,Tricon Residential,"$3,030,000,000",,,Canada
4487,12024,Flywire,"$3,030,000,000",,,United States
4488,12024,Methanex,"$3,030,000,000",,,Canada
4489,12024,Construction Partners,"$3,030,000,000",,,United States
4490,12024,SITE Centers,"$3,030,000,000",,,United States
4491,12024,Ipsos,"$3,030,000,000",,,France
4492,12024,Adient,"$3,020,000,000",,,Ireland
4493,12024,Amedisys,"$3,020,000,000",,,United States
4494,12024,Archrock,"$3,020,000,000",,,United States
4495,12024,Dorman Products,"$3,020,000,000",,,United States
4496,12024,QL Resources,"$3,020,000,000",,,Malaysia
4497,12024,Lottomatica Group,"$3,020,000,000",,,Italy
4498,12024,Paytm,"$3,020,000,000",,,India
4499,12024,Capstone Infrastructure,"$3,020,000,000",,,Canada
4500,12024,Albany International,"$3,010,000,000",,,United States
4501,12024,Rapid7,"$3,010,000,000",,,United States
4502,12024,LivaNova,"$3,010,000,000",,,United Kingdom
4503,12024,Multiplan Empreendimentos Imobiliários,"$3,010,000,000",,,Brazil
4549,12024,Century Communities,"$3,000,000,000",,,United States
4550,12024,Software AG,"$3,000,000,000",,,Germany
4551,12024,Old Mutual,"$3,000,000,000",,,South Africa
4552,12024,Al Rajhi Company for Cooperative Insurance,"$3,000,000,000",,,Saudi Arabia
4553,12024,Federated Hermes,"$2,990,000,000",,,United States
4554,12024,ACADIA Pharmaceuticals,"$2,990,000,000",,,United States
4555,12024,McGrath RentCorp,"$2,990,000,000",,,United States
4556,12024,BIC,"$2,990,000,000",,,France
4557,12024,Mr D.I.Y. Group,"$2,990,000,000",,,Malaysia
4558,12024,Marqeta,"$2,980,000,000",,,United States
4559,12024,CNO Financial Group,"$2,980,000,000",,,United States
4560,12024,RLX Technology,"$2,980,000,000",,,China
4561,12024,Forvia SE,"$2,980,000,000",,,France
4562,12024,Fluence Energy,"$2,970,000,000",,,United States
4563,12024,CATRION Catering Holding Company,"$2,970,000,000",,,Saudi Arabia
4564,12024,Barwa Real Estate Company,"$2,970,000,000",,,Qatar
4565,12024,Osisko Gold Royalties,"$2,960,000,000",,,Canada
4566,12024,Topgolf Callaway Brands,"$2,960,000,000",,,United States
4567,12024,Piper Sandler,"$2,960,000,000",,,United States
4568,12024,Redcare Pharmacy,"$2,960,000,000",,,Netherlands
4569,12024,Broadstone Net Lease,"$2,950,000,000",,,United States
4570,12024,Taiyo Yuden,"$2,950,000,000",,,Japan
4571,12024,Frasers Logistics & Industrial Trust,"$2,950,000,000",,,Singapore
4572,12024,Innovative Industrial,"$2,940,000,000",,,United States
4573,12024,Aixtron,"$2,940,000,000",,,Germany
4574,12024,Commercial Bank of Kuwait,"$2,940,000,000",,,Kuwait
4575,12024,Olink Holding,"$2,930,000,000",,,Sweden
4576,12024,Indivior PLC,"$2,930,000,000",,,United States
4577,12024,MYR Group,"$2,930,000,000",,,United States
4578,12024,360 DigiTech,"$2,930,000,000",,,China
4579,12024,Encavis,"$2,930,000,000",,,Germany
4580,12024,Südzucker,"$2,930,000,000",,,Germany
4581,12024,VakıfBank,"$2,930,000,000",,,Turkey
4582,12024,NuStar Energy,"$2,920,000,000",,,United States
4583,12024,Transportadora de Gas del Sur,"$2,920,000,000",,,Argentina
4584,12024,Arch Resources,"$2,920,000,000",,,United States
4585,12024,Indian Telephone Industries,"$2,920,000,000",,,India
4586,12024,Alm. Brand,"$2,920,000,000",,,Denmark
4587,12024,Halkbank,"$2,920,000,000",,,Turkey
4588,12024,Kojamo,"$2,920,000,000",,,Finland
4589,12024,Sensient Technologies,"$2,910,000,000",,,United States
4590,12024,Toyo Tire,"$2,910,000,000",,,Japan
4591,12024,The a2 Milk Company,"$2,910,000,000",,,New Zealand
4592,12024,Bank of Georgia Group,"$2,910,000,000",,,United Kingdom
4593,12024,Paramount Resources,"$2,910,000,000",,,Canada
4634,12024,Ziff Davis,"$2,900,000,000",,,United States
4635,12024,HUTCHMED,"$2,900,000,000",,,Hong Kong
4636,12024,Gulfport Energy,"$2,900,000,000",,,United States
4637,12024,Hercules Capital,"$2,900,000,000",,,United States
4638,12024,Primo Water,"$2,900,000,000",,,United States
4639,12024,Premium Brands,"$2,900,000,000",,,Canada
4640,12024,Elekta AB,"$2,900,000,000",,,Sweden
4641,12024,SmartCentres REIT,"$2,900,000,000",,,Canada
4642,12024,Denali Therapeutics,"$2,890,000,000",,,United States
4643,12024,Triple Flag Precious Metals,"$2,890,000,000",,,Canada
4644,12024,Air France-KLM,"$2,890,000,000",,,France
4645,12024,Aedifica,"$2,890,000,000",,,Belgium
4646,12024,CD Projekt,"$2,890,000,000",,,Poland
4647,12024,Industrie De Nora,"$2,890,000,000",,,Italy
4648,12024,Viscofan,"$2,890,000,000",,,Spain
4649,12024,momo.com Inc.,"$2,890,000,000",,,Taiwan
4650,12024,Aluar Aluminio Argentino,"$2,890,000,000",,,Argentina
4651,12024,Kemira,"$2,890,000,000",,,Finland
4652,12024,BancFirst,"$2,880,000,000",,,United States
4653,12024,Masonite,"$2,880,000,000",,,United States
4654,12024,Texas Capital Bancshares,"$2,880,000,000",,,United States
4655,12024,Lendlease,"$2,880,000,000",,,Australia
4656,12024,Grocery Outlet,"$2,870,000,000",,,United States
4657,12024,Sweetgreen,"$2,870,000,000",,,United States
4658,12024,Brady,"$2,870,000,000",,,United States
4659,12024,Baytex Energy,"$2,870,000,000",,,Canada
4660,12024,Mercury General,"$2,870,000,000",,,United States
4661,12024,Sunrun,"$2,870,000,000",,,United States
4662,12024,Appian,"$2,870,000,000",,,United States
4663,12024,Cal-Maine Foods,"$2,870,000,000",,,United States
4664,12024,First Interstate BancSystem,"$2,870,000,000",,,United States
4665,12024,Tradegate Exchange,"$2,870,000,000",,,Germany
4666,12024,LEENO Industrial,"$2,870,000,000",,,South Korea
4667,12024,Materion,"$2,860,000,000",,,United States
4668,12024,Aarti Industries,"$2,860,000,000",,,India
4669,12024,Bayer Crop Science,"$2,860,000,000",,,India
4670,12024,Imerys,"$2,850,000,000",,,France
4671,12024,Thai Life Insurance,"$2,850,000,000",,,Thailand
4672,12024,Carborundum Universal,"$2,850,000,000",,,India
4673,12024,RAKBANK (The National Bank of Ras Al Khaimah),"$2,840,000,000",,,United Arab Emirates
4674,12024,Eldorado Gold,"$2,830,000,000",,,Canada
4675,12024,Genworth Financial,"$2,830,000,000",,,United States
4676,12024,Global Business Travel Group,"$2,830,000,000",,,United States
4677,12024,Meitetsu,"$2,830,000,000",,,Japan
4678,12024,Dunelm Group,"$2,830,000,000",,,United Kingdom
4679,12024,FLSmidth,"$2,830,000,000",,,Denmark
4680,12024,KLCC Property Holdings,"$2,830,000,000",,,Malaysia
4681,12024,Intercorp Financial Services,"$2,820,000,000",,,Peru
4682,12024,Medical Properties Trust,"$2,820,000,000",,,United States
4683,12024,DFI Retail Group,"$2,820,000,000",,,Hong Kong
4684,12024,Allreal Holding,"$2,820,000,000",,,Switzerland
4685,12024,HELLENiQ ENERGY,"$2,820,000,000",,,Greece
4686,12024,Sun TV Network,"$2,820,000,000",,,India
4687,12024,ABM Industries,"$2,810,000,000",,,United States
4688,12024,Arvinas,"$2,810,000,000",,,United States
4689,12024,Certara,"$2,810,000,000",,,United States
4690,12024,SoftwareONE,"$2,810,000,000",,,Switzerland
4691,12024,Sydbank A/S,"$2,810,000,000",,,Denmark
4692,12024,KIOCL,"$2,810,000,000",,,India
4730,12024,Hecla Mining,"$2,800,000,000",,,United States
4731,12024,Empire State Realty Trust,"$2,800,000,000",,,United States
4732,12024,MGE Energy,"$2,800,000,000",,,United States
4733,12024,Cranswick,"$2,800,000,000",,,United Kingdom
4734,12024,International Distributions Services (Royal Mail),"$2,800,000,000",,,United Kingdom
4735,12024,K+S,"$2,800,000,000",,,Germany
4736,12024,SATS,"$2,800,000,000",,,Singapore
4737,12024,Comgás,"$2,800,000,000",,,Brazil
4738,12024,Metsä Board,"$2,800,000,000",,,Finland
4740,12024,Highwoods Properties,"$2,790,000,000",,,United States
4741,12024,Kulicke and Soffa Industries,"$2,790,000,000",,,Singapore
4742,12024,SkyWest,"$2,790,000,000",,,United States
4743,12024,Redrow,"$2,790,000,000",,,United Kingdom
4744,12024,Presight AI,"$2,790,000,000",,,United Arab Emirates
4745,12024,Paymentus,"$2,780,000,000",,,United States
4746,12024,Golub Capital,"$2,780,000,000",,,United States
4747,12024,ICF International,"$2,780,000,000",,,United States
4748,12024,J&J Snack Foods,"$2,780,000,000",,,United States
4749,12024,Penn National Gaming,"$2,780,000,000",,,United States
4750,12024,ALSOK,"$2,780,000,000",,,Japan
4751,12024,Metcash,"$2,780,000,000",,,Australia
4752,12024,Westports,"$2,780,000,000",,,Malaysia
4753,12024,Solvay,"$2,780,000,000",,,Belgium
4754,12024,Vitesco Technologies Group,"$2,780,000,000",,,Germany
4755,12024,First Hawaiian Bank,"$2,770,000,000",,,United States
4756,12024,Kosmos Energy,"$2,770,000,000",,,United States
4757,12024,Outfront Media,"$2,770,000,000",,,United States
4758,12024,Beam Therapeutics,"$2,770,000,000",,,United States
4759,12024,Cathay General Bancorp,"$2,770,000,000",,,United States
4760,12024,Tronox,"$2,770,000,000",,,United States
4761,12024,Perfect World Entertainment,"$2,770,000,000",,,China
4762,12024,Dream Industrial REIT,"$2,770,000,000",,,Canada
4763,12024,Evotec,"$2,760,000,000",,,Germany
4764,12024,Boot Barn Holdings,"$2,760,000,000",,,United States
4765,12024,GoodRx,"$2,760,000,000",,,United States
4766,12024,Siltronic,"$2,760,000,000",,,Germany
4767,12024,Arçelik,"$2,760,000,000",,,Turkey
4768,12024,Hatsun Agro Products,"$2,760,000,000",,,India
4769,12024,EMSTEEL Building Materials PJSC,"$2,760,000,000",,,United Arab Emirates
4770,12024,COPT Defense Properties,"$2,750,000,000",,,United States
4771,12024,Douglas Emmett,"$2,740,000,000",,,United States
4772,12024,Stride (K12 Education),"$2,740,000,000",,,United States
4773,12024,Celldex Therapeutics,"$2,740,000,000",,,United States
4774,12024,Inari Medical,"$2,740,000,000",,,United States
4775,12024,BBB Foods,"$2,740,000,000",,,Mexico
4776,12024,USA Compression Partners,"$2,740,000,000",,,United States
4777,12024,Wizz Air,"$2,740,000,000",,,Jersey
4778,12024,BinDawood,"$2,740,000,000",,,Saudi Arabia
4779,12024,BB Biotech,"$2,740,000,000",,,Switzerland
4780,12024,Interroll,"$2,740,000,000",,,Switzerland
4781,12024,Vedant Fashions,"$2,740,000,000",,,India
4782,12024,ESCO Technologies,"$2,730,000,000",,,United States
4783,12024,Morphosys,"$2,730,000,000",,,Germany
4784,12024,Gibson Energy,"$2,730,000,000",,,Canada
4785,12024,Ahli Bank,"$2,730,000,000",,,Qatar
4786,12024,Aliansce Sonae Shopping Centers,"$2,730,000,000",,,Brazil
4787,12024,Alamo Group,"$2,720,000,000",,,United States
4788,12024,CG Oncology,"$2,720,000,000",,,United States
4789,12024,Helen of Troy,"$2,720,000,000",,,United States
4790,12024,Integra LifeSciences,"$2,720,000,000",,,United States
4791,12024,Victory Capital,"$2,720,000,000",,,United States
4792,12024,Acerinox,"$2,720,000,000",,,Spain
4793,12024,Berli Jucker (BJC),"$2,720,000,000",,,Thailand
4794,12024,E-L Financial,"$2,720,000,000",,,Canada
4795,12024,Muangthai Capital,"$2,720,000,000",,,Thailand
4796,12024,Telix Pharmaceuticals,"$2,720,000,000",,,Australia
4797,12024,Avista,"$2,710,000,000",,,United States
4798,12024,NextEra Energy Partners,"$2,710,000,000",,,United States
4799,12024,WSFS Financial,"$2,710,000,000",,,United States
4800,12024,Coca-Cola Bottlers Japan,"$2,710,000,000",,,Japan
4801,12024,Sega Sammy Holdings,"$2,710,000,000",,,Japan
4802,12024,Efes Beverage Group,"$2,710,000,000",,,Turkey
4803,12024,Kumho Petrochemical,"$2,710,000,000",,,South Korea
4804,12024,"Gentera, S.A.B. de C.V.","$2,710,000,000",,,Mexico
4866,12024,Comstock Resources,"$2,700,000,000",,,United States
4867,12024,Uranium Energy,"$2,700,000,000",,,United States
4868,12024,Kratos Defense & Security Solutions,"$2,700,000,000",,,United States
4869,12024,Lechwerke,"$2,700,000,000",,,Germany
4870,12024,Uniqa Insurance Group,"$2,700,000,000",,,Austria
4871,12024,Paladin Energy,"$2,700,000,000",,,Australia
4872,12024,Advanced Petrochemical,"$2,700,000,000",,,Saudi Arabia
4873,12024,ORION,"$2,700,000,000",,,South Korea
4875,12024,California Water Service,"$2,690,000,000",,,United States
4876,12024,Spectrum Brands,"$2,690,000,000",,,United States
4877,12024,Central Garden & Pet,"$2,690,000,000",,,United States
4878,12024,Hub Group,"$2,690,000,000",,,United States
4879,12024,InterDigital,"$2,690,000,000",,,United States
4880,12024,LGI Homes,"$2,690,000,000",,,United States
4881,12024,Ubisoft,"$2,690,000,000",,,France
4882,12024,Mallplaza,"$2,690,000,000",,,Chile
4883,12024,Foot Locker,"$2,680,000,000",,,United States
4884,12024,National Health Investors,"$2,680,000,000",,,United States
4885,12024,Grupo Aval,"$2,680,000,000",,,Colombia
4886,12024,AvidXchange,"$2,680,000,000",,,United States
4887,12024,Green Brick Partners,"$2,680,000,000",,,United States
4888,12024,Fonterra,"$2,680,000,000",,,New Zealand
4889,12024,Dialog Group,"$2,680,000,000",,,Malaysia
4890,12024,Sarana Menara Nusantara,"$2,680,000,000",,,Indonesia
4891,12024,Magazine Luíza,"$2,680,000,000",,,Brazil
4892,12024,Radico Khaitan,"$2,680,000,000",,,India
4893,12024,Newmark,"$2,670,000,000",,,United States
4894,12024,Harbour Energy,"$2,670,000,000",,,United Kingdom
4895,12024,Alumina Limited,"$2,670,000,000",,,Australia
4896,12024,Beach Energy,"$2,670,000,000",,,Australia
4897,12024,New World Development Company,"$2,670,000,000",,,Hong Kong
4898,12024,Kerry Properties,"$2,670,000,000",,,Hong Kong
4899,12024,NV Bekaert,"$2,670,000,000",,,Belgium
4900,12024,Tower Bersama Infrastructure,"$2,670,000,000",,,Indonesia
4901,12024,Atlantic Union Bankshares,"$2,660,000,000",,,United States
4902,12024,American States Water,"$2,660,000,000",,,United States
4903,12024,Atmus Filtration Technologies,"$2,660,000,000",,,United States
4904,12024,New York Community Bank,"$2,660,000,000",,,United States
4905,12024,Yelp,"$2,660,000,000",,,United States
4906,12024,Dubai Investments,"$2,650,000,000",,,United Arab Emirates
4907,12024,Iren,"$2,650,000,000",,,Italy
4908,12024,Orange Polska,"$2,650,000,000",,,Poland
4909,12024,Al Hammadi Holding Company,"$2,650,000,000",,,Saudi Arabia
4910,12024,QinetiQ,"$2,640,000,000",,,United Kingdom
4911,12024,Spin Master,"$2,640,000,000",,,Canada
4912,12024,Saudi Ground Services Company,"$2,640,000,000",,,Saudi Arabia
4913,12024,Patrick Industries,"$2,630,000,000",,,United States
4914,12024,Summit Therapeutics,"$2,630,000,000",,,United Kingdom
4915,12024,CapitaLand Ascott Trust,"$2,630,000,000",,,Singapore
4916,12024,Leroy Seafood,"$2,630,000,000",,,Norway
4917,12024,Rand Merchant Investment,"$2,630,000,000",,,South Africa
4918,12024,AssetMark,"$2,620,000,000",,,United States
4919,12024,LXP Industrial Trust,"$2,620,000,000",,,United States
4920,12024,Corcept Therapeutics,"$2,620,000,000",,,United States
4921,12024,Big Yellow Group,"$2,620,000,000",,,United Kingdom
4922,12024,Proximus,"$2,620,000,000",,,Belgium
4923,12024,Maire Tecnimont,"$2,620,000,000",,,Italy
4924,12024,Merus,"$2,610,000,000",,,Netherlands
4925,12024,Premier,"$2,610,000,000",,,United States
4926,12024,Tegna,"$2,610,000,000",,,United States
4927,12024,Antin Infrastructure Partners,"$2,610,000,000",,,France
4928,12024,National Central Cooling Company,"$2,610,000,000",,,United Arab Emirates
4982,12024,Maruwa,"$2,600,000,000",,,Japan
4984,12024,Evertec,"$2,590,000,000",,,United States
4985,12024,NMI Holdings,"$2,590,000,000",,,United States
4986,12024,Intellia Therapeutics,"$2,590,000,000",,,United States
4987,12024,Playtika,"$2,590,000,000",,,Israel
4988,12024,Balfour Beatty,"$2,590,000,000",,,United Kingdom
4989,12024,Serco Group,"$2,590,000,000",,,United Kingdom
4990,12024,Covivio Hotels,"$2,590,000,000",,,France
4991,12024,Ebro Foods,"$2,590,000,000",,,Spain
4992,12024,Jasa Marga,"$2,590,000,000",,,Indonesia
4993,12024,SYNLAB,"$2,590,000,000",,,Germany
4994,12024,Marel,"$2,590,000,000",,,Iceland
4995,12024,Alliance Resource Partners,"$2,580,000,000",,,United States
4996,12024,Krispy Kreme,"$2,580,000,000",,,United States
4997,12024,Britvic,"$2,580,000,000",,,United Kingdom
4998,12024,Golden Agri-Resources,"$2,580,000,000",,,Singapore
4999,12024,Mirion Technologies,"$2,570,000,000",,,United States
5000,12024,Fulton Financial,"$2,570,000,000",,,United States
5001,12024,Globalstar,"$2,570,000,000",,,United States
5002,12024,Plexus,"$2,570,000,000",,,United States
5003,12024,AS ONE Corporation,"$2,570,000,000",,,Japan
5004,12024,Breville Group,"$2,570,000,000",,,Australia
5005,12024,Pepco Group,"$2,570,000,000",,,United Kingdom
5006,12024,TeamViewer,"$2,570,000,000",,,Germany
5007,12024,Taiba Investments,"$2,570,000,000",,,Saudi Arabia
5008,12024,Embracer Group,"$2,570,000,000",,,Sweden
5009,12024,Driven Brands,"$2,560,000,000",,,United States
5010,12024,International Seaways,"$2,560,000,000",,,United States
5011,12024,Inter & Co,"$2,560,000,000",,,Brazil
5012,12024,Harmonic Drive Systems,"$2,560,000,000",,,Japan
5013,12024,Carel Industries,"$2,560,000,000",,,Italy
5014,12024,Anan Investment Holding,"$2,560,000,000",,,United Arab Emirates
5015,12024,L.D.C. S.A.,"$2,560,000,000",,,France
5016,12024,Cyient,"$2,560,000,000",,,India
5017,12024,Grindwell Norton,"$2,560,000,000",,,India
5018,12024,Nerolac Paints,"$2,560,000,000",,,India
5019,12024,Golden Ocean Group,"$2,550,000,000",,,Bermuda
5020,12024,Sylvamo,"$2,550,000,000",,,United States
5021,12024,Strategic Education,"$2,550,000,000",,,United States
5022,12024,Teladoc Health,"$2,550,000,000",,,United States
5023,12024,MultiChoice Group,"$2,550,000,000",,,South Africa
5024,12024,Vale Indonesia,"$2,550,000,000",,,Indonesia
5025,12024,Zuger Kantonalbank,"$2,550,000,000",,,Switzerland
5026,12024,PriceSmart,"$2,540,000,000",,,United States
5027,12024,Silicon Motion,"$2,540,000,000",,,Hong Kong
5028,12024,Domino's Pizza Enterprises (Australia),"$2,540,000,000",,,Australia
5029,12024,Solvac,"$2,540,000,000",,,Belgium
5030,12024,Timken India,"$2,540,000,000",,,India
5031,12024,Leggett & Platt,"$2,530,000,000",,,United States
5032,12024,Alpine Immune Sciences,"$2,530,000,000",,,United States
5033,12024,Frontdoor,"$2,530,000,000",,,United States
5034,12024,Vericel,"$2,530,000,000",,,United States
5035,12024,Nifco Inc.,"$2,530,000,000",,,Japan
5036,12024,Jamjoom Pharmaceuticals Factory Company,"$2,530,000,000",,,Saudi Arabia
5037,12024,Offcn Education,"$2,530,000,000",,,China
5038,12024,Kangwon Land,"$2,530,000,000",,,South Korea
5039,12024,Laurus Labs,"$2,530,000,000",,,India
5040,12024,Arbor Realty Trust,"$2,520,000,000",,,United States
5041,12024,Community Bank System,"$2,520,000,000",,,United States
5042,12024,Granite Construction,"$2,520,000,000",,,United States
5043,12024,Pactiv Evergreen,"$2,520,000,000",,,United States
5044,12024,SIG (Semen Indonesia),"$2,520,000,000",,,Indonesia
5045,12024,Türkiye Kalkınma,"$2,520,000,000",,,Turkey
5046,12024,Jetblue Airways,"$2,510,000,000",,,United States
5047,12024,Rhythm Pharmaceuticals,"$2,510,000,000",,,United States
5048,12024,Gelsenwasser,"$2,510,000,000",,,Germany
5049,12024,Grafton Group,"$2,510,000,000",,,Ireland
5050,12024,Emaar The Economic City,"$2,510,000,000",,,Saudi Arabia
5051,12024,Carmila,"$2,510,000,000",,,France
5052,12024,JBM Auto,"$2,510,000,000",,,India
5053,12024,Pegasus Airlines,"$2,510,000,000",,,Turkey
5054,12024,TietoEVRY,"$2,510,000,000",,,Finland
5055,12024,Kindred Group,"$2,510,000,000",,,Malta
5111,12024,Talos Energy,"$2,500,000,000",,,United States
5112,12024,Dexerials Corporation,"$2,500,000,000",,,Japan
5113,12024,Berner Kantonalbank,"$2,500,000,000",,,Switzerland
5114,12024,LegalZoom,"$2,490,000,000",,,United States
5115,12024,Mueller Water Products,"$2,490,000,000",,,United States
5116,12024,Bloomin' Brands,"$2,490,000,000",,,United States
5117,12024,Ghitha,"$2,490,000,000",,,United Arab Emirates
5118,12024,Bloom Energy,"$2,480,000,000",,,United States
5119,12024,O-I Glass,"$2,480,000,000",,,United States
5120,12024,Bank of Hawaii,"$2,480,000,000",,,United States
5121,12024,Minerals Technologies,"$2,480,000,000",,,United States
5122,12024,RXO,"$2,480,000,000",,,United States
5123,12024,Golar LNG,"$2,480,000,000",,,Bermuda
5124,12024,ICU Medical,"$2,480,000,000",,,United States
5125,12024,Patterson Companies,"$2,480,000,000",,,United States
5126,12024,PROCEPT BioRobotics,"$2,480,000,000",,,United States
5127,12024,KOBAYASHI Pharmaceutical,"$2,480,000,000",,,Japan
5128,12024,BFF Bank,"$2,480,000,000",,,Italy
5129,12024,China Gold International Resources,"$2,480,000,000",,,Canada
5130,12024,The National Agricultural Development Company,"$2,480,000,000",,,Saudi Arabia
5131,12024,NetLink Trust,"$2,480,000,000",,,Singapore
5132,12024,CarGurus,"$2,470,000,000",,,United States
5133,12024,Intapp,"$2,470,000,000",,,United States
5134,12024,Dave & Buster's,"$2,470,000,000",,,United States
5135,12024,Tecnoglass,"$2,470,000,000",,,Colombia
5136,12024,CT REIT,"$2,470,000,000",,,Canada
5137,12024,First Capital REIT,"$2,470,000,000",,,Canada
5138,12024,SKF India,"$2,470,000,000",,,India
5139,12024,Hertz,"$2,460,000,000",,,United States
5140,12024,CONMED,"$2,460,000,000",,,United States
5141,12024,CVB Financial,"$2,460,000,000",,,United States
5142,12024,Goosehead Insurance,"$2,460,000,000",,,United States
5143,12024,Rocket Pharmaceuticals,"$2,460,000,000",,,United States
5144,12024,Mister Car Wash,"$2,450,000,000",,,United States
5145,12024,CONSOL Energy,"$2,450,000,000",,,United States
5146,12024,Kymera Therapeutics,"$2,450,000,000",,,United States
5147,12024,Gibraltar Industries,"$2,450,000,000",,,United States
5148,12024,Bank of Bahrain and Kuwait,"$2,450,000,000",,,Bahrain
5149,12024,NBCC India,"$2,450,000,000",,,India
5150,12024,ODDITY Tech,"$2,440,000,000",,,Israel
5151,12024,Werner Enterprises,"$2,440,000,000",,,United States
5152,12024,Land and Houses,"$2,440,000,000",,,Thailand
5153,12024,TAG Immobilien,"$2,440,000,000",,,Germany
5154,12024,Keppel REIT,"$2,440,000,000",,,Singapore
5155,12024,Sacyr,"$2,440,000,000",,,Spain
5156,12024,Delek Group,"$2,440,000,000",,,Israel
5157,12024,Hudbay Minerals,"$2,430,000,000",,,Canada
5158,12024,Upstart,"$2,430,000,000",,,United States
5159,12024,Braves Group,"$2,430,000,000",,,United States
5160,12024,MM Group (Mayr-Melnhof AG),"$2,430,000,000",,,Austria
5161,12024,INFRONEER Holdings,"$2,430,000,000",,,Japan
5162,12024,Cembra Money Bank,"$2,430,000,000",,,Switzerland
5163,12024,Gudang Garam,"$2,430,000,000",,,Indonesia
5164,12024,Eastern Bankshares,"$2,420,000,000",,,United States
5165,12024,Simmons First National,"$2,420,000,000",,,United States
5166,12024,TransMedics Group,"$2,420,000,000",,,United States
5167,12024,LXI REIT,"$2,420,000,000",,,United Kingdom
5168,12024,Lion Corp,"$2,420,000,000",,,Japan
5169,12024,Kadokawa,"$2,420,000,000",,,Japan
5170,12024,Webuild S.p.A.,"$2,420,000,000",,,Italy
5171,12024,Electrolux,"$2,420,000,000",,,Sweden
5172,12024,OSI Systems,"$2,410,000,000",,,United States
5173,12024,Grainger plc,"$2,410,000,000",,,United Kingdom
5174,12024,Siam Global House,"$2,410,000,000",,,Thailand
5219,12024,MP Materials,"$2,400,000,000",,,United States
5220,12024,N-Able,"$2,400,000,000",,,United States
5221,12024,PGT Innovations,"$2,400,000,000",,,United States
5222,12024,TG Therapeutics,"$2,400,000,000",,,United States
5223,12024,Pennon Group,"$2,400,000,000",,,United Kingdom
5224,12024,EQB (Equitable Bank),"$2,390,000,000",,,Canada
5225,12024,Mr Price Group,"$2,390,000,000",,,South Africa
5226,12024,Usiminas,"$2,390,000,000",,,Brazil
5227,12024,Garrett Motion,"$2,380,000,000",,,Switzerland
5228,12024,Rumble,"$2,380,000,000",,,United States
5229,12024,Banc of California,"$2,380,000,000",,,United States
5230,12024,Cable One,"$2,380,000,000",,,United States
5231,12024,Manchester United,"$2,380,000,000",,,United Kingdom
5232,12024,Recursion Pharmaceuticals,"$2,380,000,000",,,United States
5233,12024,Sonos,"$2,380,000,000",,,United States
5234,12024,Zeta Global,"$2,380,000,000",,,United States
5235,12024,Topaz Energy,"$2,380,000,000",,,Canada
5236,12024,Bank Jago,"$2,380,000,000",,,Indonesia
5237,12024,Mitra Keluarga,"$2,370,000,000",,,Indonesia
5238,12024,Chesapeake Utilities,"$2,360,000,000",,,United States
5239,12024,Ginkgo Bioworks,"$2,360,000,000",,,United States
5240,12024,Cimpress,"$2,360,000,000",,,Ireland
5241,12024,WaFd Bank,"$2,360,000,000",,,United States
5242,12024,Coface,"$2,360,000,000",,,France
5243,12024,Cofinimmo,"$2,360,000,000",,,Belgium
5244,12024,Batelco (Bahrain Telecommunication Company),"$2,360,000,000",,,Bahrain
5245,12024,Oceaneering International,"$2,350,000,000",,,United States
5246,12024,Cellebrite,"$2,350,000,000",,,Israel
5247,12024,H&E Equipment Services,"$2,350,000,000",,,United States
5248,12024,Vera Therapeutics,"$2,350,000,000",,,United States
5249,12024,Aroundtown,"$2,350,000,000",,,Luxembourg
5250,12024,Agilon Health,"$2,340,000,000",,,United States
5251,12024,Cushman & Wakefield,"$2,340,000,000",,,United States
5252,12024,WNS,"$2,340,000,000",,,India
5253,12024,IES Holdings,"$2,340,000,000",,,United States
5254,12024,Kinetik,"$2,340,000,000",,,United States
5255,12024,Plug Power,"$2,340,000,000",,,United States
5256,12024,Sovos Brands,"$2,340,000,000",,,United States
5257,12024,Atoss,"$2,340,000,000",,,Germany
5258,12024,Lanxess,"$2,340,000,000",,,Germany
5259,12024,National Industrialization Company (Saudi Arabia),"$2,340,000,000",,,Saudi Arabia
5260,12024,Burgan Bank,"$2,340,000,000",,,Kuwait
5261,12024,Callon Petroleum,"$2,330,000,000",,,United States
5262,12024,Secure Energy Services,"$2,330,000,000",,,Canada
5263,12024,Mahindra CIE,"$2,330,000,000",,,India
5264,12024,First Advantage,"$2,320,000,000",,,United States
5265,12024,AMN Healthcare Services,"$2,320,000,000",,,United States
5266,12024,Alkami Technology,"$2,320,000,000",,,United States
5267,12024,Arcos Dorados Holdings,"$2,320,000,000",,,Uruguay
5268,12024,Jamf,"$2,320,000,000",,,United States
5269,12024,Keros Therapeutics,"$2,320,000,000",,,United States
5270,12024,Toho Gas,"$2,320,000,000",,,Japan
5271,12024,Super Retail Group,"$2,320,000,000",,,Australia
5272,12024,CJ Group,"$2,320,000,000",,,South Korea
5273,12024,Alembic Pharmaceuticals,"$2,320,000,000",,,India
5274,12024,Relaxo Footwear,"$2,320,000,000",,,India
5275,12024,Privia Health Group,"$2,310,000,000",,,United States
5276,12024,Tandem Diabetes Care,"$2,310,000,000",,,United States
5277,12024,Deliveroo,"$2,310,000,000",,,United Kingdom
5278,12024,Österreichische Post,"$2,310,000,000",,,Austria
5279,12024,Suntec REIT,"$2,310,000,000",,,Singapore
5280,12024,Ramco Cements,"$2,310,000,000",,,India
5281,12024,Ratnamani Metals & Tubes,"$2,310,000,000",,,India
5338,12024,Weibo,"$2,300,000,000",,,China
5339,12024,Tennant Company,"$2,300,000,000",,,United States
5340,12024,Pacific Premier Bancorp,"$2,300,000,000",,,United States
5341,12024,Progress Software,"$2,300,000,000",,,United States
5342,12024,Riken Keiki,"$2,300,000,000",,,Japan
5343,12024,ZhongAn Insurance,"$2,300,000,000",,,China
5344,12024,Trinity Industries,"$2,290,000,000",,,United States
5345,12024,LifeStance Health Group,"$2,290,000,000",,,United States
5346,12024,Danieli & C. Officine Meccaniche,"$2,290,000,000",,,Italy
5347,12024,National Medical Care Company,"$2,290,000,000",,,Saudi Arabia
5348,12024,Aperam,"$2,290,000,000",,,Luxembourg
5349,12024,Zhejiang Jinke Tom Culture Industry,"$2,290,000,000",,,China
5350,12024,Emami,"$2,290,000,000",,,India
5351,12024,Array Technologies,"$2,280,000,000",,,United States
5352,12024,Itaú CorpBanca,"$2,280,000,000",,,Chile
5353,12024,Laureate Education,"$2,280,000,000",,,United States
5354,12024,Telus International,"$2,280,000,000",,,Canada
5355,12024,ID Logistics Group,"$2,280,000,000",,,France
5356,12024,Prospect Capital,"$2,270,000,000",,,United States
5357,12024,MVV Energie,"$2,270,000,000",,,Germany
5358,12024,Shangri-La,"$2,270,000,000",,,Hong Kong
5359,12024,ENAV,"$2,270,000,000",,,Italy
5360,12024,OYAK Çimento,"$2,270,000,000",,,Turkey
5361,12024,Dr Lal PathLabs,"$2,270,000,000",,,India
5362,12024,Tootsie Roll Industries,"$2,260,000,000",,,United States
5363,12024,Sunstone Hotel Investors,"$2,260,000,000",,,United States
5364,12024,ViaSat,"$2,260,000,000",,,United States
5365,12024,Piramal Enterprises,"$2,260,000,000",,,India
5366,12024,BillerudKorsnäs,"$2,260,000,000",,,Sweden
5367,12024,Colbún,"$2,260,000,000",,,Chile
5368,12024,Agilysys,"$2,250,000,000",,,United States
5369,12024,Primoris Services Corporation,"$2,250,000,000",,,United States
5370,12024,PTC Therapeutics,"$2,250,000,000",,,United States
5371,12024,ComfortDelGro,"$2,250,000,000",,,Singapore
5372,12024,4imprint Group,"$2,250,000,000",,,United Kingdom
5373,12024,Vector Limited,"$2,250,000,000",,,New Zealand
5374,12024,Trulieve Cannabis,"$2,250,000,000",,,United States
5375,12024,Migros Ticaret A.S.,"$2,250,000,000",,,Turkey
5376,12024,Janus International Group,"$2,240,000,000",,,United States
5377,12024,Rogers Corporation,"$2,240,000,000",,,United States
5378,12024,Atlas Energy Solutions,"$2,240,000,000",,,United States
5379,12024,Fidelis Insurance,"$2,240,000,000",,,Bermuda
5380,12024,Trainline,"$2,240,000,000",,,United Kingdom
5381,12024,Amot Investment,"$2,240,000,000",,,Israel
5382,12024,Uponor,"$2,240,000,000",,,Finland
5383,12024,Four Corners Property Trust,"$2,230,000,000",,,United States
5384,12024,Independent Bank Corp (Massachusetts),"$2,230,000,000",,,United States
5385,12024,Yulon Motor Company,"$2,230,000,000",,,Taiwan
5386,12024,BBVA Argentina,"$2,220,000,000",,,Argentina
5387,12024,MillerKnoll,"$2,220,000,000",,,United States
5388,12024,NWTN Inc.,"$2,220,000,000",,,United Arab Emirates
5389,12024,LiveRamp,"$2,220,000,000",,,United States
5390,12024,Mainova,"$2,220,000,000",,,Germany
5391,12024,Kingboard Holdings,"$2,220,000,000",,,Hong Kong
5392,12024,Trident,"$2,220,000,000",,,India
5393,12024,Puyi Inc.,"$2,210,000,000",,,China
5394,12024,Strauss Group,"$2,210,000,000",,,Israel
5395,12024,MONETA Money Bank,"$2,210,000,000",,,Czech Republic
5462,12024,Xerox,"$2,200,000,000",,,United States
5463,12024,Coursera,"$2,200,000,000",,,United States
5464,12024,Sana Biotechnology,"$2,200,000,000",,,United States
5465,12024,Expro Group,"$2,200,000,000",,,United States
5466,12024,Sanofi India Limited,"$2,200,000,000",,,India
5467,12024,Elgi Equipments,"$2,200,000,000",,,India
5469,12024,Compañía Cervecerías Unidas,"$2,190,000,000",,,Chile
5470,12024,Cinemark Theatres,"$2,190,000,000",,,United States
5471,12024,ReNew Power,"$2,190,000,000",,,India
5472,12024,Six Flags,"$2,190,000,000",,,United States
5473,12024,Calix,"$2,190,000,000",,,United States
5474,12024,RHI Magnesita,"$2,190,000,000",,,Austria
5475,12024,Adeka Corporation,"$2,190,000,000",,,Japan
5476,12024,Filo Mining,"$2,190,000,000",,,Canada
5477,12024,SSP Group,"$2,190,000,000",,,United Kingdom
5478,12024,Al-Dawaa Medical Services Company,"$2,190,000,000",,,Saudi Arabia
5479,12024,Landis+Gyr,"$2,190,000,000",,,Switzerland
5480,12024,TISCO Financial Group,"$2,190,000,000",,,Thailand
5481,12024,Devyani International,"$2,190,000,000",,,India
5482,12024,Kajaria Ceramics,"$2,190,000,000",,,India
5483,12024,Guardant Health,"$2,180,000,000",,,United States
5484,12024,Endava,"$2,180,000,000",,,United Kingdom
5485,12024,StoneX Group,"$2,180,000,000",,,United States
5486,12024,VIZIO,"$2,180,000,000",,,United States
5487,12024,TechnoPro Holdings,"$2,180,000,000",,,Japan
5488,12024,KRUK Spólka Akcyjna,"$2,180,000,000",,,Poland
5489,12024,Permata Bank,"$2,180,000,000",,,Indonesia
5490,12024,Chartwell Retirement Residences,"$2,180,000,000",,,Canada
5491,12024,Park National Corp,"$2,170,000,000",,,United States
5492,12024,Galapagos NV,"$2,170,000,000",,,Belgium
5493,12024,Papa John's Pizza,"$2,170,000,000",,,United States
5494,12024,Eramet,"$2,170,000,000",,,France
5495,12024,Yuexiu Property,"$2,170,000,000",,,Hong Kong
5496,12024,Abu Dhabi National Hotels,"$2,170,000,000",,,United Arab Emirates
5497,12024,dormakaba,"$2,170,000,000",,,Switzerland
5498,12024,Brinker International,"$2,160,000,000",,,United States
5499,12024,Standex,"$2,160,000,000",,,United States
5500,12024,Boralex,"$2,160,000,000",,,Canada
5501,12024,Patria Investments,"$2,150,000,000",,,Cayman Islands
5502,12024,Maravai LifeSciences,"$2,150,000,000",,,United States
5503,12024,Par Pacific Holdings,"$2,150,000,000",,,United States
5504,12024,Seacoast Banking,"$2,150,000,000",,,United States
5505,12024,Verano Holdings,"$2,150,000,000",,,United States
5506,12024,Workman,"$2,150,000,000",,,Japan
5507,12024,SJM Holdings,"$2,150,000,000",,,Hong Kong
5508,12024,Chalet Hotels,"$2,150,000,000",,,India
5509,12024,Urban Edge Properties,"$2,140,000,000",,,United States
5510,12024,Owens & Minor,"$2,140,000,000",,,United States
5511,12024,Lightspeed POS,"$2,140,000,000",,,Canada
5512,12024,Exclusive Networks,"$2,140,000,000",,,France
5513,12024,Titan Cement International,"$2,140,000,000",,,Belgium
5514,12024,Koza Gold,"$2,140,000,000",,,Turkey
5515,12024,AAR,"$2,130,000,000",,,United States
5516,12024,HNI Corporation,"$2,130,000,000",,,United States
5517,12024,VIAVI Solutions,"$2,130,000,000",,,United States
5518,12024,Bank für Tirol und Vorarlberg,"$2,130,000,000",,,Austria
5519,12024,Exxaro Resources,"$2,130,000,000",,,South Africa
5520,12024,Port of Tauranga,"$2,130,000,000",,,New Zealand
5521,12024,IDFC,"$2,130,000,000",,,India
5522,12024,SiriusPoint,"$2,120,000,000",,,Bermuda
5523,12024,SMA Solar Technology,"$2,120,000,000",,,Germany
5524,12024,TODA corp,"$2,120,000,000",,,Japan
5525,12024,Peyto Exploration & Development,"$2,120,000,000",,,Canada
5526,12024,Saudi Real Estate Company (Al Akaria),"$2,120,000,000",,,Saudi Arabia
5527,12024,Atlantica,"$2,110,000,000",,,United Kingdom
5528,12024,Cedar Fair,"$2,110,000,000",,,United States
5529,12024,Winnebago Industries,"$2,110,000,000",,,United States
5530,12024,First Financial Bank,"$2,110,000,000",,,United States
5531,12024,CDSL,"$2,110,000,000",,,India
5532,12024,LEM Holding,"$2,110,000,000",,,Switzerland
5533,12024,Bata India,"$2,110,000,000",,,India
5616,12024,TreeHouse Foods,"$2,100,000,000",,,United States
5617,12024,Fox Factory Holding,"$2,100,000,000",,,United States
5618,12024,ePlus,"$2,100,000,000",,,United States
5619,12024,Mercari,"$2,100,000,000",,,Japan
5620,12024,Mitsui High-tec,"$2,100,000,000",,,Japan
5621,12024,AUB Group,"$2,100,000,000",,,Australia
5622,12024,KEC International,"$2,100,000,000",,,India
5623,12024,Omantel (Oman Telecom),"$2,100,000,000",,,Oman
5624,12024,Sinch,"$2,100,000,000",,,Sweden
5625,12024,Tianjin FAW,"$2,100,000,000",,,China
5626,12024,IIFL Wealth Management,"$2,100,000,000",,,India
5627,12024,Wheels Up,"$2,090,000,000",,,United States
5628,12024,BankUnited,"$2,090,000,000",,,United States
5629,12024,Amphastar Pharmaceuticals,"$2,090,000,000",,,United States
5630,12024,Palomar Holdings,"$2,090,000,000",,,United States
5631,12024,AMP Limited,"$2,090,000,000",,,Australia
5632,12024,Olav Thon,"$2,090,000,000",,,Norway
5633,12024,WH Smith,"$2,090,000,000",,,United Kingdom
5634,12024,Ariston Holding,"$2,090,000,000",,,Italy
5635,12024,Enerjisa Enerji,"$2,090,000,000",,,Turkey
5636,12024,Ourpalm,"$2,090,000,000",,,China
5637,12024,Natco Pharma,"$2,090,000,000",,,India
5638,12024,Energizer Holdings,"$2,080,000,000",,,United States
5639,12024,John Wiley & Sons,"$2,080,000,000",,,United States
5640,12024,Hillman Solutions,"$2,080,000,000",,,United States
5641,12024,SiTime,"$2,080,000,000",,,United States
5642,12024,TowneBank,"$2,080,000,000",,,United States
5643,12024,Seera Holding Group,"$2,080,000,000",,,Saudi Arabia
5644,12024,Qt Group,"$2,080,000,000",,,Finland
5645,12024,Arhaus,"$2,070,000,000",,,United States
5646,12024,First Pacific Company,"$2,070,000,000",,,Hong Kong
5647,12024,Össur,"$2,070,000,000",,,Iceland
5648,12024,Inox Wind,"$2,070,000,000",,,India
5649,12024,Sumitomo Chemical India,"$2,070,000,000",,,India
5650,12024,Textainer Group,"$2,060,000,000",,,Bermuda
5651,12024,Ambarella,"$2,060,000,000",,,United States
5652,12024,First Merchants Corporation,"$2,060,000,000",,,United States
5653,12024,UCT (Ultra Clean Holdings),"$2,060,000,000",,,United States
5654,12024,BTS Group,"$2,060,000,000",,,Thailand
5655,12024,Maple Leaf Foods,"$2,060,000,000",,,Canada
5656,12024,NH Hotel Group,"$2,060,000,000",,,Spain
5657,12024,Safestore,"$2,060,000,000",,,United Kingdom
5658,12024,Jahez International Company for Information Systems Technology,"$2,060,000,000",,,Saudi Arabia
5659,12024,Icade,"$2,060,000,000",,,France
5660,12024,Estun Automation,"$2,060,000,000",,,China
5661,12024,Federal Agricultural Mortgage,"$2,050,000,000",,,United States
5662,12024,SolarWinds,"$2,050,000,000",,,United States
5663,12024,Enlight Renewable Energy,"$2,050,000,000",,,Israel
5664,12024,Nippon Shinyaku,"$2,050,000,000",,,Japan
5665,12024,Argan SA,"$2,050,000,000",,,France
5666,12024,Multi Commodity Exchange,"$2,050,000,000",,,India
5667,12024,Crompton Greaves Consumer Electricals,"$2,050,000,000",,,India
5668,12024,Schneider Electric Infrastructure,"$2,050,000,000",,,India
5669,12024,HighPeak Energy,"$2,040,000,000",,,United States
5670,12024,Kodiak Gas Services,"$2,040,000,000",,,United States
5671,12024,Eutelsat,"$2,040,000,000",,,France
5672,12024,Atul,"$2,040,000,000",,,India
5673,12024,PagerDuty,"$2,030,000,000",,,United States
5674,12024,Bowlero,"$2,030,000,000",,,United States
5675,12024,Netcompany Group,"$2,030,000,000",,,Denmark
5676,12024,Qatar Insurance Company,"$2,030,000,000",,,Qatar
5677,12024,Shapir Civil and Marine Engineering,"$2,030,000,000",,,Israel
5678,12024,WIN Semiconductors,"$2,030,000,000",,,Taiwan
5679,12024,Hanmi Pharmaceutical,"$2,030,000,000",,,South Korea
5680,12024,Diamondrock Hospitality Company,"$2,020,000,000",,,United States
5681,12024,Hilltop Holdings,"$2,020,000,000",,,United States
5682,12024,Ardagh Metal Packaging,"$2,020,000,000",,,Luxembourg
5683,12024,Adtalem Global Education,"$2,020,000,000",,,United States
5684,12024,NewAmsterdam Pharma Company,"$2,020,000,000",,,Netherlands
5685,12024,Rocket Lab,"$2,020,000,000",,,United States
5686,12024,Star Bulk Carriers,"$2,020,000,000",,,Greece
5687,12024,Metro AG,"$2,020,000,000",,,Germany
5688,12024,Ansell,"$2,020,000,000",,,Australia
5689,12024,Growthpoint Properties,"$2,020,000,000",,,South Africa
5690,12024,Harel Group,"$2,020,000,000",,,Israel
5691,12024,Salvatore Ferragamo,"$2,020,000,000",,,Italy
5692,12024,SUSE S.A.,"$2,020,000,000",,,Luxembourg
5693,12024,F&F Co,"$2,020,000,000",,,South Korea
5694,12024,Equity Commonwealth,"$2,010,000,000",,,United States
5695,12024,Action Construction Equipment,"$2,010,000,000",,,India
5696,12024,Iluka Resources,"$2,010,000,000",,,Australia
5697,12024,Russel Metals,"$2,010,000,000",,,Canada
5698,12024,Energix Renewable Energies,"$2,010,000,000",,,Israel
5699,12024,Vodafone Qatar,"$2,010,000,000",,,Qatar
5764,12024,Stepan Company,"$2,000,000,000",,,United States
5765,12024,Neumora Therapeutics,"$2,000,000,000",,,United States
5766,12024,Opendoor,"$2,000,000,000",,,United States
5767,12024,Shoals Technologies,"$2,000,000,000",,,United States
5768,12024,CASIO,"$2,000,000,000",,,Japan
5769,12024,Canadian Western Bank,"$2,000,000,000",,,Canada
5770,12024,NOS,"$2,000,000,000",,,Portugal
5771,12024,Formosa Sumco Technology,"$2,000,000,000",,,Taiwan
5772,12024,Fairfax India Holdings,"$2,000,000,000",,,Canada
5773,12024,Minera Valparaíso,"$2,000,000,000",,,Chile
5774,12024,Buckle,"$1,990,000,000",,,United States
5775,12024,Structure Therapeutics,"$1,990,000,000",,,United States
5776,12024,Rover,"$1,990,000,000",,,United States
5777,12024,Twist Bioscience,"$1,990,000,000",,,United States
5778,12024,OVH Groupe,"$1,990,000,000",,,France
5779,12024,Merida Industry,"$1,990,000,000",,,Taiwan
5780,12024,thyssenkrupp nucera,"$1,990,000,000",,,Germany
5781,12024,B.Grimm Power,"$1,990,000,000",,,Thailand
5782,12024,G-bits Network Technology,"$1,990,000,000",,,China
5783,12024,TransAlta,"$1,980,000,000",,,Canada
5784,12024,Vermilion Energy,"$1,980,000,000",,,Canada
5785,12024,Bumble,"$1,980,000,000",,,United States
5786,12024,IonQ,"$1,980,000,000",,,United States
5787,12024,Chorus,"$1,980,000,000",,,New Zealand
5788,12024,Kerry Logistics Network,"$1,980,000,000",,,Hong Kong
5789,12024,Hartalega,"$1,980,000,000",,,Malaysia
5790,12024,Qatar Aluminium Manufacturing Company,"$1,980,000,000",,,Qatar
5791,12024,Kennametal,"$1,970,000,000",,,United States
5792,12024,Travis Perkins,"$1,970,000,000",,,United Kingdom
5793,12024,Sharjah Islamic Bank,"$1,970,000,000",,,United Arab Emirates
5794,12024,WHA Corporation,"$1,970,000,000",,,Thailand
5795,12024,Delek US,"$1,960,000,000",,,United States
5796,12024,Forestar Group,"$1,960,000,000",,,United States
5797,12024,Hanesbrands,"$1,960,000,000",,,United States
5798,12024,Avidity Biosciences,"$1,960,000,000",,,United States
5799,12024,Syndax Pharmaceuticals,"$1,960,000,000",,,United States
5800,12024,Veeco,"$1,960,000,000",,,United States
5801,12024,Dermapharm,"$1,960,000,000",,,Germany
5802,12024,AEON REIT Investment,"$1,960,000,000",,,Japan
5803,12024,Inter Cars,"$1,960,000,000",,,Poland
5804,12024,goeasy,"$1,960,000,000",,,Canada
5805,12024,Loomis AB,"$1,960,000,000",,,Sweden
5806,12024,Teekay Tankers,"$1,950,000,000",,,Canada
5807,12024,The Andersons,"$1,950,000,000",,,United States
5808,12024,Janux Therapeutics,"$1,950,000,000",,,United States
5809,12024,Sixth Street Specialty Lending,"$1,950,000,000",,,United States
5810,12024,Verint Systems,"$1,950,000,000",,,United States
5811,12024,Al Ahli Bank of Kuwait,"$1,950,000,000",,,Kuwait
5812,12024,Fletcher Building,"$1,950,000,000",,,New Zealand
5813,12024,Grand City Properties,"$1,950,000,000",,,Luxembourg
5814,12024,United Electronics Company (eXtra Saudi),"$1,950,000,000",,,Saudi Arabia
5815,12024,Spar Nord Bank A/S,"$1,950,000,000",,,Denmark
5816,12024,Technogym,"$1,950,000,000",,,Italy
5817,12024,Ero Copper,"$1,940,000,000",,,Canada
5818,12024,Geron,"$1,940,000,000",,,United States
5819,12024,Navient,"$1,940,000,000",,,United States
5820,12024,Winpak,"$1,940,000,000",,,Canada
5821,12024,TAV Airports Holding,"$1,940,000,000",,,Turkey
5822,12024,AZZ,"$1,930,000,000",,,United States
5823,12024,Delek Logistics Partners,"$1,930,000,000",,,United States
5824,12024,Edgewell Personal Care,"$1,930,000,000",,,United States
5825,12024,NeoGenomics,"$1,930,000,000",,,United States
5826,12024,Criteo,"$1,930,000,000",,,France
5827,12024,Savills,"$1,930,000,000",,,United Kingdom
5828,12024,Mandarin Oriental,"$1,930,000,000",,,Hong Kong
5829,12024,Perseus Mining,"$1,930,000,000",,,Australia
5830,12024,TF1,"$1,930,000,000",,,France
5831,12024,IndiaMART,"$1,930,000,000",,,India
5832,12024,Piramal Pharma,"$1,930,000,000",,,India
5833,12024,Enerpac Tool Group,"$1,920,000,000",,,United States
5834,12024,Myriad Genetics,"$1,920,000,000",,,United States
5835,12024,Schrödinger,"$1,920,000,000",,,United States
5836,12024,UFP Technologies,"$1,920,000,000",,,United States
5837,12024,Vista Outdoor,"$1,920,000,000",,,United States
5838,12024,Ninety One Group,"$1,920,000,000",,,South Africa
5839,12024,Orpea,"$1,920,000,000",,,France
5840,12024,Kuwait Telecommunications Company,"$1,920,000,000",,,Kuwait
5841,12024,Redington India,"$1,920,000,000",,,India
5842,12024,Office Depot,"$1,910,000,000",,,United States
5843,12024,Sonic Automotive,"$1,910,000,000",,,United States
5844,12024,Catalyst Pharmaceuticals,"$1,910,000,000",,,United States
5845,12024,Kokuyo,"$1,910,000,000",,,Japan
5846,12024,GlobalData,"$1,910,000,000",,,United Kingdom
5847,12024,Singapore Land,"$1,910,000,000",,,Singapore
5848,12024,Saudi Cement Company,"$1,910,000,000",,,Saudi Arabia
5849,12024,RITES,"$1,910,000,000",,,India
5922,12024,Barnes Group,"$1,900,000,000",,,United States
5923,12024,Harmony Biosciences,"$1,900,000,000",,,United States
5924,12024,Perficient,"$1,900,000,000",,,United States
5925,12024,Upbound Group,"$1,900,000,000",,,United States
5926,12024,Métropole Télévision (Groupe M6),"$1,900,000,000",,,France
5927,12024,MGP Ingredients,"$1,890,000,000",,,United States
5928,12024,CIMC Enric,"$1,890,000,000",,,China
5929,12024,Zug Estates Holding,"$1,890,000,000",,,Switzerland
5930,12024,Entra,"$1,890,000,000",,,Norway
5931,12024,Olectra Greentech,"$1,890,000,000",,,India
5932,12024,Acadia Realty Trust,"$1,880,000,000",,,United States
5933,12024,Amneal Pharmaceuticals,"$1,880,000,000",,,United States
5934,12024,Independent Bank Group,"$1,880,000,000",,,United States
5935,12024,Semrush,"$1,880,000,000",,,United States
5936,12024,Hays plc,"$1,880,000,000",,,United Kingdom
5937,12024,Shufersal,"$1,880,000,000",,,Israel
5938,12024,XL Axiata,"$1,880,000,000",,,Indonesia
5939,12024,H&R REIT,"$1,880,000,000",,,Canada
5940,12024,OPENLANE Corporate,"$1,870,000,000",,,United States
5941,12024,Pebblebrook Hotel Trust,"$1,870,000,000",,,United States
5942,12024,RxSight,"$1,870,000,000",,,United States
5943,12024,Tilray,"$1,870,000,000",,,Canada
5944,12024,Cogeco,"$1,870,000,000",,,Canada
5945,12024,BRP Group,"$1,860,000,000",,,United States
5946,12024,Madison Square Garden,"$1,860,000,000",,,United States
5947,12024,Vital Energy,"$1,860,000,000",,,United States
5948,12024,Almirall,"$1,860,000,000",,,Spain
5949,12024,Liontown Resources,"$1,860,000,000",,,Australia
5950,12024,Philip Morris ČR,"$1,860,000,000",,,Czech Republic
5951,12024,Crombie Real Estate Investment Trust,"$1,860,000,000",,,Canada
5952,12024,Whirlpool India,"$1,860,000,000",,,India
5953,12024,Welspun India,"$1,860,000,000",,,India
5954,12024,Bread Financial,"$1,850,000,000",,,United States
5955,12024,The Cheesecake Factory,"$1,850,000,000",,,United States
5956,12024,Digital World Acquisition,"$1,850,000,000",,,United States
5957,12024,Triumph Financial,"$1,850,000,000",,,United States
5958,12024,Quilter,"$1,850,000,000",,,United Kingdom
5959,12024,Goodman Property Trust,"$1,850,000,000",,,New Zealand
5960,12024,PageGroup,"$1,850,000,000",,,United Kingdom
5961,12024,Compagnie Plastic Omnium,"$1,850,000,000",,,France
5962,12024,Superior Plus,"$1,850,000,000",,,Canada
5963,12024,Yamama Saudi Cement Company,"$1,850,000,000",,,Saudi Arabia
5964,12024,Bank Danamon,"$1,850,000,000",,,Indonesia
5965,12024,Outokumpu,"$1,850,000,000",,,Finland
5966,12024,Finolex Industries,"$1,850,000,000",,,India
5967,12024,JOYY,"$1,840,000,000",,,China
5968,12024,Dana,"$1,840,000,000",,,United States
5969,12024,DHT Holdings,"$1,840,000,000",,,Bermuda
5970,12024,Live Oak Bank,"$1,840,000,000",,,United States
5971,12024,STAAR Surgical,"$1,840,000,000",,,United States
5972,12024,Supernus Pharmaceuticals,"$1,840,000,000",,,United States
5973,12024,Paradox Interactive,"$1,840,000,000",,,Sweden
5974,12024,Playtech,"$1,840,000,000",,,Isle of Man
5975,12024,Ryman Healthcare,"$1,840,000,000",,,New Zealand
5976,12024,Sonae,"$1,840,000,000",,,Portugal
5977,12024,Apollo Medical Holdings,"$1,830,000,000",,,United States
5978,12024,SoundHound AI,"$1,830,000,000",,,United States
5979,12024,Apex Investment,"$1,830,000,000",,,United Arab Emirates
5980,12024,Gestamp Automoción,"$1,830,000,000",,,Spain
5981,12024,National Mobile Telecommunications Company,"$1,830,000,000",,,Kuwait
5982,12024,Televisa,"$1,820,000,000",,,Mexico
5983,12024,Equinox Gold,"$1,820,000,000",,,Canada
5984,12024,Merchants Bancorp,"$1,820,000,000",,,United States
5985,12024,Photronics,"$1,820,000,000",,,United States
5986,12024,Aston Martin,"$1,820,000,000",,,United Kingdom
5987,12024,Mitsui Fudosan Logistics Park,"$1,820,000,000",,,Japan
5988,12024,Grupa Kety,"$1,820,000,000",,,Poland
5989,12024,Kuwait Projects Company Holding,"$1,820,000,000",,,Kuwait
5990,12024,SJW Group,"$1,810,000,000",,,United States
5991,12024,NCR Voyix Corporation,"$1,810,000,000",,,United States
5992,12024,Central Puerto,"$1,810,000,000",,,Argentina
5993,12024,Jenoptik,"$1,810,000,000",,,Germany
5994,12024,NCC Limited,"$1,810,000,000",,,India
5995,12024,NuVista Energy,"$1,810,000,000",,,Canada
6074,12024,Geo Group,"$1,800,000,000",,,United States
6075,12024,Mach Natural Resources LP,"$1,800,000,000",,,United States
6076,12024,SFL Corp,"$1,800,000,000",,,Bermuda
6077,12024,Compass Diversified Holdings,"$1,800,000,000",,,United States
6078,12024,Fusion Pharmaceuticals,"$1,800,000,000",,,Canada
6079,12024,Payoneer,"$1,800,000,000",,,United States
6080,12024,Aktieselskabet Schouw & Co.,"$1,800,000,000",,,Denmark
6081,12024,Telephone and Data Systems,"$1,790,000,000",,,United States
6082,12024,Semtech,"$1,790,000,000",,,United States
6083,12024,Gentherm,"$1,790,000,000",,,United States
6084,12024,Plus500,"$1,790,000,000",,,Israel
6085,12024,Estithmar Holding,"$1,790,000,000",,,Qatar
6086,12024,Montea Comm,"$1,790,000,000",,,Belgium
6087,12024,Peab,"$1,790,000,000",,,Sweden
6088,12024,4D Molecular Therapeutics,"$1,780,000,000",,,United States
6089,12024,InMode,"$1,780,000,000",,,Israel
6090,12024,National Western Life,"$1,780,000,000",,,United States
6091,12024,The Bancorp,"$1,780,000,000",,,United States
6092,12024,Bilfinger,"$1,780,000,000",,,Germany
6093,12024,KWS,"$1,780,000,000",,,Germany
6094,12024,Robertet,"$1,780,000,000",,,France
6095,12024,Almunajem Foods Company,"$1,780,000,000",,,Saudi Arabia
6096,12024,Stelco,"$1,780,000,000",,,Canada
6097,12024,Bayanat AI,"$1,780,000,000",,,United Arab Emirates
6098,12024,Finolex Cables,"$1,780,000,000",,,India
6099,12024,Karur Vysya Bank,"$1,780,000,000",,,India
6100,12024,Global Net Lease,"$1,770,000,000",,,United States
6101,12024,Donnelley Financial Solutions,"$1,770,000,000",,,United States
6102,12024,ProKidney,"$1,770,000,000",,,United States
6103,12024,Frontier Airlines,"$1,770,000,000",,,United States
6104,12024,Richelieu Hardware,"$1,770,000,000",,,Canada
6105,12024,Gasco (National Gas and Industrialization Company),"$1,770,000,000",,,Saudi Arabia
6106,12024,Forbo Holding,"$1,770,000,000",,,Switzerland
6107,12024,Gulf Insurance Group,"$1,770,000,000",,,Kuwait
6108,12024,Jeudan,"$1,770,000,000",,,Denmark
6109,12024,JYP Entertainment,"$1,770,000,000",,,South Korea
6110,12024,CoreCivic,"$1,760,000,000",,,United States
6111,12024,FB Financial,"$1,760,000,000",,,United States
6112,12024,Jeld-Wen,"$1,760,000,000",,,United States
6113,12024,VEON,"$1,760,000,000",,,Netherlands
6114,12024,Thai Union Group,"$1,760,000,000",,,Thailand
6115,12024,Altus Group,"$1,760,000,000",,,Canada
6116,12024,Fever-Tree Drinks,"$1,760,000,000",,,United Kingdom
6117,12024,Meliá Hotels International,"$1,760,000,000",,,Spain
6118,12024,Vicat S.A.,"$1,760,000,000",,,France
6119,12024,DAQO New Energy,"$1,750,000,000",,,China
6120,12024,Oxford Industries,"$1,750,000,000",,,United States
6121,12024,ACM Research,"$1,750,000,000",,,United States
6122,12024,Enova International,"$1,750,000,000",,,United States
6123,12024,Huron Consulting,"$1,750,000,000",,,United States
6124,12024,Ingevity,"$1,750,000,000",,,United States
6125,12024,Sapiens,"$1,750,000,000",,,Israel
6126,12024,Udemy,"$1,750,000,000",,,United States
6127,12024,Virtus Investment Partners,"$1,750,000,000",,,United States
6128,12024,Believe S.A.,"$1,750,000,000",,,France
6129,12024,Borregaard,"$1,750,000,000",,,Norway
6130,12024,Carabao Group,"$1,750,000,000",,,Thailand
6131,12024,Cementir,"$1,750,000,000",,,Italy
6132,12024,The Foschini Group,"$1,750,000,000",,,South Africa
6133,12024,Aker Solutions ASA,"$1,750,000,000",,,Norway
6134,12024,Bavarian Nordic,"$1,750,000,000",,,Denmark
6135,12024,Tata Teleservices,"$1,750,000,000",,,India
6136,12024,Gaotu Techedu,"$1,740,000,000",,,China
6137,12024,PHINIA,"$1,740,000,000",,,United States
6138,12024,Renasant Corp,"$1,740,000,000",,,United States
6139,12024,WesBanco,"$1,740,000,000",,,United States
6140,12024,Denison Mines,"$1,730,000,000",,,Canada
6141,12024,BrightSpring Health Services,"$1,730,000,000",,,United States
6142,12024,PC Connection,"$1,730,000,000",,,United States
6143,12024,EverCommerce,"$1,730,000,000",,,United States
6144,12024,Grosvenor Capital Management,"$1,730,000,000",,,United States
6145,12024,NBT Bancorp,"$1,730,000,000",,,United States
6146,12024,Exchange Income Corporation,"$1,730,000,000",,,Canada
6147,12024,PVR Cinemas,"$1,730,000,000",,,India
6148,12024,Protector Forsikring,"$1,730,000,000",,,Norway
6149,12024,Korea Gas,"$1,730,000,000",,,South Korea
6150,12024,Ngern Tid Lor,"$1,730,000,000",,,Thailand
6151,12024,InvenTrust Properties,"$1,720,000,000",,,United States
6152,12024,Stewart Information Services,"$1,720,000,000",,,United States
6153,12024,Vector Group,"$1,720,000,000",,,United States
6154,12024,Ardelyx,"$1,720,000,000",,,United States
6155,12024,Getty Images,"$1,720,000,000",,,United States
6156,12024,Morphic Therapeutic,"$1,720,000,000",,,United States
6157,12024,Ramsay Générale de Santé,"$1,720,000,000",,,France
6158,12024,GÜBRETAŞ,"$1,720,000,000",,,Turkey
6159,12024,V-Guard Industries,"$1,720,000,000",,,India
6160,12024,RBL Bank,"$1,720,000,000",,,India
6161,12024,National Vision Holdings,"$1,710,000,000",,,United States
6162,12024,Global Industrial Company,"$1,710,000,000",,,United States
6163,12024,OFG Bancorp,"$1,710,000,000",,,United States
6164,12024,Weis Markets,"$1,710,000,000",,,United States
6165,12024,Mercury Systems,"$1,710,000,000",,,United States
6166,12024,Trustmark,"$1,710,000,000",,,United States
6167,12024,Vicor,"$1,710,000,000",,,United States
6168,12024,Ascential,"$1,710,000,000",,,United Kingdom
6169,12024,SeSa S.p.A.,"$1,710,000,000",,,Italy
6170,12024,Country Garden,"$1,710,000,000",,,China
6171,12024,Elang Mahkota Teknologi,"$1,710,000,000",,,Indonesia
6172,12024,Fila,"$1,710,000,000",,,South Korea
6173,12024,Blue Dart Express,"$1,710,000,000",,,India
6174,12024,Better Collective A/S,"$1,710,000,000",,,Denmark
6254,12024,Excelerate Energy,"$1,700,000,000",,,United States
6255,12024,American Healthcare REIT,"$1,700,000,000",,,United States
6256,12024,Cadeler A/S,"$1,700,000,000",,,Denmark
6257,12024,Grindr,"$1,700,000,000",,,United States
6258,12024,Hornbach Baumarkt,"$1,700,000,000",,,Germany
6259,12024,Osotspa,"$1,700,000,000",,,Thailand
6260,12024,Santam,"$1,700,000,000",,,South Africa
6261,12024,CGN Mining Company,"$1,700,000,000",,,Hong Kong
6262,12024,Altarea,"$1,700,000,000",,,France
6263,12024,Borr Drilling,"$1,690,000,000",,,Bermuda
6264,12024,Fastly,"$1,690,000,000",,,United States
6265,12024,Lakeland Financial Corp,"$1,690,000,000",,,United States
6266,12024,TS TECH,"$1,690,000,000",,,Japan
6267,12024,Gamma Communications,"$1,690,000,000",,,United Kingdom
6268,12024,Pan Ocean,"$1,690,000,000",,,South Korea
6269,12024,Kayne Anderson Capital Advisors,"$1,680,000,000",,,United States
6270,12024,Addus HomeCare,"$1,680,000,000",,,United States
6271,12024,Akero Therapeutics,"$1,680,000,000",,,United States
6272,12024,Compass,"$1,680,000,000",,,United States
6273,12024,Super Group,"$1,680,000,000",,,Guernsey
6274,12024,Upwork,"$1,680,000,000",,,United States
6275,12024,Hypoport,"$1,680,000,000",,,Germany
6276,12024,National Company for Learning and Education,"$1,680,000,000",,,Saudi Arabia
6277,12024,BASF India,"$1,680,000,000",,,India
6278,12024,Electra,"$1,680,000,000",,,Israel
6279,12024,TKH Group,"$1,680,000,000",,,Netherlands
6280,12024,Guess,"$1,670,000,000",,,United States
6281,12024,Afya,"$1,670,000,000",,,Brazil
6282,12024,Powell Industries,"$1,670,000,000",,,United States
6283,12024,U.S. Physical Therapy,"$1,670,000,000",,,United States
6284,12024,Yellow Cake plc,"$1,670,000,000",,,Jersey
6285,12024,Deterra Royalties,"$1,670,000,000",,,Australia
6286,12024,Tiger Brands,"$1,670,000,000",,,South Africa
6287,12024,Electricity Generating Public Company,"$1,670,000,000",,,Thailand
6288,12024,PIERER Mobility,"$1,670,000,000",,,Austria
6289,12024,Tessenderlo Group,"$1,670,000,000",,,Belgium
6290,12024,Ratch Group,"$1,670,000,000",,,Thailand
6291,12024,Doosan,"$1,670,000,000",,,South Korea
6292,12024,CenturyPly,"$1,670,000,000",,,India
6293,12024,American Assets Trust,"$1,660,000,000",,,United States
6294,12024,PROS,"$1,660,000,000",,,United States
6295,12024,Customers Bancorp,"$1,660,000,000",,,United States
6296,12024,Inhibrx,"$1,660,000,000",,,United States
6297,12024,Pfeiffer Vacuum,"$1,660,000,000",,,Germany
6298,12024,African Rainbow Minerals,"$1,660,000,000",,,South Africa
6299,12024,Pet Valu,"$1,660,000,000",,,Canada
6300,12024,Knowledge Economic City Company,"$1,660,000,000",,,Saudi Arabia
6301,12024,RPC,"$1,650,000,000",,,United States
6302,12024,Autolus Therapeutics,"$1,650,000,000",,,United Kingdom
6303,12024,Protagonist Therapeutics,"$1,650,000,000",,,United States
6304,12024,Arcus Biosciences,"$1,650,000,000",,,United States
6305,12024,Bodycote,"$1,650,000,000",,,United Kingdom
6306,12024,First National Financial,"$1,650,000,000",,,Canada
6307,12024,CompuGroup Medical,"$1,650,000,000",,,Germany
6308,12024,Fluxys Belgium,"$1,650,000,000",,,Belgium
6309,12024,Allied Properties REIT,"$1,650,000,000",,,Canada
6310,12024,Chambal Fertilisers,"$1,650,000,000",,,India
6311,12024,Zensar,"$1,650,000,000",,,India
6312,12024,Helix Energy Solutions,"$1,640,000,000",,,United States
6313,12024,Banner Bank,"$1,640,000,000",,,United States
6314,12024,"Beyond, Inc.","$1,640,000,000",,,United States
6315,12024,Distribution Solutions Group,"$1,640,000,000",,,United States
6316,12024,Shutterstock,"$1,640,000,000",,,United States
6317,12024,Coats Group,"$1,640,000,000",,,United Kingdom
6318,12024,Citizen Watch,"$1,640,000,000",,,Japan
6319,12024,Central Plaza Hotel,"$1,640,000,000",,,Thailand
6320,12024,Agios Pharmaceuticals,"$1,630,000,000",,,United States
6321,12024,Veracyte,"$1,630,000,000",,,United States
6322,12024,Ashmore Group,"$1,630,000,000",,,United Kingdom
6323,12024,Parex Resources,"$1,630,000,000",,,Canada
6324,12024,MFE-Mediaforeurope,"$1,630,000,000",,,Italy
6325,12024,Zee Entertainment,"$1,630,000,000",,,India
6326,12024,Höegh Autoliners,"$1,630,000,000",,,Norway
6327,12024,Chennai Petroleum,"$1,630,000,000",,,India
6328,12024,Kimbell Royalty Partners,"$1,620,000,000",,,United States
6329,12024,Cannae Holdings,"$1,620,000,000",,,United States
6330,12024,Dynavax Technologies,"$1,620,000,000",,,United States
6331,12024,NexPoint Residential,"$1,620,000,000",,,United States
6332,12024,Peloton,"$1,620,000,000",,,United States
6333,12024,Primary Health Properties,"$1,620,000,000",,,United Kingdom
6334,12024,Freehold Royalties,"$1,620,000,000",,,Canada
6335,12024,Mahanagar Gas,"$1,620,000,000",,,India
6336,12024,DFDS A/S,"$1,620,000,000",,,Denmark
6337,12024,Killam Apartment REIT,"$1,620,000,000",,,Canada
6338,12024,BlackBerry,"$1,610,000,000",,,Canada
6339,12024,The Greenbrier Companies,"$1,610,000,000",,,United States
6340,12024,Cracker Barrel,"$1,610,000,000",,,United States
6341,12024,NOW Inc.,"$1,610,000,000",,,United States
6342,12024,Hawkins,"$1,610,000,000",,,United States
6343,12024,Kura Oncology,"$1,610,000,000",,,United States
6344,12024,Retail Opportunity Investments,"$1,610,000,000",,,United States
6345,12024,Smith Douglas Homes,"$1,610,000,000",,,United States
6346,12024,Stagwell,"$1,610,000,000",,,United States
6347,12024,Zai Lab,"$1,610,000,000",,,China
6348,12024,Dürr,"$1,610,000,000",,,Germany
6349,12024,ProSiebenSat.1 Media,"$1,610,000,000",,,Germany
6350,12024,Budget Saudi (United International Transportation Company),"$1,610,000,000",,,Saudi Arabia
6351,12024,Sohar International Bank,"$1,610,000,000",,,Oman
6352,12024,IIFL Finance,"$1,610,000,000",,,India
6353,12024,Srisawad Corporation,"$1,610,000,000",,,Thailand
6354,12024,Hansol Chemical,"$1,610,000,000",,,South Korea
6355,12024,Jindal Stainless (Hisar),"$1,610,000,000",,,India
6457,12024,First Majestic Silver,"$1,600,000,000",,,Canada
6458,12024,American Woodmark,"$1,600,000,000",,,United States
6459,12024,Aica Kogyo Company,"$1,600,000,000",,,Japan
6460,12024,Stabilus,"$1,600,000,000",,,Luxembourg
6461,12024,Hysan Development,"$1,600,000,000",,,Hong Kong
6462,12024,National Industries Group Holding,"$1,600,000,000",,,Kuwait
6463,12024,OPC Energy,"$1,600,000,000",,,Israel
6464,12024,OQ Gas Network Company,"$1,600,000,000",,,Oman
6465,12024,Bradespar,"$1,600,000,000",,,Brazil
6466,12024,Kahoot!,"$1,600,000,000",,,Norway
6467,12024,Xenia Hotels & Resorts,"$1,590,000,000",,,United States
6468,12024,Hollysys Automation Technologie,"$1,590,000,000",,,China
6469,12024,Lumen,"$1,590,000,000",,,United States
6470,12024,Sanlorenzo,"$1,590,000,000",,,Italy
6471,12024,AVI Limited,"$1,590,000,000",,,South Africa
6472,12024,Pets at Home,"$1,590,000,000",,,United Kingdom
6473,12024,Applus Services,"$1,590,000,000",,,Spain
6474,12024,Austevoll Seafood,"$1,590,000,000",,,Norway
6475,12024,BEML,"$1,590,000,000",,,India
6476,12024,Nongshim,"$1,590,000,000",,,South Korea
6477,12024,DCM Shriram,"$1,590,000,000",,,India
6478,12024,Iamgold,"$1,580,000,000",,,Canada
6479,12024,La-Z-Boy,"$1,580,000,000",,,United States
6480,12024,World Kinect,"$1,580,000,000",,,United States
6481,12024,Cipher Mining,"$1,580,000,000",,,United States
6482,12024,Taro Pharmaceutical,"$1,580,000,000",,,Israel
6483,12024,TTM Technologies,"$1,580,000,000",,,United States
6484,12024,Assura Plc,"$1,580,000,000",,,United Kingdom
6485,12024,AJ Bell,"$1,580,000,000",,,United Kingdom
6486,12024,Genesis Energy,"$1,580,000,000",,,New Zealand
6487,12024,Italmobiliare,"$1,580,000,000",,,Italy
6488,12024,Summerset Holdings,"$1,580,000,000",,,New Zealand
6489,12024,Alkhorayef Water and Power Technologies Company,"$1,580,000,000",,,Saudi Arabia
6490,12024,REN (Redes Energéticas Nacionais),"$1,580,000,000",,,Portugal
6491,12024,Al Salam Bank,"$1,580,000,000",,,Bahrain
6492,12024,Deutsche EuroShop,"$1,570,000,000",,,Germany
6493,12024,KSB ltd,"$1,570,000,000",,,India
6494,12024,Sappi,"$1,570,000,000",,,South Africa
6495,12024,Hang Lung Group,"$1,570,000,000",,,Hong Kong
6496,12024,Novocure,"$1,560,000,000",,,Jersey
6497,12024,Warby Parker,"$1,560,000,000",,,United States
6498,12024,BLS International,"$1,560,000,000",,,India
6499,12024,Alok Industries,"$1,560,000,000",,,India
6500,12024,Ready Capital,"$1,550,000,000",,,United States
6501,12024,Apollo Commercial Real Estate,"$1,550,000,000",,,United States
6502,12024,NV5 Global,"$1,550,000,000",,,United States
6503,12024,Kainos Group,"$1,550,000,000",,,United Kingdom
6504,12024,Asahi India Glass,"$1,550,000,000",,,India
6505,12024,City Holding Company,"$1,540,000,000",,,United States
6506,12024,eXp World Holdings,"$1,540,000,000",,,United States
6507,12024,NETSCOUT,"$1,540,000,000",,,United States
6508,12024,XPEL,"$1,540,000,000",,,United States
6509,12024,Bytes Technology,"$1,540,000,000",,,United Kingdom
6510,12024,Viohalco,"$1,540,000,000",,,Belgium
6511,12024,Saudi Chemical Holding Company,"$1,540,000,000",,,Saudi Arabia
6512,12024,Pacific Basin Shipping,"$1,540,000,000",,,Hong Kong
6513,12024,Banpu Public Company,"$1,540,000,000",,,Thailand
6514,12024,3R Petroleum,"$1,540,000,000",,,Brazil
6515,12024,ADMA Biologics,"$1,530,000,000",,,United States
6516,12024,Sandstorm Gold,"$1,530,000,000",,,Canada
6517,12024,Monex Group,"$1,530,000,000",,,Japan
6518,12024,Canfor,"$1,530,000,000",,,Canada
6519,12024,Northern Data AG,"$1,530,000,000",,,Germany
6520,12024,HBL Power Systems,"$1,530,000,000",,,India
6521,12024,Hamilton Insurance Group,"$1,520,000,000",,,Bermuda
6522,12024,GDS Holdings,"$1,520,000,000",,,China
6523,12024,Dorian LPG,"$1,520,000,000",,,United States
6524,12024,Avadel Pharmaceuticals,"$1,520,000,000",,,Ireland
6525,12024,Cohu,"$1,520,000,000",,,United States
6526,12024,Kontron AG,"$1,520,000,000",,,Austria
6527,12024,Nordic Semiconductor,"$1,520,000,000",,,Norway
6528,12024,Scandinavian Tobacco Group,"$1,520,000,000",,,Denmark
6529,12024,SM Entertainment,"$1,520,000,000",,,South Korea
6530,12024,MaxLinear,"$1,510,000,000",,,United States
6531,12024,Veris Residential,"$1,510,000,000",,,United States
6532,12024,Docebo,"$1,510,000,000",,,Canada
6533,12024,First National of Nebraska,"$1,510,000,000",,,United States
6534,12024,Harmonic,"$1,510,000,000",,,United States
6535,12024,Sterling Check,"$1,510,000,000",,,United States
6536,12024,VTEX,"$1,510,000,000",,,United Kingdom
6537,12024,Biotest,"$1,510,000,000",,,Germany
6538,12024,Al Seer Marine Supplies & Equipment Company,"$1,510,000,000",,,United Arab Emirates
6539,12024,Tamarack Valley Energy,"$1,510,000,000",,,Canada
6540,12024,Vtech,"$1,510,000,000",,,Hong Kong
6541,12024,LOTTE Corporation,"$1,510,000,000",,,South Korea
6542,12024,BGF Retail,"$1,510,000,000",,,South Korea
6543,12024,Ramkrishna Forgings,"$1,510,000,000",,,India
6659,12024,Global Partners LP,"$1,500,000,000",,,United States
6660,12024,AdaptHealth,"$1,500,000,000",,,United States
6661,12024,The Chefs' Warehouse,"$1,500,000,000",,,United States
6662,12024,Enterprise Financial Services Corp,"$1,500,000,000",,,United States
6663,12024,LeMaitre Vascular,"$1,500,000,000",,,United States
6664,12024,Lumi Rental Company,"$1,500,000,000",,,Saudi Arabia
6665,12024,Anima Holding,"$1,500,000,000",,,Italy
6666,12024,Rai Way,"$1,500,000,000",,,Italy
6667,12024,Financière Moncey Société anonyme,"$1,500,000,000",,,France
6668,12024,Fine Organics,"$1,500,000,000",,,India
6669,12024,Horace Mann Educators,"$1,490,000,000",,,United States
6670,12024,Integral Ad Science,"$1,490,000,000",,,United States
6671,12024,Bank of N. T. Butterfield & Son,"$1,490,000,000",,,Bermuda
6672,12024,Utz Brands,"$1,490,000,000",,,United States
6673,12024,Disc Medicine,"$1,490,000,000",,,United States
6674,12024,JBG SMITH,"$1,490,000,000",,,United States
6675,12024,Marten Transport,"$1,490,000,000",,,United States
6676,12024,Genus,"$1,490,000,000",,,United Kingdom
6677,12024,Veidekke,"$1,490,000,000",,,Norway
6678,12024,China Lesso Group,"$1,490,000,000",,,China
6679,12024,Fiskars,"$1,490,000,000",,,Finland
6680,12024,KCC Corp,"$1,490,000,000",,,South Korea
6681,12024,PROG Holdings,"$1,480,000,000",,,United States
6682,12024,CSG International,"$1,480,000,000",,,United States
6683,12024,Extreme Networks,"$1,480,000,000",,,United States
6684,12024,Heartland Financial USA,"$1,480,000,000",,,United States
6685,12024,NAPCO Security Technologies,"$1,480,000,000",,,United States
6686,12024,Skyward Specialty Insurance Group,"$1,480,000,000",,,United States
6687,12024,Southern Province Cement Company,"$1,480,000,000",,,Saudi Arabia
6688,12024,HBM Healthcare Investments,"$1,480,000,000",,,Switzerland
6689,12024,International Petroleum,"$1,480,000,000",,,Canada
6690,12024,InterRent Real Estate Investment Trust,"$1,480,000,000",,,Canada
6691,12024,Steelcase,"$1,470,000,000",,,United States
6692,12024,Archer Aviation,"$1,470,000,000",,,United States
6693,12024,Eve Air Mobility,"$1,470,000,000",,,United States
6694,12024,First Bancorp,"$1,470,000,000",,,United States
6695,12024,Dis-Chem Pharmacies,"$1,470,000,000",,,South Africa
6696,12024,Momentum Metropolitan,"$1,470,000,000",,,South Africa
6697,12024,Trisura Group,"$1,470,000,000",,,Canada
6698,12024,Amber Enterprises India,"$1,470,000,000",,,India
6699,12024,Arion banki,"$1,470,000,000",,,Iceland
6700,12024,Vaisala,"$1,470,000,000",,,Finland
6701,12024,ANI Pharmaceuticals,"$1,460,000,000",,,United States
6702,12024,Liberty Latin America,"$1,460,000,000",,,United States
6703,12024,Northwest Bank,"$1,460,000,000",,,United States
6704,12024,Victoria's Secret & Co,"$1,460,000,000",,,United States
6705,12024,Guaranty Trust Bank,"$1,460,000,000",,,Nigeria
6706,12024,Barco NV,"$1,460,000,000",,,Belgium
6707,12024,Cyfrowy Polsat,"$1,460,000,000",,,Poland
6708,12024,Norwegian Air Shuttle,"$1,460,000,000",,,Norway
6709,12024,Al Yah Satellite Communications Company,"$1,460,000,000",,,United Arab Emirates
6710,12024,Caleres,"$1,450,000,000",,,United States
6711,12024,V2X,"$1,450,000,000",,,United States
6712,12024,AvePoint,"$1,450,000,000",,,United States
6713,12024,First Watch Restaurant,"$1,450,000,000",,,United States
6714,12024,Immunome,"$1,450,000,000",,,United States
6715,12024,Magnite,"$1,450,000,000",,,United States
6716,12024,Revolve,"$1,450,000,000",,,United States
6717,12024,SPARC,"$1,450,000,000",,,India
6718,12024,sterling & wilson solar,"$1,450,000,000",,,India
6719,12024,CTS Corporation,"$1,440,000,000",,,United States
6720,12024,Getty Realty,"$1,440,000,000",,,United States
6721,12024,Rush Street Interactive,"$1,440,000,000",,,United States
6722,12024,Everbridge,"$1,440,000,000",,,United States
6723,12024,Green Plains,"$1,440,000,000",,,United States
6724,12024,Íslandsbanki,"$1,440,000,000",,,Iceland
6725,12024,Van Lanschot Kempen,"$1,440,000,000",,,Netherlands
6726,12024,Société Industrielle et Financière de l'Artois,"$1,440,000,000",,,France
6727,12024,Raymond,"$1,440,000,000",,,India
6728,12024,National Healthcare,"$1,430,000,000",,,United States
6729,12024,AtriCure,"$1,430,000,000",,,United States
6730,12024,LiveWire Group,"$1,430,000,000",,,United States
6731,12024,Safehold,"$1,430,000,000",,,United States
6732,12024,Ingles Markets,"$1,430,000,000",,,United States
6733,12024,Net One Systems,"$1,430,000,000",,,Japan
6734,12024,Cargojet,"$1,430,000,000",,,Canada
6735,12024,Redefine Properties,"$1,430,000,000",,,South Africa
6736,12024,TGS ASA,"$1,430,000,000",,,Norway
6737,12024,Basic-Fit,"$1,430,000,000",,,Netherlands
6738,12024,Kakao Games,"$1,430,000,000",,,South Korea
6739,12024,Kenon Holdings,"$1,420,000,000",,,Singapore
6740,12024,Cadre,"$1,420,000,000",,,United States
6741,12024,Salzgitter,"$1,420,000,000",,,Germany
6742,12024,Verbio,"$1,420,000,000",,,Germany
6743,12024,Corticeira Amorim,"$1,420,000,000",,,Portugal
6744,12024,Indian Energy Exchange,"$1,420,000,000",,,India
6745,12024,StorageVault Canada,"$1,420,000,000",,,Canada
6746,12024,Graphite India,"$1,420,000,000",,,India
6747,12024,First Commonwealth Financial Corp,"$1,410,000,000",,,United States
6748,12024,Helios Technologies,"$1,410,000,000",,,United States
6749,12024,Kaiser Aluminum,"$1,410,000,000",,,United States
6750,12024,Kiniksa Pharmaceuticals,"$1,410,000,000",,,Bermuda
6751,12024,Tokai Carbon,"$1,410,000,000",,,Japan
6752,12024,Wilh. Wilhelmsen Holding,"$1,410,000,000",,,Norway
6753,12024,GasLog,"$1,410,000,000",,,Greece
6754,12024,Arezzo Indústria e Comércio,"$1,410,000,000",,,Brazil
6868,12024,Knowles,"$1,400,000,000",,,United States
6869,12024,Danaos,"$1,400,000,000",,,Greece
6870,12024,LTC Properties,"$1,400,000,000",,,United States
6871,12024,Monarch Casino & Resort,"$1,400,000,000",,,United States
6872,12024,UNITI,"$1,400,000,000",,,United States
6873,12024,Victrex,"$1,400,000,000",,,United Kingdom
6874,12024,AF Gruppen,"$1,400,000,000",,,Norway
6875,12024,RSA Insurance Group,"$1,400,000,000",,,United Kingdom
6876,12024,Qassim Cement Company,"$1,400,000,000",,,Saudi Arabia
6877,12024,OC Oerlikon,"$1,400,000,000",,,Switzerland
6878,12024,Iguatemi,"$1,400,000,000",,,Brazil
6879,12024,Allegiant Air,"$1,390,000,000",,,United States
6880,12024,MeridianLink,"$1,390,000,000",,,United States
6881,12024,Opera,"$1,390,000,000",,,Norway
6882,12024,Befesa,"$1,390,000,000",,,Luxembourg
6883,12024,Shikun & Binui,"$1,390,000,000",,,Israel
6884,12024,Is Yatirim Menkul Degerler Anonim Sirketi,"$1,390,000,000",,,Turkey
6885,12024,Pearl Abyss,"$1,390,000,000",,,South Korea
6886,12024,NW Natural,"$1,380,000,000",,,United States
6887,12024,Custom Truck One Source,"$1,380,000,000",,,United States
6888,12024,Establishment Labs,"$1,380,000,000",,,Costa Rica
6889,12024,Ladder Capital,"$1,380,000,000",,,United States
6890,12024,NextDecade Corp,"$1,380,000,000",,,United States
6891,12024,Ocular Therapeutix,"$1,380,000,000",,,United States
6892,12024,Stock Yards Bancorp,"$1,380,000,000",,,United States
6893,12024,Dundee Precious Metals,"$1,380,000,000",,,Canada
6894,12024,The North West Company,"$1,380,000,000",,,Canada
6895,12024,Solaria Energía,"$1,380,000,000",,,Spain
6896,12024,Perfect Presentation for Commercial Services CompanyPerfect Presentation for Commercial Services,"$1,380,000,000",,,Saudi Arabia
6897,12024,BlueNord ASA,"$1,380,000,000",,,Norway
6898,12024,Fagron,"$1,380,000,000",,,Belgium
6899,12024,eClerx Services,"$1,380,000,000",,,India
6900,12024,Gulf Navigation Holding,"$1,380,000,000",,,United Arab Emirates
6901,12024,Humansoft Holding Company,"$1,380,000,000",,,Kuwait
6902,12024,Diamond Offshore Drilling,"$1,370,000,000",,,United States
6903,12024,Coeur Mining,"$1,370,000,000",,,United States
6904,12024,Kronos Worldwide,"$1,370,000,000",,,United States
6905,12024,Phreesia,"$1,370,000,000",,,United States
6906,12024,SMART Global Holdings,"$1,370,000,000",,,United States
6907,12024,Agiliti,"$1,370,000,000",,,United States
6908,12024,Century Aluminum,"$1,370,000,000",,,United States
6909,12024,Day One Biopharmaceuticals,"$1,370,000,000",,,United States
6910,12024,Hope Bancorp,"$1,370,000,000",,,United States
6911,12024,Jack in the Box,"$1,370,000,000",,,United States
6912,12024,Xencor,"$1,370,000,000",,,United States
6913,12024,Hamburger Hafen,"$1,370,000,000",,,Germany
6914,12024,Sihanoukville Autonomous Port,"$1,370,000,000",,,Cambodia
6915,12024,Al Masane Al Kobra Mining Company,"$1,370,000,000",,,Saudi Arabia
6916,12024,Gulf International Services,"$1,370,000,000",,,Qatar
6917,12024,Intercos,"$1,370,000,000",,,Italy
6918,12024,Unipar Carbocloro,"$1,370,000,000",,,Brazil
6919,12024,Advantage Solutions,"$1,360,000,000",,,United States
6920,12024,Orion Engineered Carbons,"$1,360,000,000",,,United States
6921,12024,Two Harbors Investment,"$1,360,000,000",,,United States
6922,12024,Vir Biotechnology,"$1,360,000,000",,,United States
6923,12024,Kforce,"$1,360,000,000",,,United States
6924,12024,Wüstenrot & Württembergische,"$1,360,000,000",,,Germany
6925,12024,Labrador Iron Ore Royalty Corp.,"$1,360,000,000",,,Canada
6926,12024,Beijing Airport,"$1,360,000,000",,,China
6927,12024,Betsson AB,"$1,360,000,000",,,Sweden
6928,12024,Boursa Kuwait Securities Company,"$1,360,000,000",,,Kuwait
6929,12024,Ingersoll Rand India,"$1,360,000,000",,,India
6930,12024,WisdomTree,"$1,350,000,000",,,United States
6931,12024,The Vita Coco Company,"$1,350,000,000",,,United States
6932,12024,Enovix,"$1,350,000,000",,,United States
6933,12024,Flex Lng,"$1,350,000,000",,,Bermuda
6934,12024,National Bank Holdings,"$1,350,000,000",,,United States
6935,12024,Pacira Biosciences,"$1,350,000,000",,,United States
6936,12024,Prothena,"$1,350,000,000",,,Ireland
6937,12024,Lenzing,"$1,350,000,000",,,Austria
6938,12024,Top Glove,"$1,350,000,000",,,Malaysia
6939,12024,AmRest,"$1,350,000,000",,,Spain
6940,12024,NCC,"$1,350,000,000",,,Sweden
6941,12024,Tejas Networks,"$1,350,000,000",,,India
6942,12024,Genesis Energy L.P.,"$1,340,000,000",,,United States
6943,12024,OneSpaWorld,"$1,340,000,000",,,Bahamas
6944,12024,Dorchester Minerals,"$1,340,000,000",,,United States
6945,12024,Ironwood Pharmaceuticals,"$1,340,000,000",,,United States
6946,12024,Omnicell,"$1,340,000,000",,,United States
6947,12024,Headwater Exploration,"$1,340,000,000",,,Canada
6948,12024,Atea ASA,"$1,340,000,000",,,Norway
6949,12024,Engineers India,"$1,340,000,000",,,India
6950,12024,Happiest Minds Technologies,"$1,340,000,000",,,India
6951,12024,POINT Biopharma,"$1,330,000,000",,,United States
6952,12024,Aspen Aerogels,"$1,330,000,000",,,United States
6953,12024,E2open,"$1,330,000,000",,,United States
6954,12024,Kura Sushi USA,"$1,330,000,000",,,United States
6955,12024,Netstreit,"$1,330,000,000",,,United States
6956,12024,Playa Hotels & Resorts,"$1,330,000,000",,,United States
6957,12024,Sigma Lithium,"$1,330,000,000",,,Canada
6958,12024,Verona Pharma,"$1,330,000,000",,,United Kingdom
6959,12024,Tauron Polska,"$1,330,000,000",,,Poland
6960,12024,Gimv NV,"$1,330,000,000",,,Belgium
6961,12024,SpareBank 1,"$1,330,000,000",,,Norway
6962,12024,OdontoPrev,"$1,330,000,000",,,Brazil
6963,12024,Reliance Power,"$1,330,000,000",,,India
6964,12024,Wabash National,"$1,320,000,000",,,United States
6965,12024,Costamare,"$1,320,000,000",,,Monaco
6966,12024,Wacker Neuson,"$1,320,000,000",,,Germany
6967,12024,Nakanishi,"$1,320,000,000",,,Japan
6968,12024,Andlauer Healthcare Group,"$1,320,000,000",,,Canada
6969,12024,Metrovacesa,"$1,320,000,000",,,Spain
6970,12024,Saudi Automotive Services Company,"$1,320,000,000",,,Saudi Arabia
6971,12024,Aamal Company,"$1,320,000,000",,,Qatar
6972,12024,Alony Hetz,"$1,320,000,000",,,Israel
6973,12024,Gujarat Mineral Development,"$1,320,000,000",,,India
6974,12024,Electrosteel Castings,"$1,320,000,000",,,India
6975,12024,MediaAlpha,"$1,310,000,000",,,United States
6976,12024,Perella Weinberg Partners,"$1,310,000,000",,,United States
6977,12024,AbCellera,"$1,310,000,000",,,Canada
6978,12024,ProFrac,"$1,310,000,000",,,United States
6979,12024,Amplitude,"$1,310,000,000",,,United States
6980,12024,First Busey,"$1,310,000,000",,,United States
6981,12024,Sparkassen Immobilien,"$1,310,000,000",,,Austria
6982,12024,Asseco,"$1,310,000,000",,,Poland
6983,12024,TANLA,"$1,310,000,000",,,India
6984,12024,Nokian Tyres,"$1,310,000,000",,,Finland
7111,12024,Lindsay Corporation,"$1,300,000,000",,,United States
7112,12024,Marcus & Millichap,"$1,300,000,000",,,United States
7113,12024,ANGI Homeservices,"$1,300,000,000",,,United States
7114,12024,Apogee Enterprises,"$1,300,000,000",,,United States
7115,12024,Claros Mortgage Trust,"$1,300,000,000",,,United States
7116,12024,Collegium Pharmaceutical,"$1,300,000,000",,,United States
7117,12024,G-III Apparel Group,"$1,300,000,000",,,United States
7118,12024,Taboola.com,"$1,300,000,000",,,United States
7119,12024,Westamerica Bancorporation,"$1,300,000,000",,,United States
7120,12024,Spirent,"$1,300,000,000",,,United Kingdom
7121,12024,Intershop Holding,"$1,300,000,000",,,Switzerland
7122,12024,Life Healthcare Group,"$1,300,000,000",,,South Africa
7123,12024,Lectra SA,"$1,300,000,000",,,France
7124,12024,Polymetal,"$1,300,000,000",,,Cyprus
7125,12024,Badger Infrastructure Solutions,"$1,300,000,000",,,Canada
7126,12024,Aksa Energy,"$1,300,000,000",,,Turkey
7127,12024,CEAT,"$1,300,000,000",,,India
7128,12024,Diebold Nixdorf,"$1,290,000,000",,,United States
7129,12024,Suburban Propane Partners,"$1,290,000,000",,,United States
7130,12024,Ecovyst,"$1,290,000,000",,,United States
7131,12024,Kaman,"$1,290,000,000",,,United States
7132,12024,Stellar Bancorp,"$1,290,000,000",,,United States
7133,12024,Tarsus Pharmaceuticals,"$1,290,000,000",,,United States
7134,12024,Retal Urban Development Company,"$1,290,000,000",,,Saudi Arabia
7135,12024,Bombay Burmah,"$1,290,000,000",,,India
7136,12024,Caverion,"$1,290,000,000",,,Finland
7137,12024,Quanex Building Products,"$1,280,000,000",,,United States
7138,12024,IHS Towers,"$1,280,000,000",,,United Kingdom
7139,12024,Navios Maritime Partners,"$1,280,000,000",,,Monaco
7140,12024,Pathward Financial,"$1,280,000,000",,,United States
7141,12024,PDF Solutions,"$1,280,000,000",,,United States
7142,12024,United Gulf Holding Company,"$1,280,000,000",,,Bahrain
7143,12024,Corbion,"$1,280,000,000",,,Netherlands
7144,12024,Pakuwon Jati Tbk,"$1,280,000,000",,,Indonesia
7145,12024,Vetoquinol,"$1,280,000,000",,,France
7146,12024,Hektaş,"$1,280,000,000",,,Turkey
7147,12024,Saul Centers,"$1,270,000,000",,,United States
7148,12024,Jinko Solar,"$1,270,000,000",,,China
7149,12024,Sally Beauty Holdings,"$1,270,000,000",,,United States
7150,12024,Columbus McKinnon,"$1,270,000,000",,,United States
7151,12024,Ichor Systems,"$1,270,000,000",,,United States
7152,12024,Infinera,"$1,270,000,000",,,United States
7153,12024,Formula Systems,"$1,270,000,000",,,Israel
7154,12024,Hornbach Holding,"$1,270,000,000",,,Germany
7155,12024,MDA Ltd.,"$1,270,000,000",,,Canada
7156,12024,Polenergia,"$1,270,000,000",,,Poland
7157,12024,Doha Bank,"$1,270,000,000",,,Qatar
7158,12024,D/S Norden (Dampskibsselskabet Norden),"$1,270,000,000",,,Denmark
7159,12024,BMV (Bolsa Mexicana de Valores),"$1,270,000,000",,,Mexico
7160,12024,Anant Raj,"$1,270,000,000",,,India
7161,12024,Nicolet Bankshares,"$1,260,000,000",,,United States
7162,12024,PAR Technology,"$1,260,000,000",,,United States
7163,12024,Silence Therapeutics,"$1,260,000,000",,,United Kingdom
7164,12024,Universal Corporation,"$1,260,000,000",,,United States
7165,12024,Zuora,"$1,260,000,000",,,United States
7166,12024,Corsair Gaming,"$1,260,000,000",,,United States
7167,12024,Leslie's,"$1,260,000,000",,,United States
7168,12024,Ligand Pharmaceuticals,"$1,260,000,000",,,United States
7169,12024,Pharvaris,"$1,260,000,000",,,Netherlands
7170,12024,1st Source,"$1,260,000,000",,,United States
7171,12024,VSE Corporation,"$1,260,000,000",,,United States
7172,12024,Keywords Studios,"$1,260,000,000",,,Ireland
7173,12024,Mixi,"$1,260,000,000",,,Japan
7174,12024,Semapa,"$1,260,000,000",,,Portugal
7175,12024,Yanbu Cement Company,"$1,260,000,000",,,Saudi Arabia
7176,12024,Com7 Public Company,"$1,260,000,000",,,Thailand
7177,12024,Dexco,"$1,260,000,000",,,Brazil
7178,12024,Reliance Infrastructure,"$1,260,000,000",,,India
7179,12024,PennyMac Mortgage Investment Trust,"$1,250,000,000",,,United States
7180,12024,Couchbase,"$1,250,000,000",,,United States
7181,12024,Centerra Gold,"$1,250,000,000",,,Canada
7182,12024,Canadian Solar,"$1,250,000,000",,,Canada
7183,12024,MannKind Corp,"$1,250,000,000",,,United States
7184,12024,John Wood Group,"$1,250,000,000",,,United Kingdom
7185,12024,Winmark,"$1,250,000,000",,,United States
7186,12024,Boss Energy,"$1,250,000,000",,,Australia
7187,12024,Elkem,"$1,250,000,000",,,Norway
7188,12024,Hongkong and Shanghai Hotels,"$1,250,000,000",,,Hong Kong
7189,12024,Enghouse Systems,"$1,250,000,000",,,Canada
7190,12024,Investcorp Capital,"$1,250,000,000",,,United Arab Emirates
7191,12024,Aavas Financiers,"$1,250,000,000",,,India
7192,12024,Granules India,"$1,250,000,000",,,India
7193,12024,Bajaj Electricals,"$1,250,000,000",,,India
7194,12024,Brookdale Senior Living,"$1,240,000,000",,,United States
7195,12024,Construcciones y Auxiliar de Ferrocarriles,"$1,240,000,000",,,Spain
7196,12024,Kinepolis Group,"$1,240,000,000",,,Belgium
7197,12024,Sildarvinnslan,"$1,240,000,000",,,Iceland
7198,12024,Bank Dhofar,"$1,240,000,000",,,Oman
7199,12024,CAMGSM Plc. (Cellcard),"$1,240,000,000",,,Cambodia
7200,12024,YOOZOO Interactive,"$1,240,000,000",,,China
7201,12024,Aether Industries,"$1,240,000,000",,,India
7202,12024,Agthia Group,"$1,240,000,000",,,United Arab Emirates
7203,12024,KFin Technologies,"$1,240,000,000",,,India
7204,12024,Union Coop,"$1,240,000,000",,,United Arab Emirates
7205,12024,Warba Bank,"$1,240,000,000",,,Kuwait
7206,12024,Amara Raja Batteries,"$1,240,000,000",,,India
7207,12024,Fresh Del Monte Produce,"$1,230,000,000",,,Cayman Islands
7208,12024,Cosmo Pharmaceuticals,"$1,230,000,000",,,Ireland
7209,12024,Helios Towers,"$1,230,000,000",,,United Kingdom
7210,12024,First Milling Company,"$1,230,000,000",,,Saudi Arabia
7211,12024,Bank Islam Malaysia,"$1,230,000,000",,,Malaysia
7212,12024,Dana Gas,"$1,230,000,000",,,United Arab Emirates
7213,12024,Arlo Technologies,"$1,220,000,000",,,United States
7214,12024,Deciphera Pharmaceuticals,"$1,220,000,000",,,United States
7215,12024,Vivid Seats,"$1,220,000,000",,,United States
7216,12024,Great Portland Estates,"$1,220,000,000",,,United Kingdom
7217,12024,flatexDEGIRO AG,"$1,220,000,000",,,Germany
7218,12024,HelloFresh,"$1,220,000,000",,,Germany
7219,12024,Precinct Properties,"$1,220,000,000",,,New Zealand
7220,12024,Hawaiian Electric Industries,"$1,210,000,000",,,United States
7221,12024,Camping World,"$1,210,000,000",,,United States
7222,12024,Blue Bird Corporation,"$1,210,000,000",,,United States
7223,12024,Elme Communities,"$1,210,000,000",,,United States
7224,12024,Nikola,"$1,210,000,000",,,United States
7225,12024,S&T Bancorp,"$1,210,000,000",,,United States
7226,12024,TriCo Bancshares,"$1,210,000,000",,,United States
7227,12024,Air New Zealand,"$1,210,000,000",,,New Zealand
7228,12024,Toagosei,"$1,210,000,000",,,Japan
7229,12024,Daiseki,"$1,210,000,000",,,Japan
7230,12024,Innergex Renewable Energy,"$1,210,000,000",,,Canada
7231,12024,Sheela Foam,"$1,210,000,000",,,India
7232,12024,SPIMACO (Saudi Pharmaceutical Industries and Medical Appliances Corporation),"$1,210,000,000",,,Saudi Arabia
7233,12024,Eurocommercial Properties,"$1,210,000,000",,,Netherlands
7380,12024,Mechel PAO,"$1,200,000,000",,,Russia
7381,12024,ZIM Integrated Shipping Services,"$1,200,000,000",,,Israel
7382,12024,Olaplex,"$1,200,000,000",,,United States
7383,12024,Safety Insurance,"$1,200,000,000",,,United States
7384,12024,Scholar Rock Holding,"$1,200,000,000",,,United States
7385,12024,Grenke,"$1,200,000,000",,,Germany
7386,12024,PeptiDream,"$1,200,000,000",,,Japan
7387,12024,Bénéteau,"$1,200,000,000",,,France
7388,12024,City Union Bank,"$1,200,000,000",,,India
7389,12024,Champion REIT,"$1,200,000,000",,,Hong Kong
7390,12024,DOF Group,"$1,200,000,000",,,Norway
7391,12024,PCBL Limited,"$1,200,000,000",,,India
7392,12024,Altice USA,"$1,190,000,000",,,United States
7393,12024,ams AG,"$1,190,000,000",,,Austria
7394,12024,MMTC,"$1,190,000,000",,,India
7395,12024,Hangzhou Shunwang Technology,"$1,190,000,000",,,China
7396,12024,Indiabulls Housing Finance,"$1,190,000,000",,,India
7397,12024,Alexander & Baldwin,"$1,180,000,000",,,United States
7398,12024,Ameresco,"$1,180,000,000",,,United States
7399,12024,Belite Bio,"$1,180,000,000",,,United States
7400,12024,Genius Sports,"$1,180,000,000",,,United Kingdom
7401,12024,Mirum Pharmaceuticals,"$1,180,000,000",,,United States
7402,12024,Lisi S.A.,"$1,180,000,000",,,France
7403,12024,Sparebanken Vest,"$1,180,000,000",,,Norway
7404,12024,Esker,"$1,180,000,000",,,France
7405,12024,Sanoma,"$1,180,000,000",,,Finland
7406,12024,Praj Industries,"$1,180,000,000",,,India
7407,12024,Aimco,"$1,170,000,000",,,United States
7408,12024,Central Securities,"$1,170,000,000",,,United States
7409,12024,Easterly Government Properties,"$1,170,000,000",,,United States
7410,12024,Momo,"$1,170,000,000",,,China
7411,12024,Orla Mining,"$1,170,000,000",,,Canada
7412,12024,Jungfraubahn Holding AG,"$1,170,000,000",,,Switzerland
7413,12024,Magellan Financial Group,"$1,170,000,000",,,Australia
7414,12024,Westshore Terminals Investment,"$1,170,000,000",,,Canada
7415,12024,Arriyadh Development Company,"$1,170,000,000",,,Saudi Arabia
7416,12024,Voltamp Transformers,"$1,170,000,000",,,India
7417,12024,Seabridge Gold,"$1,160,000,000",,,Canada
7418,12024,Montrose Environmental,"$1,160,000,000",,,United States
7419,12024,Adeia,"$1,160,000,000",,,United States
7420,12024,Adecoagro,"$1,160,000,000",,,Luxembourg
7421,12024,Oxford Lane Capital,"$1,160,000,000",,,United States
7422,12024,Perdoceo Education,"$1,160,000,000",,,United States
7423,12024,PubMatic,"$1,160,000,000",,,United States
7424,12024,Soho House & Co,"$1,160,000,000",,,United States
7425,12024,MIRAIT ONE Corporation,"$1,160,000,000",,,Japan
7426,12024,Europris,"$1,160,000,000",,,Norway
7427,12024,GFH Financial Group,"$1,160,000,000",,,Bahrain
7428,12024,Formosa Taffeta,"$1,160,000,000",,,Taiwan
7429,12024,Future Care Trading Company,"$1,160,000,000",,,Saudi Arabia
7430,12024,Siam City Cement (INSEE),"$1,160,000,000",,,Thailand
7431,12024,Alfen,"$1,160,000,000",,,Netherlands
7432,12024,East India Distilleries Parry,"$1,160,000,000",,,India
7433,12024,MapmyIndia,"$1,160,000,000",,,India
7434,12024,Kennedy Wilson,"$1,150,000,000",,,United States
7435,12024,HCI Group,"$1,150,000,000",,,United States
7436,12024,Koppers,"$1,150,000,000",,,United States
7437,12024,New Gold,"$1,150,000,000",,,Canada
7438,12024,Calumet Specialty Products Partners,"$1,150,000,000",,,United States
7439,12024,Digi International,"$1,150,000,000",,,United States
7440,12024,Trupanion,"$1,150,000,000",,,United States
7441,12024,Pigeon,"$1,150,000,000",,,Japan
7442,12024,Al Moammar Information Systems,"$1,150,000,000",,,Saudi Arabia
7443,12024,Altri,"$1,150,000,000",,,Portugal
7444,12024,Godawari Power & Ispat,"$1,150,000,000",,,India
7445,12024,Grendene,"$1,150,000,000",,,Brazil
7446,12024,Shinsegae,"$1,150,000,000",,,South Korea
7447,12024,Infibeam Avenues,"$1,150,000,000",,,India
7448,12024,AMC Entertainment,"$1,140,000,000",,,United States
7449,12024,MFA Financial,"$1,140,000,000",,,United States
7450,12024,Immatics,"$1,140,000,000",,,Germany
7451,12024,Lemonade,"$1,140,000,000",,,United States
7452,12024,Liquidia Technologies,"$1,140,000,000",,,United States
7453,12024,Sage Therapeutics,"$1,140,000,000",,,United States
7454,12024,IntegraFin,"$1,140,000,000",,,United Kingdom
7455,12024,THG (The Hut Group),"$1,140,000,000",,,United Kingdom
7456,12024,Advantage Energy,"$1,140,000,000",,,Canada
7457,12024,Cymbria,"$1,140,000,000",,,Canada
7458,12024,Tabcorp,"$1,140,000,000",,,Australia
7459,12024,EHang Holdings,"$1,130,000,000",,,China
7460,12024,Employers Holdings,"$1,130,000,000",,,United States
7461,12024,RPT Realty,"$1,130,000,000",,,United States
7462,12024,Yatsen Holding,"$1,130,000,000",,,China
7463,12024,Canada Goose,"$1,130,000,000",,,Canada
7464,12024,ChipMOS Technologies,"$1,130,000,000",,,Taiwan
7465,12024,NerdWallet,"$1,130,000,000",,,United States
7466,12024,Nagarro,"$1,130,000,000",,,Germany
7467,12024,Samyang Foods,"$1,130,000,000",,,South Korea
7468,12024,Force Motors,"$1,130,000,000",,,India
7469,12024,ZipRecruiter,"$1,120,000,000",,,United States
7470,12024,Cars.com,"$1,120,000,000",,,United States
7471,12024,Dole PLC,"$1,120,000,000",,,Ireland
7472,12024,indie Semiconductor,"$1,120,000,000",,,United States
7473,12024,Veritex Holdings,"$1,120,000,000",,,United States
7474,12024,Gold Road Resources,"$1,120,000,000",,,Australia
7475,12024,GVS S.p.A.,"$1,120,000,000",,,Italy
7476,12024,Piaggio,"$1,120,000,000",,,Italy
7477,12024,National Bank of Oman,"$1,120,000,000",,,Oman
7478,12024,Zydus Wellness,"$1,120,000,000",,,India
7479,12024,Ryerson,"$1,110,000,000",,,United States
7480,12024,Service Properties Trust,"$1,110,000,000",,,United States
7481,12024,Triumph Group,"$1,110,000,000",,,United States
7482,12024,Gogo Inflight Internet,"$1,110,000,000",,,United States
7483,12024,MiMedx Group,"$1,110,000,000",,,United States
7484,12024,PNE AG,"$1,110,000,000",,,Germany
7620,12024,Hyster-Yale Materials Handling,"$1,100,000,000",,,United States
7621,12024,Target Hospitality,"$1,100,000,000",,,United States
7622,12024,Bluelinx,"$1,100,000,000",,,United States
7623,12024,Fortuna Silver Mines,"$1,100,000,000",,,Canada
7624,12024,Arcutis Biotherapeutics,"$1,100,000,000",,,United States
7625,12024,ScanSource,"$1,100,000,000",,,United States
7626,12024,Verve Therapeutics,"$1,100,000,000",,,United States
7627,12024,secunet,"$1,100,000,000",,,Germany
7628,12024,DeNA,"$1,100,000,000",,,Japan
7629,12024,Maytronics,"$1,100,000,000",,,Israel
7630,12024,United Development Company,"$1,100,000,000",,,Qatar
7631,12024,Craftsman Automation,"$1,100,000,000",,,India
7632,12024,Network18,"$1,100,000,000",,,India
7633,12024,Ivanhoe Electric,"$1,090,000,000",,,Canada
7634,12024,Chimera Investment Corporation,"$1,090,000,000",,,United States
7635,12024,Lithium Americas,"$1,090,000,000",,,Canada
7636,12024,UMH Properties,"$1,090,000,000",,,United States
7637,12024,Scholastic,"$1,090,000,000",,,United States
7638,12024,Viridian Therapeutics,"$1,090,000,000",,,United States
7639,12024,Sakata Seed,"$1,090,000,000",,,Japan
7640,12024,Ferretti,"$1,090,000,000",,,Italy
7641,12024,East Pipes Integrated Company for Industry,"$1,090,000,000",,,Saudi Arabia
7642,12024,Al-Saif Stores for Development & Investment,"$1,090,000,000",,,Saudi Arabia
7643,12024,Zad Holding Company,"$1,090,000,000",,,Qatar
7644,12024,SD BioSensor,"$1,090,000,000",,,South Korea
7645,12024,Benchmark Electronics,"$1,080,000,000",,,United States
7646,12024,Provident Financial Services,"$1,080,000,000",,,United States
7647,12024,TriMas,"$1,080,000,000",,,United States
7648,12024,Centessa Pharmaceuticals,"$1,080,000,000",,,United Kingdom
7649,12024,Encore Capital Group,"$1,080,000,000",,,United States
7650,12024,Franklin BSP Realty Trust,"$1,080,000,000",,,United States
7651,12024,Paramount Group,"$1,080,000,000",,,United States
7652,12024,REGENXBIO,"$1,080,000,000",,,United States
7653,12024,Select Energy Services,"$1,080,000,000",,,United States
7654,12024,AUTO1,"$1,080,000,000",,,Germany
7655,12024,CropEnergies,"$1,080,000,000",,,Germany
7656,12024,Glory Ltd.,"$1,080,000,000",,,Japan
7657,12024,Bystronic AG,"$1,080,000,000",,,Switzerland
7658,12024,K92 Mining,"$1,080,000,000",,,Canada
7659,12024,HPH Trust (Hutchison Port),"$1,080,000,000",,,Singapore
7660,12024,Jubilant Pharmova,"$1,080,000,000",,,India
7661,12024,BrightView,"$1,070,000,000",,,United States
7662,12024,Banco Latinoamericano de Comercio Exterior,"$1,070,000,000",,,Panama
7663,12024,Thermon Group,"$1,070,000,000",,,United States
7664,12024,Model N,"$1,070,000,000",,,United States
7665,12024,REV Group,"$1,070,000,000",,,United States
7666,12024,Relay Therapeutics,"$1,070,000,000",,,United States
7667,12024,Zentalis Pharmaceuticals,"$1,070,000,000",,,United States
7668,12024,Bank ABC (Arab Banking Corporation),"$1,070,000,000",,,Bahrain
7669,12024,Energiekontor,"$1,070,000,000",,,Germany
7670,12024,Jastrzebska Spólka Weglowa,"$1,070,000,000",,,Poland
7671,12024,Wesdome Gold Mines,"$1,070,000,000",,,Canada
7672,12024,Brim hf.,"$1,070,000,000",,,Iceland
7673,12024,Cera Sanitaryware,"$1,070,000,000",,,India
7674,12024,PolyPeptide Group,"$1,070,000,000",,,Switzerland
7675,12024,ChemoMetec,"$1,070,000,000",,,Denmark
7676,12024,cBrain,"$1,070,000,000",,,Denmark
7677,12024,GigaCloud Technology,"$1,060,000,000",,,China
7678,12024,Perimeter Solutions,"$1,060,000,000",,,United States
7679,12024,BioCryst Pharmaceuticals,"$1,060,000,000",,,United States
7680,12024,Perion Network,"$1,060,000,000",,,Israel
7681,12024,Repay Holdings,"$1,060,000,000",,,United States
7682,12024,tuya,"$1,060,000,000",,,China
7683,12024,Telia Lietuva,"$1,060,000,000",,,Lithuania
7684,12024,Dalata Hotel Group,"$1,060,000,000",,,Ireland
7685,12024,Faes Farma,"$1,060,000,000",,,Spain
7686,12024,National Bank of Umm Al Qaiwain,"$1,060,000,000",,,United Arab Emirates
7687,12024,Nexus AG,"$1,060,000,000",,,Germany
7688,12024,Scatec ASA,"$1,060,000,000",,,Norway
7689,12024,Espressif Systems (Shanghai),"$1,060,000,000",,,China
7690,12024,MRC Global,"$1,050,000,000",,,United States
7691,12024,89bio,"$1,050,000,000",,,United States
7692,12024,Preferred Bank,"$1,050,000,000",,,United States
7693,12024,TDCX,"$1,050,000,000",,,Singapore
7694,12024,AMAG Austria Metall,"$1,050,000,000",,,Austria
7695,12024,Cancom,"$1,050,000,000",,,Germany
7696,12024,Sumitomo Pharma,"$1,050,000,000",,,Japan
7697,12024,Ali Al-Ghanim Sons Automotive Company,"$1,050,000,000",,,Kuwait
7698,12024,Birchcliff Energy,"$1,050,000,000",,,Canada
7699,12024,Manitou Group,"$1,050,000,000",,,France
7700,12024,Kossan Rubber Industries,"$1,050,000,000",,,Malaysia
7701,12024,Boubyan Petrochemical Company,"$1,050,000,000",,,Kuwait
7702,12024,Diagnosticos da America,"$1,050,000,000",,,Brazil
7703,12024,HiteJinro,"$1,050,000,000",,,South Korea
7704,12024,Tianyu Digital Technology (Dalian),"$1,050,000,000",,,China
7705,12024,Safari Industries India,"$1,050,000,000",,,India
7706,12024,Truecaller,"$1,050,000,000",,,Sweden
7707,12024,Mahindra Lifespaces,"$1,050,000,000",,,India
7708,12024,Sedlmayr Grund und Immobilien AG,"$1,040,000,000",,,Germany
7709,12024,Great Eagle,"$1,040,000,000",,,Hong Kong
7710,12024,Super Hi International,"$1,040,000,000",,,Singapore
7711,12024,Gorman-Rupp,"$1,030,000,000",,,United States
7712,12024,Cronos Group,"$1,030,000,000",,,Canada
7713,12024,EyePoint Pharmaceuticals,"$1,030,000,000",,,United States
7714,12024,Golden Entertainment,"$1,030,000,000",,,United States
7715,12024,Huya,"$1,030,000,000",,,China
7716,12024,Loma Negra,"$1,030,000,000",,,Argentina
7717,12024,Peoples Bancorp,"$1,030,000,000",,,United States
7718,12024,Digital Garage,"$1,030,000,000",,,Japan
7719,12024,ACLEDA Bank,"$1,030,000,000",,,Cambodia
7720,12024,Compañía de Acero del Pacífico,"$1,030,000,000",,,Chile
7721,12024,Terveystalo,"$1,030,000,000",,,Finland
7722,12024,Shriram Pistons & Rings,"$1,030,000,000",,,India
7723,12024,SP Plus Corporation,"$1,020,000,000",,,United States
7724,12024,Standard BioTools,"$1,020,000,000",,,United States
7725,12024,PRA Group,"$1,020,000,000",,,United States
7726,12024,Sandy Spring Bank,"$1,020,000,000",,,United States
7727,12024,BayWa,"$1,020,000,000",,,Germany
7728,12024,Oakley Capital Investments,"$1,020,000,000",,,Bermuda
7729,12024,Pilot Corporation,"$1,020,000,000",,,Japan
7730,12024,Foran Mining,"$1,020,000,000",,,Canada
7731,12024,Retail Estates NV,"$1,020,000,000",,,Belgium
7732,12024,TomTom,"$1,020,000,000",,,Netherlands
7733,12024,Ottogi,"$1,020,000,000",,,South Korea
7734,12024,Kalpataru Power Transmission,"$1,020,000,000",,,India
7735,12024,MAG Silver,"$1,010,000,000",,,Canada
7736,12024,A10 Networks,"$1,010,000,000",,,United States
7737,12024,Bain Capital,"$1,010,000,000",,,United States
7738,12024,CRA International,"$1,010,000,000",,,United States
7739,12024,Plymouth Industrial REIT,"$1,010,000,000",,,United States
7740,12024,TaskUs,"$1,010,000,000",,,United States
7741,12024,X-FAB,"$1,010,000,000",,,Belgium
7742,12024,Syrma SGS Technology,"$1,010,000,000",,,India
7846,12024,Bluegreen Vacations,"$1,000,000,000",,,United States
7847,12024,Beazer Homes USA,"$1,000,000,000",,,United States
7848,12024,edenor,"$1,000,000,000",,,Argentina
7849,12024,Cricut,"$1,000,000,000",,,United States
7850,12024,German American Bancorp,"$1,000,000,000",,,United States
7851,12024,QCR Holdings,"$1,000,000,000",,,United States
7852,12024,Interface,"$1,000,000,000",,,United States
7853,12024,Trustpilot Group,"$1,000,000,000",,,Denmark
7854,12024,Bukalapak.com,"$1,000,000,000",,,Indonesia
7855,12024,Abu Dhabi National Insurance Company,"$1,000,000,000",,,United Arab Emirates
,,Compaq,"$1,000,000,000",,,United States
