rank-number,rank-year,index-name_en-US,capitalist-gender,XY-parent_en-US,XX-parent_en-Us,given-name_native-tongue,friend-name,capitalist_consort-name,firstseen-city,firstseen-country,capitalist_born-spacetime,capitalist_origin-story,mother-tongues,capitalist_schooling,written-hands,job-titles,award-names,capitalist-background,lastseen_city,lastseen-country,capitalist-type,rank-metric,rank-value,stock-shareprice,evolution-value_descendant-count,datacollected-yearmonth,firstseen-year,privedge-granted_year,priveledge-rank,privedge-lost_year,lastseen-year,deathnote,capitalist-currentage,person_age-group,archetype.childhood,archetype.student,archetype.householder,archetype.teacher,archetype.advisor,archetype.phantasim,patron-source,patron-industry,claim-to-fame,data-notes
173,12024,Michael Bloomberg,XY,,,,,,,,,,,,,,,,,United States,person.public,USD-networth,"$94,500,000,000",,,12024.03,11943,,B.lion,,,,83,advisor,,,,,,,Bloomberg LP,Media & Entertainment,,
179,12024,Carlos Slim Helu,XY,,,,,,,,,,,,,,,,,Mexico,person.public,USD-networth,"$93,000,000,000",,,12024.03,11941,,B.lion,,,,85,advisor,,,,,,,Telecom,Telecom,,
209,12024,Mukesh Ambani,,,,,,,,,,,,,,,,,,India,person.public,USD-networth,"$83,400,000,000",,,12024.03,11959,,B.lion,,,,67,teacher,,,,,,,Diversified,Diversified,,
216,12024,Steve Ballmer,XY,,,,,,,,,,,,,,,,,United States,person.public,USD-networth,"$80,700,000,000",,,12024.03,11957,,B.lion,,,,69,teacher,,,,,,,Microsoft,Technology,,
219,12024,Francoise Bettencourt Meyers,,,,,,,,,,,,,,,,,,France,person.public,USD-networth,"$80,500,000,000",,,12024.03,11955,,B.lion,,,,71,teacher,,,,,,,L'Oréal,Fashion & Retail,,
226,12024,Larry Page,XY,,,,,,,,,,,,,,,,,United States,person.public,USD-networth,"$79,200,000,000",,,12024.03,11974,,B.lion,,,,52,teacher,,,,,,,Google,Technology,,
239,12024,Amancio Ortega,,,,,,,,,,,,,,,,,,Spain,person.public,USD-networth,"$77,300,000,000",,,12024.03,11937,,B.lion,,,,89,advisor,,,,,,,Zara,Fashion & Retail,,
247,12024,Sergey Brin,XY,,,,,,,,,,,,,,,,,United States,person.public,USD-networth,"$76,000,000,000",,,12024.03,11975,,B.lion,,,,51,teacher,,,,,,,Google,Technology,,
286,12024,Zhong Shanshan,,,,,,,,,,,,,,,,,,China,person.public,USD-networth,"$68,000,000,000",,,12024.03,11956,,B.lion,,,,70,teacher,,,,,,,"Beverages, pharmaceuticals",Food & Beverage,,
309,12024,Mark Zuckerberg,XY,,,,,,,,,,,,,,,,,United States,person.public,USD-networth,"$64,400,000,000",,,12024.03,11986,,B.lion,,,,40,householder,,,,,,,Facebook,Technology,,
343,12024,Jim Walton,XY,,,,,,,,,,,,,,,,,United States,person.public,USD-networth,"$58,800,000,000",,,12024.03,11950,,B.lion,,,,76,advisor,,,,,,,Walmart,Fashion & Retail,,
352,12024,Rob Walton,XY,,,,,,,,,,,,,,,,,United States,person.public,USD-networth,"$57,600,000,000",,,12024.03,11946,,B.lion,,,,80,advisor,,,,,,,Walmart,Fashion & Retail,,
359,12024,Alice Walton,XX,,,,,,,,,,,,,,,,,United States,person.public,USD-networth,"$56,700,000,000",,,12024.03,11951,,B.lion,,,,75,advisor,,,,,,,Walmart,Fashion & Retail,,
370,12024,David Thomson,XY,,,,,,,,,,,,,,,,,Canada,person.public,USD-networth,"$54,400,000,000",,,12024.03,11959,,B.lion,,,,67,teacher,,,,,,,Media,Media & Entertainment,,
412,12024,Michael Dell,XY,,,,,,,,,,,,,,,,,United States,person.public,USD-networth,"$50,100,000,000",,,12024.03,11966,,B.lion,,,,60,teacher,,,,,,,Dell Technologies,Technology,,
430,12024,Gautam Adani,,,,,,,,,,,,,,,,,,India,person.public,USD-networth,"$47,200,000,000",,,12024.03,11964,,B.lion,,,,62,teacher,,,,,,,"Infrastructure, commodities",Diversified,,
450,12024,Phil Knight,XY,,,,,,,,,,,,,,,,,United States,person.public,USD-networth,"$45,100,000,000",,,12024.03,11939,,B.lion,,,,87,advisor,,,,,,,Nike,Fashion & Retail,,
452,12024,Zhang Yiming,,,,,,,,,,,,,,,,,,China,person.public,USD-networth,"$45,000,000,000",,,12024.03,11985,,B.lion,,,,41,householder,,,,,,,TikTok,Technology,,
479,12024,Vajiralongkorn,XY,	Bhumibol Adulyadej (Rama IX),Sirikit Kitiyakara,วชิราลงกรณ,,"Soamsawali Kitiyakara (XX)
Yuvadhida Polpraserth (XX)
Srirasmi Suwadee (XX)
Suthida Tidjai (XX)
Niramon Ounprom (XX)",,Thailand,,,,,,Crown Prince,,,,Thailand,person.public,USD-networth,"$43,000,000,000",,7,12024.03,11952,11972,B.lion,,,,74,advisor,,,,,,,Investments derived from the Crown Property Bureau. tenth monarch of the Chakri dynasty (i.e. Rama X),"Royalty, Real Estate, Investments",wealthiest monarch in the world,
482,12024,Dieter Schwarz,XY,,,,,,,,,,,,,,,,,Germany,person.public,USD-networth,"$42,900,000,000",,,12024.03,11941,,B.lion,,,,85,advisor,,,,,,,Retail,Fashion & Retail,,
530,12024,François Pinault,,,,,,,,,,,,,,,,,,France,person.public,USD-networth,"$40,100,000,000",,,12024.03,11938,,B.lion,,,,88,advisor,,,,,,,Luxury goods,Fashion & Retail,,
547,12024,Klaus-Michael Kuehne,XY,,,,,,,,,,,,,,,,,Germany,person.public,USD-networth,"$39,100,000,000",,,12024.03,11939,,B.lion,,,,87,advisor,,,,,,,Shipping,Logistics,,
551,12024,Giovanni Ferrero,,,,,,,,,,,,,,,,,,Italy,person.public,USD-networth,"$38,900,000,000",,,12024.03,11966,,B.lion,,,,60,teacher,,,,,,,"Nutella, chocolates",Food & Beverage,,
561,12024,Li Ka-shing,,,,,,,,,,,,,,,,,,Hong Kong,person.public,USD-networth,"$38,000,000,000",,,12024.03,11930,,B.lion,,,,96,phantasim,,,,,,,Diversified,Diversified,,
595,12024,Ma Huateng,,,,,,,,,,,,,,,,,,China,person.public,USD-networth,"$35,300,000,000",,,12024.03,11973,,B.lion,,,,53,teacher,,,,,,,Internet media,Technology,,
598,12024,Miriam Adelson,,,,,,,,,,,,,,,,,,United States,person.public,USD-networth,"$35,000,000,000",,,12024.03,11947,,B.lion,,,,79,advisor,,,,,,,Casinos,Gambling & Casinos,,
599,12024,Ken Griffin,XY,,,,,,,,,,,,,,,,,United States,person.public,USD-networth,"$35,000,000,000",,,12024.03,11970,,B.lion,,,,56,teacher,,,,,,,Hedge funds,Finance & Investments,,
600,12024,Mark Mateschitz,XY,,,,,,,,,,,,,,,,,Austria,person.public,USD-networth,"$34,700,000,000",,,12024.03,11994,,B.lion,,,,32,householder,,,,,,,Red Bull,Food & Beverage,,
616,12024,Robin Zeng,,,,,,,,,,,,,,,,,,Hong Kong,person.public,USD-networth,"$33,400,000,000",,,12024.03,11970,,B.lion,,,,56,teacher,,,,,,,Batteries,Automotive,,
633,12024,Tadashi Yanai,,,,,,,,,,,,,,,,,,Japan,person.public,USD-networth,"$32,600,000,000",,,12024.03,11950,,B.lion,,,,76,advisor,,,,,,,Fashion retail,Fashion & Retail,,
644,12024,Len Blavatnik,,,,,,,,,,,,,,,,,,United States,person.public,USD-networth,"$32,100,000,000",,,12024.03,11959,,B.lion,,,,67,teacher,,,,,,,"Music, chemicals",Diversified,,
656,12024,Alain Wertheimer,,,,,,,,,,,,,,,,,,France,person.public,USD-networth,"$31,600,000,000",,,12024.03,11950,,B.lion,,,,76,advisor,,,,,,,Chanel,Fashion & Retail,,
657,12024,Gerard Wertheimer,,,,,,,,,,,,,,,,,,France,person.public,USD-networth,"$31,600,000,000",,,12024.03,11952,,B.lion,,,,74,advisor,,,,,,,Chanel,Fashion & Retail,,
670,12024,Gianluigi Aponte,,,,,,,,,,,,,,,,,,Switzerland,person.public,USD-networth,"$31,200,000,000",,,12024.03,11942,,B.lion,,,,84,advisor,,,,,,,Shipping,Logistics,,
671,12024,Rafaela Aponte-Diamant,,,,,,,,,,,,,,,,,,Switzerland,person.public,USD-networth,"$31,200,000,000",,,12024.03,11946,,B.lion,,,,80,advisor,,,,,,,Shipping,Logistics,,
697,12024,Colin Huang,,,,,,,,,,,,,,,,,,China,person.public,USD-networth,"$30,200,000,000",,,12024.03,11981,,B.lion,,,,45,householder,,,,,,,E-commerce,Technology,,
705,12024,Miguel Bezos,XY,,,Miguel Bezos,Mike,Jackie Bezos (XX),,Cuba,Cuba.1946,escape to America for a better life,,University of Albuquerque,"Cuban-Spanish
Cuban-English",,,"grew up middle-class.  escaped Castro's Cuba at 16yo.  Got an engineering degree before working for Exxon, Bankers Trust Company in New York City and finishing out at Exxon Production Research Company before moving to Amazon.  Co-founded Bezos Family Foundation.",,United States,person.public,USD-networth,"$30,000,000,000",,,12024.03,11946,,B.lion,,,,80,advisor,,,,,,,Diversified,Finance & Investments,early backer of Amazon.com,
708,12024,Reinhold Wuerth,,,,,,,,,,,,,,,,,,Germany,person.public,USD-networth,"$29,700,000,000",,,12024.03,11937,,B.lion,,,,89,advisor,,,,,,,Fasteners,Manufacturing,,
715,12024,Charles Koch,XY,,,,,,,,,,,,,,,,,United States,person.public,USD-networth,"$29,500,000,000",,,12024.03,11937,,B.lion,,,,89,advisor,,,,,,,Koch Industries,Diversified,,
716,12024,Julia Koch,,,,,,,,,,,,,,,,,,United States,person.public,USD-networth,"$29,500,000,000",,,12024.03,11964,,B.lion,,,,62,teacher,,,,,,,Koch Industries,Diversified,,
717,12024,Lee Shau Kee,,,,,,,,,,,,,,,,,,Hong Kong,person.public,USD-networth,"$29,500,000,000",,,12024.03,11929,,B.lion,,,,97,phantasim,,,,,,,Real estate,Real Estate,,
742,12024,Jeff Yass,,,,,,,,,,,,,,,,,,United States,person.public,USD-networth,"$28,500,000,000",,,12024.03,11960,,B.lion,,,,66,teacher,,,,,,,"Trading, investments",Finance & Investments,,
757,12024,Jim Simons,,,,,,,,,,,,,,,,,,United States,person.public,USD-networth,"$28,100,000,000",,,12024.03,11940,,B.lion,,,,86,advisor,,,,,,,Hedge funds,Finance & Investments,,
761,12024,Hassanal Bolkiah,XY,	Sultan Omar Ali Saifuddien III,Pengiran Anak Damit,حسن البلقية,,"Raja Isteri Pengiran Anak Hajah Saleha (XX)
Hajah Mariam (XX)
Azrinaz Mazhar (XX)",,Brunei,,,,,,,,,,Brunei,person.public,USD-networth,"$28,000,000,000",,12,12024.03,11946,,B.lion,,,,80,advisor,,,,,,,"Oil, refinery","Royalty, Energy",world's longest-reigning current monarch,
765,12024,Stephen Schwarzman,,,,,,,,,,,,,,,,,,United States,person.public,USD-networth,"$27,800,000,000",,,12024.03,11948,,B.lion,,,,78,advisor,,,,,,,Investments,Finance & Investments,,
770,12024,Susanne Klatten,,,,,,,,,,,,,,,,,,Germany,person.public,USD-networth,"$27,400,000,000",,,12024.03,11964,,B.lion,,,,62,teacher,,,,,,,"BMW, pharmaceuticals",Automotive,,
779,12024,Gina Rinehart,,,,,,,,,,,,,,,,,,Australia,person.public,USD-networth,"$27,000,000,000",,,12024.03,11955,,B.lion,,,,71,teacher,,,,,,,Mining,Metals & Mining,,
787,12024,William Ding,,,,,,,,,,,,,,,,,,China,person.public,USD-networth,"$26,700,000,000",,,12024.03,11973,,B.lion,,,,53,teacher,,,,,,,Online games,Technology,,
792,12024,Germán Larrea Mota Velasco,,,,,,,,,,,,,,,,,,Mexico,person.public,USD-networth,"$26,600,000,000",,,12024.03,11955,,B.lion,,,,71,teacher,,,,,,,Mining,Metals & Mining,,
819,12024,Shiv Nadar,,,,,,,,,,,,,,,,,,India,person.public,USD-networth,"$25,600,000,000",,,12024.03,11947,,B.lion,,,,79,advisor,,,,,,,software services,Technology,,
828,12024,Low Tuck Kwong,,,,,,,,,,,,,,,,,,Indonesia,person.public,USD-networth,"$25,500,000,000",,,12024.03,11950,,B.lion,,,,76,advisor,,,,,,,Coal,Energy,,
832,12024,Thomas Peterffy,,,,,,,,,,,,,,,,,,United States,person.public,USD-networth,"$25,300,000,000",,,12024.03,11946,,B.lion,,,,80,advisor,,,,,,,Discount brokerage,Finance & Investments,,
836,12024,Andrey Melnichenko,,,,,,,,,,,,,,,,,,Russia,person.public,USD-networth,"$25,200,000,000",,,12024.03,11973,,B.lion,,,,53,teacher,,,,,,,"Fertilizers, coal",Metals & Mining,,
853,12024,Stefan Quandt,,,,,,,,,,,,,,,,,,Germany,person.public,USD-networth,"$24,600,000,000",,,12024.03,11968,,B.lion,,,,58,teacher,,,,,,,BMW,Automotive,,
856,12024,MacKenzie Scott,,,,,,,,,,,,,,,,,,United States,person.public,USD-networth,"$24,400,000,000",,,12024.03,11972,,B.lion,,,,54,teacher,,,,,,,Amazon,Technology,,
859,12024,R. Budi Hartono,,,,,,,,,,,,,,,,,,Indonesia,person.public,USD-networth,"$24,200,000,000",,,12024.03,11942,,B.lion,,,,84,advisor,,,,,,,"Banking, tobacco",Finance & Investments,,
884,12024,Vladimir Potanin,,,,,,,,,,,,,,,,,,Russia,person.public,USD-networth,"$23,700,000,000",,,12024.03,11962,,B.lion,,,,64,teacher,,,,,,,Metals,Metals & Mining,,
891,12024,Jack Ma,,,,,,,,,,,,,,,,,,China,person.public,USD-networth,"$23,500,000,000",,,12024.03,11966,,B.lion,,,,60,teacher,,,,,,,E-commerce,Technology,,
895,12024,He Xiangjian,,,,,,,,,,,,,,,,,,China,person.public,USD-networth,"$23,400,000,000",,,12024.03,11944,,B.lion,,,,82,advisor,,,,,,,Home appliances,Manufacturing,,
905,12024,Iris Fontbona,,,,,,,,,,,,,,,,,,Chile,person.public,USD-networth,"$23,100,000,000",,,12024.03,11944,,B.lion,,,,82,advisor,,,,,,,Mining,Metals & Mining,,
906,12024,Michael Hartono,XY,,,,,,,,,,,,,,,,,Indonesia,person.public,USD-networth,"$23,100,000,000",,,12024.03,11941,,B.lion,,,,85,advisor,,,,,,,"Banking, tobacco",Manufacturing,,
915,12024,James Ratcliffe,,,,,,,,,,,,,,,,,,United Kingdom,person.public,USD-networth,"$22,900,000,000",,,12024.03,11954,,B.lion,,,,72,teacher,,,,,,,Chemicals,Manufacturing,,
927,12024,Cyrus Poonawalla,,,,,,,,,,,,,,,,,,India,person.public,USD-networth,"$22,600,000,000",,,12024.03,11943,,B.lion,,,,83,advisor,,,,,,,Vaccines,Healthcare,,
937,12024,Masayoshi Son,,,,,,,,,,,,,,,,,,Japan,person.public,USD-networth,"$22,400,000,000",,,12024.03,11959,,B.lion,,,,67,teacher,,,,,,,"Internet, telecom",Telecom,,
948,12024,Vladimir Lisin,,,,,,,,,,,,,,,,,,Russia,person.public,USD-networth,"$22,100,000,000",,,12024.03,11958,,B.lion,,,,68,teacher,,,,,,,"Steel, transport",Metals & Mining,,
954,12024,Emmanuel Besnier,,,,,,,,,,,,,,,,,,France,person.public,USD-networth,"$22,000,000,000",,,12024.03,11972,,B.lion,,,,54,teacher,,,,,,,Cheese,Food & Beverage,,
965,12024,Abigail Johnson,XX,,,,,,,,,,,,,,,,,United States,person.public,USD-networth,"$21,600,000,000",,,12024.03,11963,,B.lion,,,,63,teacher,,,,,,,Fidelity,Finance & Investments,,
966,12024,Leonid Mikhelson,,,,,,,,,,,,,,,,,,Russia,person.public,USD-networth,"$21,600,000,000",,,12024.03,11957,,B.lion,,,,69,teacher,,,,,,,"Gas, chemicals",Energy,,
,,Elizabeth II,XX,George VI,Elizabeth Bowes-Lyon,Princess Elizabeth of York,,,,England,British-English.Interwar-era,bulwark through the wars,British-English.Interwar-era,,en-GB_typeface.PostWar-era,Princess,,,,England,person.public,USD-networth,"$21,500,000,000",,4,12024.03,11926,11926,B.lion,,12022,,96,phantasim,,,,,,,"holdings of the crown estate, Duchy of Lancaster and Duchy of Cornwall",Royalty,Queen of England,
969,12024,Charles III,XY,"Prince Philip, Duke of Edinburgh",Elizabeth II,Prince Charles of Edinburgh,,"Diana Spencer (XX)
Camilla Parker Bowles (XX)",,England,British-English.PostWar-era,old boy becomes King,,"Gordonstoun School
Trinity College, Cambridge (MA)",en-GB_typeface.PostWWII-era,Prince,,,,England,person.public,USD-networth,"$21,500,000,000",,2,12024.03,11948,11948,B.lion,,,,78,advisor,,,,,,,"holdings of the crown estate, Duchy of Lancaster and Duchy of Cornwall",Royalty,Oldest boy,
979,12024,Lukas Walton,,,,,,,,,,,,,,,,,,United States,person.public,USD-networth,"$21,200,000,000",,,12024.03,11988,,B.lion,,,,38,householder,,,,,,,Walmart,Fashion & Retail,,
980,12024,Wang Wei,,,,,,,,,,,,,,,,,,China,person.public,USD-networth,"$21,200,000,000",,,12024.03,11972,,B.lion,,,,54,teacher,,,,,,,Package delivery,Service,,
986,12024,Jensen Huang,,,,,,,,,,,,,,,,,,United States,person.public,USD-networth,"$21,100,000,000",,,12024.03,11964,,B.lion,,,,62,teacher,,,,,,,Semiconductors,Technology,,
988,12024,Leonard Lauder,,,,,,,,,,,,,,,,,,United States,person.public,USD-networth,"$21,000,000,000",,,12024.03,11934,,B.lion,,,,92,phantasim,,,,,,,Estee Lauder,Fashion & Retail,,
989,12024,Takemitsu Takizaki,,,,,,,,,,,,,,,,,,Japan,person.public,USD-networth,"$21,000,000,000",,,12024.03,11947,,B.lion,,,,79,advisor,,,,,,,Sensors,Manufacturing,,
997,12024,Alexey Mordashov,,,,,,,,,,,,,,,,,,Russia,person.public,USD-networth,"$20,900,000,000",,,12024.03,11967,,B.lion,,,,59,teacher,,,,,,,"Steel, investments",Metals & Mining,,
1007,12024,Vagit Alekperov,,,,,,,,,,,,,,,,,,Russia,person.public,USD-networth,"$20,500,000,000",,,12024.03,11952,,B.lion,,,,74,advisor,,,,,,,Oil,Energy,,
1027,12024,"Thomas Frist, Jr.",,,,,,,,,,,,,,,,,,United States,person.public,USD-networth,"$20,200,000,000",,,12024.03,11940,,B.lion,,,,86,advisor,,,,,,,Hospitals,Healthcare,,
1050,12024,Andrew Forrest,,,,,,,,,,,,,,,,,,Australia,person.public,USD-networth,"$19,600,000,000",,,12024.03,11963,,B.lion,,,,63,teacher,,,,,,,Mining,Metals & Mining,,
1076,12024,Jacqueline Mars,,,,,,,,,,,,,,,,,,United States,person.public,USD-networth,"$19,200,000,000",,,12024.03,11941,,B.lion,,,,85,advisor,,,,,,,"Candy, pet food",Food & Beverage,,
1077,12024,John Mars,XY,,,,,,,,,,,,,,,,,United States,person.public,USD-networth,"$19,200,000,000",,,12024.03,11937,,B.lion,,,,89,advisor,,,,,,,"Candy, pet food",Food & Beverage,,
1084,12024,Ray Dalio,,,,,,,,,,,,,,,,,,United States,person.public,USD-networth,"$19,100,000,000",,,12024.03,11951,,B.lion,,,,75,advisor,,,,,,,Hedge funds,Finance & Investments,,
1088,12024,Eric Li,,,,,,,,,,,,,,,,,,China,person.public,USD-networth,"$19,000,000,000",,,12024.03,11965,,B.lion,,,,61,teacher,,,,,,,Automobiles,Automotive,,
1089,12024,Wang Wenyin,,,,,,,,,,,,,,,,,,China,person.public,USD-networth,"$19,000,000,000",,,12024.03,11969,,B.lion,,,,57,teacher,,,,,,,"Mining, copper products",Metals & Mining,,
1097,12024,Eyal Ofer,,,,,,,,,,,,,,,,,,Israel,person.public,USD-networth,"$18,900,000,000",,,12024.03,11952,,B.lion,,,,74,advisor,,,,,,,"Real estate, shipping",Diversified,,
1098,12024,Qin Yinglin,,,,,,,,,,,,,,,,,,China,person.public,USD-networth,"$18,900,000,000",,,12024.03,11967,,B.lion,,,,59,teacher,,,,,,,Pig breeding,Food & Beverage,,
1104,12024,Wang Chuanfu,,,,,,,,,,,,,,,,,,China,person.public,USD-networth,"$18,700,000,000",,,12024.03,11967,,B.lion,,,,59,teacher,,,,,,,"Batteries, automobiles",Automotive,,
1112,12024,Harold Hamm,XY,,,,,,,,,,,,,,,,,United States,person.public,USD-networth,"$18,500,000,000",,,12024.03,11947,,B.lion,,,,79,advisor,,,,,,,Oil & gas,Energy,,
1113,12024,David Tepper,XY,,,,,,,,,,,,,,,,,United States,person.public,USD-networth,"$18,500,000,000",,,12024.03,11959,,B.lion,,,,67,teacher,,,,,,,Hedge funds,Finance & Investments,,
1114,12024,Gennady Timchenko,,,,,,,,,,,,,,,,,,Russia,person.public,USD-networth,"$18,500,000,000",,,12024.03,11954,,B.lion,,,,72,teacher,,,,,,,"Oil, gas",Energy,,
1136,12024,Daniel Gilbert,XY,,,,,,,,,,,,,,,,,United States,person.public,USD-networth,"$18,000,000,000",,,12024.03,11963,,B.lion,,,,63,teacher,,,,,,,Quicken Loans,Finance & Investments,,
1137,12024,Salman bin Abdulaziz Al Saud,XY,Abdulaziz of Saudi Arabia,Hassa bint Ahmed Al Sudairi,سلمان بن عبد العزیز آل سعود,,"Sultana bint Turki Al Sudairi (XX)
Sarah bint Faisal Al Subai'ai (XX)
Fahda bint Falah Al Hithlain (XX)",,Saudi Arabia,,,,,,Crown Prince,,,,Saudi Arabia,person.public,USD-networth,"$18,000,000,000",,10,12024.03,11935,12012,B.lion,,,,91,phantasim,,,,,,,"Oil, refinery","Royalty, Energy",,
1156,12024,Lakshmi Mittal,,,,,,,,,,,,,,,,,,India,person.public,USD-networth,"$17,700,000,000",,,12024.03,11952,,B.lion,,,,74,advisor,,,,,,,Steel,Metals & Mining,,
1167,12024,Steve Cohen,XY,,,,,,,,,,,,,,,,,United States,person.public,USD-networth,"$17,500,000,000",,,12024.03,11958,,B.lion,,,,68,teacher,,,,,,,Hedge funds,Finance & Investments,,
1168,12024,Carl Icahn,XY,,,,,,,,,,,,,,,,,United States,person.public,USD-networth,"$17,500,000,000",,,12024.03,11937,,B.lion,,,,89,advisor,,,,,,,Investments,Finance & Investments,,
1169,12024,Savitri Jindal,,,,,,,,,,,,,,,,,,India,person.public,USD-networth,"$17,500,000,000",,,12024.03,11951,,B.lion,,,,75,advisor,,,,,,,Steel,Metals & Mining,,
1177,12024,Donald Bren,,,,,,,,,,,,,,,,,,United States,person.public,USD-networth,"$17,400,000,000",,,12024.03,11934,,B.lion,,,,92,phantasim,,,,,,,Real estate,Real Estate,,
1178,12024,"John Menard, Jr.",XY,,,,,,,,,,,,,,,,,United States,person.public,USD-networth,"$17,400,000,000",,,12024.03,11941,,B.lion,,,,85,advisor,,,,,,,Home improvement stores,Fashion & Retail,,
1201,12024,Rupert Murdoch,,,,,,,,,,,,,,,,,,United States,person.public,USD-networth,"$17,100,000,000",,,12024.03,11932,,B.lion,,,,94,phantasim,,,,,,,"Newspapers, TV network",Media & Entertainment,,
1218,12024,Vicky Safra,,,,,,,,,,,,,,,,,,Brazil,person.public,USD-networth,"$16,700,000,000",,,12024.03,11954,,B.lion,,,,72,teacher,,,,,,,Banking,Finance & Investments,,
1227,12024,"Theo Albrecht, Jr.",XY,Theodor Paul Albrecht,,"Theodor ""Theo"" Albrecht Jr.",Theo,Katje Albrecht,,WestGermany.1950,Modern-German.DividedGermany,From corner grocery shop in 1913 Germany to elite-caste.,,,de-DE_typeface.PostWWII-era,Junior (XY horcrux),,heir to grandfather's fortune,,Germany,person.public,USD-networth,"$16,500,000,000",,,12024.03,11952,,B.lion,,,,74,advisor,,,,,,,"Aldi, Trader Joe's",Fashion & Retail,,
1228,12024,Renata Kellnerova,,,,,,,,,,,,,,,,,,Czech Republic,person.public,USD-networth,"$16,500,000,000",,,12024.03,11969,,B.lion,,,,57,teacher,,,,,,,"Finance, telecommunications",Finance & Investments,,
1243,12024,Li Xiting,,,,,,,,,,,,,,,,,,Singapore,person.public,USD-networth,"$16,300,000,000",,,12024.03,11952,,B.lion,,,,74,advisor,,,,,,,medical devices,Healthcare,,
1251,12024,Stefan Persson,,,,,,,,,,,,,,,,,,Sweden,person.public,USD-networth,"$16,200,000,000",,,12024.03,11949,,B.lion,,,,77,advisor,,,,,,,H&M,Fashion & Retail,,
1252,12024,Eric Schmidt,XY,,,,,,,,,,,,,,,,,United States,person.public,USD-networth,"$16,200,000,000",,,12024.03,11957,,B.lion,,,,69,teacher,,,,,,,Google,Technology,,
1265,12024,Michael Platt,XY,,,,,,,,,,,,,,,,,United Kingdom,person.public,USD-networth,"$16,000,000,000",,,12024.03,11969,,B.lion,,,,57,teacher,,,,,,,Hedge funds,Finance & Investments,,
1272,12024,Pang Kang,,,,,,,,,,,,,,,,,,China,person.public,USD-networth,"$15,900,000,000",,,12024.03,11957,,B.lion,,,,69,teacher,,,,,,,Soy sauce,Food & Beverage,,
1278,12024,Karl Albrecht Jr.,XY,Karl Albrecht,,Junior (XY horcrux),,,,,(de-DE) USOccupied-Germany.EarlyPostWWII,"son of Karl Albrecht, who founded the discount supermarket chain Aldi with his brother Theo",,,de-DE-typeface.PostWWII,Junior (XY horcrux),,heir to father's fortune,,Germany,person.public,USD-networth,"$15,800,000,000",,-2,12024.03,11941,,B.lion,,,,85,advisor,,,,,,,Supermarkets,Fashion & Retail,,
1279,12024,Beate Heister,XX,Karl Albrecht (senior),,Beate Albrecht,,Peter Heister (XY),,Prussia,(de-DE) USOccupied-Germany.EarlyPostWWII,,,,de-DE-typeface.PostWWII,,,heir to father's fortune,,Germany,person.public,USD-networth,"$15,800,000,000",,6,12024.03,11948,,B.lion,,,,78,advisor,,,,,,,Supermarkets,Fashion & Retail,,
1280,12024,Jorge Paulo Lemann,,,,,,,,,,,,,,,,,,Brazil,person.public,USD-networth,"$15,800,000,000",,,12024.03,11957,,B.lion,,,,69,teacher,,,,,,,Beer,Food & Beverage,,
1281,12024,Peter Woo,XY,,,,,,,,,,,,,,,,,Hong Kong,person.public,USD-networth,"$15,800,000,000",,,12024.03,11979,,B.lion,,,,47,householder,,,,,,,Real estate,Real Estate,,
1288,12024,Dilip Shanghvi,,,,,,,,,,,,,,,,,,India,person.public,USD-networth,"$15,600,000,000",,,12024.03,11956,,B.lion,,,,70,teacher,,,,,,,Pharmaceuticals,Healthcare,,
1293,12024,Robert Pera,,,,,,,,,,,,,,,,,,United States,person.public,USD-networth,"$15,500,000,000",,,12024.03,11968,,B.lion,,,,58,teacher,,,,,,,Wireless networking,Technology,,
1310,12024,Radhakishan Damani,,,,,,,,,,,,,,,,,,India,person.public,USD-networth,"$15,300,000,000",,,12024.03,11941,,B.lion,,,,85,advisor,,,,,,,"Retail, investments",Fashion & Retail,,
1318,12024,Huang Shilin,,,,,,,,,,,,,,,,,,China,person.public,USD-networth,"$15,200,000,000",,,12024.03,11943,,B.lion,,,,83,advisor,,,,,,,Batteries,Automotive,,
1335,12024,Dhanin Chearavanont,,,,,,,,,,,,,,,,,,Thailand,person.public,USD-networth,"$14,900,000,000",,,12024.03,11946,,B.lion,,,,80,advisor,,,,,,,Diversified,Diversified,,
1336,12024,David Green,XY,,,,,,,,,,,,,,,,,United States,person.public,USD-networth,"$14,900,000,000",,,12024.03,11956,,B.lion,,,,70,teacher,,,,,,,Retail,Fashion & Retail,,
1344,12024,Charoen Sirivadhanabhakdi,,,,,,,,,,,,,,,,,,Thailand,person.public,USD-networth,"$14,800,000,000",,,12024.03,11964,,B.lion,,,,62,teacher,,,,,,,"Alcohol, real estate",Food & Beverage,,
1352,12024,Charlene de Carvalho-Heineken,,,,,,,,,,,,,,,,,,Netherlands,person.public,USD-networth,"$14,700,000,000",,,12024.03,11965,,B.lion,,,,61,teacher,,,,,,,Heineken,Food & Beverage,,
1362,12024,Xu Hang,,,,,,,,,,,,,,,,,,Hong Kong,person.public,USD-networth,"$14,600,000,000",,,12024.03,11955,,B.lion,,,,71,teacher,,,,,,,Medical devices,Healthcare,,
1367,12024,Wei Jianjun,,,,,,,,,,,,,,,,,,China,person.public,USD-networth,"$14,500,000,000",,,12024.03,11929,,B.lion,,,,97,phantasim,,,,,,,Automobiles,Automotive,,
1379,12024,Alisher Usmanov,,,,,,,,,,,,,,,,,,Russia,person.public,USD-networth,"$14,400,000,000",,,12024.03,11969,,B.lion,,,,57,teacher,,,,,,,"Steel, telecom, investments",Metals & Mining,,
1389,12024,Goh Cheng Liang,,,,,,,,,,,,,,,,,,Singapore,person.public,USD-networth,"$14,300,000,000",,,12024.03,11959,,B.lion,,,,67,teacher,,,,,,,Paints,Manufacturing,,
1396,12024,Kumar Birla,,,,,,,,,,,,,,,,,,India,person.public,USD-networth,"$14,200,000,000",,,12024.03,11931,,B.lion,,,,95,phantasim,,,,,,,Commodities,Diversified,,
1397,12024,Aliko Dangote,,,,,,,,,,,,,,,,,,Nigeria,person.public,USD-networth,"$14,200,000,000",,,12024.03,11957,,B.lion,,,,69,teacher,,,,,,,"Cement, sugar",Manufacturing,,
1406,12024,Kwong Siu-hing,,,,,,,,,,,,,,,,,,Hong Kong,person.public,USD-networth,"$14,100,000,000",,,12024.03,11967,,B.lion,,,,59,teacher,,,,,,,Real estate,Real Estate,,
1415,12024,Idan Ofer,,,,,,,,,,,,,,,,,,Israel,person.public,USD-networth,"$14,000,000,000",,,12024.03,11930,,B.lion,,,,96,phantasim,,,,,,,Shipping,Diversified,,
1416,12024,Mohammed bin Rashid Al Maktoum,XY,Rashid bin Saeed Al Maktoum,Latifa bint Hamdan bin Zayed Al Nahyan,محمد بن راشد آل مكتوم,,"Hind bint Maktoum Al Maktoum (XX)
Hind bint Maktoum bin Juma Al Maktoum (XX)
Haya bint Hussein (XX)
Randa bint Mohammad Al-Banna (XX)
Delila Aloula (XX)
Houria Ahmad Lamara (XX)
Umm Marwan (XX)
Zoe Grigorakos (XX)
Dalya Al Muthanna (XX)",,United Arab Emirates,,,,,,,,,,Dubai,person.public,USD-networth,"$14,000,000,000",,26,12024.03,11949,,B.lion,,,,77,advisor,,,,,,,	Majority share of Dubai Holding and investments from the Abu Dhabi Investment Authority.,"Royalty, Diversified",,
1425,12024,Chen Bang,,,,,,,,,,,,,,,,,,China,person.public,USD-networth,"$13,900,000,000",,,12024.03,11946,,B.lion,,,,80,advisor,,,,,,,Hospitals,Healthcare,,
1426,12024,Lui Che Woo,,,,,,,,,,,,,,,,,,Hong Kong,person.public,USD-networth,"$13,900,000,000",,,12024.03,11948,,B.lion,,,,78,advisor,,,,,,,Casinos/hotels,Gambling & Casinos,,
1440,12024,John Fredriksen,XY,,,,,,,,,,,,,,,,,Cyprus,person.public,USD-networth,"$13,700,000,000",,,12024.03,11977,,B.lion,,,,49,teacher,,,,,,,Shipping,Logistics,,
1441,12024,Diane Hendricks,XX,,,,,,,,,,,,,,,,,United States,person.public,USD-networth,"$13,700,000,000",,,12024.03,11944,,B.lion,,,,82,advisor,,,,,,,Building supplies,Construction & Engineering,,
1442,12024,Jan Koum,,,,,,,,,,,,,,,,,,United States,person.public,USD-networth,"$13,700,000,000",,,12024.03,11944,,B.lion,,,,82,advisor,,,,,,,WhatsApp,Technology,,
1471,12024,Jerry Jones,,,,,,,,,,,,,,,,,,United States,person.public,USD-networth,"$13,300,000,000",,,12024.03,11953,,B.lion,,,,73,advisor,,,,,,,Dallas Cowboys,Sports,,
1472,12024,George Kaiser,XY,,,,,,,,,,,,,,,,,United States,person.public,USD-networth,"$13,300,000,000",,,12024.03,11964,,B.lion,,,,62,teacher,,,,,,,"Oil & gas, banking",Energy,,
1473,12024,Joseph Lau,XY,,,,,,,,,,,,,,,,,Hong Kong,person.public,USD-networth,"$13,300,000,000",,,12024.03,11934,,B.lion,,,,92,phantasim,,,,,,,Real estate,Real Estate,,
1481,12024,Lu Xiangyang,,,,,,,,,,,,,,,,,,China,person.public,USD-networth,"$13,200,000,000",,,12024.03,11960,,B.lion,,,,66,teacher,,,,,,,"Automobiles, batteries",Automotive,,
1489,12024,Harry Triguboff,XY,,,,,,,,,,,,,,,,,Australia,person.public,USD-networth,"$13,100,000,000",,,12024.03,11949,,B.lion,,,,77,advisor,,,,,,,Real estate,Real Estate,,
1508,12024,Uday Kotak,,,,,,,,,,,,,,,,,,India,person.public,USD-networth,"$12,900,000,000",,,12024.03,11966,,B.lion,,,,60,teacher,,,,,,,Banking,Finance & Investments,,
1509,12024,Stanley Kroenke,XY,,,,,,,,,,,,,,,,,United States,person.public,USD-networth,"$12,900,000,000",,,12024.03,11967,,B.lion,,,,59,teacher,,,,,,,"Sports, real estate",Sports,,
1526,12024,Mikhail Fridman,,,,,,,,,,,,,,,,,,Russia,person.public,USD-networth,"$12,600,000,000",,,12024.03,11974,,B.lion,,,,52,teacher,,,,,,,"Oil, banking, telecom",Energy,,
1560,12024,Sarath Ratanavadi,,,,,,,,,,,,,,,,,,Thailand,person.public,USD-networth,"$12,300,000,000",,,12024.03,11955,,B.lion,,,,71,teacher,,,,,,,Energy,Energy,,
1572,12024,Dang Yanbao,,,,,,,,,,,,,,,,,,China,person.public,USD-networth,"$12,200,000,000",,,12024.03,11952,,B.lion,,,,74,advisor,,,,,,,Coal,Metals & Mining,,
1573,12024,Jiang Rensheng,,,,,,,,,,,,,,,,,,China,person.public,USD-networth,"$12,200,000,000",,,12024.03,11965,,B.lion,,,,61,teacher,,,,,,,Vaccines,Healthcare,,
1590,12024,Shahid Khan,,,,,,,,,,,,,,,,,,United States,person.public,USD-networth,"$12,100,000,000",,,12024.03,11925,,B.lion,,,,101,phantasim,,,,,,,Auto parts,Automotive,,
1605,12024,Laurene Powell Jobs,,,,,,,,,,,,,,,,,,United States,person.public,USD-networth,"$12,000,000,000",,,12024.03,11942,,B.lion,,,,84,advisor,,,,,,,"Apple, Disney",Technology,,
1621,12024,Robert Kuok,,,,,,,,,,,,,,,,,,Malaysia,person.public,USD-networth,"$11,800,000,000",,,12024.03,11986,,B.lion,,,,40,householder,,,,,,,"Palm oil, shipping, property",Diversified,,
1643,12024,Stephen Ross,,,,,,,,,,,,,,,,,,United States,person.public,USD-networth,"$11,600,000,000",,,12024.03,11951,,B.lion,,,,75,advisor,,,,,,,Real estate,Real Estate,,
1651,12024,Pavel Durov,,,,,,,,,,,,,,,,,,United Arab Emirates,person.public,USD-networth,"$11,500,000,000",,,12024.03,11951,,B.lion,,,,75,advisor,,,,,,,Messaging app,Technology,,
1652,12024,Andreas Struengmann,,,,,,,,,,,,,,,,,,Germany,person.public,USD-networth,"$11,500,000,000",,,12024.03,11965,,B.lion,,,,61,teacher,,,,,,,Pharmaceuticals,Healthcare,,
1653,12024,Thomas Struengmann,,,,,,,,,,,,,,,,,,Germany,person.public,USD-networth,"$11,500,000,000",,,12024.03,11974,,B.lion,,,,52,teacher,,,,,,,Pharmaceuticals,Healthcare,,
1664,12024,Liu Hanyuan,,,,,,,,,,,,,,,,,,China,person.public,USD-networth,"$11,400,000,000",,,12024.03,11950,,B.lion,,,,76,advisor,,,,,,,Agribusiness,Food & Beverage,,
1665,12024,Michael Rubin,XY,,,,,,,,,,,,,,,,,United States,person.public,USD-networth,"$11,400,000,000",,,12024.03,11955,,B.lion,,,,71,teacher,,,,,,,Online retail,Fashion & Retail,,
1677,12024,Israel Englander,,,,,,,,,,,,,,,,,,United States,person.public,USD-networth,"$11,300,000,000",,,12024.03,11962,,B.lion,,,,64,teacher,,,,,,,Hedge funds,Finance & Investments,,
1678,12024,Viatcheslav Kantor,,,,,,,,,,,,,,,,,,Russia,person.public,USD-networth,"$11,300,000,000",,,12024.03,11967,,B.lion,,,,59,teacher,,,,,,,"Fertilizer, real estate",Manufacturing,,
1679,12024,Anthony Pratt,,,,,,,,,,,,,,,,,,Australia,person.public,USD-networth,"$11,300,000,000",,,12024.03,11936,,B.lion,,,,90,advisor,,,,,,,Manufacturing,Manufacturing,,
1680,12024,Mikhail Prokhorov,,,,,,,,,,,,,,,,,,Russia,person.public,USD-networth,"$11,300,000,000",,,12024.03,11952,,B.lion,,,,74,advisor,,,,,,,Investments,Finance & Investments,,
1704,12024,Giorgio Armani,,,,,,,,,,,,,,,,,,Italy,person.public,USD-networth,"$11,100,000,000",,,12024.03,11966,,B.lion,,,,60,teacher,,,,,,,Luxury goods,Fashion & Retail,,
1705,12024,Johann Rupert,,,,,,,,,,,,,,,,,,South Africa,person.public,USD-networth,"$11,100,000,000",,,12024.03,11973,,B.lion,,,,53,teacher,,,,,,,Luxury goods,Fashion & Retail,,
1723,12024,Gong Hongjia,,,,,,,,,,,,,,,,,,Hong Kong,person.public,USD-networth,"$11,000,000,000",,,12024.03,11941,,B.lion,,,,85,advisor,,,,,,,Video surveillance,Finance & Investments,,
1724,12024,Zhang Zhidong,,,,,,,,,,,,,,,,,,China,person.public,USD-networth,"$11,000,000,000",,,12024.03,11939,,B.lion,,,,87,advisor,,,,,,,Internet media,Technology,,
1734,12024,Philip Anschutz,,,,,,,,,,,,,,,,,,United States,person.public,USD-networth,"$10,900,000,000",,,12024.03,11957,,B.lion,,,,69,teacher,,,,,,,"Energy, sports, entertainment",Finance & Investments,,
1735,12024,Judy Love,,,,,,,,,,,,,,,,,,United States,person.public,USD-networth,"$10,900,000,000",,,12024.03,11931,,B.lion,,,,95,phantasim,,,,,,,Gas stations,Fashion & Retail,,
1736,12024,Ricardo Salinas Pliego,,,,,,,,,,,,,,,,,,Mexico,person.public,USD-networth,"$10,900,000,000",,,12024.03,11943,,B.lion,,,,83,advisor,,,,,,,"Retail, media",Fashion & Retail,,
1760,12024,Donald Newhouse,,,,,,,,,,,,,,,,,,United States,person.public,USD-networth,"$10,700,000,000",,,12024.03,11951,,B.lion,,,,75,advisor,,,,,,,Media,Media & Entertainment,,
1767,12024,Robert Kraft,,,,,,,,,,,,,,,,,,United States,person.public,USD-networth,"$10,600,000,000",,,12024.03,11967,,B.lion,,,,59,teacher,,,,,,,"Manufacturing, New England Patriots",Sports,,
1768,12024,Marcel Herrmann Telles,,,,,,,,,,,,,,,,,,Brazil,person.public,USD-networth,"$10,600,000,000",,,12024.03,11985,,B.lion,,,,41,householder,,,,,,,Beer,Food & Beverage,,
1775,12024,Suleiman Kerimov,,,,,,,,,,,,,,,,,,Russia,person.public,USD-networth,"$10,500,000,000",,,12024.03,11979,,B.lion,,,,47,householder,,,,,,,Gold,Finance & Investments,,
1776,12024,Sky Xu,,,,,,,,,,,,,,,,,,China,person.public,USD-networth,"$10,500,000,000",,,12024.03,11954,,B.lion,,,,72,teacher,,,,,,,E-commerce,Fashion & Retail,,
1777,12024,Changpeng Zhao,,,,,,,,,,,,,,,,,,Canada,person.public,USD-networth,"$10,500,000,000",,,12024.03,11981,,B.lion,,,,45,householder,,,,,,,Cryptocurrency exchange,Finance & Investments,,
1800,12024,Andrew Beal,,,,,,,,,,,,,,,,,,United States,person.public,USD-networth,"$10,300,000,000",,,12024.03,11964,,B.lion,,,,62,teacher,,,,,,,"Banks, real estate",Finance & Investments,,
1814,12024,Mike Cannon-Brookes,,,,,,,,,,,,,,,,,,Australia,person.public,USD-networth,"$10,200,000,000",,,12024.03,11942,,B.lion,,,,84,advisor,,,,,,,Software,Technology,,
1815,12024,Carl Cook,XY,,,,,,,,,,,,,,,,,United States,person.public,USD-networth,"$10,200,000,000",,,12024.03,11960,,B.lion,,,,66,teacher,,,,,,,Medical devices,Healthcare,,
1816,12024,David Duffield,XY,,,,,,,,,,,,,,,,,United States,person.public,USD-networth,"$10,200,000,000",,,12024.03,11950,,B.lion,,,,76,advisor,,,,,,,Business software,Technology,,
1817,12024,Jeffery Hildebrand,XY,,,,,,,,,,,,,,,,,United States,person.public,USD-networth,"$10,200,000,000",,,12024.03,11983,,B.lion,,,,43,householder,,,,,,,Oil,Energy,,
1818,12024,Viktor Rashnikov,XY,,,,,,,,,,,,,,,,,Russia,person.public,USD-networth,"$10,200,000,000",,,12024.03,11966,,B.lion,,,,60,teacher,,,,,,,Steel,Manufacturing,,
1819,12024,Eduardo Saverin,XY,,,,,,,,,,,,,,,,,Brazil,person.public,USD-networth,"$10,200,000,000",,,12024.03,11950,,B.lion,,,,76,advisor,,,,,,,Facebook,Technology,,
1820,12024,Georg Schaeffler,XY,,,,,,,,,,,,,,,,,Germany,person.public,USD-networth,"$10,200,000,000",,,12024.03,11981,,B.lion,,,,45,householder,,,,,,,Auto parts,Automotive,,
1821,12024,Christy Walton,XX,,,,,,,,,,,,,,,,,United States,person.public,USD-networth,"$10,200,000,000",,,12024.03,11943,,B.lion,,,,83,advisor,,,,,,,Walmart,Fashion & Retail,,
1839,12024,Scott Farquhar,XY,,,,,,,,,,,,,,,,,Australia,person.public,USD-networth,"$10,100,000,000",,,12024.03,11965,,B.lion,,,,61,teacher,,,,,,,Software,Technology,,
1840,12024,Quek Leng Chan,,,,,,,,,,,,,,,,,,Malaysia,person.public,USD-networth,"$10,100,000,000",,,12024.03,11939,,B.lion,,,,87,advisor,,,,,,,"Banking, property",Diversified,,
1841,12024,Wu Yajun,,,,,,,,,,,,,,,,,,China,person.public,USD-networth,"$10,100,000,000",,,12024.03,11950,,B.lion,,,,76,advisor,,,,,,,Real estate,Real Estate,,
1859,12024,Autry Stephens,,,,,,,,,,,,,,,,,,United States,person.public,USD-networth,"$10,000,000,000",,,12024.03,11950,,B.lion,,,,76,advisor,,,,,,,Oil,Energy,,
1870,12024,Liu Yongxing,,,,,,,,,,,,,,,,,,China,person.public,USD-networth,"$9,900,000,000",,,12024.03,11944,,B.lion,,,,82,advisor,,,,,,,Diversified,Service,,
1885,12024,Vinod Adani,XY,,,,,,,,,,,,,,,,,Cyprus,person.public,USD-networth,"$9,800,000,000",,,12024.03,11973,,B.lion,,,,53,teacher,,,,,,,"Infrastructure, commodities",Diversified,,
1886,12024,Nicolas Puech,XY,,,,,,,,,,,,,,,,,France,person.public,USD-networth,"$9,800,000,000",,,12024.03,11971,,B.lion,,,,55,teacher,,,,,,,Hermes,Fashion & Retail,,
1887,12024,"Jacques Saadé, Jr.",,,,,,,,,,,,,,,,,,France,person.public,USD-networth,"$9,800,000,000",,,12024.03,11969,,B.lion,,,,57,teacher,,,,,,,Shipping,Logistics,,
1888,12024,Rodolphe Saadé,,,,,,,,,,,,,,,,,,France,person.public,USD-networth,"$9,800,000,000",,,12024.03,11949,,B.lion,,,,77,advisor,,,,,,,Shipping,Logistics,,
1889,12024,Tanya Saadé Zeenny,,,,,,,,,,,,,,,,,,France,person.public,USD-networth,"$9,800,000,000",,,12024.03,11961,,B.lion,,,,65,teacher,,,,,,,Shipping,Logistics,,
1890,12024,Melker Schorling,,,,,,,,,,,,,,,,,,Sweden,person.public,USD-networth,"$9,800,000,000",,,12024.03,11965,,B.lion,,,,61,teacher,,,,,,,Investments,Finance & Investments,,
1902,12024,Andrei Guryev,,,,,,,,,,,,,,,,,,Russia,person.public,USD-networth,"$9,700,000,000",,,12024.03,11971,,B.lion,,,,55,teacher,,,,,,,Fertilizers,Manufacturing,,
1903,12024,Michael Kim,XY,,,,,,,,,,,,,,,,,United States,person.public,USD-networth,"$9,700,000,000",,,12024.03,11948,,B.lion,,,,78,advisor,,,,,,,Private equity,Finance & Investments,,
1904,12024,Lei Jun,,,,,,,,,,,,,,,,,,China,person.public,USD-networth,"$9,700,000,000",,,12024.03,11960,,B.lion,,,,66,teacher,,,,,,,Smartphones,Technology,,
1905,12024,Friedhelm Loh,,,,,,,,,,,,,,,,,,Germany,person.public,USD-networth,"$9,700,000,000",,,12024.03,11954,,B.lion,,,,72,teacher,,,,,,,Manufacturing,Manufacturing,,
1906,12024,Sun Piaoyang,,,,,,,,,,,,,,,,,,China,person.public,USD-networth,"$9,700,000,000",,,12024.03,11954,,B.lion,,,,72,teacher,,,,,,,Pharmaceuticals,Healthcare,,
1918,12024,Rick Cohen,XY,,,,,,,,,,,,,,,,,United States,person.public,USD-networth,"$9,600,000,000",,,12024.03,11957,,B.lion,,,,69,teacher,,,,,,,Warehouse automation,Technology,,
1919,12024,Jin Baofang,,,,,,,,,,,,,,,,,,China,person.public,USD-networth,"$9,600,000,000",,,12024.03,11953,,B.lion,,,,73,advisor,,,,,,,Solar panels,Energy,,
1920,12024,Luo Liguo,,,,,,,,,,,,,,,,,,China,person.public,USD-networth,"$9,600,000,000",,,12024.03,11930,,B.lion,,,,96,phantasim,,,,,,,Chemicals,Manufacturing,,
1931,12024,Vincent Bolloré,XY,,,,,,,,,,,,,,,,,France,person.public,USD-networth,"$9,500,000,000",,,12024.03,11967,,B.lion,,,,59,teacher,,,,,,,Investments,Finance & Investments,,
1932,12024,Jim Pattison,XY,,,,,,,,,,,,,,,,,Canada,person.public,USD-networth,"$9,500,000,000",,,12024.03,11980,,B.lion,,,,46,householder,,,,,,,Diversified,Diversified,,
1948,12024,Ernesto Bertarelli,XY,,,,,,,,,,,,,,,,,Switzerland,person.public,USD-networth,"$9,400,000,000",,,12024.03,11983,,B.lion,,,,43,householder,,,,,,,"Biotech, investments",Healthcare,,
1949,12024,Wang Xing,,,,,,,,,,,,,,,,,,China,person.public,USD-networth,"$9,400,000,000",,,12024.03,11949,,B.lion,,,,77,advisor,,,,,,,Food delivery,Technology,,
1963,12024,Brian Chesky,XY,,,,,,,,,,,,,,,,,United States,person.public,USD-networth,"$9,300,000,000",,,12024.03,11968,,B.lion,,,,58,teacher,,,,,,,Airbnb,Technology,,
1964,12024,James Dyson,XY,,,,,,,,,,,,,,,,,United Kingdom,person.public,USD-networth,"$9,300,000,000",,,12024.03,11945,,B.lion,,,,81,advisor,,,,,,,Vacuums,Manufacturing,,
1977,12024,Roman Abramovich,XY,,,,,,,,,,,,,,,,,Russia,person.public,USD-networth,"$9,200,000,000",,,12024.03,11977,,B.lion,,,,49,teacher,,,,,,,"Steel, investments",Diversified,,
1978,12024,Antonia Ax:son Johnson,XX,,,,,,,,,,,,,,,,,Sweden,person.public,USD-networth,"$9,200,000,000",,,12024.03,11942,,B.lion,,,,84,advisor,,,,,,,Diversified,Diversified,,
1979,12024,Daniel Kretinsky,XY,,,,,,,,,,,,,,,,,Czech Republic,person.public,USD-networth,"$9,200,000,000",,,12024.03,11947,,B.lion,,,,79,advisor,,,,,,,"Energy, investments",Energy,,
1980,12024,John Malone,XY,,,,,,,,,,,,,,,,,United States,person.public,USD-networth,"$9,200,000,000",,,12024.03,11939,,B.lion,,,,87,advisor,,,,,,,Cable television,Media & Entertainment,,
1981,12024,Azim Premji,,,,,,,,,,,,,,,,,,India,person.public,USD-networth,"$9,200,000,000",,,12024.03,11961,,B.lion,,,,65,teacher,,,,,,,Software services,Technology,,
1982,12024,Charles Schwab,XY,,,,,,,,,,,,,,,,,United States,person.public,USD-networth,"$9,200,000,000",,,12024.03,11952,,B.lion,,,,74,advisor,,,,,,,Discount brokerage,Finance & Investments,,
1983,12024,Eric Smidt,XY,,,,,,,,,,,,,,,,,United States,person.public,USD-networth,"$9,200,000,000",,,12024.03,11958,,B.lion,,,,68,teacher,,,,,,,Hardware stores,Fashion & Retail,,
2009,12024,David Cheriton,XY,,,,,,,,,,,,,,,,,Canada,person.public,USD-networth,"$9,000,000,000",,,12024.03,11969,,B.lion,,,,57,teacher,,,,,,,Google,Technology,,
2010,12024,Ivan Glasenberg,XY,,,,,,,,,,,,,,,,,Switzerland,person.public,USD-networth,"$9,000,000,000",,,12024.03,11951,,B.lion,,,,75,advisor,,,,,,,Mining,Metals & Mining,,
2011,12024,Alexander Otto,XY,,,,,,,,,,,,,,,,,Germany,person.public,USD-networth,"$9,000,000,000",,,12024.03,11967,,B.lion,,,,59,teacher,,,,,,,Real estate,Real Estate,,
2012,12024,Anthony von Mandl,XY,,,,,,,,,,,,,,,,,Canada,person.public,USD-networth,"$9,000,000,000",,,12024.03,11956,,B.lion,,,,70,teacher,,,,,,,Alcoholic beverages,Food & Beverage,,
2013,12024,Wang Liping,,,,,,,,,,,,,,,,,,China,person.public,USD-networth,"$9,000,000,000",,,12024.03,11961,,B.lion,,,,65,teacher,,,,,,,Hydraulic machinery,Manufacturing,,
2027,12024,Finn Rausing,,,,,,,,,,,,,,,,,,Sweden,person.public,USD-networth,"$8,900,000,000",,,12024.03,11954,,B.lion,,,,72,teacher,,,,,,,Packaging,Food & Beverage,,
2028,12024,Jorn Rausing,,,,,,,,,,,,,,,,,,Sweden,person.public,USD-networth,"$8,900,000,000",,,12024.03,11977,,B.lion,,,,49,teacher,,,,,,,Packaging,Food & Beverage,,
2029,12024,Kirsten Rausing,,,,,,,,,,,,,,,,,,Sweden,person.public,USD-networth,"$8,900,000,000",,,12024.03,11953,,B.lion,,,,73,advisor,,,,,,,Packaging,Food & Beverage,,
2042,12024,Tatyana Bakalchuk,,,,,,,,,,,,,,,,,,Russia,person.public,USD-networth,"$8,800,000,000",,,12024.03,11975,,B.lion,,,,51,teacher,,,,,,,Ecommerce,Fashion & Retail,,
2043,12024,John Doerr,XY,,,,,,,,,,,,,,,,,United States,person.public,USD-networth,"$8,800,000,000",,,12024.03,11986,,B.lion,,,,40,householder,,,,,,,Venture capital,Technology,,
2044,12024,Richard Liu,XY,,,,,,,,,,,,,,,,,China,person.public,USD-networth,"$8,800,000,000",,,12024.03,11969,,B.lion,,,,57,teacher,,,,,,,E-commerce,Technology,,
2045,12024,Dustin Moskovitz,XY,,,,,,,,,,,,,,,,,United States,person.public,USD-networth,"$8,800,000,000",,,12024.03,11960,,B.lion,,,,66,teacher,,,,,,,Facebook,Technology,,
2046,12024,Pierre Omidyar,,,,,,,,,,,,,,,,,,United States,person.public,USD-networth,"$8,800,000,000",,,12024.03,11952,,B.lion,,,,74,advisor,,,,,,,"EBay, PayPal",Technology,,
2047,12024,Pei Zhenhua,,,,,,,,,,,,,,,,,,China,person.public,USD-networth,"$8,800,000,000",,,12024.03,11972,,B.lion,,,,54,teacher,,,,,,,Batteries,Energy,,
2048,12024,Carrie Perrodo,,,,,,,,,,,,,,,,,,France,person.public,USD-networth,"$8,800,000,000",,,12024.03,11945,,B.lion,,,,81,advisor,,,,,,,Oil,Energy,,
2069,12024,Chen Jianhua,XY,,,,,,,,,,,,,,,,,China,person.public,USD-networth,"$8,700,000,000",,,12024.03,11953,,B.lion,,,,73,advisor,,,,,,,Chemicals,Manufacturing,,
2070,12024,Michael Otto,XY,,,,,,,,,,,,,,,,,Germany,person.public,USD-networth,"$8,700,000,000",,,12024.03,11957,,B.lion,,,,69,teacher,,,,,,,"Retail, real estate",Fashion & Retail,,
2089,12024,Leon Black,,,,,,,,,,,,,,,,,,United States,person.public,USD-networth,"$8,600,000,000",,,12024.03,11956,,B.lion,,,,70,teacher,,,,,,,Private equity,Finance & Investments,,
2090,12024,Graeme Hart,,,,,,,,,,,,,,,,,,New Zealand,person.public,USD-networth,"$8,600,000,000",,,12024.03,11945,,B.lion,,,,81,advisor,,,,,,,Investments,Finance & Investments,,
2091,12024,Ravi Jaipuria,,,,,,,,,,,,,,,,,,India,person.public,USD-networth,"$8,600,000,000",,,12024.03,11949,,B.lion,,,,77,advisor,,,,,,,"Soft drinks, fast food",Food & Beverage,,
2092,12024,Hasso Plattner,,,,,,,,,,,,,,,,,,Germany,person.public,USD-networth,"$8,600,000,000",,,12024.03,11951,,B.lion,,,,75,advisor,,,,,,,Software,Technology,,
2093,12024,Carlos Alberto Sicupira,XY,,,,,,,,,,,,,,,,,Brazil,person.public,USD-networth,"$8,600,000,000",,,12024.03,11957,,B.lion,,,,69,teacher,,,,,,,Beer,Food & Beverage,,
2094,12024,Manuel Villar,,,,,,,,,,,,,,,,,,Philippines,person.public,USD-networth,"$8,600,000,000",,,12024.03,11977,,B.lion,,,,49,teacher,,,,,,,Real estate,Real Estate,,
2095,12024,Andreas von Bechtolsheim,,,,,,,,,,,,,,,,,,Germany,person.public,USD-networth,"$8,600,000,000",,,12024.03,11950,,B.lion,,,,76,advisor,,,,,,,Google,Technology,,
2109,12024,"Chase Coleman, III.",,,,,,,,,,,,,,,,,,United States,person.public,USD-networth,"$8,500,000,000",,,12024.03,11969,,B.lion,,,,57,teacher,,,,,,,Investments,Finance & Investments,,
2110,12024,Ann Walton Kroenke,,,,,,,,,,,,,,,,,,United States,person.public,USD-networth,"$8,500,000,000",,,12024.03,11949,,B.lion,,,,77,advisor,,,,,,,Walmart,Fashion & Retail,,
2111,12024,Li Zhenguo,,,,,,,,,,,,,,,,,,China,person.public,USD-networth,"$8,500,000,000",,,12024.03,11947,,B.lion,,,,79,advisor,,,,,,,Solar wafers and modules,Manufacturing,,
2126,12024,Jim Kennedy,XY,,,,,,,,,,,,,,,,,United States,person.public,USD-networth,"$8,400,000,000",,,12024.03,11952,,B.lion,,,,74,advisor,,,,,,,"Media, automotive",Media & Entertainment,,
2127,12024,Nicky Oppenheimer,,,,,,,,,,,,,,,,,,South Africa,person.public,USD-networth,"$8,400,000,000",,,12024.03,11947,,B.lion,,,,79,advisor,,,,,,,Diamonds,Metals & Mining,,
2128,12024,Blair Parry-Okeden,,,,,,,,,,,,,,,,,,United States,person.public,USD-networth,"$8,400,000,000",,,12024.03,11949,,B.lion,,,,77,advisor,,,,,,,"Media, automotive",Media & Entertainment,,
2129,12024,Zheng Shuliang,,,,,,,,,,,,,,,,,,China,person.public,USD-networth,"$8,400,000,000",,,12024.03,11943,,B.lion,,,,83,advisor,,,,,,,Aluminum products,Metals & Mining,,
,,August von Finck Jr.,XX,August von Finck Sr.,,August von Finck Jr.,Von Finck,Francine von Finck (XY),,Germany,,,Modern-German.PreWWII,,de-DE_typeface.PostWWII-era,Junior (XY horcrux),,,,Germany,person.public,USD-networth,"$8,300,000,000",,4,12024.03,11962,,B.lion,,12021,,59,teacher,,,,,,,Investments,Finance & Investments,,
2150,12024,John Morris,XY,,,,,,,,,,,,,,,,,United States,person.public,USD-networth,"$8,300,000,000",,,12024.03,11949,,B.lion,,,,77,advisor,,,,,,,Sporting goods retail,Fashion & Retail,,
2151,12024,Stefano Pessina,XY,,,,,,,,,,,,,,,,,Monaco,person.public,USD-networth,"$8,300,000,000",,,12024.03,11963,,B.lion,,,,63,teacher,,,,,,,Drugstores,Fashion & Retail,,
2172,12024,Francis Choi,,,,,,,,,,,,,,,,,,Hong Kong,person.public,USD-networth,"$8,200,000,000",,,12024.03,11945,,B.lion,,,,81,advisor,,,,,,,Real estate,Real Estate,,
2173,12024,German Khan,,,,,,,,,,,,,,,,,,Russia,person.public,USD-networth,"$8,200,000,000",,,12024.03,11933,,B.lion,,,,93,phantasim,,,,,,,"Oil, banking, telecom",Energy,,
2174,12024,Abdulsamad Rabiu,,,,,,,,,,,,,,,,,,Nigeria,person.public,USD-networth,"$8,200,000,000",,,12024.03,11956,,B.lion,,,,70,teacher,,,,,,,"Cement, sugar",Diversified,,
2175,12024,George Roberts,,,,,,,,,,,,,,,,,,United States,person.public,USD-networth,"$8,200,000,000",,,12024.03,11983,,B.lion,,,,43,householder,,,,,,,Private equity,Finance & Investments,,
2176,12024,Kushal Pal Singh,,,,,,,,,,,,,,,,,,India,person.public,USD-networth,"$8,200,000,000",,,12024.03,11955,,B.lion,,,,71,teacher,,,,,,,Real estate,Real Estate,,
2177,12024,Wang Jianlin,,,,,,,,,,,,,,,,,,China,person.public,USD-networth,"$8,200,000,000",,,12024.03,11958,,B.lion,,,,68,teacher,,,,,,,Real estate,Real Estate,,
2178,12024,Yang Huiyan,,,,,,,,,,,,,,,,,,China,person.public,USD-networth,"$8,200,000,000",,,12024.03,11959,,B.lion,,,,67,teacher,,,,,,,Real estate,Real Estate,,
2197,12024,Laurent Dassault,,,,,,,,,,,,,,,,,,France,person.public,USD-networth,"$8,100,000,000",,,12024.03,11966,,B.lion,,,,60,teacher,,,,,,,Diversified,Diversified,,
2198,12024,Thierry Dassault,,,,,,,,,,,,,,,,,,France,person.public,USD-networth,"$8,100,000,000",,,12024.03,11970,,B.lion,,,,56,teacher,,,,,,,Diversified,Diversified,,
2199,12024,Tilman Fertitta,,,,,,,,,,,,,,,,,,United States,person.public,USD-networth,"$8,100,000,000",,,12024.03,11985,,B.lion,,,,41,householder,,,,,,,"Houston Rockets, entertainment",Food & Beverage,,
2200,12024,Marie-Hélène Habert-Dassault,,,,,,,,,,,,,,,,,,France,person.public,USD-networth,"$8,100,000,000",,,12024.03,11958,,B.lion,,,,68,teacher,,,,,,,Diversified,Diversified,,
2201,12024,Karel Komarek,,,,,,,,,,,,,,,,,,Czech Republic,person.public,USD-networth,"$8,100,000,000",,,12024.03,11931,,B.lion,,,,95,phantasim,,,,,,,"Oil and gas, IT, lotteries",Gambling & Casinos,,
2221,12024,Nathan Blecharczyk,,,,,,,,,,,,,,,,,,United States,person.public,USD-networth,"$8,000,000,000",,,12024.03,11939,,B.lion,,,,87,advisor,,,,,,,Airbnb,Technology,,
2222,12024,Leonid Fedun,,,,,,,,,,,,,,,,,,Russia,person.public,USD-networth,"$8,000,000,000",,,12024.03,11964,,B.lion,,,,62,teacher,,,,,,,Oil,Energy,,
2223,12024,Bernard Marcus,,,,,,,,,,,,,,,,,,United States,person.public,USD-networth,"$8,000,000,000",,,12024.03,11966,,B.lion,,,,60,teacher,,,,,,,Home Depot,Fashion & Retail,,
2224,12024,Patrick Ryan,,,,,,,,,,,,,,,,,,United States,person.public,USD-networth,"$8,000,000,000",,,12024.03,11948,,B.lion,,,,78,advisor,,,,,,,Insurance,Finance & Investments,,
2225,12024,Robert F. Smith,,,,,,,,,,,,,,,,,,United States,person.public,USD-networth,"$8,000,000,000",,,12024.03,11972,,B.lion,,,,54,teacher,,,,,,,Private equity,Finance & Investments,,
2226,12024,Pavel Tykac,,,,,,,,,,,,,,,,,,Czech Republic,person.public,USD-networth,"$8,000,000,000",,,12024.03,11972,,B.lion,,,,54,teacher,,,,,,,Coal mines,Metals & Mining,,
2227,12024,Eric Wittouck,,,,,,,,,,,,,,,,,,Belgium,person.public,USD-networth,"$8,000,000,000",,,12024.03,11953,,B.lion,,,,73,advisor,,,,,,,Investments,Finance & Investments,,
2228,12024,Leona Helmsley,XX,,,Leona Helmsley,Queen of Mean,,,United States,,,,,,,,,,United States,person.public,USD-networth,"$8,000,000,000",,,12024.03,,,B.lion,,,,12026,phantasim,,,,,,,"racketeering, tax evasion",Grey Business,"an American businesswoman mostly known for her reputation for tyrannical behavior, earning her the sobriquet “Queen of Mean”. Helmsley was investigated and convicted of federal income tax evasion and other crimes in 1989.",
2246,12024,Orlando Bravo,,,,,,,,,,,,,,,,,,United States,person.public,USD-networth,"$7,900,000,000",,,12024.03,11970,,B.lion,,,,56,teacher,,,,,,,Private equity,Finance & Investments,,
2247,12024,Ding Shizhong,,,,,,,,,,,,,,,,,,China,person.public,USD-networth,"$7,900,000,000",,,12024.03,11970,,B.lion,,,,56,teacher,,,,,,,Sports apparel,Fashion & Retail,,
2248,12024,Nancy Walton Laurie,,,,,,,,,,,,,,,,,,United States,person.public,USD-networth,"$7,900,000,000",,,12024.03,11952,,B.lion,,,,74,advisor,,,,,,,Walmart,Fashion & Retail,,
2249,12024,Jay Y. Lee,,,,,,,,,,,,,,,,,,South Korea,person.public,USD-networth,"$7,900,000,000",,,12024.03,11967,,B.lion,,,,59,teacher,,,,,,,Samsung,Technology,,
2250,12024,Ramzi Musallam,,,,,,,,,,,,,,,,,,United States,person.public,USD-networth,"$7,900,000,000",,,12024.03,11974,,B.lion,,,,52,teacher,,,,,,,Private equity,Finance & Investments,,
2251,12024,David Shaw,XY,,,,,,,,,,,,,,,,,United States,person.public,USD-networth,"$7,900,000,000",,,12024.03,11951,,B.lion,,,,75,advisor,,,,,,,Hedge funds,Finance & Investments,,
2252,12024,Andrei Skoch,,,,,,,,,,,,,,,,,,Russia,person.public,USD-networth,"$7,900,000,000",,,12024.03,11958,,B.lion,,,,68,teacher,,,,,,,Metals and mining,Metals & Mining,,
2253,12024,Georg Stumpf,,,,,,,,,,,,,,,,,,Austria,person.public,USD-networth,"$7,900,000,000",,,12024.03,11930,,B.lion,,,,96,phantasim,,,,,,,"Real estate, construction",Diversified,,
2276,12024,Rocco Commisso,,,,,,,,,,,,,,,,,,United States,person.public,USD-networth,"$7,800,000,000",,,12024.03,11971,,B.lion,,,,55,teacher,,,,,,,Telecom,Telecom,,
2277,12024,Li Shuirong,,,,,,,,,,,,,,,,,,China,person.public,USD-networth,"$7,800,000,000",,,12024.03,11966,,B.lion,,,,60,teacher,,,,,,,Petrochemicals,Manufacturing,,
2278,12024,Lin Shu-hong,,,,,,,,,,,,,,,,,,Taiwan,person.public,USD-networth,"$7,800,000,000",,,12024.03,11949,,B.lion,,,,77,advisor,,,,,,,Petrochemicals,Manufacturing,,
2279,12024,Qi Shi,,,,,,,,,,,,,,,,,,China,person.public,USD-networth,"$7,800,000,000",,,12024.03,11969,,B.lion,,,,57,teacher,,,,,,,Financial information,Technology,,
2280,12024,Yao Liangsong,,,,,,,,,,,,,,,,,,China,person.public,USD-networth,"$7,800,000,000",,,12024.03,11982,,B.lion,,,,44,householder,,,,,,,Furniture,Manufacturing,,
2281,12024,Zhang Congyuan,,,,,,,,,,,,,,,,,,Taiwan,person.public,USD-networth,"$7,800,000,000",,,12024.03,11944,,B.lion,,,,82,advisor,,,,,,,Shoes,Fashion & Retail,,
2293,12024,Jean-Michel Besnier,,,,,,,,,,,,,,,,,,France,person.public,USD-networth,"$7,700,000,000",,,12024.03,11970,,B.lion,,,,56,teacher,,,,,,,Cheese,Food & Beverage,,
2294,12024,Marie Besnier Beauvalot,,,,,,,,,,,,,,,,,,France,person.public,USD-networth,"$7,700,000,000",,,12024.03,11953,,B.lion,,,,73,advisor,,,,,,,Cheese,Food & Beverage,,
2295,12024,David Geffen,XY,,,,,,,,,,,,,,,,,United States,person.public,USD-networth,"$7,700,000,000",,,12024.03,11956,,B.lion,,,,70,teacher,,,,,,,"Movies, record labels",Media & Entertainment,,
2296,12024,Robin Li,,,,,,,,,,,,,,,,,,China,person.public,USD-networth,"$7,700,000,000",,,12024.03,11956,,B.lion,,,,70,teacher,,,,,,,Internet search,Technology,,
2297,12024,Liu Yonghao,,,,,,,,,,,,,,,,,,China,person.public,USD-networth,"$7,700,000,000",,,12024.03,11963,,B.lion,,,,63,teacher,,,,,,,Agribusiness,Service,,
2298,12024,Henry Samueli,,,,,,,,,,,,,,,,,,United States,person.public,USD-networth,"$7,700,000,000",,,12024.03,11970,,B.lion,,,,56,teacher,,,,,,,Semiconductors,Technology,,
2299,12024,Reinhold Schmieding,,,,,,,,,,,,,,,,,,United States,person.public,USD-networth,"$7,700,000,000",,,12024.03,11935,,B.lion,,,,91,phantasim,,,,,,,Medical devices,Healthcare,,
2300,12024,Ivar Tollefsen,,,,,,,,,,,,,,,,,,Norway,person.public,USD-networth,"$7,700,000,000",,,12024.03,11957,,B.lion,,,,69,teacher,,,,,,,Real estate,Real Estate,,
2329,12024,Cao Renxian,,,,,,,,,,,,,,,,,,China,person.public,USD-networth,"$7,600,000,000",,,12024.03,11983,,B.lion,,,,43,householder,,,,,,,Photovoltaic equipment,Energy,,
2330,12024,Hasmukh Chudgar,,,,,,,,,,,,,,,,,,India,person.public,USD-networth,"$7,600,000,000",,,12024.03,11960,,B.lion,,,,66,teacher,,,,,,,Pharmaceuticals,Healthcare,,
2331,12024,Andrew Currie,,,,,,,,,,,,,,,,,,United Kingdom,person.public,USD-networth,"$7,600,000,000",,,12024.03,11958,,B.lion,,,,68,teacher,,,,,,,Chemicals,Manufacturing,,
2332,12024,Joe Gebbia,,,,,,,,,,,,,,,,,,United States,person.public,USD-networth,"$7,600,000,000",,,12024.03,11939,,B.lion,,,,87,advisor,,,,,,,Airbnb,Technology,,
2333,12024,Philip Ng,,,,,,,,,,,,,,,,,,Singapore,person.public,USD-networth,"$7,600,000,000",,,12024.03,11965,,B.lion,,,,61,teacher,,,,,,,Real Estate,Real Estate,,
2334,12024,John Reece,XY,,,,,,,,,,,,,,,,,United Kingdom,person.public,USD-networth,"$7,600,000,000",,,12024.03,11962,,B.lion,,,,64,teacher,,,,,,,Chemicals,Manufacturing,,
2335,12024,Leonard Stern,,,,,,,,,,,,,,,,,,United States,person.public,USD-networth,"$7,600,000,000",,,12024.03,11944,,B.lion,,,,82,advisor,,,,,,,Real estate,Real Estate,,
2336,12024,Joseph Tsai,,,,,,,,,,,,,,,,,,Canada,person.public,USD-networth,"$7,600,000,000",,,12024.03,11939,,B.lion,,,,87,advisor,,,,,,,E-commerce,Technology,,
2337,12024,Zhong Huijuan,,,,,,,,,,,,,,,,,,China,person.public,USD-networth,"$7,600,000,000",,,12024.03,11965,,B.lion,,,,61,teacher,,,,,,,Pharmaceuticals,Healthcare,,
2362,12024,Arthur Blank,,,,,,,,,,,,,,,,,,United States,person.public,USD-networth,"$7,500,000,000",,,12024.03,11956,,B.lion,,,,70,teacher,,,,,,,Home Depot,Sports,,
2363,12024,Charles Butt,XY,,,,,,,,,,,,,,,,,United States,person.public,USD-networth,"$7,500,000,000",,,12024.03,11945,,B.lion,,,,81,advisor,,,,,,,Supermarkets,Fashion & Retail,,
2364,12024,Ding Shijia,,,,,,,,,,,,,,,,,,China,person.public,USD-networth,"$7,500,000,000",,,12024.03,11972,,B.lion,,,,54,teacher,,,,,,,Sports apparel,Fashion & Retail,,
2365,12024,"Paul Tudor Jones, II.",,,,,,,,,,,,,,,,,,United States,person.public,USD-networth,"$7,500,000,000",,,12024.03,11944,,B.lion,,,,82,advisor,,,,,,,Hedge funds,Finance & Investments,,
2366,12024,Henry Kravis,,,,,,,,,,,,,,,,,,United States,person.public,USD-networth,"$7,500,000,000",,,12024.03,11954,,B.lion,,,,72,teacher,,,,,,,Private equity,Finance & Investments,,
2367,12024,Zhang Yong,,,,,,,,,,,,,,,,,,Singapore,person.public,USD-networth,"$7,500,000,000",,,12024.03,11965,,B.lion,,,,61,teacher,,,,,,,Restaurants,Food & Beverage,,
2386,12024,James Goodnight,,,,,,,,,,,,,,,,,,United States,person.public,USD-networth,"$7,400,000,000",,,12024.03,11953,,B.lion,,,,73,advisor,,,,,,,Software,Technology,,
2387,12024,Sri Prakash Lohia,,,,,,,,,,,,,,,,,,Indonesia,person.public,USD-networth,"$7,400,000,000",,,12024.03,11952,,B.lion,,,,74,advisor,,,,,,,Petrochemicals,Manufacturing,,
2388,12024,Ma Jianrong,,,,,,,,,,,,,,,,,,China,person.public,USD-networth,"$7,400,000,000",,,12024.03,11962,,B.lion,,,,64,teacher,,,,,,,"Textiles, apparel",Fashion & Retail,,
2389,12024,Robert Ng,,,,,,,,,,,,,,,,,,Singapore,person.public,USD-networth,"$7,400,000,000",,,12024.03,11943,,B.lion,,,,83,advisor,,,,,,,Real estate,Real Estate,,
2390,12024,Steven Rales,XY,,,,,,,,,,,,,,,,,United States,person.public,USD-networth,"$7,400,000,000",,,12024.03,11933,,B.lion,,,,93,phantasim,,,,,,,"Manufacturing, investments",Manufacturing,,
2391,12024,Nassef Sawiris,,,,,,,,,,,,,,,,,,Egypt,person.public,USD-networth,"$7,400,000,000",,,12024.03,11965,,B.lion,,,,61,teacher,,,,,,,"Construction, investments",Construction & Engineering,,
2392,12024,Harry Stine,,,,,,,,,,,,,,,,,,United States,person.public,USD-networth,"$7,400,000,000",,,12024.03,11974,,B.lion,,,,52,teacher,,,,,,,Agriculture,Food & Beverage,,
2412,12024,Benu Gopal Bangur,,,,,,,,,,,,,,,,,,India,person.public,USD-networth,"$7,300,000,000",,,12024.03,11961,,B.lion,,,,65,teacher,,,,,,,Cement,Manufacturing,,
2413,12024,Iskander Makhmudov,,,,,,,,,,,,,,,,,,Russia,person.public,USD-networth,"$7,300,000,000",,,12024.03,11969,,B.lion,,,,57,teacher,,,,,,,"Mining, metals, machinery",Metals & Mining,,
2414,12024,Anders Holch Povlsen,,,,,,,,,,,,,,,,,,Denmark,person.public,USD-networth,"$7,300,000,000",,,12024.03,11959,,B.lion,,,,67,teacher,,,,,,,Fashion retail,Fashion & Retail,,
2415,12024,Enrique Razon Jr.,,,,,,,,,,,,,,,,,,Philippines,person.public,USD-networth,"$7,300,000,000",,,12024.03,11952,,B.lion,,,,74,advisor,,,,,,,Ports,Logistics,,
2416,12024,Wang Laichun,,,,,,,,,,,,,,,,,,Hong Kong,person.public,USD-networth,"$7,300,000,000",,,12024.03,11956,,B.lion,,,,70,teacher,,,,,,,Electronics components,Technology,,
2441,12024,Arthur Dantchik,,,,,,,,,,,,,,,,,,United States,person.public,USD-networth,"$7,200,000,000",,,12024.03,11945,,B.lion,,,,81,advisor,,,,,,,"Trading, investments",Finance & Investments,,
2442,12024,Terry Gou,,,,,,,,,,,,,,,,,,Taiwan,person.public,USD-networth,"$7,200,000,000",,,12024.03,11946,,B.lion,,,,80,advisor,,,,,,,Electronics,Technology,,
2443,12024,Jeff Greene,,,,,,,,,,,,,,,,,,United States,person.public,USD-networth,"$7,200,000,000",,,12024.03,11983,,B.lion,,,,43,householder,,,,,,,"Real estate, investments",Real Estate,,
2444,12024,Don Hankey,,,,,,,,,,,,,,,,,,United States,person.public,USD-networth,"$7,200,000,000",,,12024.03,11963,,B.lion,,,,63,teacher,,,,,,,Auto loans,Finance & Investments,,
2445,12024,Richard Kinder,,,,,,,,,,,,,,,,,,United States,person.public,USD-networth,"$7,200,000,000",,,12024.03,11947,,B.lion,,,,79,advisor,,,,,,,Pipelines,Energy,,
2446,12024,Guillaume Pousaz,,,,,,,,,,,,,,,,,,Switzerland,person.public,USD-networth,"$7,200,000,000",,,12024.03,11945,,B.lion,,,,81,advisor,,,,,,,Fintech,Finance & Investments,,
2447,12024,Takahisa Takahara,,,,,,,,,,,,,,,,,,Japan,person.public,USD-networth,"$7,200,000,000",,,12024.03,11948,,B.lion,,,,78,advisor,,,,,,,Personal care goods,Fashion & Retail,,
2448,12024,Zong Qinghou,,,,,,,,,,,,,,,,,,China,person.public,USD-networth,"$7,200,000,000",,,12024.03,11963,,B.lion,,,,63,teacher,,,,,,,Beverages,Food & Beverage,,
2475,12024,Judy Faulkner,,,,,,,,,,,,,,,,,,United States,person.public,USD-networth,"$7,100,000,000",,,12024.03,11958,,B.lion,,,,68,teacher,,,,,,,Healthcare software,Technology,,
2476,12024,Johann Graf,,,,,,,,,,,,,,,,,,Austria,person.public,USD-networth,"$7,100,000,000",,,12024.03,11952,,B.lion,,,,74,advisor,,,,,,,Gambling,Gambling & Casinos,,
2477,12024,Tamara Gustavson,,,,,,,,,,,,,,,,,,United States,person.public,USD-networth,"$7,100,000,000",,,12024.03,11930,,B.lion,,,,96,phantasim,,,,,,,Self storage,Service,,
2478,12024,Liang Wengen,,,,,,,,,,,,,,,,,,China,person.public,USD-networth,"$7,100,000,000",,,12024.03,11953,,B.lion,,,,73,advisor,,,,,,,Construction equipment,Manufacturing,,
2479,12024,Frederik Paulsen,,,,,,,,,,,,,,,,,,Sweden,person.public,USD-networth,"$7,100,000,000",,,12024.03,11966,,B.lion,,,,60,teacher,,,,,,,Health care,Healthcare,,
2480,12024,Wee Cho Yaw,,,,,,,,,,,,,,,,,,Singapore,person.public,USD-networth,"$7,100,000,000",,,12024.03,11987,,B.lion,,,,39,householder,,,,,,,Banking,Finance & Investments,,
2481,12024,Zhang Hejun,,,,,,,,,,,,,,,,,,China,person.public,USD-networth,"$7,100,000,000",,,12024.03,11983,,B.lion,,,,43,householder,,,,,,,Electronics,Manufacturing,,
2504,12024,Marc Benioff,,,,,,,,,,,,,,,,,,United States,person.public,USD-networth,"$7,000,000,000",,,12024.03,11947,,B.lion,,,,79,advisor,,,,,,,Business software,Technology,,
2505,12024,Dmitri Bukhman,,,,,,,,,,,,,,,,,,Israel,person.public,USD-networth,"$7,000,000,000",,,12024.03,11944,,B.lion,,,,82,advisor,,,,,,,Online games,Media & Entertainment,,
2506,12024,Igor Bukhman,,,,,,,,,,,,,,,,,,Israel,person.public,USD-networth,"$7,000,000,000",,,12024.03,11941,,B.lion,,,,85,advisor,,,,,,,Online games,Media & Entertainment,,
2507,12024,Jack Dangermond,,,,,,,,,,,,,,,,,,United States,person.public,USD-networth,"$7,000,000,000",,,12024.03,11950,,B.lion,,,,76,advisor,,,,,,,Mapping software,Technology,,
2508,12024,Ashwin Dani,,,,,,,,,,,,,,,,,,India,person.public,USD-networth,"$7,000,000,000",,,12024.03,11969,,B.lion,,,,57,teacher,,,,,,,Paints,Manufacturing,,
2509,12024,Ralph Lauren,,,,,,,,,,,,,,,,,,United States,person.public,USD-networth,"$7,000,000,000",,,12024.03,11966,,B.lion,,,,60,teacher,,,,,,,Apparel,Fashion & Retail,,
2510,12024,Law Kar Po,,,,,,,,,,,,,,,,,,Hong Kong,person.public,USD-networth,"$7,000,000,000",,,12024.03,11955,,B.lion,,,,71,teacher,,,,,,,Real estate,Real Estate,,
2511,12024,Rohiqa Cyrus Mistry,,,,,,,,,,,,,,,,,,India,person.public,USD-networth,"$7,000,000,000",,,12024.03,11957,,B.lion,,,,69,teacher,,,,,,,Diversified,Diversified,,
2512,12024,Shapoor Mistry,,,,,,,,,,,,,,,,,,Ireland,person.public,USD-networth,"$7,000,000,000",,,12024.03,11953,,B.lion,,,,73,advisor,,,,,,,Diversified,Diversified,,
2513,12024,J. Christopher Reyes,,,,,,,,,,,,,,,,,,United States,person.public,USD-networth,"$7,000,000,000",,,12024.03,11962,,B.lion,,,,64,teacher,,,,,,,Food distribution,Food & Beverage,,
2514,12024,Jude Reyes,,,,,,,,,,,,,,,,,,United States,person.public,USD-networth,"$7,000,000,000",,,12024.03,11937,,B.lion,,,,89,advisor,,,,,,,Food distribution,Food & Beverage,,
2515,12024,Don Vultaggio,,,,,,,,,,,,,,,,,,United States,person.public,USD-networth,"$7,000,000,000",,,12024.03,11935,,B.lion,,,,91,phantasim,,,,,,,Beverages,Food & Beverage,,
2542,12024,Alejandro Baillères Gual,,,,,,,,,,,,,,,,,,Mexico,person.public,USD-networth,"$6,900,000,000",,,12024.03,11969,,B.lion,,,,57,teacher,,,,,,,Diversified,Diversified,,
2543,12024,Edythe Broad,,,,,,,,,,,,,,,,,,United States,person.public,USD-networth,"$6,900,000,000",,,12024.03,11966,,B.lion,,,,60,teacher,,,,,,,"Homebuilding, insurance",Diversified,,
2544,12024,Pauline MacMillan Keinath,,,,,,,,,,,,,,,,,,United States,person.public,USD-networth,"$6,900,000,000",,,12024.03,11944,,B.lion,,,,82,advisor,,,,,,,Cargill,Food & Beverage,,
2545,12024,Philippe Laffont,,,,,,,,,,,,,,,,,,United States,person.public,USD-networth,"$6,900,000,000",,,12024.03,11970,,B.lion,,,,56,teacher,,,,,,,Hedge fund,Finance & Investments,,
2546,12024,Liu Jincheng,,,,,,,,,,,,,,,,,,China,person.public,USD-networth,"$6,900,000,000",,,12024.03,11956,,B.lion,,,,70,teacher,,,,,,,Lithium batteries,Manufacturing,,
2547,12024,Igor Olenicoff,,,,,,,,,,,,,,,,,,United States,person.public,USD-networth,"$6,900,000,000",,,12024.03,11965,,B.lion,,,,61,teacher,,,,,,,Real estate,Real Estate,,
2548,12024,Sandra Ortega Mera,,,,,,,,,,,,,,,,,,Spain,person.public,USD-networth,"$6,900,000,000",,,12024.03,11938,,B.lion,,,,88,advisor,,,,,,,Zara,Fashion & Retail,,
2549,12024,Ronda Stryker,,,,,,,,,,,,,,,,,,United States,person.public,USD-networth,"$6,900,000,000",,,12024.03,11969,,B.lion,,,,57,teacher,,,,,,,Medical equipment,Healthcare,,
2570,12024,Dannine Avara,,,,,,,,,,,,,,,,,,United States,person.public,USD-networth,"$6,800,000,000",,,12024.03,11984,,B.lion,,,,42,householder,,,,,,,Pipelines,Energy,,
2571,12024,Silvio Berlusconi,,,,,,,,,,,,,,,,,,Italy,person.public,USD-networth,"$6,800,000,000",,,12024.03,11971,,B.lion,,,,55,teacher,,,,,,,Media,Diversified,,
2572,12024,Denise Coates,,,,,,,,,,,,,,,,,,United Kingdom,person.public,USD-networth,"$6,800,000,000",,,12024.03,11966,,B.lion,,,,60,teacher,,,,,,,Online gambling,Gambling & Casinos,,
2573,12024,Scott Duncan,,,,,,,,,,,,,,,,,,United States,person.public,USD-networth,"$6,800,000,000",,,12024.03,11963,,B.lion,,,,63,teacher,,,,,,,Pipelines,Energy,,
2574,12024,Milane Frantz,,,,,,,,,,,,,,,,,,United States,person.public,USD-networth,"$6,800,000,000",,,12024.03,11930,,B.lion,,,,96,phantasim,,,,,,,Pipelines,Energy,,
2575,12024,"Edward Johnson, IV.",XY,,,,,,,,,,,,,,,,,United States,person.public,USD-networth,"$6,800,000,000",,,12024.03,11971,,B.lion,,,,55,teacher,,,,,,,Fidelity,Finance & Investments,,
2576,12024,Yuri Milner,,,,,,,,,,,,,,,,,,Israel,person.public,USD-networth,"$6,800,000,000",,,12024.03,11963,,B.lion,,,,63,teacher,,,,,,,Tech investments,Finance & Investments,,
2577,12024,Gordon Moore,,,,,,,,,,,,,,,,,,United States,person.public,USD-networth,"$6,800,000,000",,,12024.03,11959,,B.lion,,,,67,teacher,,,,,,,Intel,Technology,,
2578,12024,John Overdeck,XY,,,,,,,,,,,,,,,,,United States,person.public,USD-networth,"$6,800,000,000",,,12024.03,11966,,B.lion,,,,60,teacher,,,,,,,Hedge funds,Finance & Investments,,
2579,12024,David Siegel,XY,,,,,,,,,,,,,,,,,United States,person.public,USD-networth,"$6,800,000,000",,,12024.03,11963,,B.lion,,,,63,teacher,,,,,,,Hedge funds,Finance & Investments,,
2580,12024,Viktor Vekselberg,,,,,,,,,,,,,,,,,,Russia,person.public,USD-networth,"$6,800,000,000",,,12024.03,11952,,B.lion,,,,74,advisor,,,,,,,"Metals, investments",Diversified,,
2581,12024,Wang Laisheng,,,,,,,,,,,,,,,,,,Hong Kong,person.public,USD-networth,"$6,800,000,000",,,12024.03,11968,,B.lion,,,,58,teacher,,,,,,,Electronics components,Technology,,
2582,12024,Randa Duncan Williams,,,,,,,,,,,,,,,,,,United States,person.public,USD-networth,"$6,800,000,000",,,12024.03,11949,,B.lion,,,,77,advisor,,,,,,,Pipelines,Energy,,
2605,12024,Ken Fisher,,,,,,,,,,,,,,,,,,United States,person.public,USD-networth,"$6,700,000,000",,,12024.03,11944,,B.lion,,,,82,advisor,,,,,,,Money management,Finance & Investments,,
2606,12024,Christopher Hohn,,,,,,,,,,,,,,,,,,United Kingdom,person.public,USD-networth,"$6,700,000,000",,,12024.03,11969,,B.lion,,,,57,teacher,,,,,,,Hedge funds,Finance & Investments,,
2607,12024,Kjeld Kirk Kristiansen,,,,,,,,,,,,,,,,,,Denmark,person.public,USD-networth,"$6,700,000,000",,,12024.03,11964,,B.lion,,,,62,teacher,,,,,,,Lego,Manufacturing,,
2608,12024,Massimiliana Landini Aleotti,,,,,,,,,,,,,,,,,,Italy,person.public,USD-networth,"$6,700,000,000",,,12024.03,11970,,B.lion,,,,56,teacher,,,,,,,Pharmaceuticals,Healthcare,,
2609,12024,Li Ping,,,,,,,,,,,,,,,,,,Hong Kong,person.public,USD-networth,"$6,700,000,000",,,12024.03,11969,,B.lion,,,,57,teacher,,,,,,,Batteries,Automotive,,
2610,12024,Lin Jianhua,,,,,,,,,,,,,,,,,,China,person.public,USD-networth,"$6,700,000,000",,,12024.03,11952,,B.lion,,,,74,advisor,,,,,,,Solar panel components,Manufacturing,,
2611,12024,Magdalena Martullo-Blocher,,,,,,,,,,,,,,,,,,Switzerland,person.public,USD-networth,"$6,700,000,000",,,12024.03,11940,,B.lion,,,,86,advisor,,,,,,,Chemicals,Manufacturing,,
2612,12024,Xavier Niel,,,,,,,,,,,,,,,,,,France,person.public,USD-networth,"$6,700,000,000",,,12024.03,11941,,B.lion,,,,85,advisor,,,,,,,"Internet, telecom",Telecom,,
2613,12024,Terrence Pegula,,,,,,,,,,,,,,,,,,United States,person.public,USD-networth,"$6,700,000,000",,,12024.03,11932,,B.lion,,,,94,phantasim,,,,,,,Natural gas,Energy,,
2614,12024,"Edward Roski, Jr.",,,,,,,,,,,,,,,,,,United States,person.public,USD-networth,"$6,700,000,000",,,12024.03,11953,,B.lion,,,,73,advisor,,,,,,,Real estate,Real Estate,,
2615,12024,John A. Sobrato,XY,,,,,,,,,,,,,,,,,United States,person.public,USD-networth,"$6,700,000,000",,,12024.03,11985,,B.lion,,,,41,householder,,,,,,,Real estate,Real Estate,,
2616,12024,George Soros,,,,,,,,,,,,,,,,,,United States,person.public,USD-networth,"$6,700,000,000",,,12024.03,11943,,B.lion,,,,83,advisor,,,,,,,Hedge funds,Finance & Investments,,
2617,12024,David Sun,XY,,,,,,,,,,,,,,,,,United States,person.public,USD-networth,"$6,700,000,000",,,12024.03,11959,,B.lion,,,,67,teacher,,,,,,,Computer hardware,Technology,,
2618,12024,Agnete Kirk Thinggaard,,,,,,,,,,,,,,,,,,Denmark,person.public,USD-networth,"$6,700,000,000",,,12024.03,11977,,B.lion,,,,49,teacher,,,,,,,Lego,Manufacturing,,
2619,12024,John Tu,XY,,,,,,,,,,,,,,,,,United States,person.public,USD-networth,"$6,700,000,000",,,12024.03,11956,,B.lion,,,,70,teacher,,,,,,,Computer hardware,Technology,,
2620,12024,Xu Shihui,,,,,,,,,,,,,,,,,,China,person.public,USD-networth,"$6,700,000,000",,,12024.03,11954,,B.lion,,,,72,teacher,,,,,,,"Snacks, beverages",Food & Beverage,,
2638,12024,Rahel Blocher,,,,,,,,,,,,,,,,,,Switzerland,person.public,USD-networth,"$6,600,000,000",,,12024.03,11957,,B.lion,,,,69,teacher,,,,,,,Chemicals,Manufacturing,,
2639,12024,Bubba Cathy,,,,,,,,,,,,,,,,,,United States,person.public,USD-networth,"$6,600,000,000",,,12024.03,11946,,B.lion,,,,80,advisor,,,,,,,Chick-fil-A,Food & Beverage,,
2640,12024,Dan Cathy,,,,,,,,,,,,,,,,,,United States,person.public,USD-networth,"$6,600,000,000",,,12024.03,11961,,B.lion,,,,65,teacher,,,,,,,Chick-fil-A,Food & Beverage,,
2641,12024,Trudy Cathy White,,,,,,,,,,,,,,,,,,United States,person.public,USD-networth,"$6,600,000,000",,,12024.03,11977,,B.lion,,,,49,teacher,,,,,,,Chick-fil-A,Food & Beverage,,
2642,12024,Bruce Kovner,,,,,,,,,,,,,,,,,,United States,person.public,USD-networth,"$6,600,000,000",,,12024.03,11944,,B.lion,,,,82,advisor,,,,,,,Hedge funds,Finance & Investments,,
2643,12024,"Henry Nicholas, III.",,,,,,,,,,,,,,,,,,United States,person.public,USD-networth,"$6,600,000,000",,,12024.03,11966,,B.lion,,,,60,teacher,,,,,,,Semiconductors,Technology,,
2644,12024,Nadia Thiele,,,,,,,,,,,,,,,,,,Germany,person.public,USD-networth,"$6,600,000,000",,,12024.03,11933,,B.lion,,,,93,phantasim,,,,,,,Investments,Finance & Investments,,
2666,12024,David Bonderman,XY,,,,,,,,,,,,,,,,,United States,person.public,USD-networth,"$6,500,000,000",,,12024.03,11931,,B.lion,,,,95,phantasim,,,,,,,Private equity,Finance & Investments,,
2667,12024,Melinda French Gates,,,,,,,,,,,,,,,,,,United States,person.public,USD-networth,"$6,500,000,000",,,12024.03,11940,,B.lion,,,,86,advisor,,,,,,,Microsoft,Technology,,
2668,12024,Nathan Kirsh,,,,,,,,,,,,,,,,,,Eswatini (Swaziland),person.public,USD-networth,"$6,500,000,000",,,12024.03,11943,,B.lion,,,,83,advisor,,,,,,,"Retail, real estate",Fashion & Retail,,
2669,12024,Annette Lerner,,,,,,,,,,,,,,,,,,United States,person.public,USD-networth,"$6,500,000,000",,,12024.03,11973,,B.lion,,,,53,teacher,,,,,,,Real estate,Real Estate,,
2670,12024,David Reuben,XY,,,,,,,,,,,,,,,,,United Kingdom,person.public,USD-networth,"$6,500,000,000",,,12024.03,11953,,B.lion,,,,73,advisor,,,,,,,"Investments, real estate",Real Estate,,
2671,12024,Simon Reuben,,,,,,,,,,,,,,,,,,United Kingdom,person.public,USD-networth,"$6,500,000,000",,,12024.03,11962,,B.lion,,,,64,teacher,,,,,,,"Real estate, investments",Diversified,,
2672,12024,Radovan Vitek,,,,,,,,,,,,,,,,,,Czech Republic,person.public,USD-networth,"$6,500,000,000",,,12024.03,11955,,B.lion,,,,71,teacher,,,,,,,Real estate,Real Estate,,
2695,12024,Carl Bennet,,,,,,,,,,,,,,,,,,Sweden,person.public,USD-networth,"$6,400,000,000",,,12024.03,11965,,B.lion,,,,61,teacher,,,,,,,Investments,Finance & Investments,,
2696,12024,Stephen Bisciotti,,,,,,,,,,,,,,,,,,United States,person.public,USD-networth,"$6,400,000,000",,,12024.03,11964,,B.lion,,,,62,teacher,,,,,,,"Staffing, Baltimore Ravens",Sports,,
2697,12024,Stanley Druckenmiller,,,,,,,,,,,,,,,,,,United States,person.public,USD-networth,"$6,400,000,000",,,12024.03,11968,,B.lion,,,,58,teacher,,,,,,,Hedge funds,Finance & Investments,,
2698,12024,Jian Jun,,,,,,,,,,,,,,,,,,China,person.public,USD-networth,"$6,400,000,000",,,12024.03,11934,,B.lion,,,,92,phantasim,,,,,,,Biomedical products,Healthcare,,
2699,12024,Alexei Kuzmichev,,,,,,,,,,,,,,,,,,Russia,person.public,USD-networth,"$6,400,000,000",,,12024.03,11936,,B.lion,,,,90,advisor,,,,,,,"Oil, banking, telecom",Energy,,
2700,12024,Dmitry Rybolovlev,,,,,,,,,,,,,,,,,,Russia,person.public,USD-networth,"$6,400,000,000",,,12024.03,11947,,B.lion,,,,79,advisor,,,,,,,Fertilizer,Manufacturing,,
2701,12024,Luis Carlos Sarmiento,,,,,,,,,,,,,,,,,,Colombia,person.public,USD-networth,"$6,400,000,000",,,12024.03,11966,,B.lion,,,,60,teacher,,,,,,,Banking,Finance & Investments,,
2702,12024,Dennis Washington,,,,,,,,,,,,,,,,,,United States,person.public,USD-networth,"$6,400,000,000",,,12024.03,11958,,B.lion,,,,68,teacher,,,,,,,"Construction, mining",Logistics,,
2723,12024,Anthony Bamford,,,,,,,,,,,,,,,,,,United Kingdom,person.public,USD-networth,"$6,300,000,000",,,12024.03,11939,,B.lion,,,,87,advisor,,,,,,,Construction equipment,Construction & Engineering,,
2724,12024,Gao Jifan,,,,,,,,,,,,,,,,,,China,person.public,USD-networth,"$6,300,000,000",,,12024.03,11965,,B.lion,,,,61,teacher,,,,,,,Solar equipment,Energy,,
2725,12024,John Grayken,XY,,,,,,,,,,,,,,,,,Ireland,person.public,USD-networth,"$6,300,000,000",,,12024.03,11928,,B.lion,,,,98,phantasim,,,,,,,Private equity,Finance & Investments,,
2726,12024,Alain Merieux,,,,,,,,,,,,,,,,,,France,person.public,USD-networth,"$6,300,000,000",,,12024.03,11965,,B.lion,,,,61,teacher,,,,,,,Pharmaceuticals,Healthcare,,
2727,12024,Wang Yusuo,,,,,,,,,,,,,,,,,,China,person.public,USD-networth,"$6,300,000,000",,,12024.03,11939,,B.lion,,,,87,advisor,,,,,,,Natural gas distribution,Energy,,
2728,12024,Stef Wertheimer,,,,,,,,,,,,,,,,,,Israel,person.public,USD-networth,"$6,300,000,000",,,12024.03,11935,,B.lion,,,,91,phantasim,,,,,,,Metalworking tools,Manufacturing,,
2751,12024,Maria Asuncion Aramburuzabala,,,,,,,,,,,,,,,,,,Mexico,person.public,USD-networth,"$6,200,000,000",,,12024.03,11965,,B.lion,,,,61,teacher,,,,,,,"Beer, investments",Food & Beverage,,
2752,12024,Gustaf Douglas,,,,,,,,,,,,,,,,,,Sweden,person.public,USD-networth,"$6,200,000,000",,,12024.03,11966,,B.lion,,,,60,teacher,,,,,,,Investments,Diversified,,
2753,12024,Frits Goldschmeding,,,,,,,,,,,,,,,,,,Netherlands,person.public,USD-networth,"$6,200,000,000",,,12024.03,11973,,B.lion,,,,53,teacher,,,,,,,Temp agency,Service,,
2754,12024,Lin Muqin,,,,,,,,,,,,,,,,,,China,person.public,USD-networth,"$6,200,000,000",,,12024.03,11964,,B.lion,,,,62,teacher,,,,,,,Beverages,Food & Beverage,,
2755,12024,Ruan Liping,,,,,,,,,,,,,,,,,,Hong Kong,person.public,USD-networth,"$6,200,000,000",,,12024.03,11955,,B.lion,,,,71,teacher,,,,,,,Power strips,Manufacturing,,
2756,12024,Ruan Xueping,,,,,,,,,,,,,,,,,,Hong Kong,person.public,USD-networth,"$6,200,000,000",,,12024.03,11966,,B.lion,,,,60,teacher,,,,,,,Power strip,Manufacturing,,
2757,12024,Michal Solowow,,,,,,,,,,,,,,,,,,Poland,person.public,USD-networth,"$6,200,000,000",,,12024.03,11945,,B.lion,,,,81,advisor,,,,,,,Investments,Finance & Investments,,
2780,12024,Mike Adenuga,,,,,,,,,,,,,,,,,,Nigeria,person.public,USD-networth,"$6,100,000,000",,,12024.03,11952,,B.lion,,,,74,advisor,,,,,,,"Telecom, oil",Diversified,,
2781,12024,Tom Gores,,,,,,,,,,,,,,,,,,United States,person.public,USD-networth,"$6,100,000,000",,,12024.03,11943,,B.lion,,,,83,advisor,,,,,,,Private equity,Finance & Investments,,
2782,12024,Michael Herz,XY,,,,,,,,,,,,,,,,,Germany,person.public,USD-networth,"$6,100,000,000",,,12024.03,11959,,B.lion,,,,67,teacher,,,,,,,Coffee,Fashion & Retail,,
2783,12024,Wolfgang Herz,,,,,,,,,,,,,,,,,,Germany,person.public,USD-networth,"$6,100,000,000",,,12024.03,11971,,B.lion,,,,55,teacher,,,,,,,Coffee,Fashion & Retail,,
2784,12024,Michael Kadoorie,XY,,,,,,,,,,,,,,,,,Hong Kong,person.public,USD-networth,"$6,100,000,000",,,12024.03,11960,,B.lion,,,,66,teacher,,,,,,,"Hotels, energy",Energy,,
2785,12024,Sunil Mittal,,,,,,,,,,,,,,,,,,India,person.public,USD-networth,"$6,100,000,000",,,12024.03,11978,,B.lion,,,,48,householder,,,,,,,Telecom,Telecom,,
2786,12024,Zhou Qunfei,,,,,,,,,,,,,,,,,,Hong Kong,person.public,USD-networth,"$6,100,000,000",,,12024.03,11939,,B.lion,,,,87,advisor,,,,,,,Smartphone screens,Technology,,
2814,12024,Alexander Abramov,,,,,,,,,,,,,,,,,,Russia,person.public,USD-networth,"$6,000,000,000",,,12024.03,11950,,B.lion,,,,76,advisor,,,,,,,"Steel, mining",Metals & Mining,,
2815,12024,Rene Benko,,,,,,,,,,,,,,,,,,Austria,person.public,USD-networth,"$6,000,000,000",,,12024.03,11961,,B.lion,,,,65,teacher,,,,,,,"Real estate, retail",Real Estate,,
2816,12024,Neil Bluhm,,,,,,,,,,,,,,,,,,United States,person.public,USD-networth,"$6,000,000,000",,,12024.03,11959,,B.lion,,,,67,teacher,,,,,,,Real estate,Real Estate,,
2817,12024,Alain Bouchard,,,,,,,,,,,,,,,,,,Canada,person.public,USD-networth,"$6,000,000,000",,,12024.03,11936,,B.lion,,,,90,advisor,,,,,,,Convinience stores,Fashion & Retail,,
2818,12024,Jay Chaudhry,,,,,,,,,,,,,,,,,,United States,person.public,USD-networth,"$6,000,000,000",,,12024.03,11938,,B.lion,,,,88,advisor,,,,,,,Security software,Technology,,
2819,12024,Gopikishan Damani,,,,,,,,,,,,,,,,,,India,person.public,USD-networth,"$6,000,000,000",,,12024.03,11932,,B.lion,,,,94,phantasim,,,,,,,"Retail, investments",Fashion & Retail,,
2820,12024,Sumet Jiaravanon,,,,,,,,,,,,,,,,,,Thailand,person.public,USD-networth,"$6,000,000,000",,,12024.03,11948,,B.lion,,,,78,advisor,,,,,,,Diversified,Diversified,,
2821,12024,Joe Lewis,,,,,,,,,,,,,,,,,,United Kingdom,person.public,USD-networth,"$6,000,000,000",,,12024.03,11953,,B.lion,,,,73,advisor,,,,,,,Investments,Finance & Investments,,
2822,12024,Frank Lowy,,,,,,,,,,,,,,,,,,Australia,person.public,USD-networth,"$6,000,000,000",,,12024.03,11939,,B.lion,,,,87,advisor,,,,,,,Investments,Finance & Investments,,
2823,12024,Michael Milken,XY,,,,,,,,,,,,,,,,,United States,person.public,USD-networth,"$6,000,000,000",,,12024.03,11964,,B.lion,,,,62,teacher,,,,,,,Investments,Finance & Investments,,
2824,12024,David Steward,XY,,,,,,,,,,,,,,,,,United States,person.public,USD-networth,"$6,000,000,000",,,12024.03,11931,,B.lion,,,,95,phantasim,,,,,,,IT provider,Technology,,
2825,12024,Les Wexner,,,,,,,,,,,,,,,,,,United States,person.public,USD-networth,"$6,000,000,000",,,12024.03,11963,,B.lion,,,,63,teacher,,,,,,,Retail,Fashion & Retail,,
2860,12024,Cai Kui,,,,,,,,,,,,,,,,,,China,person.public,USD-networth,"$5,900,000,000",,,12024.03,11962,,B.lion,,,,64,teacher,,,,,,,Real estate,Real Estate,,
2861,12024,Jaran Chiaravanont,,,,,,,,,,,,,,,,,,Thailand,person.public,USD-networth,"$5,900,000,000",,,12024.03,11958,,B.lion,,,,68,teacher,,,,,,,Diversified,Diversified,,
2862,12024,Andreas Halvorsen,,,,,,,,,,,,,,,,,,Norway,person.public,USD-networth,"$5,900,000,000",,,12024.03,11966,,B.lion,,,,60,teacher,,,,,,,Hedge funds,Finance & Investments,,
2863,12024,Antony Ressler,,,,,,,,,,,,,,,,,,United States,person.public,USD-networth,"$5,900,000,000",,,12024.03,11949,,B.lion,,,,77,advisor,,,,,,,Finance,Finance & Investments,,
2864,12024,Tsai Eng-meng,,,,,,,,,,,,,,,,,,Taiwan,person.public,USD-networth,"$5,900,000,000",,,12024.03,11954,,B.lion,,,,72,teacher,,,,,,,"Food, beverages",Food & Beverage,,
2894,12024,Josh Harris,,,,,,,,,,,,,,,,,,United States,person.public,USD-networth,"$5,800,000,000",,,12024.03,11968,,B.lion,,,,58,teacher,,,,,,,Private equity,Finance & Investments,,
2895,12024,Niels Peter Louis-Hansen,,,,,,,,,,,,,,,,,,Denmark,person.public,USD-networth,"$5,800,000,000",,,12024.03,11936,,B.lion,,,,90,advisor,,,,,,,Medical devices,Healthcare,,
2896,12024,Patrick Soon-Shiong,,,,,,,,,,,,,,,,,,United States,person.public,USD-networth,"$5,800,000,000",,,12024.03,11948,,B.lion,,,,78,advisor,,,,,,,Pharmaceuticals,Healthcare,,
2921,12024,Rinat Akhmetov,,,,,,,,,,,,,,,,,,Ukraine,person.public,USD-networth,"$5,700,000,000",,,12024.03,11931,,B.lion,,,,95,phantasim,,,,,,,"Steel, coal",Metals & Mining,,
2922,12024,John Brown,XY,,,,,,,,,,,,,,,,,United States,person.public,USD-networth,"$5,700,000,000",,,12024.03,11953,,B.lion,,,,73,advisor,,,,,,,Medical equipment,Healthcare,,
2923,12024,Clive Calder,,,,,,,,,,,,,,,,,,United Kingdom,person.public,USD-networth,"$5,700,000,000",,,12024.03,11947,,B.lion,,,,79,advisor,,,,,,,Record label,Media & Entertainment,,
2924,12024,Arthur Irving,,,,,,,,,,,,,,,,,,Canada,person.public,USD-networth,"$5,700,000,000",,,12024.03,11941,,B.lion,,,,85,advisor,,,,,,,Oil,Energy,,
2925,12024,Fredrik Lundberg,,,,,,,,,,,,,,,,,,Sweden,person.public,USD-networth,"$5,700,000,000",,,12024.03,11973,,B.lion,,,,53,teacher,,,,,,,"Real estate, investments",Real Estate,,
2926,12024,Thomas Schmidheiny,,,,,,,,,,,,,,,,,,Switzerland,person.public,USD-networth,"$5,700,000,000",,,12024.03,11965,,B.lion,,,,61,teacher,,,,,,,Cement,Construction & Engineering,,
2927,12024,Helmut Sohmen,,,,,,,,,,,,,,,,,,Austria,person.public,USD-networth,"$5,700,000,000",,,12024.03,11968,,B.lion,,,,58,teacher,,,,,,,Shipping,Logistics,,
2928,12024,Daniel Ziff,,,,,,,,,,,,,,,,,,United States,person.public,USD-networth,"$5,700,000,000",,,12024.03,11983,,B.lion,,,,43,householder,,,,,,,Investments,Finance & Investments,,
2929,12024,Dirk Ziff,,,,,,,,,,,,,,,,,,United States,person.public,USD-networth,"$5,700,000,000",,,12024.03,11945,,B.lion,,,,81,advisor,,,,,,,Investments,Finance & Investments,,
2930,12024,Robert Ziff,,,,,,,,,,,,,,,,,,United States,person.public,USD-networth,"$5,700,000,000",,,12024.03,11972,,B.lion,,,,54,teacher,,,,,,,Investments,Finance & Investments,,
2956,12024,Maria Angelicoussis,,,,,,,,,,,,,,,,,,Greece,person.public,USD-networth,"$5,600,000,000",,,12024.03,11943,,B.lion,,,,83,advisor,,,,,,,Shipping,Logistics,,
2957,12024,Ray Lee Hunt,,,,,,,,,,,,,,,,,,United States,person.public,USD-networth,"$5,600,000,000",,,12024.03,11937,,B.lion,,,,89,advisor,,,,,,,"Oil, real estate",Energy,,
2958,12024,Lai Meisong,,,,,,,,,,,,,,,,,,China,person.public,USD-networth,"$5,600,000,000",,,12024.03,11968,,B.lion,,,,58,teacher,,,,,,,Package delivery,Logistics,,
2959,12024,Vikram Lal,,,,,,,,,,,,,,,,,,India,person.public,USD-networth,"$5,600,000,000",,,12024.03,11959,,B.lion,,,,67,teacher,,,,,,,Motorcycles,Automotive,,
2960,12024,Ken Langone,,,,,,,,,,,,,,,,,,United States,person.public,USD-networth,"$5,600,000,000",,,12024.03,11955,,B.lion,,,,71,teacher,,,,,,,Investments,Finance & Investments,,
2961,12024,Li Ge,,,,,,,,,,,,,,,,,,United States,person.public,USD-networth,"$5,600,000,000",,,12024.03,11973,,B.lion,,,,53,teacher,,,,,,,Pharmaceutical ingredients,Healthcare,,
2962,12024,Karen Pritzker,,,,,,,,,,,,,,,,,,United States,person.public,USD-networth,"$5,600,000,000",,,12024.03,11959,,B.lion,,,,67,teacher,,,,,,,"Hotels, investments",Finance & Investments,,
2963,12024,Robert Rowling,,,,,,,,,,,,,,,,,,United States,person.public,USD-networth,"$5,600,000,000",,,12024.03,11965,,B.lion,,,,61,teacher,,,,,,,"Hotels, investments",Service,,
2964,12024,Teddy Sagi,,,,,,,,,,,,,,,,,,Israel,person.public,USD-networth,"$5,600,000,000",,,12024.03,11951,,B.lion,,,,75,advisor,,,,,,,Gambling software,Gambling & Casinos,,
2965,12024,Seo Jung-jin,,,,,,,,,,,,,,,,,,South Korea,person.public,USD-networth,"$5,600,000,000",,,12024.03,11959,,B.lion,,,,67,teacher,,,,,,,Biotech,Healthcare,,
2966,12024,Wu Jianshu,,,,,,,,,,,,,,,,,,Hong Kong,person.public,USD-networth,"$5,600,000,000",,,12024.03,11958,,B.lion,,,,68,teacher,,,,,,,Auto parts,Automotive,,
2993,12024,Micky Arison,,,,,,,,,,,,,,,,,,United States,person.public,USD-networth,"$5,500,000,000",,,12024.03,11992,,B.lion,,,,34,householder,,,,,,,Carnival Cruises,Service,,
2994,12024,James Chambers,,,,,,,,,,,,,,,,,,United States,person.public,USD-networth,"$5,500,000,000",,,12024.03,11990,,B.lion,,,,36,householder,,,,,,,"Media, automotive",Media & Entertainment,,
2995,12024,Pierre Chen,,,,,,,,,,,,,,,,,,Taiwan,person.public,USD-networth,"$5,500,000,000",,,12024.03,11931,,B.lion,,,,95,phantasim,,,,,,,Electronics,Technology,,
2996,12024,John Collison,XY,,,,,,,,,,,,,,,,,Ireland,person.public,USD-networth,"$5,500,000,000",,,12024.03,11947,,B.lion,,,,79,advisor,,,,,,,Payments software,Technology,,
2997,12024,Patrick Collison,,,,,,,,,,,,,,,,,,Ireland,person.public,USD-networth,"$5,500,000,000",,,12024.03,11966,,B.lion,,,,60,teacher,,,,,,,Payment software,Technology,,
2998,12024,Archie Aldis Emmerson,,,,,,,,,,,,,,,,,,United States,person.public,USD-networth,"$5,500,000,000",,,12024.03,11929,,B.lion,,,,97,phantasim,,,,,,,"Timberland, lumber mills",Manufacturing,,
2999,12024,Piero Ferrari,,,,,,,,,,,,,,,,,,Italy,person.public,USD-networth,"$5,500,000,000",,,12024.03,11956,,B.lion,,,,70,teacher,,,,,,,Automobiles,Automotive,,
3000,12024,Dan Friedkin,,,,,,,,,,,,,,,,,,United States,person.public,USD-networth,"$5,500,000,000",,,12024.03,11943,,B.lion,,,,83,advisor,,,,,,,Toyota dealerships,Automotive,,
3001,12024,James Irving,,,,,,,,,,,,,,,,,,Canada,person.public,USD-networth,"$5,500,000,000",,,12024.03,11966,,B.lion,,,,60,teacher,,,,,,,Diversified,Diversified,,
3002,12024,Jiang Weiping,,,,,,,,,,,,,,,,,,China,person.public,USD-networth,"$5,500,000,000",,,12024.03,11958,,B.lion,,,,68,teacher,,,,,,,Chemicals,Manufacturing,,
3003,12024,Wolfgang Marguerre,,,,,,,,,,,,,,,,,,Germany,person.public,USD-networth,"$5,500,000,000",,,12024.03,11946,,B.lion,,,,80,advisor,,,,,,,Pharmaceuticals,Healthcare,,
3004,12024,Ludwig Merckle,,,,,,,,,,,,,,,,,,Germany,person.public,USD-networth,"$5,500,000,000",,,12024.03,11967,,B.lion,,,,59,teacher,,,,,,,Pharmaceuticals,Finance & Investments,,
3005,12024,Mitchell Rales,,,,,,,,,,,,,,,,,,United States,person.public,USD-networth,"$5,500,000,000",,,12024.03,11946,,B.lion,,,,80,advisor,,,,,,,"Manufacturing, investments",Manufacturing,,
3006,12024,Katharine Rayner,,,,,,,,,,,,,,,,,,United States,person.public,USD-networth,"$5,500,000,000",,,12024.03,11944,,B.lion,,,,82,advisor,,,,,,,"Media, automotive",Media & Entertainment,,
3007,12024,Jean Salata,,,,,,,,,,,,,,,,,,Chile,person.public,USD-networth,"$5,500,000,000",,,12024.03,11944,,B.lion,,,,82,advisor,,,,,,,Finance,Finance & Investments,,
3008,12024,Paul Singer,,,,,,,,,,,,,,,,,,United States,person.public,USD-networth,"$5,500,000,000",,,12024.03,11956,,B.lion,,,,70,teacher,,,,,,,Hedge funds,Finance & Investments,,
3009,12024,Sergio Stevanato,,,,,,,,,,,,,,,,,,Italy,person.public,USD-networth,"$5,500,000,000",,,12024.03,11968,,B.lion,,,,58,teacher,,,,,,,Medical packaging,Healthcare,,
3010,12024,Margaretta Taylor,,,,,,,,,,,,,,,,,,United States,person.public,USD-networth,"$5,500,000,000",,,12024.03,11947,,B.lion,,,,79,advisor,,,,,,,"Media, automotive",Media & Entertainment,,
3011,12024,Richard White,,,,,,,,,,,,,,,,,,Australia,person.public,USD-networth,"$5,500,000,000",,,12024.03,11943,,B.lion,,,,83,advisor,,,,,,,Software,Technology,,
3012,12024,Zhao Yan,,,,,,,,,,,,,,,,,,China,person.public,USD-networth,"$5,500,000,000",,,12024.03,11981,,B.lion,,,,45,householder,,,,,,,Biotech,Diversified,,
3043,12024,Patrizio Bertelli,,,,,,,,,,,,,,,,,,Italy,person.public,USD-networth,"$5,400,000,000",,,12024.03,11956,,B.lion,,,,70,teacher,,,,,,,Luxury goods,Fashion & Retail,,
3044,12024,Mahendra Choksi,,,,,,,,,,,,,,,,,,India,person.public,USD-networth,"$5,400,000,000",,,12024.03,11966,,B.lion,,,,60,teacher,,,,,,,Paints,Manufacturing,,
3045,12024,Mat Ishbia,,,,,,,,,,,,,,,,,,United States,person.public,USD-networth,"$5,400,000,000",,,12024.03,11947,,B.lion,,,,79,advisor,,,,,,,Mortgage lender,Finance & Investments,,
3046,12024,Leo Koguan,,,,,,,,,,,,,,,,,,United States,person.public,USD-networth,"$5,400,000,000",,,12024.03,11951,,B.lion,,,,75,advisor,,,,,,,IT provider,Technology,,
3047,12024,Miao Hangen,,,,,,,,,,,,,,,,,,China,person.public,USD-networth,"$5,400,000,000",,,12024.03,11954,,B.lion,,,,72,teacher,,,,,,,"Textiles, petrochemicals",Diversified,,
3048,12024,Michael Pieper,XY,,,,,,,,,,,,,,,,,Switzerland,person.public,USD-networth,"$5,400,000,000",,,12024.03,11966,,B.lion,,,,60,teacher,,,,,,,Kitchen appliances,Manufacturing,,
3049,12024,Miuccia Prada,,,,,,,,,,,,,,,,,,Italy,person.public,USD-networth,"$5,400,000,000",,,12024.03,11965,,B.lion,,,,61,teacher,,,,,,,Luxury goods,Fashion & Retail,,
3050,12024,Wolfgang Reimann,,,,,,,,,,,,,,,,,,Germany,person.public,USD-networth,"$5,400,000,000",,,12024.03,11953,,B.lion,,,,73,advisor,,,,,,,Consumer goods,Fashion & Retail,,
3051,12024,Matthias Reimann-Andersen,,,,,,,,,,,,,,,,,,Germany,person.public,USD-networth,"$5,400,000,000",,,12024.03,11975,,B.lion,,,,51,teacher,,,,,,,Consumer goods,Fashion & Retail,,
3052,12024,Stefan Reimann-Andersen,,,,,,,,,,,,,,,,,,Germany,person.public,USD-networth,"$5,400,000,000",,,12024.03,11960,,B.lion,,,,66,teacher,,,,,,,Consumer goods,Fashion & Retail,,
3053,12024,Renate Reimann-Haas,,,,,,,,,,,,,,,,,,Germany,person.public,USD-networth,"$5,400,000,000",,,12024.03,11964,,B.lion,,,,62,teacher,,,,,,,Consumer goods,Fashion & Retail,,
3089,12024,Todd Boehly,,,,,,,,,,,,,,,,,,United States,person.public,USD-networth,"$5,300,000,000",,,12024.03,11965,,B.lion,,,,61,teacher,,,,,,,Finance,Finance & Investments,,
3090,12024,Rick Caruso,,,,,,,,,,,,,,,,,,United States,person.public,USD-networth,"$5,300,000,000",,,12024.03,11959,,B.lion,,,,67,teacher,,,,,,,Real estate,Real Estate,,
3091,12024,Ibrahim Erdemoglu,,,,,,,,,,,,,,,,,,Turkey,person.public,USD-networth,"$5,300,000,000",,,12024.03,11946,,B.lion,,,,80,advisor,,,,,,,Carpet,Manufacturing,,
3092,12024,Elizabeth Johnson,XX,,,,,,,,,,,,,,,,,United States,person.public,USD-networth,"$5,300,000,000",,,12024.03,11952,,B.lion,,,,74,advisor,,,,,,,Fidelity,Finance & Investments,,
3093,12024,Douglas Leone,,,,,,,,,,,,,,,,,,United States,person.public,USD-networth,"$5,300,000,000",,,12024.03,11944,,B.lion,,,,82,advisor,,,,,,,Venture capital,Finance & Investments,,
3094,12024,Prajogo Pangestu,,,,,,,,,,,,,,,,,,Indonesia,person.public,USD-networth,"$5,300,000,000",,,12024.03,11938,,B.lion,,,,88,advisor,,,,,,,"Petrochemicals, energy",Diversified,,
3095,12024,Thomas Pritzker,,,,,,,,,,,,,,,,,,United States,person.public,USD-networth,"$5,300,000,000",,,12024.03,11946,,B.lion,,,,80,advisor,,,,,,,"Hotels, investments",Finance & Investments,,
3096,12024,Lynda Resnick,,,,,,,,,,,,,,,,,,United States,person.public,USD-networth,"$5,300,000,000",,,12024.03,11962,,B.lion,,,,64,teacher,,,,,,,Agriculture,Food & Beverage,,
3097,12024,Stewart Resnick,,,,,,,,,,,,,,,,,,United States,person.public,USD-networth,"$5,300,000,000",,,12024.03,11943,,B.lion,,,,83,advisor,,,,,,,Agriculture,Food & Beverage,,
3098,12024,Gary Rollins,,,,,,,,,,,,,,,,,,United States,person.public,USD-networth,"$5,300,000,000",,,12024.03,11947,,B.lion,,,,79,advisor,,,,,,,Pest control,Service,,
3099,12024,Mark Walter,XY,,,,,,,,,,,,,,,,,United States,person.public,USD-networth,"$5,300,000,000",,,12024.03,11957,,B.lion,,,,69,teacher,,,,,,,"Finance, asset management",Finance & Investments,,
3100,12024,Ronald Wanek,,,,,,,,,,,,,,,,,,United States,person.public,USD-networth,"$5,300,000,000",,,12024.03,11968,,B.lion,,,,58,teacher,,,,,,,Furniture,Manufacturing,,
3101,12024,Erich Wesjohann,,,,,,,,,,,,,,,,,,Germany,person.public,USD-networth,"$5,300,000,000",,,12024.03,11971,,B.lion,,,,55,teacher,,,,,,,Poultry genetics,Food & Beverage,,
3102,12024,M.A. Yusuff Ali,,,,,,,,,,,,,,,,,,India,person.public,USD-networth,"$5,300,000,000",,,12024.03,11965,,B.lion,,,,61,teacher,,,,,,,Retail,Fashion & Retail,,
3130,12024,Alexandre Behring,,,,,,,,,,,,,,,,,,Brazil,person.public,USD-networth,"$5,200,000,000",,,12024.03,11953,,B.lion,,,,73,advisor,,,,,,,Investments,Finance & Investments,,
3131,12024,Cheng Xue,,,,,,,,,,,,,,,,,,China,person.public,USD-networth,"$5,200,000,000",,,12024.03,11953,,B.lion,,,,73,advisor,,,,,,,Soy sauce,Food & Beverage,,
3132,12024,Robert Faith,,,,,,,,,,,,,,,,,,United States,person.public,USD-networth,"$5,200,000,000",,,12024.03,11939,,B.lion,,,,87,advisor,,,,,,,Real estate management,Real Estate,,
3133,12024,Gao Dekang,,,,,,,,,,,,,,,,,,China,person.public,USD-networth,"$5,200,000,000",,,12024.03,11951,,B.lion,,,,75,advisor,,,,,,,Apparel,Fashion & Retail,,
3134,12024,Micky Jagtiani,,,,,,,,,,,,,,,,,,India,person.public,USD-networth,"$5,200,000,000",,,12024.03,11942,,B.lion,,,,84,advisor,,,,,,,Retail,Fashion & Retail,,
3135,12024,Ananda Krishnan,,,,,,,,,,,,,,,,,,Malaysia,person.public,USD-networth,"$5,200,000,000",,,12024.03,11975,,B.lion,,,,51,teacher,,,,,,,"Telecoms, media, oil-services",Telecom,,
3136,12024,Barry Lam,,,,,,,,,,,,,,,,,,Taiwan,person.public,USD-networth,"$5,200,000,000",,,12024.03,11950,,B.lion,,,,76,advisor,,,,,,,Electronics,Technology,,
3137,12024,"Robert Rich, Jr.",,,,,,,,,,,,,,,,,,United States,person.public,USD-networth,"$5,200,000,000",,,12024.03,11946,,B.lion,,,,80,advisor,,,,,,,Frozen foods,Food & Beverage,,
3138,12024,Mark Scheinberg,XY,,,,,,,,,,,,,,,,,Canada,person.public,USD-networth,"$5,200,000,000",,,12024.03,11943,,B.lion,,,,83,advisor,,,,,,,Online gambling,Gambling & Casinos,,
3139,12024,Charles Simonyi,XY,,,,,,,,,,,,,,,,,United States,person.public,USD-networth,"$5,200,000,000",,,12024.03,11975,,B.lion,,,,51,teacher,,,,,,,Microsoft,Technology,,
3140,12024,Ty Warner,,,,,,,,,,,,,,,,,,United States,person.public,USD-networth,"$5,200,000,000",,,12024.03,11965,,B.lion,,,,61,teacher,,,,,,,"Plush toys, real estate",Real Estate,,
3141,12024,Sam Zell,,,,,,,,,,,,,,,,,,United States,person.public,USD-networth,"$5,200,000,000",,,12024.03,11934,,B.lion,,,,92,phantasim,,,,,,,"Real estate, private equity",Real Estate,,
3180,12024,Fang Wei,,,,,,,,,,,,,,,,,,China,person.public,USD-networth,"$5,100,000,000",,,12024.03,11975,,B.lion,,,,51,teacher,,,,,,,Steel,Manufacturing,,
3181,12024,Rekha Jhunjhunwala,,,,,,,,,,,,,,,,,,India,person.public,USD-networth,"$5,100,000,000",,,12024.03,11963,,B.lion,,,,63,teacher,,,,,,,Investments,Finance & Investments,,
3182,12024,Charles B. Johnson,XY,,,,,,,,,,,,,,,,,United States,person.public,USD-networth,"$5,100,000,000",,,12024.03,11960,,B.lion,,,,66,teacher,,,,,,,Franklin Templeton,Finance & Investments,,
3183,12024,Kwon Hyuk-bin,,,,,,,,,,,,,,,,,,South Korea,person.public,USD-networth,"$5,100,000,000",,,12024.03,11959,,B.lion,,,,67,teacher,,,,,,,Online games,Media & Entertainment,,
3184,12024,Sami Mnaymneh,,,,,,,,,,,,,,,,,,United States,person.public,USD-networth,"$5,100,000,000",,,12024.03,11953,,B.lion,,,,73,advisor,,,,,,,Private equity,Finance & Investments,,
3185,12024,Kjell Inge Rokke,,,,,,,,,,,,,,,,,,Norway,person.public,USD-networth,"$5,100,000,000",,,12024.03,11949,,B.lion,,,,77,advisor,,,,,,,"Shipping, seafood",Logistics,,
3186,12024,Tony Tamer,,,,,,,,,,,,,,,,,,United States,person.public,USD-networth,"$5,100,000,000",,,12024.03,11936,,B.lion,,,,90,advisor,,,,,,,Private equity,Finance & Investments,,
3187,12024,Tse Ping,,,,,,,,,,,,,,,,,,China,person.public,USD-networth,"$5,100,000,000",,,12024.03,11952,,B.lion,,,,74,advisor,,,,,,,Pharmaceuticals,Healthcare,,
3188,12024,Romesh T. Wadhwani,,,,,,,,,,,,,,,,,,United States,person.public,USD-networth,"$5,100,000,000",,,12024.03,11945,,B.lion,,,,81,advisor,,,,,,,Software,Technology,,
3189,12024,Hansjoerg Wyss,,,,,,,,,,,,,,,,,,Switzerland,person.public,USD-networth,"$5,100,000,000",,,12024.03,11949,,B.lion,,,,77,advisor,,,,,,,Medical devices,Healthcare,,
3190,12024,Denise York,,,,,,,,,,,,,,,,,,United States,person.public,USD-networth,"$5,100,000,000",,,12024.03,11969,,B.lion,,,,57,teacher,,,,,,,San Francisco 49ers,Sports,,
3224,12024,Ron Baron,,,,,,,,,,,,,,,,,,United States,person.public,USD-networth,"$5,000,000,000",,,12024.03,11981,,B.lion,,,,45,householder,,,,,,,Money management,Finance & Investments,,
3225,12024,Robert Bass,,,,,,,,,,,,,,,,,,United States,person.public,USD-networth,"$5,000,000,000",,,12024.03,11955,,B.lion,,,,71,teacher,,,,,,,"Oil, investments",Energy,,
3226,12024,Dona Bertarelli,,,,,,,,,,,,,,,,,,Switzerland,person.public,USD-networth,"$5,000,000,000",,,12024.03,11968,,B.lion,,,,58,teacher,,,,,,,Biotech and investments,Healthcare,,
3227,12024,Alexander Gerko,,,,,,,,,,,,,,,,,,United Kingdom,person.public,USD-networth,"$5,000,000,000",,,12024.03,11974,,B.lion,,,,52,teacher,,,,,,,Trading,Finance & Investments,,
3228,12024,Martin Haefner,,,,,,,,,,,,,,,,,,Switzerland,person.public,USD-networth,"$5,000,000,000",,,12024.03,11967,,B.lion,,,,59,teacher,,,,,,,"Software, investments",Technology,,
3229,12024,"Robert Hale, Jr.",,,,,,,,,,,,,,,,,,United States,person.public,USD-networth,"$5,000,000,000",,,12024.03,11974,,B.lion,,,,52,teacher,,,,,,,Telecom,Telecom,,
3230,12024,Viktor Kharitonin,,,,,,,,,,,,,,,,,,Russia,person.public,USD-networth,"$5,000,000,000",,,12024.03,11941,,B.lion,,,,85,advisor,,,,,,,Pharmaceuticals,Healthcare,,
3231,12024,Kim Beom-su,,,,,,,,,,,,,,,,,,South Korea,person.public,USD-networth,"$5,000,000,000",,,12024.03,11946,,B.lion,,,,80,advisor,,,,,,,Online services,Technology,,
3232,12024,Jane Lauder,,,,,,,,,,,,,,,,,,United States,person.public,USD-networth,"$5,000,000,000",,,12024.03,11938,,B.lion,,,,88,advisor,,,,,,,Estée Lauder,Fashion & Retail,,
3233,12024,Michel Leclercq,,,,,,,,,,,,,,,,,,France,person.public,USD-networth,"$5,000,000,000",,,12024.03,11967,,B.lion,,,,59,teacher,,,,,,,Sporting goods,Fashion & Retail,,
3234,12024,George Lucas,,,,,,,,,,,,,,,,,,United States,person.public,USD-networth,"$5,000,000,000",,,12024.03,11960,,B.lion,,,,66,teacher,,,,,,,Star Wars,Media & Entertainment,,
3235,12024,Janice McNair,,,,,,,,,,,,,,,,,,United States,person.public,USD-networth,"$5,000,000,000",,,12024.03,11965,,B.lion,,,,61,teacher,,,,,,,"Energy, sports",Sports,,
3236,12024,Ugur Sahin,,,,,,,,,,,,,,,,,,Germany,person.public,USD-networth,"$5,000,000,000",,,12024.03,11960,,B.lion,,,,66,teacher,,,,,,,Biotechnology,Healthcare,,
3237,12024,Alexandra Schoerghuber,,,,,,,,,,,,,,,,,,Germany,person.public,USD-networth,"$5,000,000,000",,,12024.03,11958,,B.lion,,,,68,teacher,,,,,,,Real estate,Real Estate,,
3238,12024,Thomas Straumann,,,,,,,,,,,,,,,,,,Switzerland,person.public,USD-networth,"$5,000,000,000",,,12024.03,11972,,B.lion,,,,54,teacher,,,,,,,Dental implants,Healthcare,,
3239,12024,Murat Ulker,,,,,,,,,,,,,,,,,,Turkey,person.public,USD-networth,"$5,000,000,000",,,12024.03,11945,,B.lion,,,,81,advisor,,,,,,,Food,Food & Beverage,,
3240,12024,Chip Wilson,,,,,,,,,,,,,,,,,,Canada,person.public,USD-networth,"$5,000,000,000",,,12024.03,11952,,B.lion,,,,74,advisor,,,,,,,Lululemon,Fashion & Retail,,
3241,12024,Zhu Yan,,,,,,,,,,,,,,,,,,China,person.public,USD-networth,"$5,000,000,000",,,12024.03,11943,,B.lion,,,,83,advisor,,,,,,,Real estate,Real Estate,,
3277,12024,Jim Davis,,,,,,,,,,,,,,,,,,United States,person.public,USD-networth,"$4,900,000,000",,,12024.03,11943,,B.lion,,,,83,advisor,,,,,,,New Balance,Manufacturing,,
3278,12024,Murali Divi,,,,,,,,,,,,,,,,,,India,person.public,USD-networth,"$4,900,000,000",,,12024.03,11971,,B.lion,,,,55,teacher,,,,,,,Pharmaceuticals,Healthcare,,
3279,12024,Dagmar Dolby,,,,,,,,,,,,,,,,,,United States,person.public,USD-networth,"$4,900,000,000",,,12024.03,11957,,B.lion,,,,69,teacher,,,,,,,Dolby Laboratories,Technology,,
3280,12024,Marcos Galperin,XY,,,Marcos Eduardo Galperin,,,,Argentina,(es-AR) Buenos Aires.11970,,,"Saint Andrew's Scots School in Olivos
The Wharton School of the University of Pennsylvania
Stanford Graduate School of Business",,rich kid (XY),,born into a wealthy family,,Argentina,person.public,USD-networth,"$4,900,000,000",,3,12024.03,11971,12017,B.lion,,,,55,teacher,,,,,,,E-commerce,Technology,Co-founder of Mercado Libre,
3281,12024,Tom Golisano,,,,,,,,,,,,,,,,,,United States,person.public,USD-networth,"$4,900,000,000",,,12024.03,11947,,B.lion,,,,79,advisor,,,,,,,Payroll services,Service,,
3282,12024,Jonathan Gray,,,,,,,,,,,,,,,,,,United States,person.public,USD-networth,"$4,900,000,000",,,12024.03,11938,,B.lion,,,,88,advisor,,,,,,,Investments,Finance & Investments,,
3283,12024,Bidzina Ivanishvili,,,,,,,,,,,,,,,,,,Georgia,person.public,USD-networth,"$4,900,000,000",,,12024.03,11952,,B.lion,,,,74,advisor,,,,,,,Investments,Finance & Investments,,
3284,12024,Lim Hariyanto Wijaya Sarwono,,,,,,,,,,,,,,,,,,Indonesia,person.public,USD-networth,"$4,900,000,000",,,12024.03,11966,,B.lion,,,,60,teacher,,,,,,,"Palm oil, nickel mining",Metals & Mining,,
3285,12024,Rudolf Maag,,,,,,,,,,,,,,,,,,Switzerland,person.public,USD-networth,"$4,900,000,000",,,12024.03,11964,,B.lion,,,,62,teacher,,,,,,,Medical devices,Healthcare,,
3286,12024,Emanuele (Lino) Saputo,,,,,,,,,,,,,,,,,,Canada,person.public,USD-networth,"$4,900,000,000",,,12024.03,11957,,B.lion,,,,69,teacher,,,,,,,Cheese,Food & Beverage,,
3287,12024,Mark Shoen,XY,,,,,,,,,,,,,,,,,United States,person.public,USD-networth,"$4,900,000,000",,,12024.03,11974,,B.lion,,,,52,teacher,,,,,,,U-Haul,Automotive,,
3288,12024,Dan Snyder,,,,,,,,,,,,,,,,,,United States,person.public,USD-networth,"$4,900,000,000",,,12024.03,11966,,B.lion,,,,60,teacher,,,,,,,Washington Commanders,Sports,,
3289,12024,Chairul Tanjung,,,,,,,,,,,,,,,,,,Indonesia,person.public,USD-networth,"$4,900,000,000",,,12024.03,11974,,B.lion,,,,52,teacher,,,,,,,Diversified,Diversified,,
3290,12024,Kelcy Warren,,,,,,,,,,,,,,,,,,United States,person.public,USD-networth,"$4,900,000,000",,,12024.03,11945,,B.lion,,,,81,advisor,,,,,,,Pipelines,Energy,,
3291,12024,Zhang Tao,,,,,,,,,,,,,,,,,,China,person.public,USD-networth,"$4,900,000,000",,,12024.03,11955,,B.lion,,,,71,teacher,,,,,,,E-commerce,Fashion & Retail,,
3318,12024,Michael Ashley,XY,,,,,,,,,,,,,,,,,United Kingdom,person.public,USD-networth,"$4,800,000,000",,,12024.03,11960,,B.lion,,,,66,teacher,,,,,,,Sports retailing,Fashion & Retail,,
3319,12024,Tomasz Biernacki,,,,,,,,,,,,,,,,,,Poland,person.public,USD-networth,"$4,800,000,000",,,12024.03,11957,,B.lion,,,,69,teacher,,,,,,,Supermarkets,Fashion & Retail,,
3320,12024,Bernard Broermann,,,,,,,,,,,,,,,,,,Germany,person.public,USD-networth,"$4,800,000,000",,,12024.03,11958,,B.lion,,,,68,teacher,,,,,,,Hospitals,Healthcare,,
3321,12024,Jimmy Haslam,,,,,,,,,,,,,,,,,,United States,person.public,USD-networth,"$4,800,000,000",,,12024.03,11956,,B.lion,,,,70,teacher,,,,,,,"Gas stations, retail",Fashion & Retail,,
3322,12024,H. Fisk Johnson,,,,,,,,,,,,,,,,,,United States,person.public,USD-networth,"$4,800,000,000",,,12024.03,11960,,B.lion,,,,66,teacher,,,,,,,Cleaning products,Manufacturing,,
3323,12024,S. Curtis Johnson,,,,,,,,,,,,,,,,,,United States,person.public,USD-networth,"$4,800,000,000",,,12024.03,11961,,B.lion,,,,65,teacher,,,,,,,Cleaning products,Manufacturing,,
3324,12024,Helen Johnson-Leipold,XX,,,,,,,,,,,,,,,,,United States,person.public,USD-networth,"$4,800,000,000",,,12024.03,11954,,B.lion,,,,72,teacher,,,,,,,Cleaning products,Manufacturing,,
3325,12024,Vinod Khosla,,,,,,,,,,,,,,,,,,United States,person.public,USD-networth,"$4,800,000,000",,,12024.03,11946,,B.lion,,,,80,advisor,,,,,,,Venture capital,Technology,,
3326,12024,Thai Lee,,,,,,,,,,,,,,,,,,United States,person.public,USD-networth,"$4,800,000,000",,,12024.03,11962,,B.lion,,,,64,teacher,,,,,,,IT provider,Technology,,
3327,12024,Winifred J. Marquart,,,,,,,,,,,,,,,,,,United States,person.public,USD-networth,"$4,800,000,000",,,12024.03,11936,,B.lion,,,,90,advisor,,,,,,,Cleaning products,Manufacturing,,
3328,12024,Pankaj Patel,,,,,,,,,,,,,,,,,,India,person.public,USD-networth,"$4,800,000,000",,,12024.03,11948,,B.lion,,,,78,advisor,,,,,,,Pharmaceuticals,Healthcare,,
3329,12024,Horst Julius Pudwill,,,,,,,,,,,,,,,,,,Germany,person.public,USD-networth,"$4,800,000,000",,,12024.03,11946,,B.lion,,,,80,advisor,,,,,,,Manufacturing,Manufacturing,,
3330,12024,Yu Yong,,,,,,,,,,,,,,,,,,China,person.public,USD-networth,"$4,800,000,000",,,12024.03,11961,,B.lion,,,,65,teacher,,,,,,,Mining,Finance & Investments,,
3364,12024,Maria Fernanda Amorim,,,,,,,,,,,,,,,,,,Portugal,person.public,USD-networth,"$4,700,000,000",,,12024.03,11970,,B.lion,,,,56,teacher,,,,,,,"Energy, investments",Diversified,,
3365,12024,Gayle Benson,,,,,,,,,,,,,,,,,,United States,person.public,USD-networth,"$4,700,000,000",,,12024.03,11956,,B.lion,,,,70,teacher,,,,,,,New Orleans Saints,Sports,,
3366,12024,Jason Chang,,,,,,,,,,,,,,,,,,Singapore,person.public,USD-networth,"$4,700,000,000",,,12024.03,11947,,B.lion,,,,79,advisor,,,,,,,Electronics,Technology,,
3367,12024,Ali Erdemoglu,,,,,,,,,,,,,,,,,,Turkey,person.public,USD-networth,"$4,700,000,000",,,12024.03,11974,,B.lion,,,,52,teacher,,,,,,,Carpet,Manufacturing,,
3368,12024,Andre Esteves,XY,,,,,,,,,,,,,,,,,Brazil,person.public,USD-networth,"$4,700,000,000",,,12024.03,11956,,B.lion,,,,70,teacher,,,,,,,Banking,Finance & Investments,,
3369,12024,Carlo Fidani,,,,,,,,,,,,,,,,,,Canada,person.public,USD-networth,"$4,700,000,000",,,12024.03,11948,,B.lion,,,,78,advisor,,,,,,,Real estate,Real Estate,,
3370,12024,Hong Ra-hee,,,,,,,,,,,,,,,,,,South Korea,person.public,USD-networth,"$4,700,000,000",,,12024.03,11972,,B.lion,,,,54,teacher,,,,,,,Samsung,Technology,,
3371,12024,Li Gaiteng,,,,,,,,,,,,,,,,,,China,person.public,USD-networth,"$4,700,000,000",,,12024.03,11963,,B.lion,,,,63,teacher,,,,,,,Hair dryers,Manufacturing,,
3372,12024,Thomas Secunda,,,,,,,,,,,,,,,,,,United States,person.public,USD-networth,"$4,700,000,000",,,12024.03,11960,,B.lion,,,,66,teacher,,,,,,,Bloomberg LP,Media & Entertainment,,
3373,12024,Song Zuowen,,,,,,,,,,,,,,,,,,China,person.public,USD-networth,"$4,700,000,000",,,12024.03,11928,,B.lion,,,,98,phantasim,,,,,,,"Aluminum, diversified",Diversified,,
3374,12024,Tim Sweeney,,,,,,,,,,,,,,,,,,United States,person.public,USD-networth,"$4,700,000,000",,,12024.03,11978,,B.lion,,,,48,householder,,,,,,,Video games,Media & Entertainment,,
3407,12024,Bert Beveridge,,,,,,,,,,,,,,,,,,United States,person.public,USD-networth,"$4,600,000,000",,,12024.03,11968,,B.lion,,,,58,teacher,,,,,,,Vodka,Food & Beverage,,
3408,12024,Mark Cuban,XY,,,,,,,,,,,,,,,,,United States,person.public,USD-networth,"$4,600,000,000",,,12024.03,11962,,B.lion,,,,64,teacher,,,,,,,"Online media, Dallas Mavericks",Media & Entertainment,,
3409,12024,Charles Dolan,XY,,,,,,,,,,,,,,,,,United States,person.public,USD-networth,"$4,600,000,000",,,12024.03,11969,,B.lion,,,,57,teacher,,,,,,,Cable television,Media & Entertainment,,
3410,12024,Jack Dorsey,,,,,,,,,,,,,,,,,,United States,person.public,USD-networth,"$4,600,000,000",,,12024.03,11945,,B.lion,,,,81,advisor,,,,,,,"Twitter, Square",Technology,,
3411,12024,Fan Hongwei,,,,,,,,,,,,,,,,,,China,person.public,USD-networth,"$4,600,000,000",,,12024.03,11970,,B.lion,,,,56,teacher,,,,,,,Petrochemicals,Energy,,
3412,12024,Vladimir Kim,,,,,,,,,,,,,,,,,,Kazakhstan,person.public,USD-networth,"$4,600,000,000",,,12024.03,11979,,B.lion,,,,47,householder,,,,,,,Mining,Metals & Mining,,
3413,12024,"Andre Koo, Sr.",,,,,,,,,,,,,,,,,,Taiwan,person.public,USD-networth,"$4,600,000,000",,,12024.03,11968,,B.lion,,,,58,teacher,,,,,,,Financial services,Finance & Investments,,
3414,12024,Ronald Lauder,,,,,,,,,,,,,,,,,,United States,person.public,USD-networth,"$4,600,000,000",,,12024.03,11955,,B.lion,,,,71,teacher,,,,,,,Estee Lauder,Fashion & Retail,,
3415,12024,Li Chunan,,,,,,,,,,,,,,,,,,China,person.public,USD-networth,"$4,600,000,000",,,12024.03,11953,,B.lion,,,,73,advisor,,,,,,,Solar wafers and modules,Manufacturing,,
3416,12024,Forrest Li,,,,,,,,,,,,,,,,,,Singapore,person.public,USD-networth,"$4,600,000,000",,,12024.03,11959,,B.lion,,,,67,teacher,,,,,,,Gaming,Media & Entertainment,,
3417,12024,Richard Li,,,,,,,,,,,,,,,,,,Hong Kong,person.public,USD-networth,"$4,600,000,000",,,12024.03,11945,,B.lion,,,,81,advisor,,,,,,,Telecom,Telecom,,
3418,12024,Doug Meijer,,,,,,,,,,,,,,,,,,United States,person.public,USD-networth,"$4,600,000,000",,,12024.03,11946,,B.lion,,,,80,advisor,,,,,,,Supermarkets,Fashion & Retail,,
3419,12024,Hank Meijer,,,,,,,,,,,,,,,,,,United States,person.public,USD-networth,"$4,600,000,000",,,12024.03,11962,,B.lion,,,,64,teacher,,,,,,,Supermarkets,Fashion & Retail,,
3420,12024,Mark Meijer,XY,,,,,,,,,,,,,,,,,United States,person.public,USD-networth,"$4,600,000,000",,,12024.03,11990,,B.lion,,,,36,householder,,,,,,,Supermarkets,Fashion & Retail,,
3421,12024,Issad Rebrab,,,,,,,,,,,,,,,,,,Algeria,person.public,USD-networth,"$4,600,000,000",,,12024.03,11972,,B.lion,,,,54,teacher,,,,,,,Food,Food & Beverage,,
3422,12024,Fred Smith,,,,,,,,,,,,,,,,,,United States,person.public,USD-networth,"$4,600,000,000",,,12024.03,11958,,B.lion,,,,68,teacher,,,,,,,FedEx,Logistics,,
3423,12024,Barry Sternlicht,,,,,,,,,,,,,,,,,,United States,person.public,USD-networth,"$4,600,000,000",,,12024.03,11969,,B.lion,,,,57,teacher,,,,,,,Private equity,Finance & Investments,,
3424,12024,Maximilian Viessmann,,,,,,,,,,,,,,,,,,Germany,person.public,USD-networth,"$4,600,000,000",,,12024.03,11942,,B.lion,,,,84,advisor,,,,,,,"Heating, cooling equipment",Manufacturing,,
3425,12024,Russ Weiner,,,,,,,,,,,,,,,,,,United States,person.public,USD-networth,"$4,600,000,000",,,12024.03,11968,,B.lion,,,,58,teacher,,,,,,,Energy drinks,Food & Beverage,,
3426,12024,Xue Min,,,,,,,,,,,,,,,,,,China,person.public,USD-networth,"$4,600,000,000",,,12024.03,11970,,B.lion,,,,56,teacher,,,,,,,Healthcare,Healthcare,,
3464,12024,Juan Domingo Beckmann Legorreta,,,,,,,,,,,,,,,,,,Mexico,person.public,USD-networth,"$4,500,000,000",,,12024.03,11941,,B.lion,,,,85,advisor,,,,,,,Tequila,Food & Beverage,,
3465,12024,Dietmar Hopp,,,,,,,,,,,,,,,,,,Germany,person.public,USD-networth,"$4,500,000,000",,,12024.03,11948,,B.lion,,,,78,advisor,,,,,,,Software,Technology,,
3466,12024,Jiang Bin,,,,,,,,,,,,,,,,,,China,person.public,USD-networth,"$4,500,000,000",,,12024.03,11953,,B.lion,,,,73,advisor,,,,,,,Acoustic components,Technology,,
3467,12024,Joseph Liemandt,,,,,,,,,,,,,,,,,,United States,person.public,USD-networth,"$4,500,000,000",,,12024.03,11964,,B.lion,,,,62,teacher,,,,,,,Software,Technology,,
3468,12024,Theo Mueller,,,,,,,,,,,,,,,,,,Germany,person.public,USD-networth,"$4,500,000,000",,,12024.03,11954,,B.lion,,,,72,teacher,,,,,,,Dairy,Food & Beverage,,
3469,12024,N.R. Narayana Murthy,,,,,,,,,,,,,,,,,,India,person.public,USD-networth,"$4,500,000,000",,,12024.03,11983,,B.lion,,,,43,householder,,,,,,,Software services,Technology,,
3470,12024,Odd Reitan,,,,,,,,,,,,,,,,,,Norway,person.public,USD-networth,"$4,500,000,000",,,12024.03,11965,,B.lion,,,,61,teacher,,,,,,,"Retail, real estate",Fashion & Retail,,
3471,12024,Marc Rowan,,,,,,,,,,,,,,,,,,United States,person.public,USD-networth,"$4,500,000,000",,,12024.03,11952,,B.lion,,,,74,advisor,,,,,,,Private equity,Finance & Investments,,
3472,12024,Hussain Sajwani,,,,,,,,,,,,,,,,,,United Arab Emirates,person.public,USD-networth,"$4,500,000,000",,,12024.03,11959,,B.lion,,,,67,teacher,,,,,,,Real estate,Real Estate,,
3473,12024,David Velez,XY,,,,,,,,,,,,,,,,,Colombia,person.public,USD-networth,"$4,500,000,000",,,12024.03,11974,,B.lion,,,,52,teacher,,,,,,,Fintech,Finance & Investments,,
3474,12024,Xu Jinfu,,,,,,,,,,,,,,,,,,China,person.public,USD-networth,"$4,500,000,000",,,12024.03,11935,,B.lion,,,,91,phantasim,,,,,,,Chemicals,Manufacturing,,
3475,12024,Samuel Yin,,,,,,,,,,,,,,,,,,Taiwan,person.public,USD-networth,"$4,500,000,000",,,12024.03,11936,,B.lion,,,,90,advisor,,,,,,,Retail,Diversified,,
3476,12024,You Xiaoping,,,,,,,,,,,,,,,,,,China,person.public,USD-networth,"$4,500,000,000",,,12024.03,11961,,B.lion,,,,65,teacher,,,,,,,Polyurethanes,Manufacturing,,
3509,12024,Stéphane Bancel,,,,,,,,,,,,,,,,,,France,person.public,USD-networth,"$4,400,000,000",,,12024.03,11960,,B.lion,,,,66,teacher,,,,,,,"Biotech, vaccines",Healthcare,,
3510,12024,Margot Birmingham Perot,,,,,,,,,,,,,,,,,,United States,person.public,USD-networth,"$4,400,000,000",,,12024.03,11943,,B.lion,,,,83,advisor,,,,,,,"Computer services, real estate",Technology,,
3511,12024,Neal Blue,,,,,,,,,,,,,,,,,,United States,person.public,USD-networth,"$4,400,000,000",,,12024.03,11966,,B.lion,,,,60,teacher,,,,,,,Defense,Manufacturing,,
3512,12024,Jim Davis,,,,,,,,,,,,,,,,,,United States,person.public,USD-networth,"$4,400,000,000",,,12024.03,11957,,B.lion,,,,69,teacher,,,,,,,Staffing & recruiting,Service,,
3513,12024,Rafael Del Pino,,,,,,,,,,,,,,,,,,Spain,person.public,USD-networth,"$4,400,000,000",,,12024.03,11953,,B.lion,,,,73,advisor,,,,,,,Construction,Construction & Engineering,,
3514,12024,Peter Grogg,,,,,,,,,,,,,,,,,,Switzerland,person.public,USD-networth,"$4,400,000,000",,,12024.03,11958,,B.lion,,,,68,teacher,,,,,,,Biochemicals,Healthcare,,
3515,12024,Christian Haub,,,,,,,,,,,,,,,,,,Germany,person.public,USD-networth,"$4,400,000,000",,,12024.03,11959,,B.lion,,,,67,teacher,,,,,,,Retail,Fashion & Retail,,
3516,12024,Mangal Prabhat Lodha,,,,,,,,,,,,,,,,,,India,person.public,USD-networth,"$4,400,000,000",,,12024.03,11970,,B.lion,,,,56,teacher,,,,,,,Real estate,Real Estate,,
3517,12024,Jeffrey Lurie,,,,,,,,,,,,,,,,,,United States,person.public,USD-networth,"$4,400,000,000",,,12024.03,11965,,B.lion,,,,61,teacher,,,,,,,Philadelphia Eagles,Sports,,
3518,12024,Joe Mansueto,,,,,,,,,,,,,,,,,,United States,person.public,USD-networth,"$4,400,000,000",,,12024.03,11978,,B.lion,,,,48,householder,,,,,,,Investment research,Finance & Investments,,
3519,12024,Qian Dongqi,,,,,,,,,,,,,,,,,,China,person.public,USD-networth,"$4,400,000,000",,,12024.03,11961,,B.lion,,,,65,teacher,,,,,,,Home-cleaning robots,Manufacturing,,
3520,12024,Mikhail Shelkov,,,,,,,,,,,,,,,,,,Russia,person.public,USD-networth,"$4,400,000,000",,,12024.03,11975,,B.lion,,,,51,teacher,,,,,,,Titanium,Metals & Mining,,
3558,12024,Patrick Drahi,,,,,,,,,,,,,,,,,,France,person.public,USD-networth,"$4,300,000,000",,,12024.03,11963,,B.lion,,,,63,teacher,,,,,,,Telecom,Telecom,,
3559,12024,Behdad Eghbali,,,,,,,,,,,,,,,,,,United States,person.public,USD-networth,"$4,300,000,000",,,12024.03,11933,,B.lion,,,,93,phantasim,,,,,,,Private equity,Finance & Investments,,
3560,12024,Juan Carlos Escotet,,,,,,,,,,,,,,,,,,Venezuela,person.public,USD-networth,"$4,300,000,000",,,12024.03,11934,,B.lion,,,,92,phantasim,,,,,,,Banking,Finance & Investments,,
3561,12024,Jose E. Feliciano,,,,,,,,,,,,,,,,,,United States,person.public,USD-networth,"$4,300,000,000",,,12024.03,11963,,B.lion,,,,63,teacher,,,,,,,Private equity,Finance & Investments,,
3562,12024,Hu Kaijun,,,,,,,,,,,,,,,,,,China,person.public,USD-networth,"$4,300,000,000",,,12024.03,11962,,B.lion,,,,64,teacher,,,,,,,Pharmaceuticals,Healthcare,,
3563,12024,Johnelle Hunt,XX,,,,,,,,,,,,,,,,,United States,person.public,USD-networth,"$4,300,000,000",,,12024.03,11968,,B.lion,,,,58,teacher,,,,,,,Trucking,Logistics,,
3564,12024,Marian Ilitch,,,,,,,,,,,,,,,,,,United States,person.public,USD-networth,"$4,300,000,000",,,12024.03,11969,,B.lion,,,,57,teacher,,,,,,,Little Caesars Pizza,Food & Beverage,,
3565,12024,Daryl Katz,,,,,,,,,,,,,,,,,,Canada,person.public,USD-networth,"$4,300,000,000",,,12024.03,11964,,B.lion,,,,62,teacher,,,,,,,Pharmacies,Diversified,,
3566,12024,Andrei Kozitsyn,,,,,,,,,,,,,,,,,,Russia,person.public,USD-networth,"$4,300,000,000",,,12024.03,11966,,B.lion,,,,60,teacher,,,,,,,Metals,Metals & Mining,,
3567,12024,Timur Kulibaev,,,,,,,,,,,,,,,,,,Kazakhstan,person.public,USD-networth,"$4,300,000,000",,,12024.03,11963,,B.lion,,,,63,teacher,,,,,,,Banking,Finance & Investments,,
3568,12024,Dinara Kulibaeva,,,,,,,,,,,,,,,,,,Kazakhstan,person.public,USD-networth,"$4,300,000,000",,,12024.03,11949,,B.lion,,,,77,advisor,,,,,,,Banking,Finance & Investments,,
3569,12024,Ian Livingstone,,,,,,,,,,,,,,,,,,United Kingdom,person.public,USD-networth,"$4,300,000,000",,,12024.03,11970,,B.lion,,,,56,teacher,,,,,,,Real estate,Real Estate,,
3570,12024,Richard Livingstone,,,,,,,,,,,,,,,,,,United Kingdom,person.public,USD-networth,"$4,300,000,000",,,12024.03,11960,,B.lion,,,,66,teacher,,,,,,,Real estate,Real Estate,,
3571,12024,Gwendolyn Sontheim Meyer,,,,,,,,,,,,,,,,,,United States,person.public,USD-networth,"$4,300,000,000",,,12024.03,11958,,B.lion,,,,68,teacher,,,,,,,Cargill,Food & Beverage,,
3572,12024,Jay Paul,,,,,,,,,,,,,,,,,,United States,person.public,USD-networth,"$4,300,000,000",,,12024.03,11959,,B.lion,,,,67,teacher,,,,,,,Real estate,Real Estate,,
3573,12024,Pham Nhat Vuong,,,,,,,,,,,,,,,,,,Vietnam,person.public,USD-networth,"$4,300,000,000",,,12024.03,11982,,B.lion,,,,44,householder,,,,,,,Diversified,Diversified,,
3574,12024,Jon Stryker,,,,,,,,,,,,,,,,,,United States,person.public,USD-networth,"$4,300,000,000",,,12024.03,11950,,B.lion,,,,76,advisor,,,,,,,Medical equipment,Healthcare,,
3575,12024,Daniel Tsai,,,,,,,,,,,,,,,,,,Taiwan,person.public,USD-networth,"$4,300,000,000",,,12024.03,11966,,B.lion,,,,60,teacher,,,,,,,Finance,Finance & Investments,,
3576,12024,Richard Tsai,,,,,,,,,,,,,,,,,,Taiwan,person.public,USD-networth,"$4,300,000,000",,,12024.03,11941,,B.lion,,,,85,advisor,,,,,,,Finance,Finance & Investments,,
3577,12024,Frank Wang,,,,,,,,,,,,,,,,,,China,person.public,USD-networth,"$4,300,000,000",,,12024.03,11959,,B.lion,,,,67,teacher,,,,,,,Drones,Technology,,
3578,12024,Wang Junshi,,,,,,,,,,,,,,,,,,China,person.public,USD-networth,"$4,300,000,000",,,12024.03,11956,,B.lion,,,,70,teacher,,,,,,,Solar inverters,Manufacturing,,
3579,12024,Wang Wenjing,,,,,,,,,,,,,,,,,,China,person.public,USD-networth,"$4,300,000,000",,,12024.03,11942,,B.lion,,,,84,advisor,,,,,,,Business software,Technology,,
3580,12024,Herbert Wertheim,,,,,,,,,,,,,,,,,,United States,person.public,USD-networth,"$4,300,000,000",,,12024.03,11967,,B.lion,,,,59,teacher,,,,,,,Investments,Finance & Investments,,
3610,12024,Shari Arison,,,,,,,,,,,,,,,,,,Israel,person.public,USD-networth,"$4,200,000,000",,,12024.03,11937,,B.lion,,,,89,advisor,,,,,,,Carnival Cruises,Service,,
3611,12024,Pyotr Aven,,,,,,,,,,,,,,,,,,Russia,person.public,USD-networth,"$4,200,000,000",,,12024.03,11942,,B.lion,,,,84,advisor,,,,,,,"Oil, banking, telecom",Finance & Investments,,
3612,12024,Chan Laiwa,,,,,,,,,,,,,,,,,,China,person.public,USD-networth,"$4,200,000,000",,,12024.03,11952,,B.lion,,,,74,advisor,,,,,,,Real estate,Real Estate,,
3613,12024,Chen Hua,,,,,,,,,,,,,,,,,,China,person.public,USD-networth,"$4,200,000,000",,,12024.03,11950,,B.lion,,,,76,advisor,,,,,,,Real estate,Real Estate,,
3614,12024,Thomas Hagen,,,,,,,,,,,,,,,,,,United States,person.public,USD-networth,"$4,200,000,000",,,12024.03,11942,,B.lion,,,,84,advisor,,,,,,,Insurance,Finance & Investments,,
3615,12024,"Rupert Johnson, Jr.",XY,,,,,,,,,,,,,,,,,United States,person.public,USD-networth,"$4,200,000,000",,,12024.03,11971,,B.lion,,,,55,teacher,,,,,,,Franklin Templeton,Finance & Investments,,
3616,12024,Dewi Kam,,,,,,,,,,,,,,,,,,Indonesia,person.public,USD-networth,"$4,200,000,000",,,12024.03,11969,,B.lion,,,,57,teacher,,,,,,,Coal,Energy,,
3617,12024,Min Kao,,,,,,,,,,,,,,,,,,United States,person.public,USD-networth,"$4,200,000,000",,,12024.03,11965,,B.lion,,,,61,teacher,,,,,,,Navigation equipment,Technology,,
3618,12024,Marc Ladreit de Lacharriere,,,,,,,,,,,,,,,,,,France,person.public,USD-networth,"$4,200,000,000",,,12024.03,11956,,B.lion,,,,70,teacher,,,,,,,Finance,Finance & Investments,,
3619,12024,Eric Lefkofsky,,,,,,,,,,,,,,,,,,United States,person.public,USD-networth,"$4,200,000,000",,,12024.03,11964,,B.lion,,,,62,teacher,,,,,,,"Groupon, investments",Technology,,
3620,12024,Lin Bin,,,,,,,,,,,,,,,,,,United States,person.public,USD-networth,"$4,200,000,000",,,12024.03,11951,,B.lion,,,,75,advisor,,,,,,,Smartphones,Technology,,
3621,12024,Lin Li,,,,,,,,,,,,,,,,,,China,person.public,USD-networth,"$4,200,000,000",,,12024.03,11966,,B.lion,,,,60,teacher,,,,,,,Investments,Finance & Investments,,
3622,12024,Michael Moritz,XY,,,,,,,,,,,,,,,,,United States,person.public,USD-networth,"$4,200,000,000",,,12024.03,11984,,B.lion,,,,42,householder,,,,,,,Venture capital,Technology,,
3623,12024,Jean (Gigi) Pritzker,,,,,,,,,,,,,,,,,,United States,person.public,USD-networth,"$4,200,000,000",,,12024.03,11951,,B.lion,,,,75,advisor,,,,,,,"Hotels, investments",Service,,
3624,12024,E. Joe Shoen,,,,,,,,,,,,,,,,,,United States,person.public,USD-networth,"$4,200,000,000",,,12024.03,11953,,B.lion,,,,73,advisor,,,,,,,U-Haul,Automotive,,
3625,12024,Jeff Skoll,,,,,,,,,,,,,,,,,,United States,person.public,USD-networth,"$4,200,000,000",,,12024.03,11969,,B.lion,,,,57,teacher,,,,,,,EBay,Technology,,
3626,12024,Lynsi Snyder,,,,,,,,,,,,,,,,,,United States,person.public,USD-networth,"$4,200,000,000",,,12024.03,11956,,B.lion,,,,70,teacher,,,,,,,In-N-Out Burger,Food & Beverage,,
3627,12024,Djoko Susanto,,,,,,,,,,,,,,,,,,Indonesia,person.public,USD-networth,"$4,200,000,000",,,12024.03,11941,,B.lion,,,,85,advisor,,,,,,,Supermarkets,Fashion & Retail,,
3628,12024,Tahir,,,,,,,,,,,,,,,,,,Indonesia,person.public,USD-networth,"$4,200,000,000",,,12024.03,11941,,B.lion,,,,85,advisor,,,,,,,Diversified,Diversified,,
3629,12024,Peter Thiel,,,,,,,,,,,,,,,,,,United States,person.public,USD-networth,"$4,200,000,000",,,12024.03,11937,,B.lion,,,,89,advisor,,,,,,,"Facebook, investments",Finance & Investments,,
3687,12024,Andrej Babis,,,,,,,,,,,,,,,,,,Czech Republic,person.public,USD-networth,"$4,100,000,000",,,12024.03,11950,,B.lion,,,,76,advisor,,,,,,,Agriculture,Food & Beverage,,
3688,12024,Danielle Bellon,,,,,,,,,,,,,,,,,,France,person.public,USD-networth,"$4,100,000,000",,,12024.03,11954,,B.lion,,,,72,teacher,,,,,,,Food services,Service,,
3689,12024,Hubert Burda,,,,,,,,,,,,,,,,,,Germany,person.public,USD-networth,"$4,100,000,000",,,12024.03,11970,,B.lion,,,,56,teacher,,,,,,,Publishing,Media & Entertainment,,
3690,12024,Nick Caporella,,,,,,,,,,,,,,,,,,United States,person.public,USD-networth,"$4,100,000,000",,,12024.03,11958,,B.lion,,,,68,teacher,,,,,,,Beverages,Food & Beverage,,
3691,12024,John Catsimatidis,XY,,,,,,,,,,,,,,,,,United States,person.public,USD-networth,"$4,100,000,000",,,12024.03,11969,,B.lion,,,,57,teacher,,,,,,,"Oil, real estate",Energy,,
3692,12024,Scott Cook,,,,,,,,,,,,,,,,,,United States,person.public,USD-networth,"$4,100,000,000",,,12024.03,11941,,B.lion,,,,85,advisor,,,,,,,Software,Technology,,
3693,12024,Luca Garavoglia,,,,,,,,,,,,,,,,,,Italy,person.public,USD-networth,"$4,100,000,000",,,12024.03,11968,,B.lion,,,,58,teacher,,,,,,,Spirits,Food & Beverage,,
3694,12024,Antti Herlin,,,,,,,,,,,,,,,,,,Finland,person.public,USD-networth,"$4,100,000,000",,,12024.03,11951,,B.lion,,,,75,advisor,,,,,,,"Elevators, escalators",Manufacturing,,
3695,12024,Hong Jie,,,,,,,,,,,,,,,,,,China,person.public,USD-networth,"$4,100,000,000",,,12024.03,11963,,B.lion,,,,63,teacher,,,,,,,Paint,Manufacturing,,
3696,12024,"Jeremy Jacobs, Sr.",,,,,,,,,,,,,,,,,,United States,person.public,USD-networth,"$4,100,000,000",,,12024.03,11958,,B.lion,,,,68,teacher,,,,,,,Food service,Service,,
3697,12024,Igor Kesaev,,,,,,,,,,,,,,,,,,Russia,person.public,USD-networth,"$4,100,000,000",,,12024.03,11948,,B.lion,,,,78,advisor,,,,,,,"Tobacco distribution, retail",Fashion & Retail,,
3698,12024,Mary Alice Dorrance Malone,,,,,,,,,,,,,,,,,,United States,person.public,USD-networth,"$4,100,000,000",,,12024.03,11961,,B.lion,,,,65,teacher,,,,,,,Campbell Soup,Food & Beverage,,
3699,12024,Joao Moreira Salles,,,,,,,,,,,,,,,,,,Brazil,person.public,USD-networth,"$4,100,000,000",,,12024.03,11936,,B.lion,,,,90,advisor,,,,,,,"Banking, minerals",Diversified,,
3700,12024,Walther Moreira Salles Junior,,,,,,,,,,,,,,,,,,Brazil,person.public,USD-networth,"$4,100,000,000",,,12024.03,11942,,B.lion,,,,84,advisor,,,,,,,"Banking, minerals",Finance & Investments,,
3701,12024,Arturo Moreno,,,,,,,,,,,,,,,,,,United States,person.public,USD-networth,"$4,100,000,000",,,12024.03,11964,,B.lion,,,,62,teacher,,,,,,,"Billboards, Los Angeles Angels",Sports,,
3702,12024,Peter Spuhler,,,,,,,,,,,,,,,,,,Switzerland,person.public,USD-networth,"$4,100,000,000",,,12024.03,11967,,B.lion,,,,59,teacher,,,,,,,Train cars,Manufacturing,,
3703,12024,Donald Sterling,,,,,,,,,,,,,,,,,,United States,person.public,USD-networth,"$4,100,000,000",,,12024.03,11944,,B.lion,,,,82,advisor,,,,,,,Real estate,Real Estate,,
3704,12024,Kerry Stokes,,,,,,,,,,,,,,,,,,Australia,person.public,USD-networth,"$4,100,000,000",,,12024.03,11976,,B.lion,,,,50,teacher,,,,,,,"Construction equipment, media",Diversified,,
3705,12024,Ken Xie,,,,,,,,,,,,,,,,,,United States,person.public,USD-networth,"$4,100,000,000",,,12024.03,11949,,B.lion,,,,77,advisor,,,,,,,Cybersecurity,Technology,,
3706,12024,Xie Liangzhi,,,,,,,,,,,,,,,,,,China,person.public,USD-networth,"$4,100,000,000",,,12024.03,11968,,B.lion,,,,58,teacher,,,,,,,Biotech,Healthcare,,
,,David Packard,XY,Sperry Sidney Packard,Ella Graber,David Packard,,Lucile Salter ,,United States,Modern-English.PreWW1,,Modern-English.PreWW1,"Centennial High School
Stanford University (BA)
University of Colorado at Boulder (student)
Stanford University (MA)",en-US.typeface.PreWW1-era,"Football Letterman
Basketball Letterman
Phi Beta Kappa Society (member)
Alpha Delta Phi Literary Fraternity (brother)
General Electric Company (employee)
Hewlett-Packard (President)
Hewlett-Packard (CEO)
Hewlett-Packard (Chairman of the Board)
United States Deputy Secretary of Defense (13th)
Uniformed Services University of the Health Sciences (President)
Uniformed Services University of the Health Sciences (board of regents)
Trilateral Commission (member)
Presidential Medal of Freedom (recipient)",,American electrical engineer and co-founder,,United States,person.public,USD-networth,"$4,000,000,000",,4,12024.03,11912,,B.lion,,11971,,59,teacher,warlock.manipulator,wizard.alchemist,warlock.director,wizard.engineer,,,Hewlett-Packard ,Technology,worked for Richard Nixon after co-founding HP.,
3742,12024,Sid Bass,,,,,,,,,,,,,,,,,,United States,person.public,USD-networth,"$4,000,000,000",,,12024.03,11947,,B.lion,,,,79,advisor,,,,,,,"Oil, investments",Energy,,
3743,12024,Ben Chestnut,,,,,,,,,,,,,,,,,,United States,person.public,USD-networth,"$4,000,000,000",,,12024.03,11951,,B.lion,,,,75,advisor,,,,,,,Email marketing,Technology,,
3744,12024,Elisabeth DeLuca,,,,,,,,,,,,,,,,,,United States,person.public,USD-networth,"$4,000,000,000",,,12024.03,11978,,B.lion,,,,48,householder,,,,,,,Subway,Food & Beverage,,
3745,12024,Guo Guangchang,,,,,,,,,,,,,,,,,,China,person.public,USD-networth,"$4,000,000,000",,,12024.03,11963,,B.lion,,,,63,teacher,,,,,,,Conglomerate,Diversified,,
3746,12024,Vinod Rai Gupta,,,,,,,,,,,,,,,,,,India,person.public,USD-networth,"$4,000,000,000",,,12024.03,11973,,B.lion,,,,53,teacher,,,,,,,Electrical equipment,Manufacturing,,
3747,12024,John Henry,XY,,,,,,,,,,,,,,,,,United States,person.public,USD-networth,"$4,000,000,000",,,12024.03,11959,,B.lion,,,,67,teacher,,,,,,,Sports,Sports,,
3748,12024,Travis Kalanick,,,,,,,,,,,,,,,,,,United States,person.public,USD-networth,"$4,000,000,000",,,12024.03,11982,,B.lion,,,,44,householder,,,,,,,Uber,Technology,,
3749,12024,Koon Poh Keong,,,,,,,,,,,,,,,,,,Malaysia,person.public,USD-networth,"$4,000,000,000",,,12024.03,11945,,B.lion,,,,81,advisor,,,,,,,Aluminum,Manufacturing,,
3750,12024,Dan Kurzius,,,,,,,,,,,,,,,,,,United States,person.public,USD-networth,"$4,000,000,000",,,12024.03,11961,,B.lion,,,,65,teacher,,,,,,,Email marketing,Technology,,
3751,12024,Paul Lee,,,,,,,,,,,,,,,,,,United States,person.public,USD-networth,"$4,000,000,000",,,12024.03,11957,,B.lion,,,,69,teacher,,,,,,,Battery separators,Manufacturing,,
3752,12024,Tobi Lutke,,,,,,,,,,,,,,,,,,Canada,person.public,USD-networth,"$4,000,000,000",,,12024.03,11944,,B.lion,,,,82,advisor,,,,,,,E-commerce,Technology,,
3753,12024,Gail Miller,,,,,,,,,,,,,,,,,,United States,person.public,USD-networth,"$4,000,000,000",,,12024.03,11934,,B.lion,,,,92,phantasim,,,,,,,Car dealerships,Automotive,,
3754,12024,Rajan Mittal,,,,,,,,,,,,,,,,,,India,person.public,USD-networth,"$4,000,000,000",,,12024.03,11956,,B.lion,,,,70,teacher,,,,,,,Telecom,Telecom,,
3755,12024,Rakesh Mittal,,,,,,,,,,,,,,,,,,India,person.public,USD-networth,"$4,000,000,000",,,12024.03,11948,,B.lion,,,,78,advisor,,,,,,,Telecom,Telecom,,
3756,12024,Isaac Perlmutter,,,,,,,,,,,,,,,,,,United States,person.public,USD-networth,"$4,000,000,000",,,12024.03,11949,,B.lion,,,,77,advisor,,,,,,,Marvel comics,Media & Entertainment,,
3757,12024,"Bernard Saul, II.",,,,,,,,,,,,,,,,,,United States,person.public,USD-networth,"$4,000,000,000",,,12024.03,11955,,B.lion,,,,71,teacher,,,,,,,"Banking, real estate",Finance & Investments,,
3758,12024,Shaul Shani,,,,,,,,,,,,,,,,,,Israel,person.public,USD-networth,"$4,000,000,000",,,12024.03,11950,,B.lion,,,,76,advisor,,,,,,,Telecom,Telecom,,
3759,12024,Steven Spielberg,XY,,,,,,,,,,,,,,,,,United States,person.public,USD-networth,"$4,000,000,000",,,12024.03,11951,,B.lion,,,,75,advisor,,,,,,,Movies,Media & Entertainment,,
3760,12024,Jerzy Starak,,,,,,,,,,,,,,,,,,Poland,person.public,USD-networth,"$4,000,000,000",,,12024.03,11948,,B.lion,,,,78,advisor,,,,,,,Pharmaceuticals,Healthcare,,
3761,12024,Torbjorn Tornqvist,,,,,,,,,,,,,,,,,,Sweden,person.public,USD-networth,"$4,000,000,000",,,12024.03,11952,,B.lion,,,,74,advisor,,,,,,,Oil trading,Energy,,
3762,12024,Rufino Vigil Gonzalez,,,,,,,,,,,,,,,,,,Mexico,person.public,USD-networth,"$4,000,000,000",,,12024.03,11951,,B.lion,,,,75,advisor,,,,,,,Steel,Metals & Mining,,
3763,12024,Zhang Daocai,,,,,,,,,,,,,,,,,,China,person.public,USD-networth,"$4,000,000,000",,,12024.03,11933,,B.lion,,,,93,phantasim,,,,,,,Valves,Diversified,,
3764,12024,Hans-Adam II,XY,"Franz Joseph II, Prince of Liechtenstein",Countess Georgina von Wilczek,Johannes Adam Ferdinand Alois Josef Maria Marco d'Aviano Pius,,Countess Marie Kinsky of Wchinitz and Tettau (XX),,Liechtenstein,,,,,,,,,,Liechtenstein,person.public,USD-networth,"$4,000,000,000",,4,12024.03,11945,,B.lion,,,,81,advisor,,,,,,,Holdings in the Prince of Liechtenstein Foundation.,"Royalty, Diversified",,
3765,12024,Henri,XY,"Jean, Grand Duke of Luxembourg",Princess Joséphine-Charlotte of Belgium,Henri Albert Gabriel Félix Marie Guillaume,,María Teresa Mestre y Batista (XX),, Luxembourg,,,,,,,,,, Luxembourg,person.public,USD-networth,"$4,000,000,000",,5,12024.03,11955,,B.lion,,,,71,teacher,,,,,,,grand duchy,"Royalty, Diversified",,
3806,12024,Juergen Blickle,,,,,,,,,,,,,,,,,,Germany,person.public,USD-networth,"$3,900,000,000",,,12024.03,11959,,B.lion,,,,67,teacher,,,,,,,Auto parts,Manufacturing,,
3807,12024,"Austen Cargill, II.",,,,,,,,,,,,,,,,,,United States,person.public,USD-networth,"$3,900,000,000",,,12024.03,11939,,B.lion,,,,87,advisor,,,,,,,Cargill,Food & Beverage,,
3808,12024,"James Cargill, II.",,,,,,,,,,,,,,,,,,United States,person.public,USD-networth,"$3,900,000,000",,,12024.03,11957,,B.lion,,,,69,teacher,,,,,,,Cargill,Food & Beverage,,
3809,12024,Vanich Chaiyawan,,,,,,,,,,,,,,,,,,Thailand,person.public,USD-networth,"$3,900,000,000",,,12024.03,11941,,B.lion,,,,85,advisor,,,,,,,"Insurance, beverages",Finance & Investments,,
3810,12024,Chen Dongsheng,,,,,,,,,,,,,,,,,,China,person.public,USD-networth,"$3,900,000,000",,,12024.03,11941,,B.lion,,,,85,advisor,,,,,,,Insurance,Finance & Investments,,
3811,12024,Mong-Koo Chung,,,,,,,,,,,,,,,,,,South Korea,person.public,USD-networth,"$3,900,000,000",,,12024.03,11930,,B.lion,,,,96,phantasim,,,,,,,Hyundai,Automotive,,
3812,12024,Kenneth Dart,,,,,,,,,,,,,,,,,,Belize,person.public,USD-networth,"$3,900,000,000",,,12024.03,11961,,B.lion,,,,65,teacher,,,,,,,Investments,Finance & Investments,,
3813,12024,Giuseppe De'Longhi,,,,,,,,,,,,,,,,,,Italy,person.public,USD-networth,"$3,900,000,000",,,12024.03,11955,,B.lion,,,,71,teacher,,,,,,,Coffee makers,Fashion & Retail,,
3814,12024,Guenther Fielmann,,,,,,,,,,,,,,,,,,Germany,person.public,USD-networth,"$3,900,000,000",,,12024.03,11946,,B.lion,,,,80,advisor,,,,,,,Optometry,Healthcare,,
3815,12024,W. Herbert Hunt,,,,,,,,,,,,,,,,,,United States,person.public,USD-networth,"$3,900,000,000",,,12024.03,11948,,B.lion,,,,78,advisor,,,,,,,Oil,Energy,,
3816,12024,James Irsay,,,,,,,,,,,,,,,,,,United States,person.public,USD-networth,"$3,900,000,000",,,12024.03,11961,,B.lion,,,,65,teacher,,,,,,,Indianapolis Colts,Sports,,
3817,12024,Somurai Jaruphnit,XX,Montri Jiaravanont,,,,,,Thailand ,,,,,,rich girl (XX),,born into a wealthy family,,Thailand,person.public,USD-networth,"$3,900,000,000",,,12024.03,11964,,B.lion,,,,62,teacher,,,,,,,Diversified,Diversified,"draws her wealth from an 8.42% stake in the holding outfit of the Charoen Pokphand Group, one of the world's largest producers of animal feed and livestock",
3818,12024,Marianne Liebmann,,,,,,,,,,,,,,,,,,United States,person.public,USD-networth,"$3,900,000,000",,,12024.03,11968,,B.lion,,,,58,teacher,,,,,,,Cargill,Food & Beverage,,
3819,12024,Jorge Moll Filho,,,,,,,,,,,,,,,,,,Brazil,person.public,USD-networth,"$3,900,000,000",,,12024.03,11974,,B.lion,,,,52,teacher,,,,,,,Hospitals,Healthcare,,
3820,12024,Fernando Roberto Moreira Salles,,,,,,,,,,,,,,,,,,Brazil,person.public,USD-networth,"$3,900,000,000",,,12024.03,11980,,B.lion,,,,46,householder,,,,,,,"Banking, minerals",Diversified,,
3821,12024,Pedro Moreira Salles,,,,,,,,,,,,,,,,,,Brazil,person.public,USD-networth,"$3,900,000,000",,,12024.03,11962,,B.lion,,,,64,teacher,,,,,,,"Banking, minerals",Diversified,,
3822,12024,Gabe Newell,,,,,,,,,,,,,,,,,,United States,person.public,USD-networth,"$3,900,000,000",,,12024.03,11961,,B.lion,,,,65,teacher,,,,,,,Videogames,Gambling & Casinos,,
3823,12024,Alfred Oetker,,,,,,,,,,,,,,,,,,Germany,person.public,USD-networth,"$3,900,000,000",,,12024.03,11954,,B.lion,,,,72,teacher,,,,,,,Consumer goods,Fashion & Retail,,
3824,12024,Carl Ferdinand Oetker,,,,,,,,,,,,,,,,,,Germany,person.public,USD-networth,"$3,900,000,000",,,12024.03,11945,,B.lion,,,,81,advisor,,,,,,,Consumer goods,Fashion & Retail,,
3825,12024,Julia Oetker,,,,,,,,,,,,,,,,,,Germany,person.public,USD-networth,"$3,900,000,000",,,12024.03,11951,,B.lion,,,,75,advisor,,,,,,,Consumer goods,Fashion & Retail,,
3826,12024,Ruan Hongliang,,,,,,,,,,,,,,,,,,China,person.public,USD-networth,"$3,900,000,000",,,12024.03,11967,,B.lion,,,,59,teacher,,,,,,,Glass,Manufacturing,,
3827,12024,Mark Stevens,XY,,,,,,,,,,,,,,,,,United States,person.public,USD-networth,"$3,900,000,000",,,12024.03,11964,,B.lion,,,,62,teacher,,,,,,,Venture capital,Finance & Investments,,
3828,12024,Tsai Hong-tu,,,,,,,,,,,,,,,,,,Taiwan,person.public,USD-networth,"$3,900,000,000",,,12024.03,11961,,B.lion,,,,65,teacher,,,,,,,Finance,Finance & Investments,,
3829,12024,Nusli Wadia,,,,,,,,,,,,,,,,,,India,person.public,USD-networth,"$3,900,000,000",,,12024.03,11944,,B.lion,,,,82,advisor,,,,,,,Consumer goods,Food & Beverage,,
3830,12024,Wu Yiling,,,,,,,,,,,,,,,,,,China,person.public,USD-networth,"$3,900,000,000",,,12024.03,11943,,B.lion,,,,83,advisor,,,,,,,Pharmaceuticals,Healthcare,,
3831,12024,Yu Renrong,,,,,,,,,,,,,,,,,,China,person.public,USD-networth,"$3,900,000,000",,,12024.03,11963,,B.lion,,,,63,teacher,,,,,,,Semiconductors,Manufacturing,,
3832,12024,Zhu Baoguo,,,,,,,,,,,,,,,,,,China,person.public,USD-networth,"$3,900,000,000",,,12024.03,11961,,B.lion,,,,65,teacher,,,,,,,Pharmaceuticals,Healthcare,,
3881,12024,Rahul Bhatia,,,,,,,,,,,,,,,,,,India,person.public,USD-networth,"$3,800,000,000",,,12024.03,11955,,B.lion,,,,71,teacher,,,,,,,Aviation,Service,,
3882,12024,Francesco Gaetano Caltagirone,,,,,,,,,,,,,,,,,,Italy,person.public,USD-networth,"$3,800,000,000",,,12024.03,11963,,B.lion,,,,63,teacher,,,,,,,"Cement, diversified",Construction & Engineering,,
3883,12024,Barry Diller,,,,,,,,,,,,,,,,,,United States,person.public,USD-networth,"$3,800,000,000",,,12024.03,11937,,B.lion,,,,89,advisor,,,,,,,Online media,Media & Entertainment,,
3884,12024,Wesley Edens,,,,,,,,,,,,,,,,,,United States,person.public,USD-networth,"$3,800,000,000",,,12024.03,11983,,B.lion,,,,43,householder,,,,,,,Investments,Finance & Investments,,
3885,12024,Stephen Feinberg,,,,,,,,,,,,,,,,,,United States,person.public,USD-networth,"$3,800,000,000",,,12024.03,11960,,B.lion,,,,66,teacher,,,,,,,Private equity,Finance & Investments,,
3886,12024,Rakesh Gangwal,,,,,,,,,,,,,,,,,,United States,person.public,USD-networth,"$3,800,000,000",,,12024.03,11942,,B.lion,,,,84,advisor,,,,,,,Airline,Service,,
3887,12024,Joseph Grendys,,,,,,,,,,,,,,,,,,United States,person.public,USD-networth,"$3,800,000,000",,,12024.03,11953,,B.lion,,,,73,advisor,,,,,,,Poultry processing,Food & Beverage,,
3888,12024,Martha Ingram,,,,,,,,,,,,,,,,,,United States,person.public,USD-networth,"$3,800,000,000",,,12024.03,11966,,B.lion,,,,60,teacher,,,,,,,"Book distribution, transportation",Media & Entertainment,,
3889,12024,Li Xiang,,,,,,,,,,,,,,,,,,China,person.public,USD-networth,"$3,800,000,000",,,12024.03,11970,,B.lion,,,,56,teacher,,,,,,,Electric vehicles,Automotive,,
3890,12024,"H. Ross Perot, Jr.",,,,,,,,,,,,,,,,,,United States,person.public,USD-networth,"$3,800,000,000",,,12024.03,11951,,B.lion,,,,75,advisor,,,,,,,Real estate,Real Estate,,
3891,12024,Chandru Raheja,,,,,,,,,,,,,,,,,,India,person.public,USD-networth,"$3,800,000,000",,,12024.03,11947,,B.lion,,,,79,advisor,,,,,,,Real estate,Real Estate,,
3892,12024,Trevor Rees-Jones,,,,,,,,,,,,,,,,,,United States,person.public,USD-networth,"$3,800,000,000",,,12024.03,11947,,B.lion,,,,79,advisor,,,,,,,Oil & gas,Energy,,
3893,12024,Yasumitsu Shigeta,,,,,,,,,,,,,,,,,,Japan,person.public,USD-networth,"$3,800,000,000",,,12024.03,11947,,B.lion,,,,79,advisor,,,,,,,Mobile phone retailer,Telecom,,
3894,12024,Su Qingcan,,,,,,,,,,,,,,,,,,China,person.public,USD-networth,"$3,800,000,000",,,12024.03,11973,,B.lion,,,,53,teacher,,,,,,,Healthcare,Healthcare,,
3895,12024,Tsai Cheng-ta,,,,,,,,,,,,,,,,,,Taiwan,person.public,USD-networth,"$3,800,000,000",,,12024.03,11948,,B.lion,,,,78,advisor,,,,,,,Finance,Finance & Investments,,
3896,12024,Steven Udvar-Hazy,XY,,,,,,,,,,,,,,,,,United States,person.public,USD-networth,"$3,800,000,000",,,12024.03,11953,,B.lion,,,,73,advisor,,,,,,,Aircraft leasing,Service,,
3897,12024,Elizabeth Uihlein,,,,,,,,,,,,,,,,,,United States,person.public,USD-networth,"$3,800,000,000",,,12024.03,11968,,B.lion,,,,58,teacher,,,,,,,Packaging materials,Manufacturing,,
3898,12024,Richard Uihlein,,,,,,,,,,,,,,,,,,United States,person.public,USD-networth,"$3,800,000,000",,,12024.03,11965,,B.lion,,,,61,teacher,,,,,,,Packaging materials,Manufacturing,,
3947,12024,Hayes Barnard,,,,,,,,,,,,,,,,,,United States,person.public,USD-networth,"$3,700,000,000",,,12024.03,11958,,B.lion,,,,68,teacher,,,,,,,Fintech,Finance & Investments,,
3948,12024,William Berkley,,,,,,,,,,,,,,,,,,United States,person.public,USD-networth,"$3,700,000,000",,,12024.03,11968,,B.lion,,,,58,teacher,,,,,,,Insurance,Finance & Investments,,
3949,12024,Charles Cohen,XY,,,,,,,,,,,,,,,,,United States,person.public,USD-networth,"$3,700,000,000",,,12024.03,11974,,B.lion,,,,52,teacher,,,,,,,Real estate,Real Estate,,
3950,12024,Yakir Gabay,,,,,,,,,,,,,,,,,,Cyprus,person.public,USD-networth,"$3,700,000,000",,,12024.03,11964,,B.lion,,,,62,teacher,,,,,,,Real estate,Real Estate,,
3951,12024,Huang Li,,,,,,,,,,,,,,,,,,China,person.public,USD-networth,"$3,700,000,000",,,12024.03,11947,,B.lion,,,,79,advisor,,,,,,,Imaging systems,Technology,,
3952,12024,Brad Jacobs,,,,,,,,,,,,,,,,,,United States,person.public,USD-networth,"$3,700,000,000",,,12024.03,11977,,B.lion,,,,49,teacher,,,,,,,Logistics,Logistics,,
3953,12024,Ji Qi,,,,,,,,,,,,,,,,,,China,person.public,USD-networth,"$3,700,000,000",,,12024.03,11956,,B.lion,,,,70,teacher,,,,,,,"Hotels, motels",Real Estate,,
3954,12024,Jason Jiang,,,,,,,,,,,,,,,,,,Singapore,person.public,USD-networth,"$3,700,000,000",,,12024.03,11946,,B.lion,,,,80,advisor,,,,,,,Advertising,Media & Entertainment,,
3955,12024,Jim Kavanaugh,,,,,,,,,,,,,,,,,,United States,person.public,USD-networth,"$3,700,000,000",,,12024.03,11962,,B.lion,,,,64,teacher,,,,,,,IT provider,Technology,,
3956,12024,Richard LeFrak,,,,,,,,,,,,,,,,,,United States,person.public,USD-networth,"$3,700,000,000",,,12024.03,11936,,B.lion,,,,90,advisor,,,,,,,Real estate,Real Estate,,
3957,12024,Mikhail Lomtadze,,,,,,,,,,,,,,,,,,Georgia,person.public,USD-networth,"$3,700,000,000",,,12024.03,11962,,B.lion,,,,64,teacher,,,,,,,Fintech,Finance & Investments,,
3958,12024,Tom Morris,,,,,,,,,,,,,,,,,,United Kingdom,person.public,USD-networth,"$3,700,000,000",,,12024.03,11949,,B.lion,,,,77,advisor,,,,,,,Retail,Fashion & Retail,,
3959,12024,Shigenobu Nagamori,,,,,,,,,,,,,,,,,,Japan,person.public,USD-networth,"$3,700,000,000",,,12024.03,11955,,B.lion,,,,71,teacher,,,,,,,Motors,Manufacturing,,
3960,12024,Daniel Och,,,,,,,,,,,,,,,,,,United States,person.public,USD-networth,"$3,700,000,000",,,12024.03,11942,,B.lion,,,,84,advisor,,,,,,,Hedge funds,Finance & Investments,,
3961,12024,Horst Paulmann,,,,,,,,,,,,,,,,,,Chile,person.public,USD-networth,"$3,700,000,000",,,12024.03,11950,,B.lion,,,,76,advisor,,,,,,,Retail,Fashion & Retail,,
3962,12024,Anthony Pritzker,,,,,,,,,,,,,,,,,,United States,person.public,USD-networth,"$3,700,000,000",,,12024.03,11968,,B.lion,,,,58,teacher,,,,,,,"Hotels, investments",Service,,
3963,12024,John Sall,XY,,,,,,,,,,,,,,,,,United States,person.public,USD-networth,"$3,700,000,000",,,12024.03,11968,,B.lion,,,,58,teacher,,,,,,,Software,Technology,,
3964,12024,Howard Schultz,,,,,,,,,,,,,,,,,,United States,person.public,USD-networth,"$3,700,000,000",,,12024.03,11971,,B.lion,,,,55,teacher,,,,,,,Starbucks,Food & Beverage,,
3965,12024,Richard Schulze,,,,,,,,,,,,,,,,,,United States,person.public,USD-networth,"$3,700,000,000",,,12024.03,11953,,B.lion,,,,73,advisor,,,,,,,Best Buy,Fashion & Retail,,
3966,12024,Yitzhak Tshuva,,,,,,,,,,,,,,,,,,Israel,person.public,USD-networth,"$3,700,000,000",,,12024.03,11961,,B.lion,,,,65,teacher,,,,,,,Real estate,Real Estate,,
3967,12024,Wang Yanqing,,,,,,,,,,,,,,,,,,China,person.public,USD-networth,"$3,700,000,000",,,12024.03,11977,,B.lion,,,,49,teacher,,,,,,,Electrical equipment,Manufacturing,,
4010,12024,Rajiv Bajaj,,,,,,,,,,,,,,,,,,India,person.public,USD-networth,"$3,600,000,000",,,12024.03,11940,,B.lion,,,,86,advisor,,,,,,,Diversified,Diversified,,
4011,12024,Sanjiv Bajaj,,,,,,,,,,,,,,,,,,India,person.public,USD-networth,"$3,600,000,000",,,12024.03,11942,,B.lion,,,,84,advisor,,,,,,,Diversified,Diversified,,
4012,12024,Leonid Boguslavsky,,,,,,,,,,,,,,,,,,Canada,person.public,USD-networth,"$3,600,000,000",,,12024.03,11959,,B.lion,,,,67,teacher,,,,,,,Venture capital,Finance & Investments,,
4013,12024,Jim Coulter,,,,,,,,,,,,,,,,,,United States,person.public,USD-networth,"$3,600,000,000",,,12024.03,11964,,B.lion,,,,62,teacher,,,,,,,Private equity,Finance & Investments,,
4014,12024,Nicolas D'Ieteren,,,,,,,,,,,,,,,,,,Belgium,person.public,USD-networth,"$3,600,000,000",,,12024.03,11965,,B.lion,,,,61,teacher,,,,,,,"Auto parts, distribution",Automotive,,
4015,12024,Beatriz Davila de Santo Domingo,,,,,,,,,,,,,,,,,,Colombia,person.public,USD-networth,"$3,600,000,000",,,12024.03,11963,,B.lion,,,,63,teacher,,,,,,,Beer,Food & Beverage,,
4016,12024,Bob Gaglardi,,,,,,,,,,,,,,,,,,Canada,person.public,USD-networth,"$3,600,000,000",,,12024.03,11944,,B.lion,,,,82,advisor,,,,,,,Hotels,Real Estate,,
4017,12024,Jaime Gilinski Bacal,,,,,,,,,,,,,,,,,,Colombia,person.public,USD-networth,"$3,600,000,000",,,12024.03,11971,,B.lion,,,,55,teacher,,,,,,,Banking,Finance & Investments,,
4018,12024,Pansy Ho,,,,,,,,,,,,,,,,,,Hong Kong,person.public,USD-networth,"$3,600,000,000",,,12024.03,11987,,B.lion,,,,39,householder,,,,,,,Casinos,Gambling & Casinos,,
4019,12024,Alan Howard,,,,,,,,,,,,,,,,,,United Kingdom,person.public,USD-networth,"$3,600,000,000",,,12024.03,11941,,B.lion,,,,85,advisor,,,,,,,Hedge funds,Finance & Investments,,
4020,12024,Huang Yi,,,,,,,,,,,,,,,,,,Hong Kong,person.public,USD-networth,"$3,600,000,000",,,12024.03,11953,,B.lion,,,,73,advisor,,,,,,,Car dealerships,Automotive,,
4021,12024,Peter Kellogg,,,,,,,,,,,,,,,,,,United States,person.public,USD-networth,"$3,600,000,000",,,12024.03,11957,,B.lion,,,,69,teacher,,,,,,,Investments,Finance & Investments,,
4022,12024,Vyacheslav Kim,,,,,,,,,,,,,,,,,,Kazakhstan,person.public,USD-networth,"$3,600,000,000",,,12024.03,11949,,B.lion,,,,77,advisor,,,,,,,Fintech,Finance & Investments,,
4023,12024,Josh Kushner,,,,,,,,,,,,,,,,,,United States,person.public,USD-networth,"$3,600,000,000",,,12024.03,11957,,B.lion,,,,69,teacher,,,,,,,Venture capital,Finance & Investments,,
4024,12024,Samuel Tak Lee,,,,,,,,,,,,,,,,,,Hong Kong,person.public,USD-networth,"$3,600,000,000",,,12024.03,11940,,B.lion,,,,86,advisor,,,,,,,Real estate,Real Estate,,
4025,12024,Edwin Leong,,,,,,,,,,,,,,,,,,Hong Kong,person.public,USD-networth,"$3,600,000,000",,,12024.03,11987,,B.lion,,,,39,householder,,,,,,,Real estate,Real Estate,,
4026,12024,"Stephen Mandel, Jr.",,,,,,,,,,,,,,,,,,United States,person.public,USD-networth,"$3,600,000,000",,,12024.03,11989,,B.lion,,,,37,householder,,,,,,,Hedge funds,Finance & Investments,,
4027,12024,Mohamed Mansour,,,,,,,,,,,,,,,,,,Egypt,person.public,USD-networth,"$3,600,000,000",,,12024.03,11966,,B.lion,,,,60,teacher,,,,,,,Diversified,Diversified,,
4028,12024,Masahiro Miki,,,,,,,,,,,,,,,,,,Japan,person.public,USD-networth,"$3,600,000,000",,,12024.03,11951,,B.lion,,,,75,advisor,,,,,,,Shoes,Fashion & Retail,,
4029,12024,Masahiro Noda,,,,,,,,,,,,,,,,,,Japan,person.public,USD-networth,"$3,600,000,000",,,12024.03,11942,,B.lion,,,,84,advisor,,,,,,,Software,Technology,,
4030,12024,Cliff Obrecht,,,,,,,,,,,,,,,,,,Australia,person.public,USD-networth,"$3,600,000,000",,,12024.03,11961,,B.lion,,,,65,teacher,,,,,,,Software,Technology,,
4031,12024,Melanie Perkins,,,,,,,,,,,,,,,,,,Australia,person.public,USD-networth,"$3,600,000,000",,,12024.03,11944,,B.lion,,,,82,advisor,,,,,,,Software,Technology,,
4032,12024,J.B. Pritzker,,,,,,,,,,,,,,,,,,United States,person.public,USD-networth,"$3,600,000,000",,,12024.03,11964,,B.lion,,,,62,teacher,,,,,,,"Hotels, investments",Finance & Investments,,
4033,12024,Juan Roig,,,,,,,,,,,,,,,,,,Spain,person.public,USD-networth,"$3,600,000,000",,,12024.03,11963,,B.lion,,,,63,teacher,,,,,,,Supermarkets,Fashion & Retail,,
4034,12024,Jerry Speyer,,,,,,,,,,,,,,,,,,United States,person.public,USD-networth,"$3,600,000,000",,,12024.03,11967,,B.lion,,,,59,teacher,,,,,,,Real estate,Real Estate,,
4035,12024,Lawrence Stroll,,,,,,,,,,,,,,,,,,Canada,person.public,USD-networth,"$3,600,000,000",,,12024.03,11970,,B.lion,,,,56,teacher,,,,,,,Fashion investments,Fashion & Retail,,
4036,12024,Tung Chee Chen,,,,,,,,,,,,,,,,,,Hong Kong,person.public,USD-networth,"$3,600,000,000",,,12024.03,11991,,B.lion,,,,35,householder,,,,,,,Shipping,Logistics,,
4037,12024,Wang Junlin,,,,,,,,,,,,,,,,,,China,person.public,USD-networth,"$3,600,000,000",,,12024.03,11959,,B.lion,,,,67,teacher,,,,,,,Liquor,Food & Beverage,,
4038,12024,Xia Zuoquan,,,,,,,,,,,,,,,,,,China,person.public,USD-networth,"$3,600,000,000",,,12024.03,11962,,B.lion,,,,64,teacher,,,,,,,"Automobiles, batteries",Automotive,,
4039,12024,Zeng Fangqin,,,,,,,,,,,,,,,,,,Hong Kong,person.public,USD-networth,"$3,600,000,000",,,12024.03,11937,,B.lion,,,,89,advisor,,,,,,,Smartphone components,Technology,,
4040,12024,Zhang Jian,,,,,,,,,,,,,,,,,,China,person.public,USD-networth,"$3,600,000,000",,,12024.03,11948,,B.lion,,,,78,advisor,,,,,,,"Electric bikes, scooters",Manufacturing,,
4088,12024,Rocco Basilico,,,,,,,,,,,,,,,,,,Italy,person.public,USD-networth,"$3,500,000,000",,,12024.03,11958,,B.lion,,,,68,teacher,,,,,,,Eyeglasses,Fashion & Retail,,
4089,12024,Maurizio Billi,,,,,,,,,,,,,,,,,,Brazil,person.public,USD-networth,"$3,500,000,000",,,12024.03,12006,,B.lion,,,,20,student,,,,,,,Generic drugs,Healthcare,,
4090,12024,Chen Fashu,,,,,,,,,,,,,,,,,,China,person.public,USD-networth,"$3,500,000,000",,,12024.03,11997,,B.lion,,,,29,householder,,,,,,,Investments,Finance & Investments,,
4091,12024,Giuseppe Crippa,,,,,,,,,,,,,,,,,,Italy,person.public,USD-networth,"$3,500,000,000",,,12024.03,12003,,B.lion,,,,23,student,,,,,,,Microchip testing,Manufacturing,,
4092,12024,Daniel D'Aniello,,,,,,,,,,,,,,,,,,United States,person.public,USD-networth,"$3,500,000,000",,,12024.03,11960,,B.lion,,,,66,teacher,,,,,,,Private equity,Finance & Investments,,
4093,12024,Claudio Del Vecchio,,,,,,,,,,,,,,,,,,Italy,person.public,USD-networth,"$3,500,000,000",,,12024.03,11963,,B.lion,,,,63,teacher,,,,,,,Eyeglasses,Fashion & Retail,,
4094,12024,Clemente Del Vecchio,,,,,,,,,,,,,,,,,,Italy,person.public,USD-networth,"$3,500,000,000",,,12024.03,11954,,B.lion,,,,72,teacher,,,,,,,Eyeglases,Fashion & Retail,,
4095,12024,Leonardo Maria Del Vecchio,,,,,,,,,,,,,,,,,,Italy,person.public,USD-networth,"$3,500,000,000",,,12024.03,11967,,B.lion,,,,59,teacher,,,,,,,Eyeglasses,Fashion & Retail,,
4096,12024,Luca Del Vecchio,,,,,,,,,,,,,,,,,,Italy,person.public,USD-networth,"$3,500,000,000",,,12024.03,11966,,B.lion,,,,60,teacher,,,,,,,Eyeglasses,Fashion & Retail,,
4097,12024,Marisa Del Vecchio,,,,,,,,,,,,,,,,,,Italy,person.public,USD-networth,"$3,500,000,000",,,12024.03,11959,,B.lion,,,,67,teacher,,,,,,,Eyeglasses,Fashion & Retail,,
4098,12024,Paola Del Vecchio,,,,,,,,,,,,,,,,,,Italy,person.public,USD-networth,"$3,500,000,000",,,12024.03,11943,,B.lion,,,,83,advisor,,,,,,,Eyeglasses,Fashion & Retail,,
4099,12024,Walter P.J. Droege,,,,,,,,,,,,,,,,,,Germany,person.public,USD-networth,"$3,500,000,000",,,12024.03,11970,,B.lion,,,,56,teacher,,,,,,,Investing,Finance & Investments,,
4100,12024,Fan Daidi,,,,,,,,,,,,,,,,,,China,person.public,USD-networth,"$3,500,000,000",,,12024.03,11963,,B.lion,,,,63,teacher,,,,,,,Skincare,Fashion & Retail,,
4101,12024,Peter Gassner,,,,,,,,,,,,,,,,,,United States,person.public,USD-networth,"$3,500,000,000",,,12024.03,11964,,B.lion,,,,62,teacher,,,,,,,Software,Technology,,
4102,12024,Mikhail Gutseriev,,,,,,,,,,,,,,,,,,Russia,person.public,USD-networth,"$3,500,000,000",,,12024.03,11934,,B.lion,,,,92,phantasim,,,,,,,"Oil, coal, real estate",Energy,,
4103,12024,Patrick Lee,,,,,,,,,,,,,,,,,,Hong Kong,person.public,USD-networth,"$3,500,000,000",,,12024.03,11936,,B.lion,,,,90,advisor,,,,,,,Paper,Manufacturing,,
4104,12024,Leng Youbin,,,,,,,,,,,,,,,,,,China,person.public,USD-networth,"$3,500,000,000",,,12024.03,11948,,B.lion,,,,78,advisor,,,,,,,Infant formula,Food & Beverage,,
4105,12024,Daniel Loeb,,,,,,,,,,,,,,,,,,United States,person.public,USD-networth,"$3,500,000,000",,,12024.03,11953,,B.lion,,,,73,advisor,,,,,,,Hedge funds,Finance & Investments,,
4106,12024,Margarita Louis-Dreyfus,,,,,,,,,,,,,,,,,,Switzerland,person.public,USD-networth,"$3,500,000,000",,,12024.03,11963,,B.lion,,,,63,teacher,,,,,,,Commodities,Food & Beverage,,
4107,12024,Prasert Prasarttong-Osoth,,,,,,,,,,,,,,,,,,Thailand,person.public,USD-networth,"$3,500,000,000",,,12024.03,11958,,B.lion,,,,68,teacher,,,,,,,Hospitals,Healthcare,,
4108,12024,Ira Rennert,,,,,,,,,,,,,,,,,,United States,person.public,USD-networth,"$3,500,000,000",,,12024.03,11979,,B.lion,,,,47,householder,,,,,,,Investments,Finance & Investments,,
4109,12024,Dirk Rossmann,,,,,,,,,,,,,,,,,,Germany,person.public,USD-networth,"$3,500,000,000",,,12024.03,11954,,B.lion,,,,72,teacher,,,,,,,Drugstores,Fashion & Retail,,
4110,12024,Arkady Rotenberg,,,,,,,,,,,,,,,,,,Russia,person.public,USD-networth,"$3,500,000,000",,,12024.03,11949,,B.lion,,,,77,advisor,,,,,,,"Construction, pipes, banking",Construction & Engineering,,
4111,12024,Remo Ruffini,,,,,,,,,,,,,,,,,,Italy,person.public,USD-networth,"$3,500,000,000",,,12024.03,11966,,B.lion,,,,60,teacher,,,,,,,Winter jackets,Fashion & Retail,,
4112,12024,Karin Sartorius-Herbst,XX,Horst Sartorius,,Karin Sartorius,,Herbst,,,,inherited an empire,,,,rich girl (XX),,born into a wealthy family,,Germany,person.public,USD-networth,"$3,500,000,000",,,12024.03,11970,12021,B.lion,,,,56,teacher,,,,,,,Biopharmaceuticals,Healthcare,great-grandfather Florenz Sartorius founded what become Sartorius AG in 1870 to make analytical balances to measure small mass in laboratories,
4113,12024,Vivek Chaand Sehgal,,,,,,,,,,,,,,,,,,Australia,person.public,USD-networth,"$3,500,000,000",,,12024.03,11959,,B.lion,,,,67,teacher,,,,,,,Auto parts,Automotive,,
4114,12024,Scott Shleifer,,,,,,,,,,,,,,,,,,United States,person.public,USD-networth,"$3,500,000,000",,,12024.03,11959,,B.lion,,,,67,teacher,,,,,,,Private equity,Finance & Investments,,
4115,12024,Thomas Siebel,,,,,,,,,,,,,,,,,,United States,person.public,USD-networth,"$3,500,000,000",,,12024.03,11968,,B.lion,,,,58,teacher,,,,,,,Business software,Technology,,
4116,12024,Wim van der Leegte,,,,,,,,,,,,,,,,,,Netherlands,person.public,USD-networth,"$3,500,000,000",,,12024.03,11968,,B.lion,,,,58,teacher,,,,,,,Manufacturing,Manufacturing,,
4117,12024,Xiao Yongming,,,,,,,,,,,,,,,,,,China,person.public,USD-networth,"$3,500,000,000",,,12024.03,11969,,B.lion,,,,57,teacher,,,,,,,Fertilizer,Diversified,,
4118,12024,Michael Xie,XY,,,,,,,,,,,,,,,,,United States,person.public,USD-networth,"$3,500,000,000",,,12024.03,11972,,B.lion,,,,54,teacher,,,,,,,Cybersecurity,Technology,,
4119,12024,Yang Shaopeng,,,,,,,,,,,,,,,,,,China,person.public,USD-networth,"$3,500,000,000",,,12024.03,11955,,B.lion,,,,71,teacher,,,,,,,Shipping,Logistics,,
4120,12024,Nicoletta Zampillo,,,,,,,,,,,,,,,,,,Italy,person.public,USD-networth,"$3,500,000,000",,,12024.03,11974,,B.lion,,,,52,teacher,,,,,,,Eyeglasses,Fashion & Retail,,
4121,12024,Barry Zekelman,,,,,,,,,,,,,,,,,,Canada,person.public,USD-networth,"$3,500,000,000",,,12024.03,11972,,B.lion,,,,54,teacher,,,,,,,Steel,Manufacturing,,
4167,12024,William Ackman,,,,,,,,,,,,,,,,,,United States,person.public,USD-networth,"$3,400,000,000",,,12024.03,11952,,B.lion,,,,74,advisor,,,,,,,Hedge funds,Finance & Investments,,
4168,12024,Somphote Ahunai,,,,,,,,,,,,,,,,,,Thailand,person.public,USD-networth,"$3,400,000,000",,,12024.03,11960,,B.lion,,,,66,teacher,,,,,,,Renewable energy,Energy,,
4169,12024,Igor Altushkin,,,,,,,,,,,,,,,,,,Russia,person.public,USD-networth,"$3,400,000,000",,,12024.03,11961,,B.lion,,,,65,teacher,,,,,,,Metals,Metals & Mining,,
4170,12024,Ramon Ang,,,,,,,,,,,,,,,,,,Philippines,person.public,USD-networth,"$3,400,000,000",,,12024.03,11940,,B.lion,,,,86,advisor,,,,,,,Diversified,Food & Beverage,,
4171,12024,Acharya Balkrishna,,,,,,,,,,,,,,,,,,India,person.public,USD-networth,"$3,400,000,000",,,12024.03,11938,,B.lion,,,,88,advisor,,,,,,,Consumer goods,Food & Beverage,,
4172,12024,Markus Blocher,XY,,,,,,,,,,,,,,,,,Switzerland,person.public,USD-networth,"$3,400,000,000",,,12024.03,11949,,B.lion,,,,77,advisor,,,,,,,Chemicals,Manufacturing,,
4173,12024,Richard Branson,,,,,,,,,,,,,,,,,,United Kingdom,person.public,USD-networth,"$3,400,000,000",,,12024.03,11958,,B.lion,,,,68,teacher,,,,,,,Virgin,Diversified,,
4174,12024,Cho Jung-ho,,,,,,,,,,,,,,,,,,South Korea,person.public,USD-networth,"$3,400,000,000",,,12024.03,11962,,B.lion,,,,64,teacher,,,,,,,Finance,Finance & Investments,,
4175,12024,Alessandra Garavoglia,,,,,,,,,,,,,,,,,,Italy,person.public,USD-networth,"$3,400,000,000",,,12024.03,11956,,B.lion,,,,70,teacher,,,,,,,Spirits,Food & Beverage,,
4176,12024,Laurence Graff,,,,,,,,,,,,,,,,,,United Kingdom,person.public,USD-networth,"$3,400,000,000",,,12024.03,11966,,B.lion,,,,60,teacher,,,,,,,Diamond jewelry,Fashion & Retail,,
4177,12024,"Amos Hostetter, Jr.",,,,,,,,,,,,,,,,,,United States,person.public,USD-networth,"$3,400,000,000",,,12024.03,11952,,B.lion,,,,74,advisor,,,,,,,Cable television,Media & Entertainment,,
4178,12024,Robert Johnson,XY,,,,,,,,,,,,,,,,,United States,person.public,USD-networth,"$3,400,000,000",,,12024.03,11943,,B.lion,,,,83,advisor,,,,,,,"Johnson & Johnson, sports",Sports,,
4179,12024,Steven Klinsky,XY,,,,,,,,,,,,,,,,,United States,person.public,USD-networth,"$3,400,000,000",,,12024.03,11936,,B.lion,,,,90,advisor,,,,,,,Investments,Finance & Investments,,
4180,12024,William Lauder,,,,,,,,,,,,,,,,,,United States,person.public,USD-networth,"$3,400,000,000",,,12024.03,11959,,B.lion,,,,67,teacher,,,,,,,Estee Lauder,Fashion & Retail,,
4181,12024,John Middleton,XY,,,,,,,,,,,,,,,,,United States,person.public,USD-networth,"$3,400,000,000",,,12024.03,11965,,B.lion,,,,61,teacher,,,,,,,Tobacco,Food & Beverage,,
4182,12024,Hiroshi Mikitani,,,,,,,,,,,,,,,,,,Japan,person.public,USD-networth,"$3,400,000,000",,,12024.03,11943,,B.lion,,,,83,advisor,,,,,,,Online retail,Fashion & Retail,,
4183,12024,Bob Parsons,,,,,,,,,,,,,,,,,,United States,person.public,USD-networth,"$3,400,000,000",,,12024.03,11970,,B.lion,,,,56,teacher,,,,,,,Web hosting,Technology,,
4184,12024,J. Joe Ricketts,,,,,,,,,,,,,,,,,,United States,person.public,USD-networth,"$3,400,000,000",,,12024.03,11972,,B.lion,,,,54,teacher,,,,,,,TD Ameritrade,Finance & Investments,,
4185,12024,Herb Simon,,,,,,,,,,,,,,,,,,United States,person.public,USD-networth,"$3,400,000,000",,,12024.03,11971,,B.lion,,,,55,teacher,,,,,,,Real estate,Real Estate,,
4186,12024,Leena Tewari,,,,,,,,,,,,,,,,,,India,person.public,USD-networth,"$3,400,000,000",,,12024.03,11949,,B.lion,,,,77,advisor,,,,,,,Pharmaceuticals,Healthcare,,
4187,12024,Stefan von Holtzbrinck,,,,,,,,,,,,,,,,,,Germany,person.public,USD-networth,"$3,400,000,000",,,12024.03,11977,,B.lion,,,,49,teacher,,,,,,,Publishing,Media & Entertainment,,
4188,12024,Hans Peter Wild,,,,,,,,,,,,,,,,,,Switzerland,person.public,USD-networth,"$3,400,000,000",,,12024.03,11980,,B.lion,,,,46,householder,,,,,,,Flavorings,Food & Beverage,,
4189,12024,Wu Guanjiang,,,,,,,,,,,,,,,,,,China,person.public,USD-networth,"$3,400,000,000",,,12024.03,11949,,B.lion,,,,77,advisor,,,,,,,Pharmaceuticals,Healthcare,,
4190,12024,Yi Zheng,,,,,,,,,,,,,,,,,,China,person.public,USD-networth,"$3,400,000,000",,,12024.03,11975,,B.lion,,,,51,teacher,,,,,,,Software,Technology,,
4191,12024,Eric Yuan,,,,,,,,,,,,,,,,,,United States,person.public,USD-networth,"$3,400,000,000",,,12024.03,11943,,B.lion,,,,83,advisor,,,,,,,Zoom Video Communications,Technology,,
4192,12024,Charles Zegar,XY,,,,,,,,,,,,,,,,,United States,person.public,USD-networth,"$3,400,000,000",,,12024.03,11968,,B.lion,,,,58,teacher,,,,,,,Bloomberg LP,Media & Entertainment,,
4249,12024,Sofie Kirk Kristiansen,,,,,,,,,,,,,,,,,,Denmark,person.public,USD-networth,"$3,300,000,000",,,12024.03,11947,,B.lion,,,,79,advisor,,,,,,,Lego,Manufacturing,,
4250,12024,Thomas Kirk Kristiansen,,,,,,,,,,,,,,,,,,Denmark,person.public,USD-networth,"$3,300,000,000",,,12024.03,11956,,B.lion,,,,70,teacher,,,,,,,Lego,Manufacturing,,
4251,12024,Mohed Altrad,,,,,,,,,,,,,,,,,,France,person.public,USD-networth,"$3,300,000,000",,,12024.03,11945,,B.lion,,,,81,advisor,,,,,,,"Scaffolding, cement mixers",Construction & Engineering,,
4252,12024,John Arnold,XY,,,,,,,,,,,,,,,,,United States,person.public,USD-networth,"$3,300,000,000",,,12024.03,11969,,B.lion,,,,57,teacher,,,,,,,Hedge funds,Finance & Investments,,
4253,12024,Bill Austin,XY,,,,,,,,,,,,,,,,,United States,person.public,USD-networth,"$3,300,000,000",,,12024.03,11936,,B.lion,,,,90,advisor,,,,,,,Hearing aids,Manufacturing,,
4254,12024,Chen Shibin,,,,,,,,,,,,,,,,,,China,person.public,USD-networth,"$3,300,000,000",,,12024.03,11952,,B.lion,,,,74,advisor,,,,,,,Quartz products,Manufacturing,,
4255,12024,Bennett Dorrance,,,,,,,,,,,,,,,,,,United States,person.public,USD-networth,"$3,300,000,000",,,12024.03,11942,,B.lion,,,,84,advisor,,,,,,,Campbell Soup,Food & Beverage,,
4256,12024,Walter Faria,,,,,,,,,,,,,,,,,,Brazil,person.public,USD-networth,"$3,300,000,000",,,12024.03,11965,,B.lion,,,,61,teacher,,,,,,,Beer,Food & Beverage,,
4257,12024,Walter Frey,,,,,,,,,,,,,,,,,,Switzerland,person.public,USD-networth,"$3,300,000,000",,,12024.03,11946,,B.lion,,,,80,advisor,,,,,,,Car dealerships,Automotive,,
4258,12024,Fu Liquan,,,,,,,,,,,,,,,,,,China,person.public,USD-networth,"$3,300,000,000",,,12024.03,11945,,B.lion,,,,81,advisor,,,,,,,Surveillance equipment,Technology,,
4259,12024,John Gandel,XY,,,,,,,,,,,,,,,,,Australia,person.public,USD-networth,"$3,300,000,000",,,12024.03,11947,,B.lion,,,,79,advisor,,,,,,,Shopping malls,Real Estate,,
4260,12024,Peter Gilgan,,,,,,,,,,,,,,,,,,Canada,person.public,USD-networth,"$3,300,000,000",,,12024.03,11947,,B.lion,,,,79,advisor,,,,,,,Homebuilding,Construction & Engineering,,
4261,12024,Kwek Leng Beng,,,,,,,,,,,,,,,,,,Singapore,person.public,USD-networth,"$3,300,000,000",,,12024.03,11936,,B.lion,,,,90,advisor,,,,,,,Diversified,Diversified,,
4262,12024,Pablo Legorreta,,,,,,,,,,,,,,,,,,United States,person.public,USD-networth,"$3,300,000,000",,,12024.03,11956,,B.lion,,,,70,teacher,,,,,,,Investments,Finance & Investments,,
4263,12024,Arnon Milchan,,,,,,,,,,,,,,,,,,Israel,person.public,USD-networth,"$3,300,000,000",,,12024.03,11969,,B.lion,,,,57,teacher,,,,,,,Movie making,Media & Entertainment,,
4264,12024,Akio Nitori,,,,,,,,,,,,,,,,,,Japan,person.public,USD-networth,"$3,300,000,000",,,12024.03,11970,,B.lion,,,,56,teacher,,,,,,,Home furnishings,Fashion & Retail,,
4265,12024,Julio Ponce Lerou,,,,,,,,,,,,,,,,,,Chile,person.public,USD-networth,"$3,300,000,000",,,12024.03,11953,,B.lion,,,,73,advisor,,,,,,,Fertilizer,Metals & Mining,,
4266,12024,Rodger Riney,,,,,,,,,,,,,,,,,,United States,person.public,USD-networth,"$3,300,000,000",,,12024.03,11986,,B.lion,,,,40,householder,,,,,,,Discount brokerage,Finance & Investments,,
4267,12024,Phil Ruffin,,,,,,,,,,,,,,,,,,United States,person.public,USD-networth,"$3,300,000,000",,,12024.03,11976,,B.lion,,,,50,teacher,,,,,,,"Casinos, real estate",Diversified,,
4268,12024,Naguib Sawiris,,,,,,,,,,,,,,,,,,Egypt,person.public,USD-networth,"$3,300,000,000",,,12024.03,11950,,B.lion,,,,76,advisor,,,,,,,Telecom,Telecom,,
4269,12024,Shen Neil,,,,,,,,,,,,,,,,,,Hong Kong,person.public,USD-networth,"$3,300,000,000",,,12024.03,11965,,B.lion,,,,61,teacher,,,,,,,Venture capital,Finance & Investments,,
4270,12024,Gil Shwed,,,,,,,,,,,,,,,,,,Israel,person.public,USD-networth,"$3,300,000,000",,,12024.03,11971,,B.lion,,,,55,teacher,,,,,,,Software,Technology,,
4271,12024,Stephen Smith,,,,,,,,,,,,,,,,,,Canada,person.public,USD-networth,"$3,300,000,000",,,12024.03,11951,,B.lion,,,,75,advisor,,,,,,,Finance and investments,Finance & Investments,,
4272,12024,Nik Storonsky,,,,,,,,,,,,,,,,,,United Kingdom,person.public,USD-networth,"$3,300,000,000",,,12024.03,11971,,B.lion,,,,55,teacher,,,,,,,Fintech,Finance & Investments,,
4273,12024,Jeffrey Talpins,,,,,,,,,,,,,,,,,,United States,person.public,USD-networth,"$3,300,000,000",,,12024.03,11939,,B.lion,,,,87,advisor,,,,,,,Hedge fund,Finance & Investments,,
4274,12024,Carl Thoma,,,,,,,,,,,,,,,,,,United States,person.public,USD-networth,"$3,300,000,000",,,12024.03,11937,,B.lion,,,,89,advisor,,,,,,,Investments,Finance & Investments,,
4275,12024,Todd Wanek,,,,,,,,,,,,,,,,,,United States,person.public,USD-networth,"$3,300,000,000",,,12024.03,11942,,B.lion,,,,84,advisor,,,,,,,Furniture,Manufacturing,,
4276,12024,Xue Hua,,,,,,,,,,,,,,,,,,China,person.public,USD-networth,"$3,300,000,000",,,12024.03,11954,,B.lion,,,,72,teacher,,,,,,,Agribusiness,Manufacturing,,
4277,12024,Takao Yasuda,,,,,,,,,,,,,,,,,,Japan,person.public,USD-networth,"$3,300,000,000",,,12024.03,11960,,B.lion,,,,66,teacher,,,,,,,Retail,Fashion & Retail,,
4325,12024,Karen Virginia Beckmann Legoretta,,,,,,,,,,,,,,,,,,Mexico,person.public,USD-networth,"$3,200,000,000",,,12024.03,11955,,B.lion,,,,71,teacher,,,,,,,Tequila,Food & Beverage,,
4326,12024,Giuliana Benetton,,,,,,,,,,,,,,,,,,Italy,person.public,USD-networth,"$3,200,000,000",,,12024.03,11940,,B.lion,,,,86,advisor,,,,,,,"Fashion retail, investments",Fashion & Retail,,
4327,12024,Luciano Benetton,,,,,,,,,,,,,,,,,,Italy,person.public,USD-networth,"$3,200,000,000",,,12024.03,11938,,B.lion,,,,88,advisor,,,,,,,"Fashion retail, investments",Fashion & Retail,,
4328,12024,Arun Bharat Ram,,,,,,,,,,,,,,,,,,India,person.public,USD-networth,"$3,200,000,000",,,12024.03,11971,,B.lion,,,,55,teacher,,,,,,,Chemicals,Manufacturing,,
4329,12024,Ron Burkle,,,,,,,,,,,,,,,,,,United States,person.public,USD-networth,"$3,200,000,000",,,12024.03,11954,,B.lion,,,,72,teacher,,,,,,,"Supermarkets, investments",Finance & Investments,,
4330,12024,Chen Kaixuan,,,,,,,,,,,,,,,,,,China,person.public,USD-networth,"$3,200,000,000",,,12024.03,11968,,B.lion,,,,58,teacher,,,,,,,Household chemicals,Manufacturing,,
4331,12024,Brunello Cucinelli,,,,,,,,,,,,,,,,,,Italy,person.public,USD-networth,"$3,200,000,000",,,12024.03,11939,,B.lion,,,,87,advisor,,,,,,,Fashion,Fashion & Retail,,
4332,12024,Antonio Del Valle Ruiz,,,,,,,,,,,,,,,,,,Mexico,person.public,USD-networth,"$3,200,000,000",,,12024.03,11969,,B.lion,,,,57,teacher,,,,,,,Chemicals,Manufacturing,,
4333,12024,Gustavo Denegri,,,,,,,,,,,,,,,,,,Italy,person.public,USD-networth,"$3,200,000,000",,,12024.03,11957,,B.lion,,,,69,teacher,,,,,,,Biotech,Healthcare,,
4334,12024,Dong Jinggui,,,,,,,,,,,,,,,,,,China,person.public,USD-networth,"$3,200,000,000",,,12024.03,11964,,B.lion,,,,62,teacher,,,,,,,Electric scooters,Automotive,,
4335,12024,Charles Ergen,XY,,,,,,,,,,,,,,,,,United States,person.public,USD-networth,"$3,200,000,000",,,12024.03,11955,,B.lion,,,,71,teacher,,,,,,,Satellite TV,Media & Entertainment,,
4336,12024,David Filo,XY,,,,,,,,,,,,,,,,,United States,person.public,USD-networth,"$3,200,000,000",,,12024.03,11964,,B.lion,,,,62,teacher,,,,,,,Yahoo,Technology,,
4337,12024,Lindsay Fox,,,,,,,,,,,,,,,,,,Australia,person.public,USD-networth,"$3,200,000,000",,,12024.03,11953,,B.lion,,,,73,advisor,,,,,,,"Logistics, real estate",Logistics,,
4338,12024,Sergei Galitsky,,,,,,,,,,,,,,,,,,Russia,person.public,USD-networth,"$3,200,000,000",,,12024.03,11972,,B.lion,,,,54,teacher,,,,,,,Retail,Fashion & Retail,,
4339,12024,Senapathy Gopalakrishnan,,,,,,,,,,,,,,,,,,India,person.public,USD-networth,"$3,200,000,000",,,12024.03,11969,,B.lion,,,,57,teacher,,,,,,,Software services,Technology,,
4340,12024,Luciano Hang,,,,,,,,,,,,,,,,,,Brazil,person.public,USD-networth,"$3,200,000,000",,,12024.03,11970,,B.lion,,,,56,teacher,,,,,,,Department stores,Fashion & Retail,,
4341,12024,Michael Hintze,XY,,,,,,,,,,,,,,,,,Australia,person.public,USD-networth,"$3,200,000,000",,,12024.03,11965,,B.lion,,,,61,teacher,,,,,,,Investment,Finance & Investments,,
4342,12024,Hu Baifan,,,,,,,,,,,,,,,,,,China,person.public,USD-networth,"$3,200,000,000",,,12024.03,11956,,B.lion,,,,70,teacher,,,,,,,Pharmaceuticals,Healthcare,,
4343,12024,Hamilton James,,,,,,,,,,,,,,,,,,United States,person.public,USD-networth,"$3,200,000,000",,,12024.03,11963,,B.lion,,,,63,teacher,,,,,,,Investments,Finance & Investments,,
4344,12024,Lee Boo-jin,,,,,,,,,,,,,,,,,,South Korea,person.public,USD-networth,"$3,200,000,000",,,12024.03,11952,,B.lion,,,,74,advisor,,,,,,,Samsung,Technology,,
4345,12024,Li Liangbin,,,,,,,,,,,,,,,,,,China,person.public,USD-networth,"$3,200,000,000",,,12024.03,11938,,B.lion,,,,88,advisor,,,,,,,Lithium,Manufacturing,,
4346,12024,Liang Feng,,,,,,,,,,,,,,,,,,China,person.public,USD-networth,"$3,200,000,000",,,12024.03,11955,,B.lion,,,,71,teacher,,,,,,,Manufacturing,Manufacturing,,
4347,12024,Samir Mehta,,,,,,,,,,,,,,,,,,India,person.public,USD-networth,"$3,200,000,000",,,12024.03,11951,,B.lion,,,,75,advisor,,,,,,,"Pharmaceuticals, power",Healthcare,,
4348,12024,Sudhir Mehta,,,,,,,,,,,,,,,,,,India,person.public,USD-networth,"$3,200,000,000",,,12024.03,11954,,B.lion,,,,72,teacher,,,,,,,"Pharmaceuticals, power",Healthcare,,
4349,12024,Aristotelis Mistakidis,,,,,,,,,,,,,,,,,,Greece,person.public,USD-networth,"$3,200,000,000",,,12024.03,11953,,B.lion,,,,73,advisor,,,,,,,"Mining, commodities",Metals & Mining,,
4350,12024,Geoffrey Palmer,,,,,,,,,,,,,,,,,,United States,person.public,USD-networth,"$3,200,000,000",,,12024.03,11940,,B.lion,,,,86,advisor,,,,,,,Real estate,Real Estate,,
4351,12024,Roger Penske,,,,,,,,,,,,,,,,,,United States,person.public,USD-networth,"$3,200,000,000",,,12024.03,11947,,B.lion,,,,79,advisor,,,,,,,Cars,Automotive,,
4352,12024,Ravi Pillai,,,,,,,,,,,,,,,,,,India,person.public,USD-networth,"$3,200,000,000",,,12024.03,11964,,B.lion,,,,62,teacher,,,,,,,Construction,Construction & Engineering,,
4353,12024,David Rubenstein,XY,,,,,,,,,,,,,,,,,United States,person.public,USD-networth,"$3,200,000,000",,,12024.03,11958,,B.lion,,,,68,teacher,,,,,,,Private equity,Finance & Investments,,
4354,12024,Hilton Schlosberg,,,,,,,,,,,,,,,,,,United Kingdom,person.public,USD-networth,"$3,200,000,000",,,12024.03,11958,,B.lion,,,,68,teacher,,,,,,,Energy drinks,Food & Beverage,,
4355,12024,Klaus-Peter Schulenberg,,,,,,,,,,,,,,,,,,Germany,person.public,USD-networth,"$3,200,000,000",,,12024.03,11972,,B.lion,,,,54,teacher,,,,,,,Ticketing service,Service,,
4356,12024,Lynn Schusterman,,,,,,,,,,,,,,,,,,United States,person.public,USD-networth,"$3,200,000,000",,,12024.03,11976,,B.lion,,,,50,teacher,,,,,,,"Oil & gas, investments",Energy,,
4357,12024,Isabella Seràgnoli,,,,,,,,,,,,,,,,,,Italy,person.public,USD-networth,"$3,200,000,000",,,12024.03,11971,,B.lion,,,,55,teacher,,,,,,,Packaging,Manufacturing,,
4358,12024,Shen Guojun,,,,,,,,,,,,,,,,,,China,person.public,USD-networth,"$3,200,000,000",,,12024.03,11957,,B.lion,,,,69,teacher,,,,,,,Retail,Fashion & Retail,,
4359,12024,Warren Stephens,,,,,,,,,,,,,,,,,,United States,person.public,USD-networth,"$3,200,000,000",,,12024.03,11957,,B.lion,,,,69,teacher,,,,,,,Investment banking,Finance & Investments,,
4360,12024,Pat Stryker,,,,,,,,,,,,,,,,,,United States,person.public,USD-networth,"$3,200,000,000",,,12024.03,11943,,B.lion,,,,83,advisor,,,,,,,Medical equipment,Healthcare,,
4361,12024,Roman Trotsenko,,,,,,,,,,,,,,,,,,Russia,person.public,USD-networth,"$3,200,000,000",,,12024.03,11959,,B.lion,,,,67,teacher,,,,,,,"Transport, engineering, real estate",Logistics,,
4362,12024,Harald Tschira,,,,,,,,,,,,,,,,,,Germany,person.public,USD-networth,"$3,200,000,000",,,12024.03,11937,,B.lion,,,,89,advisor,,,,,,,Software,Technology,,
4363,12024,Udo Tschira,,,,,,,,,,,,,,,,,,Germany,person.public,USD-networth,"$3,200,000,000",,,12024.03,11948,,B.lion,,,,78,advisor,,,,,,,Software,Technology,,
4364,12024,Vincent Viola,,,,,,,,,,,,,,,,,,United States,person.public,USD-networth,"$3,200,000,000",,,12024.03,11971,,B.lion,,,,55,teacher,,,,,,,Electronic trading,Finance & Investments,,
4365,12024,Wu Shaoxun,,,,,,,,,,,,,,,,,,China,person.public,USD-networth,"$3,200,000,000",,,12024.03,11987,,B.lion,,,,39,householder,,,,,,,Wine,Food & Beverage,,
4366,12024,Steve Wynn,XY,,,,,,,,,,,,,,,,,United States,person.public,USD-networth,"$3,200,000,000",,,12024.03,11969,,B.lion,,,,57,teacher,,,,,,,"Casinos, hotels",Gambling & Casinos,,
4367,12024,Jon Yarbrough,,,,,,,,,,,,,,,,,,United States,person.public,USD-networth,"$3,200,000,000",,,12024.03,11952,,B.lion,,,,74,advisor,,,,,,,Video games,Gambling & Casinos,,
4368,12024,Zhou Bajin,,,,,,,,,,,,,,,,,,China,person.public,USD-networth,"$3,200,000,000",,,12024.03,11949,,B.lion,,,,77,advisor,,,,,,,Auto parts,Manufacturing,,
4410,12024,Cho Tak Wong,,,,,,,,,,,,,,,,,,Hong Kong,person.public,USD-networth,"$3,100,000,000",,,12024.03,11947,,B.lion,,,,79,advisor,,,,,,,Auto parts,Manufacturing,,
4411,12024,John Coates,XY,,,,,,,,,,,,,,,,,United Kingdom,person.public,USD-networth,"$3,100,000,000",,,12024.03,11939,,B.lion,,,,87,advisor,,,,,,,Online gambling,Gambling & Casinos,,
4412,12024,Ryan Cohen,,,,,,,,,,,,,,,,,,Canada,person.public,USD-networth,"$3,100,000,000",,,12024.03,11974,,B.lion,,,,52,teacher,,,,,,,Investments,Finance & Investments,,
4413,12024,Deng Wen,,,,,,,,,,,,,,,,,,China,person.public,USD-networth,"$3,100,000,000",,,12024.03,11978,,B.lion,,,,48,householder,,,,,,,Flavorings,Food & Beverage,,
4414,12024,Gurbachan Singh Dhingra,,,,,,,,,,,,,,,,,,India,person.public,USD-networth,"$3,100,000,000",,,12024.03,11962,,B.lion,,,,64,teacher,,,,,,,Paints,Manufacturing,,
4415,12024,Kuldip Singh Dhingra,,,,,,,,,,,,,,,,,,India,person.public,USD-networth,"$3,100,000,000",,,12024.03,11942,,B.lion,,,,84,advisor,,,,,,,Paints,Manufacturing,,
4416,12024,Martin Ebner,,,,,,,,,,,,,,,,,,Switzerland,person.public,USD-networth,"$3,100,000,000",,,12024.03,11951,,B.lion,,,,75,advisor,,,,,,,Investments,Finance & Investments,,
4417,12024,Charles Edelstenne,XY,,,,,,,,,,,,,,,,,France,person.public,USD-networth,"$3,100,000,000",,,12024.03,11951,,B.lion,,,,75,advisor,,,,,,,Aviation,Manufacturing,,
4418,12024,Sergei Gordeev,,,,,,,,,,,,,,,,,,Russia,person.public,USD-networth,"$3,100,000,000",,,12024.03,11972,,B.lion,,,,54,teacher,,,,,,,Real estate,Real Estate,,
4419,12024,Jeff T. Green,,,,,,,,,,,,,,,,,,United States,person.public,USD-networth,"$3,100,000,000",,,12024.03,11934,,B.lion,,,,92,phantasim,,,,,,,Digital advertising,Media & Entertainment,,
4420,12024,Reed Hastings,,,,,,,,,,,,,,,,,,United States,person.public,USD-networth,"$3,100,000,000",,,12024.03,11953,,B.lion,,,,73,advisor,,,,,,,Netflix,Technology,,
4421,12024,Bertil Hult,,,,,,,,,,,,,,,,,,Sweden,person.public,USD-networth,"$3,100,000,000",,,12024.03,11957,,B.lion,,,,69,teacher,,,,,,,Education,Service,,
4422,12024,Miguel Krigsner,,,,,,,,,,,,,,,,,,Brazil,person.public,USD-networth,"$3,100,000,000",,,12024.03,11965,,B.lion,,,,61,teacher,,,,,,,Cosmetics,Fashion & Retail,,
4423,12024,Kuok Khoon Hong,,,,,,,,,,,,,,,,,,Singapore,person.public,USD-networth,"$3,100,000,000",,,12024.03,11978,,B.lion,,,,48,householder,,,,,,,Palm oil,Manufacturing,,
4424,12024,Aerin Lauder,,,,,,,,,,,,,,,,,,United States,person.public,USD-networth,"$3,100,000,000",,,12024.03,11957,,B.lion,,,,69,teacher,,,,,,,Estee Lauder,Fashion & Retail,,
4425,12024,Sheldon Lavin,,,,,,,,,,,,,,,,,,United States,person.public,USD-networth,"$3,100,000,000",,,12024.03,11958,,B.lion,,,,68,teacher,,,,,,,Meat processing,Food & Beverage,,
4426,12024,Yin Yee Lee,,,,,,,,,,,,,,,,,,China,person.public,USD-networth,"$3,100,000,000",,,12024.03,11953,,B.lion,,,,73,advisor,,,,,,,Glass,Manufacturing,,
4427,12024,Vladimir Litvinenko,,,,,,,,,,,,,,,,,,Russia,person.public,USD-networth,"$3,100,000,000",,,12024.03,11965,,B.lion,,,,61,teacher,,,,,,,Chemical industry,Manufacturing,,
4428,12024,Daniel Mate,,,,,,,,,,,,,,,,,,Spain,person.public,USD-networth,"$3,100,000,000",,,12024.03,11973,,B.lion,,,,53,teacher,,,,,,,"Mining, commodities",Metals & Mining,,
4429,12024,Ravi Modi,,,,,,,,,,,,,,,,,,India,person.public,USD-networth,"$3,100,000,000",,,12024.03,11961,,B.lion,,,,65,teacher,,,,,,,Readymade garments,Fashion & Retail,,
4430,12024,Farhad Moshiri,,,,,,,,,,,,,,,,,,United Kingdom,person.public,USD-networth,"$3,100,000,000",,,12024.03,11945,,B.lion,,,,81,advisor,,,,,,,Diversified,Diversified,,
4431,12024,Jonathan Nelson,,,,,,,,,,,,,,,,,,United States,person.public,USD-networth,"$3,100,000,000",,,12024.03,11957,,B.lion,,,,69,teacher,,,,,,,Private equity,Finance & Investments,,
4432,12024,Or Wai Sheun,,,,,,,,,,,,,,,,,,Hong Kong,person.public,USD-networth,"$3,100,000,000",,,12024.03,11944,,B.lion,,,,82,advisor,,,,,,,Real estate,Real Estate,,
4433,12024,Katharina Otto-Bernstein,,,,,,,,,,,,,,,,,,Germany,person.public,USD-networth,"$3,100,000,000",,,12024.03,11950,,B.lion,,,,76,advisor,,,,,,,Real estate,Real Estate,,
4434,12024,Sergei Popov,,,,,,,,,,,,,,,,,,Russia,person.public,USD-networth,"$3,100,000,000",,,12024.03,11989,,B.lion,,,,37,householder,,,,,,,Banking,Finance & Investments,,
4435,12024,Penny Pritzker,,,,,,,,,,,,,,,,,,United States,person.public,USD-networth,"$3,100,000,000",,,12024.03,11950,,B.lion,,,,76,advisor,,,,,,,"Hotels, investments",Finance & Investments,,
4436,12024,Theodore Rachmat,,,,,,,,,,,,,,,,,,Indonesia,person.public,USD-networth,"$3,100,000,000",,,12024.03,11971,,B.lion,,,,55,teacher,,,,,,,Diversified,Diversified,,
4437,12024,Renzo Rosso,,,,,,,,,,,,,,,,,,Italy,person.public,USD-networth,"$3,100,000,000",,,12024.03,11930,,B.lion,,,,96,phantasim,,,,,,,Fashion,Fashion & Retail,,
4438,12024,Friede Springer,,,,,,,,,,,,,,,,,,Germany,person.public,USD-networth,"$3,100,000,000",,,12024.03,11963,,B.lion,,,,63,teacher,,,,,,,Publishing,Media & Entertainment,,
4439,12024,Rita Tong Liu,,,,,,,,,,,,,,,,,,Hong Kong,person.public,USD-networth,"$3,100,000,000",,,12024.03,11939,,B.lion,,,,87,advisor,,,,,,,Real estate,Real Estate,,
4440,12024,Timur Turlov,,,,,,,,,,,,,,,,,,Kazakhstan,person.public,USD-networth,"$3,100,000,000",,,12024.03,11934,,B.lion,,,,92,phantasim,,,,,,,Stock brokerage,Finance & Investments,,
4441,12024,Frank VanderSloot,,,,,,,,,,,,,,,,,,United States,person.public,USD-networth,"$3,100,000,000",,,12024.03,11958,,B.lion,,,,68,teacher,,,,,,,"Nutrition, wellness products",Fashion & Retail,,
4442,12024,Yoo Jung-hyun,,,,,,,,,,,,,,,,,,South Korea,person.public,USD-networth,"$3,100,000,000",,,12024.03,11954,,B.lion,,,,72,teacher,,,,,,,Online games,Media & Entertainment,,
4504,12024,Abdulla bin Ahmad Al Ghurair,XY,,,عبد الله الغرير;,,,,United Arab Emirates,,,,,Arabic,,,,,United Arab Emirates,person.public,USD-networth,"$3,000,000,000",,4,12024.03,11944,,B.lion,,,,82,advisor,,,,,,,Diversified,Diversified,,
4505,12024,Semahat Sevim Arsel,,,,,,,,,,,,,,,,,,Turkey,person.public,USD-networth,"$3,000,000,000",,,12024.03,11964,,B.lion,,,,62,teacher,,,,,,,Diversified,Diversified,,
4506,12024,Nicolas Berggruen,,,,,,,,,,,,,,,,,,United States,person.public,USD-networth,"$3,000,000,000",,,12024.03,11961,,B.lion,,,,65,teacher,,,,,,,"Real estate, investments",Real Estate,,
4507,12024,George Bishop,,,,,,,,,,,,,,,,,,United States,person.public,USD-networth,"$3,000,000,000",,,12024.03,11951,,B.lion,,,,75,advisor,,,,,,,Oil & gas,Energy,,
4508,12024,Norman Braman,,,,,,,,,,,,,,,,,,United States,person.public,USD-networth,"$3,000,000,000",,,12024.03,11929,,B.lion,,,,97,phantasim,,,,,,,"Art, car dealerships",Automotive,,
4509,12024,Eva Maria Bucher-Haefner,,,,,,,,,,,,,,,,,,Switzerland,person.public,USD-networth,"$3,000,000,000",,,12024.03,11946,,B.lion,,,,80,advisor,,,,,,,"Software, investments",Technology,,
4510,12024,Cai Dongchen,,,,,,,,,,,,,,,,,,China,person.public,USD-networth,"$3,000,000,000",,,12024.03,11948,,B.lion,,,,78,advisor,,,,,,,Pharmaceuticals,Healthcare,,
4511,12024,Jean-Pierre Cayard,,,,,,,,,,,,,,,,,,France,person.public,USD-networth,"$3,000,000,000",,,12024.03,11967,,B.lion,,,,59,teacher,,,,,,,Spirits,Food & Beverage,,
4512,12024,Chan Tan Ching-fen,XX,,,,,,,,,married a property tycoon,,,Traditional Chinese,,,rich widow,,Hong Kong,person.public,USD-networth,"$3,000,000,000",,2,12024.03,11962,12016,B.lion,,,,64,teacher,,,,,,,Real estate,Real Estate,wife of the late Hong Kong property tycoon Chan Tseng-hsi. She controls the largest shareholding in Hang Lung Group,
4513,12024,Todd Christopher,,,,,,,,,,,,,,,,,,United States,person.public,USD-networth,"$3,000,000,000",,,12024.03,11959,,B.lion,,,,67,teacher,,,,,,,Hair care products,Fashion & Retail,,
4514,12024,Chu Mang Yee,,,,,,,,,,,,,,,,,,China,person.public,USD-networth,"$3,000,000,000",,,12024.03,11948,,B.lion,,,,78,advisor,,,,,,,Real estate,Real Estate,,
4515,12024,"William Conway, Jr.",,,,,,,,,,,,,,,,,,United States,person.public,USD-networth,"$3,000,000,000",,,12024.03,11949,,B.lion,,,,77,advisor,,,,,,,Private equity,Finance & Investments,,
4516,12024,Jean Coutu,,,,,,,,,,,,,,,,,,Canada,person.public,USD-networth,"$3,000,000,000",,,12024.03,11958,,B.lion,,,,68,teacher,,,,,,,Drugstores,Fashion & Retail,,
4517,12024,Catheline Perier D'Ieteren,,,,,,,,,,,,,,,,,,Belgium,person.public,USD-networth,"$3,000,000,000",,,12024.03,11960,,B.lion,,,,66,teacher,,,,,,,"Auto parts, distribution",Automotive,,
4518,12024,"Edward DeBartolo, Jr.",,,,,,,,,,,,,,,,,,United States,person.public,USD-networth,"$3,000,000,000",,,12024.03,11957,,B.lion,,,,69,teacher,,,,,,,Shopping centers,Real Estate,,
4519,12024,Stephen Deckoff,,,,,,,,,,,,,,,,,,United States,person.public,USD-networth,"$3,000,000,000",,,12024.03,11953,,B.lion,,,,73,advisor,,,,,,,Private equity,Finance & Investments,,
4520,12024,Feng Hailiang,,,,,,,,,,,,,,,,,,China,person.public,USD-networth,"$3,000,000,000",,,12024.03,11973,,B.lion,,,,53,teacher,,,,,,,"Copper, education",Metals & Mining,,
4521,12024,"Ernest Garcia, II.",,,,,,,,,,,,,,,,,,United States,person.public,USD-networth,"$3,000,000,000",,,12024.03,11951,,B.lion,,,,75,advisor,,,,,,,Used cars,Automotive,,
4522,12024,Sam Goi,,,,,,,,,,,,,,,,,,Singapore,person.public,USD-networth,"$3,000,000,000",,,12024.03,11957,,B.lion,,,,69,teacher,,,,,,,Frozen foods,Food & Beverage,,
4523,12024,Carlos Hank Rhon,,,,,,,,,,,,,,,,,,Mexico,person.public,USD-networth,"$3,000,000,000",,,12024.03,11953,,B.lion,,,,73,advisor,,,,,,,Banking,Diversified,,
4524,12024,Susan Carol Holland,,,,,,,,,,,,,,,,,,Italy,person.public,USD-networth,"$3,000,000,000",,,12024.03,11965,,B.lion,,,,61,teacher,,,,,,,Hearing aids,Manufacturing,,
4525,12024,Hui Ka Yan,,,,,,,,,,,,,,,,,,China,person.public,USD-networth,"$3,000,000,000",,,12024.03,11956,,B.lion,,,,70,teacher,,,,,,,Real estate,Real Estate,,
4526,12024,Vivek Jain,,,,,,,,,,,,,,,,,,India,person.public,USD-networth,"$3,000,000,000",,,12024.03,11957,,B.lion,,,,69,teacher,,,,,,,Chemicals,Manufacturing,,
4527,12024,Friedrich Knapp,,,,,,,,,,,,,,,,,,Germany,person.public,USD-networth,"$3,000,000,000",,,12024.03,11957,,B.lion,,,,69,teacher,,,,,,,Fashion retail,Fashion & Retail,,
4528,12024,Egor Kulkov,,,,,,,,,,,,,,,,,,Russia,person.public,USD-networth,"$3,000,000,000",,,12024.03,11953,,B.lion,,,,73,advisor,,,,,,,Pharmaceuticals,Healthcare,,
4529,12024,Lin Ming-hsiung,,,,,,,,,,,,,,,,,,Taiwan,person.public,USD-networth,"$3,000,000,000",,,12024.03,11938,,B.lion,,,,88,advisor,,,,,,,Supermarkets,Fashion & Retail,,
4530,12024,Lin Xiucheng,,,,,,,,,,,,,,,,,,China,person.public,USD-networth,"$3,000,000,000",,,12024.03,11960,,B.lion,,,,66,teacher,,,,,,,Electronics,Technology,,
4531,12024,Harsh Mariwala,,,,,,,,,,,,,,,,,,India,person.public,USD-networth,"$3,000,000,000",,,12024.03,11969,,B.lion,,,,57,teacher,,,,,,,Consumer goods,Food & Beverage,,
4532,12024,Gilles Martin,,,,,,,,,,,,,,,,,,France,person.public,USD-networth,"$3,000,000,000",,,12024.03,11970,,B.lion,,,,56,teacher,,,,,,,Laboratory services,Healthcare,,
4533,12024,Maja Oeri,,,,,,,,,,,,,,,,,,Switzerland,person.public,USD-networth,"$3,000,000,000",,,12024.03,11961,,B.lion,,,,65,teacher,,,,,,,Pharmaceuticals,Healthcare,,
4534,12024,John Paulson,XY,,,,,,,,,,,,,,,,,United States,person.public,USD-networth,"$3,000,000,000",,,12024.03,11964,,B.lion,,,,62,teacher,,,,,,,Hedge funds,Finance & Investments,,
4535,12024,Ajay Piramal,,,,,,,,,,,,,,,,,,India,person.public,USD-networth,"$3,000,000,000",,,12024.03,11951,,B.lion,,,,75,advisor,,,,,,,Pharmaceuticals,Healthcare,,
4536,12024,Qiu Guanghe,,,,,,,,,,,,,,,,,,China,person.public,USD-networth,"$3,000,000,000",,,12024.03,11959,,B.lion,,,,67,teacher,,,,,,,Fashion retail,Fashion & Retail,,
4537,12024,Stephen Rubin,,,,,,,,,,,,,,,,,,United Kingdom,person.public,USD-networth,"$3,000,000,000",,,12024.03,11982,,B.lion,,,,44,householder,,,,,,,Sports apparel,Fashion & Retail,,
4538,12024,Robert Sands,,,,,,,,,,,,,,,,,,United States,person.public,USD-networth,"$3,000,000,000",,,12024.03,11964,,B.lion,,,,62,teacher,,,,,,,Liquor,Food & Beverage,,
4539,12024,Erik Selin,,,,,,,,,,,,,,,,,,Sweden,person.public,USD-networth,"$3,000,000,000",,,12024.03,11974,,B.lion,,,,52,teacher,,,,,,,Real estate,Real Estate,,
4540,12024,Shi Yonghong,,,,,,,,,,,,,,,,,,China,person.public,USD-networth,"$3,000,000,000",,,12024.03,11959,,B.lion,,,,67,teacher,,,,,,,Restaurants,Food & Beverage,,
4541,12024,Martua Sitorus,,,,,,,,,,,,,,,,,,Indonesia,person.public,USD-networth,"$3,000,000,000",,,12024.03,11955,,B.lion,,,,71,teacher,,,,,,,Palm oil,Manufacturing,,
4542,12024,Sun Guangxin,,,,,,,,,,,,,,,,,,China,person.public,USD-networth,"$3,000,000,000",,,12024.03,11942,,B.lion,,,,84,advisor,,,,,,,Diversified,Diversified,,
4543,12024,Sukanto Tanoto,,,,,,,,,,,,,,,,,,Indonesia,person.public,USD-networth,"$3,000,000,000",,,12024.03,11959,,B.lion,,,,67,teacher,,,,,,,Diversified,Diversified,,
4544,12024,Sunny Varkey,,,,,,,,,,,,,,,,,,India,person.public,USD-networth,"$3,000,000,000",,,12024.03,11964,,B.lion,,,,62,teacher,,,,,,,Education,Service,,
4545,12024,Gang Ye,,,,,,,,,,,,,,,,,,Singapore,person.public,USD-networth,"$3,000,000,000",,,12024.03,11954,,B.lion,,,,72,teacher,,,,,,,Gaming,Media & Entertainment,,
4546,12024,Ye Xiaoping,,,,,,,,,,,,,,,,,,China,person.public,USD-networth,"$3,000,000,000",,,12024.03,11945,,B.lion,,,,81,advisor,,,,,,,Pharmaceuticals,Healthcare,,
4547,12024,Zhang Lei,,,,,,,,,,,,,,,,,,China,person.public,USD-networth,"$3,000,000,000",,,12024.03,11958,,B.lion,,,,68,teacher,,,,,,,Investments,Finance & Investments,,
4548,12024,Zhu Gongshan,,,,,,,,,,,,,,,,,,China,person.public,USD-networth,"$3,000,000,000",,,12024.03,11946,,B.lion,,,,80,advisor,,,,,,,Solar panel materials,Manufacturing,,
4594,12024,Isak Andic,,,,,,,,,,,,,,,,,,Spain,person.public,USD-networth,"$2,900,000,000",,,12024.03,11932,,B.lion,,,,94,phantasim,,,,,,,Fashion retail,Fashion & Retail,,
4595,12024,Alberto Bombassei,,,,,,,,,,,,,,,,,,Italy,person.public,USD-networth,"$2,900,000,000",,,12024.03,11945,,B.lion,,,,81,advisor,,,,,,,Automotive brakes,Automotive,,
4596,12024,Cao Longxiang,,,,,,,,,,,,,,,,,,China,person.public,USD-networth,"$2,900,000,000",,,12024.03,11950,,B.lion,,,,76,advisor,,,,,,,Pharmaceuticals,Healthcare,,
4597,12024,"Roy Carroll, II.",,,,,,,,,,,,,,,,,,United States,person.public,USD-networth,"$2,900,000,000",,,12024.03,11951,,B.lion,,,,75,advisor,,,,,,,Real estate,Real Estate,,
4598,12024,John Caudwell,XY,,,,,,,,,,,,,,,,,United Kingdom,person.public,USD-networth,"$2,900,000,000",,,12024.03,11949,,B.lion,,,,77,advisor,,,,,,,Mobile phones,Telecom,,
4599,12024,James Clark,,,,,,,,,,,,,,,,,,United States,person.public,USD-networth,"$2,900,000,000",,,12024.03,11956,,B.lion,,,,70,teacher,,,,,,,"Netscape, investments",Technology,,
4600,12024,Jacques D'Amours,,,,,,,,,,,,,,,,,,Canada,person.public,USD-networth,"$2,900,000,000",,,12024.03,11951,,B.lion,,,,75,advisor,,,,,,,Convenience stores,Fashion & Retail,,
4601,12024,John Paul DeJoria,XY,,,,,,,,,,,,,,,,,United States,person.public,USD-networth,"$2,900,000,000",,,12024.03,11968,,B.lion,,,,58,teacher,,,,,,,"Hair products, tequila",Fashion & Retail,,
4602,12024,Bernard Ecclestone,,,,,,,,,,,,,,,,,,United Kingdom,person.public,USD-networth,"$2,900,000,000",,,12024.03,11986,,B.lion,,,,40,householder,,,,,,,Formula One,Sports,,
4603,12024,Michael Federmann,XY,,,,,,,,,,,,,,,,,Israel,person.public,USD-networth,"$2,900,000,000",,,12024.03,11975,,B.lion,,,,51,teacher,,,,,,,"Defense, hotels",Technology,,
4604,12024,Kenneth Feld,,,,,,,,,,,,,,,,,,United States,person.public,USD-networth,"$2,900,000,000",,,12024.03,11958,,B.lion,,,,68,teacher,,,,,,,Live entertainment,Media & Entertainment,,
4605,12024,Gu Yuhua,,,,,,,,,,,,,,,,,,China,person.public,USD-networth,"$2,900,000,000",,,12024.03,11967,,B.lion,,,,59,teacher,,,,,,,Furniture,Manufacturing,,
4606,12024,Otto Happel,,,,,,,,,,,,,,,,,,Germany,person.public,USD-networth,"$2,900,000,000",,,12024.03,11963,,B.lion,,,,63,teacher,,,,,,,Engineering,Construction & Engineering,,
4607,12024,Gudrun Heine,,,,,,,,,,,,,,,,,,Germany,person.public,USD-networth,"$2,900,000,000",,,12024.03,11969,,B.lion,,,,57,teacher,,,,,,,Medical devices,Healthcare,,
4608,12024,Donald Horton,,,,,,,,,,,,,,,,,,United States,person.public,USD-networth,"$2,900,000,000",,,12024.03,11970,,B.lion,,,,56,teacher,,,,,,,Homebuilding,Real Estate,,
4609,12024,Zarakh Iliev,,,,,,,,,,,,,,,,,,Russia,person.public,USD-networth,"$2,900,000,000",,,12024.03,11937,,B.lion,,,,89,advisor,,,,,,,Real estate,Real Estate,,
4610,12024,Ipek Kirac,,,,,,,,,,,,,,,,,,Turkey,person.public,USD-networth,"$2,900,000,000",,,12024.03,11934,,B.lion,,,,92,phantasim,,,,,,,Diversified,Diversified,,
4611,12024,Lee Seo-hyun,,,,,,,,,,,,,,,,,,South Korea,person.public,USD-networth,"$2,900,000,000",,,12024.03,11935,,B.lion,,,,91,phantasim,,,,,,,Samsung,Technology,,
4612,12024,Li Jianquan,,,,,,,,,,,,,,,,,,Hong Kong,person.public,USD-networth,"$2,900,000,000",,,12024.03,11974,,B.lion,,,,52,teacher,,,,,,,Consumer products,Healthcare,,
4613,12024,Li Li,,,,,,,,,,,,,,,,,,China,person.public,USD-networth,"$2,900,000,000",,,12024.03,11972,,B.lion,,,,54,teacher,,,,,,,Healthcare,Healthcare,,
4614,12024,Li Xiaohua,,,,,,,,,,,,,,,,,,China,person.public,USD-networth,"$2,900,000,000",,,12024.03,11937,,B.lion,,,,89,advisor,,,,,,,Packaging,Manufacturing,,
4615,12024,Liu Xiaodong,,,,,,,,,,,,,,,,,,China,person.public,USD-networth,"$2,900,000,000",,,12024.03,11951,,B.lion,,,,75,advisor,,,,,,,Flavorings,Manufacturing,,
4616,12024,Martin Lorentzon,,,,,,,,,,,,,,,,,,Sweden,person.public,USD-networth,"$2,900,000,000",,,12024.03,11959,,B.lion,,,,67,teacher,,,,,,,Spotify,Technology,,
4617,12024,Ronald McAulay,,,,,,,,,,,,,,,,,,Hong Kong,person.public,USD-networth,"$2,900,000,000",,,12024.03,11981,,B.lion,,,,45,householder,,,,,,,Energy,Energy,,
4618,12024,Erwin Franz Mueller,,,,,,,,,,,,,,,,,,Germany,person.public,USD-networth,"$2,900,000,000",,,12024.03,11946,,B.lion,,,,80,advisor,,,,,,,Drugstores,Fashion & Retail,,
4619,12024,Georg Nemetschek,,,,,,,,,,,,,,,,,,Germany,person.public,USD-networth,"$2,900,000,000",,,12024.03,11951,,B.lion,,,,75,advisor,,,,,,,Software,Technology,,
4620,12024,God Nisanov,,,,,,,,,,,,,,,,,,Russia,person.public,USD-networth,"$2,900,000,000",,,12024.03,11976,,B.lion,,,,50,teacher,,,,,,,Real estate,Real Estate,,
4621,12024,Vikas Oberoi,,,,,,,,,,,,,,,,,,India,person.public,USD-networth,"$2,900,000,000",,,12024.03,11939,,B.lion,,,,87,advisor,,,,,,,Real estate,Real Estate,,
4622,12024,Gregorio Perez Companc,,,,,,,,,,,,,,,,,,Argentina,person.public,USD-networth,"$2,900,000,000",,,12024.03,11978,,B.lion,,,,48,householder,,,,,,,Oil & gas,Energy,,
4623,12024,Sebastian Piñera,,,,,,,,,,,,,,,,,,Chile,person.public,USD-networth,"$2,900,000,000",,,12024.03,11965,,B.lion,,,,61,teacher,,,,,,,Investments,Finance & Investments,,
4624,12024,Arvind Poddar,,,,,,,,,,,,,,,,,,India,person.public,USD-networth,"$2,900,000,000",,,12024.03,11963,,B.lion,,,,63,teacher,,,,,,,Tires,Automotive,,
4625,12024,Alexey Repik,,,,,,,,,,,,,,,,,,Russia,person.public,USD-networth,"$2,900,000,000",,,12024.03,11962,,B.lion,,,,64,teacher,,,,,,,Pharmaceuticals,Healthcare,,
4626,12024,Haim Saban,,,,,,,,,,,,,,,,,,United States,person.public,USD-networth,"$2,900,000,000",,,12024.03,11958,,B.lion,,,,68,teacher,,,,,,,"TV network, investments",Media & Entertainment,,
4627,12024,Rodney Sacks,,,,,,,,,,,,,,,,,,United States,person.public,USD-networth,"$2,900,000,000",,,12024.03,11950,,B.lion,,,,76,advisor,,,,,,,Energy drinks,Food & Beverage,,
4628,12024,Karthik Sarma,,,,,,,,,,,,,,,,,,India,person.public,USD-networth,"$2,900,000,000",,,12024.03,11980,,B.lion,,,,46,householder,,,,,,,Hedge fund,Finance & Investments,,
4629,12024,Sybill Storz,XX,,,,,,,,,,,,,,,,,Germany,person.public,USD-networth,"$2,900,000,000",,,12024.03,11949,,B.lion,,,,77,advisor,,,,,,,Medical devices,Healthcare,,
4630,12024,Daniel Sundheim,,,,,,,,,,,,,,,,,,United States,person.public,USD-networth,"$2,900,000,000",,,12024.03,11955,,B.lion,,,,71,teacher,,,,,,,Hedge funds,Finance & Investments,,
4631,12024,"William Wrigley, Jr.",,,,,,,,,,,,,,,,,,United States,person.public,USD-networth,"$2,900,000,000",,,12024.03,11972,,B.lion,,,,54,teacher,,,,,,,Chewing gum,Food & Beverage,,
4632,12024,Zhang Wenzhong,,,,,,,,,,,,,,,,,,China,person.public,USD-networth,"$2,900,000,000",,,12024.03,11952,,B.lion,,,,74,advisor,,,,,,,Supermarkets,Fashion & Retail,,
4633,12024,Zhou Jianping,,,,,,,,,,,,,,,,,,China,person.public,USD-networth,"$2,900,000,000",,,12024.03,11934,,B.lion,,,,92,phantasim,,,,,,,Fashion retail,Fashion & Retail,,
4693,12024,Joy Alukkas,,,,,,,,,,,,,,,,,,India,person.public,USD-networth,"$2,800,000,000",,,12024.03,11971,,B.lion,,,,55,teacher,,,,,,,Jewelry,Fashion & Retail,,
4694,12024,An Kang,,,,,,,,,,,,,,,,,,China,person.public,USD-networth,"$2,800,000,000",,,12024.03,11970,,B.lion,,,,56,teacher,,,,,,,Pharmaceuticals,Healthcare,,
4695,12024,Garrett Camp,,,,,,,,,,,,,,,,,,Canada,person.public,USD-networth,"$2,800,000,000",,,12024.03,11943,,B.lion,,,,83,advisor,,,,,,,Uber,Technology,,
4696,12024,Chen Lip Keong,,,,,,,,,,,,,,,,,,Malaysia,person.public,USD-networth,"$2,800,000,000",,,12024.03,11950,,B.lion,,,,76,advisor,,,,,,,"Casinos, property, energy",Gambling & Casinos,,
4697,12024,Choo Chong Ngen,,,,,,,,,,,,,,,,,,Singapore,person.public,USD-networth,"$2,800,000,000",,,12024.03,11968,,B.lion,,,,58,teacher,,,,,,,Hotels,Real Estate,,
4698,12024,Euisun Chung,,,,,,,,,,,,,,,,,,South Korea,person.public,USD-networth,"$2,800,000,000",,,12024.03,11966,,B.lion,,,,60,teacher,,,,,,,Hyundai,Automotive,,
4699,12024,Smita Crishna-Godrej,,,,,,,,,,,,,,,,,,India,person.public,USD-networth,"$2,800,000,000",,,12024.03,11970,,B.lion,,,,56,teacher,,,,,,,Consumer goods,Diversified,,
4700,12024,Eleanor Butt Crook,,,,,,,,,,,,,,,,,,United States,person.public,USD-networth,"$2,800,000,000",,,12024.03,11938,,B.lion,,,,88,advisor,,,,,,,Supermarkets,Fashion & Retail,,
4701,12024,Du Jiangtao,,,,,,,,,,,,,,,,,,China,person.public,USD-networth,"$2,800,000,000",,,12024.03,11957,,B.lion,,,,69,teacher,,,,,,,Chemicals,Manufacturing,,
4702,12024,Lorenzo Fertitta,,,,,,,,,,,,,,,,,,United States,person.public,USD-networth,"$2,800,000,000",,,12024.03,11946,,B.lion,,,,80,advisor,,,,,,,"Casinos, mixed martial arts",Sports,,
4703,12024,Sebastian Glaser,XY,,,,,,,,,inherited an empire stake,,,,,,"grandfather Erwin Sick, an optical engineer, founded the firm in 1946, using earnings from selling radios he made himself to support his family",,Germany,person.public,USD-networth,"$2,800,000,000",,,12024.03,11938,12021,B.lion,,,,88,advisor,,,,,,,Sensor technology,Technology,"majority shareholders of Sick AG, a world leader in sensor technology",
4704,12024,Adi Godrej,,,,,,,,,,,,,,,,,,India,person.public,USD-networth,"$2,800,000,000",,,12024.03,11953,,B.lion,,,,73,advisor,,,,,,,Consumer goods,Diversified,,
4705,12024,Jamshyd Godrej,,,,,,,,,,,,,,,,,,India,person.public,USD-networth,"$2,800,000,000",,,12024.03,11955,,B.lion,,,,71,teacher,,,,,,,Diversified,Diversified,,
4706,12024,Lee Yeow Chor,,,,,,,,,,,,,,,,,,Malaysia,person.public,USD-networth,"$2,800,000,000",,,12024.03,11957,,B.lion,,,,69,teacher,,,,,,,"Palm oil, property",Real Estate,,
4707,12024,Li Weiguo,,,,,,,,,,,,,,,,,,China,person.public,USD-networth,"$2,800,000,000",,,12024.03,11974,,B.lion,,,,52,teacher,,,,,,,Construction materials,Manufacturing,,
4708,12024,Dmitry Mazepin,,,,,,,,,,,,,,,,,,Russia,person.public,USD-networth,"$2,800,000,000",,,12024.03,11948,,B.lion,,,,78,advisor,,,,,,,Chemicals,Manufacturing,,
4709,12024,"Drayton McLane, Jr.",,,,,,,,,,,,,,,,,,United States,person.public,USD-networth,"$2,800,000,000",,,12024.03,11981,,B.lion,,,,45,householder,,,,,,,"Walmart, logistics",Fashion & Retail,,
4710,12024,Najib Mikati,,,,,,,,,,,,,,,,,,Lebanon,person.public,USD-networth,"$2,800,000,000",,,12024.03,11947,,B.lion,,,,79,advisor,,,,,,,Telecom,Telecom,,
4711,12024,Taha Mikati,,,,,,,,,,,,,,,,,,Lebanon,person.public,USD-networth,"$2,800,000,000",,,12024.03,11983,,B.lion,,,,43,householder,,,,,,,Telecom,Telecom,,
4712,12024,Akira Mori,,,,,,,,,,,,,,,,,,Japan,person.public,USD-networth,"$2,800,000,000",,,12024.03,11951,,B.lion,,,,75,advisor,,,,,,,Real estate,Real Estate,,
4713,12024,Rishad Naoroji,,,,,,,,,,,,,,,,,,India,person.public,USD-networth,"$2,800,000,000",,,12024.03,11963,,B.lion,,,,63,teacher,,,,,,,Consumer goods,Diversified,,
4714,12024,Philip Niarchos,,,,,,,,,,,,,,,,,,Greece,person.public,USD-networth,"$2,800,000,000",,,12024.03,11939,,B.lion,,,,87,advisor,,,,,,,Art collection,Diversified,,
4715,12024,Nandan Nilekani,,,,,,,,,,,,,,,,,,India,person.public,USD-networth,"$2,800,000,000",,,12024.03,11958,,B.lion,,,,68,teacher,,,,,,,Software services,Technology,,
4716,12024,Benjamin Otto,XY,Michael Otto,,,,,,Germany,,inherited an empire stake,,,de-DE,,,"inherited a 15.1% stake in Otto Group, which his grandfather, Werner, started as a mail-order business in 1949.",,Germany,person.public,USD-networth,"$2,800,000,000",,,12024.03,11963,12021,B.lion,,,,63,teacher,,,,,,,Retail,Fashion & Retail,"Otto Group has more than 40 companies in retail (including Crate and Barrel), real estate and financial services",
4717,12024,Maren Otto,XX,,,,,,,,,married into an empire,,,,,,rich widow,,Germany,person.public,USD-networth,"$2,800,000,000",,1,12024.03,11945,12018,B.lion,,,,81,advisor,,,,,,,"Retail, real estate",Diversified,"third wife of the late Werner Otto, who began a retail empire by founding a mail-order business in Hamburg in 1949",
4718,12024,Ranjan Pai,,,,,,,,,,,,,,,,,,India,person.public,USD-networth,"$2,800,000,000",,,12024.03,11968,,B.lion,,,,58,teacher,,,,,,,Education,Service,,
4719,12024,Madhukar Parekh,,,,,,,,,,,,,,,,,,India,person.public,USD-networth,"$2,800,000,000",,,12024.03,11947,,B.lion,,,,79,advisor,,,,,,,Adhesives,Manufacturing,,
4720,12024,Sean Parker,,,,,,,,,,,,,,,,,,United States,person.public,USD-networth,"$2,800,000,000",,,12024.03,11943,,B.lion,,,,83,advisor,,,,,,,Facebook,Technology,,
4721,12024,Stewart Rahr,,,,,,,,,,,,,,,,,,United States,person.public,USD-networth,"$2,800,000,000",,,12024.03,11940,,B.lion,,,,86,advisor,,,,,,,Drug distribution,Healthcare,,
4722,12024,Su Hua,,,,,,,,,,,,,,,,,,China,person.public,USD-networth,"$2,800,000,000",,,12024.03,11954,,B.lion,,,,72,teacher,,,,,,,Video streaming,Media & Entertainment,,
4723,12024,Sun Shoukuan,,,,,,,,,,,,,,,,,,China,person.public,USD-networth,"$2,800,000,000",,,12024.03,11956,,B.lion,,,,70,teacher,,,,,,,"Metals, coal",Manufacturing,,
4724,12024,Tseng Cheng,,,,,,,,,,,,,,,,,,Taiwan,person.public,USD-networth,"$2,800,000,000",,,12024.03,11950,,B.lion,,,,76,advisor,,,,,,,Petrochemicals,Manufacturing,,
4725,12024,Tung Chee Hwa,,,,,,,,,,,,,,,,,,Hong Kong,person.public,USD-networth,"$2,800,000,000",,,12024.03,11952,,B.lion,,,,74,advisor,,,,,,,Shipping,Logistics,,
4726,12024,Meg Whitman,,,,,,,,,,,,,,,,,,United States,person.public,USD-networth,"$2,800,000,000",,,12024.03,11965,,B.lion,,,,61,teacher,,,,,,,EBay,Technology,,
4727,12024,Wong Luen Hei,,,,,,,,,,,,,,,,,,China,person.public,USD-networth,"$2,800,000,000",,,12024.03,11967,,B.lion,,,,59,teacher,,,,,,,Building materials,Manufacturing,,
4728,12024,Ye Chenghai,,,,,,,,,,,,,,,,,,Hong Kong,person.public,USD-networth,"$2,800,000,000",,,12024.03,11968,,B.lion,,,,58,teacher,,,,,,,Pharmaceuticals,Healthcare,,
4729,12024,Zhu Xingming,,,,,,,,,,,,,,,,,,China,person.public,USD-networth,"$2,800,000,000",,,12024.03,11944,,B.lion,,,,82,advisor,,,,,,,Electrical equipment,Manufacturing,,
4805,12024,Jose Joao Abdalla Filho,,,,,,,,,,,,,,,,,,Brazil,person.public,USD-networth,"$2,700,000,000",,,12024.03,11959,,B.lion,,,,67,teacher,,,,,,,Investments,Finance & Investments,,
4806,12024,Juan Abello,,,,,,,,,,,,,,,,,,Spain,person.public,USD-networth,"$2,700,000,000",,,12024.03,11961,,B.lion,,,,65,teacher,,,,,,,Investments,Finance & Investments,,
4807,12024,Suhail Bahwan,,,,,,,,,,,,,,,,,,Oman,person.public,USD-networth,"$2,700,000,000",,,12024.03,11963,,B.lion,,,,63,teacher,,,,,,,Diversified,Diversified,,
4808,12024,Madhur Bajaj,,,,,,,,,,,,,,,,,,India,person.public,USD-networth,"$2,700,000,000",,,12024.03,11946,,B.lion,,,,80,advisor,,,,,,,Diversified,Diversified,,
4809,12024,Niraj Bajaj,,,,,,,,,,,,,,,,,,India,person.public,USD-networth,"$2,700,000,000",,,12024.03,11967,,B.lion,,,,59,teacher,,,,,,,Diversified,Diversified,,
4810,12024,Shekhar Bajaj,,,,,,,,,,,,,,,,,,India,person.public,USD-networth,"$2,700,000,000",,,12024.03,11940,,B.lion,,,,86,advisor,,,,,,,Diversified,Diversified,,
4811,12024,Harindarpal Banga,,,,,,,,,,,,,,,,,,India,person.public,USD-networth,"$2,700,000,000",,,12024.03,11952,,B.lion,,,,74,advisor,,,,,,,Commodities,Finance & Investments,,
4812,12024,Ulrike Baro,XX,,,Ulrike Sartorius,,,,Germany,,inherited an empire stake,,,de-DE,,,"one of the three daughters of Horst Sartorius, who passed on a 50% stake in biopharmaceutical firm Sartorius AG after his death in 1998",,Germany,person.public,USD-networth,"$2,700,000,000",,,12024.03,11966,12021,B.lion,,,,60,teacher,,,,,,,Biopharmaceuticals,Healthcare,,
4813,12024,Anne Beaufour,,,,,,,,,,,,,,,,,,France,person.public,USD-networth,"$2,700,000,000",,,12024.03,11952,,B.lion,,,,74,advisor,,,,,,,Pharmaceuticals,Healthcare,,
4814,12024,Henri Beaufour,,,,,,,,,,,,,,,,,,France,person.public,USD-networth,"$2,700,000,000",,,12024.03,11967,,B.lion,,,,59,teacher,,,,,,,Pharmaceuticals,Healthcare,,
4815,12024,Andrei Bokarev,,,,,,,,,,,,,,,,,,Russia,person.public,USD-networth,"$2,700,000,000",,,12024.03,11981,,B.lion,,,,45,householder,,,,,,,"Metals, mining",Manufacturing,,
4816,12024,Jack Cowin,,,,,,,,,,,,,,,,,,Australia,person.public,USD-networth,"$2,700,000,000",,,12024.03,11967,,B.lion,,,,59,teacher,,,,,,,Fast food,Food & Beverage,,
4817,12024,Glenn Dubin,,,,,,,,,,,,,,,,,,United States,person.public,USD-networth,"$2,700,000,000",,,12024.03,11967,,B.lion,,,,59,teacher,,,,,,,Hedge funds,Finance & Investments,,
4818,12024,N. Murray Edwards,,,,,,,,,,,,,,,,,,Canada,person.public,USD-networth,"$2,700,000,000",,,12024.03,11932,,B.lion,,,,94,phantasim,,,,,,,Oil & gas,Energy,,
4819,12024,"Frank Fertitta, III.",,,,,,,,,,,,,,,,,,United States,person.public,USD-networth,"$2,700,000,000",,,12024.03,11953,,B.lion,,,,73,advisor,,,,,,,"Casinos, mixed martial arts",Sports,,
4820,12024,Abhay Firodia,,,,,,,,,,,,,,,,,,India,person.public,USD-networth,"$2,700,000,000",,,12024.03,11987,,B.lion,,,,39,householder,,,,,,,Automobiles,Automotive,,
4821,12024,Bruce Flatt,,,,,,,,,,,,,,,,,,Canada,person.public,USD-networth,"$2,700,000,000",,,12024.03,11993,,B.lion,,,,33,householder,,,,,,,Money management,Finance & Investments,,
4822,12024,Miguel Fluxa Rossello,,,,,,,,,,,,,,,,,,Spain,person.public,USD-networth,"$2,700,000,000",,,12024.03,11953,,B.lion,,,,73,advisor,,,,,,,Hotels,Service,,
4823,12024,Robert Friedland,,,,,,,,,,,,,,,,,,United States,person.public,USD-networth,"$2,700,000,000",,,12024.03,11961,,B.lion,,,,65,teacher,,,,,,,Mining,Metals & Mining,,
4824,12024,Alexander Frolov,,,,,,,,,,,,,,,,,,Russia,person.public,USD-networth,"$2,700,000,000",,,12024.03,11946,,B.lion,,,,80,advisor,,,,,,,"Mining, steel",Metals & Mining,,
4825,12024,Nadir Godrej,,,,,,,,,,,,,,,,,,India,person.public,USD-networth,"$2,700,000,000",,,12024.03,11962,,B.lion,,,,64,teacher,,,,,,,Consumer goods,Diversified,,
4826,12024,Maggie Hardy,,,,,,,,,,,,,,,,,,United States,person.public,USD-networth,"$2,700,000,000",,,12024.03,11965,,B.lion,,,,61,teacher,,,,,,,Building materials,Service,,
4827,12024,Nithin Kamath,,,,,,,,,,,,,,,,,,India,person.public,USD-networth,"$2,700,000,000",,,12024.03,11970,,B.lion,,,,56,teacher,,,,,,,Financial services,Finance & Investments,,
4828,12024,Samvel Karapetyan,,,,,,,,,,,,,,,,,,Russia,person.public,USD-networth,"$2,700,000,000",,,12024.03,11947,,B.lion,,,,79,advisor,,,,,,,Real estate,Construction & Engineering,,
4829,12024,Kei Hoi Pang,,,,,,,,,,,,,,,,,,China,person.public,USD-networth,"$2,700,000,000",,,12024.03,11963,,B.lion,,,,63,teacher,,,,,,,Real estate,Real Estate,,
4830,12024,Mustafa Rahmi Koc,,,,,,,,,,,,,,,,,,Turkey,person.public,USD-networth,"$2,700,000,000",,,12024.03,11960,,B.lion,,,,66,teacher,,,,,,,Diversified,Diversified,,
4831,12024,Yuri Kovalchuk,,,,,,,,,,,,,,,,,,Russia,person.public,USD-networth,"$2,700,000,000",,,12024.03,11948,,B.lion,,,,78,advisor,,,,,,,"Banking, insurance, media",Finance & Investments,,
4832,12024,Geoffrey Kwok,,,,,,,,,,,,,,,,,,Hong Kong,person.public,USD-networth,"$2,700,000,000",,,12024.03,11955,,B.lion,,,,71,teacher,,,,,,,Real estate,Real Estate,,
4833,12024,Jonathan Kwok,,,,,,,,,,,,,,,,,,Hong Kong,person.public,USD-networth,"$2,700,000,000",,,12024.03,11966,,B.lion,,,,60,teacher,,,,,,,Real Estate,Real Estate,,
4834,12024,Hans Langer,,,,,,,,,,,,,,,,,,Germany,person.public,USD-networth,"$2,700,000,000",,,12024.03,11945,,B.lion,,,,81,advisor,,,,,,,3D printing,Manufacturing,,
4835,12024,Frank Laukien,,,,,,,,,,,,,,,,,,United States,person.public,USD-networth,"$2,700,000,000",,,12024.03,11940,,B.lion,,,,86,advisor,,,,,,,Scientific equipment,Manufacturing,,
4836,12024,Maritsa Lazari,,,,,,,,,,,,,,,,,,United Kingdom,person.public,USD-networth,"$2,700,000,000",,,12024.03,11949,,B.lion,,,,77,advisor,,,,,,,Real estate,Real Estate,,
4837,12024,Angela Leong,,,,,,,,,,,,,,,,,,Hong Kong,person.public,USD-networth,"$2,700,000,000",,,12024.03,11954,,B.lion,,,,72,teacher,,,,,,,Casinos,Real Estate,,
4838,12024,Li Zhongchu,,,,,,,,,,,,,,,,,,China,person.public,USD-networth,"$2,700,000,000",,,12024.03,11969,,B.lion,,,,57,teacher,,,,,,,Software,Technology,,
4839,12024,Liang Yunchao,,,,,,,,,,,,,,,,,,China,person.public,USD-networth,"$2,700,000,000",,,12024.03,11956,,B.lion,,,,70,teacher,,,,,,,Nutritional supplements,Food & Beverage,,
4840,12024,Vincent McMahon,,,,,,,,,,,,,,,,,,United States,person.public,USD-networth,"$2,700,000,000",,,12024.03,11961,,B.lion,,,,65,teacher,,,,,,,Entertainment,Sports,,
4841,12024,Patrice Motsepe,,,,,,,,,,,,,,,,,,South Africa,person.public,USD-networth,"$2,700,000,000",,,12024.03,11949,,B.lion,,,,77,advisor,,,,,,,Mining,Metals & Mining,,
4842,12024,Denis O'Brien,,,,,,,,,,,,,,,,,,Ireland,person.public,USD-networth,"$2,700,000,000",,,12024.03,11969,,B.lion,,,,57,teacher,,,,,,,Telecom,Telecom,,
4843,12024,Timm Oberwelland,XY,Klaus Oberwelland,,,,,,"Westphalia, Germany",,inherited an empire stake,Modern-German,,de-DE,,,,,Germany,person.public,USD-networth,"$2,700,000,000",,,12024.03,11992,,B.lion,,,,34,householder,,,,,,,Candy,Food & Beverage,"great-grandfather, August Storck founded the business in the Westphalia town of Werther in 11903.
At the time, sweets typically were sold unpackaged and without branding. He packaged his individually and gave them snappy names.",
4844,12024,Dan Olsson,,,,,,,,,,,,,,,,,,Sweden,person.public,USD-networth,"$2,700,000,000",,,12024.03,11943,,B.lion,,,,83,advisor,,,,,,,Diversified,Diversified,,
4845,12024,Yuji Otsuka,,,,,,,,,,,,,,,,,,Japan,person.public,USD-networth,"$2,700,000,000",,,12024.03,11972,,B.lion,,,,54,teacher,,,,,,,"Copy machines, software",Technology,,
4846,12024,Pan Dong,,,,,,,,,,,,,,,,,,Canada,person.public,USD-networth,"$2,700,000,000",,,12024.03,11959,,B.lion,,,,67,teacher,,,,,,,Consumer goods,Fashion & Retail,,
4847,12024,Karsanbhai Patel,,,,,,,,,,,,,,,,,,India,person.public,USD-networth,"$2,700,000,000",,,12024.03,11995,,B.lion,,,,31,householder,,,,,,,Consumer goods,Diversified,,
4848,12024,Richard Peery,,,,,,,,,,,,,,,,,,United States,person.public,USD-networth,"$2,700,000,000",,,12024.03,11966,,B.lion,,,,60,teacher,,,,,,,Real estate,Real Estate,,
4849,12024,Gianfelice Rocca,,,,,,,,,,,,,,,,,,Italy,person.public,USD-networth,"$2,700,000,000",,,12024.03,11963,,B.lion,,,,63,teacher,,,,,,,Pipe Manufacturing,Metals & Mining,,
4850,12024,Paolo Rocca,,,,,,,,,,,,,,,,,,Italy,person.public,USD-networth,"$2,700,000,000",,,12024.03,11965,,B.lion,,,,61,teacher,,,,,,,Pipe Manufacturing,Metals & Mining,,
4851,12024,Wayne Rothbaum,,,,,,,,,,,,,,,,,,United States,person.public,USD-networth,"$2,700,000,000",,,12024.03,11971,,B.lion,,,,55,teacher,,,,,,,Biotech investing,Healthcare,,
4852,12024,Jeff Rothschild,,,,,,,,,,,,,,,,,,United States,person.public,USD-networth,"$2,700,000,000",,,12024.03,11970,,B.lion,,,,56,teacher,,,,,,,Facebook,Technology,,
4853,12024,Raj Sardana,,,,,,,,,,,,,,,,,,United States,person.public,USD-networth,"$2,700,000,000",,,12024.03,11968,,B.lion,,,,58,teacher,,,,,,,Technology services,Technology,,
4854,12024,Christiane Schoeller,XX,,Monika Schoeller,Christiane Schoeller,,,,,,inherited an empire stake,,,de-DE,,,,,Germany,person.public,USD-networth,"$2,700,000,000",,,12024.03,11964,12020,B.lion,,,,62,teacher,,,,,,,Publishing,Media & Entertainment,"only child of Holtzbrinck Publishing Group heir Monika Schoeller, who passed away in 2019. Monika and her brothers, Stefan and Dieter von Holtzbrinck, inherited the business, which includes Macmillan Publishers, from their father, Georg.",
4855,12024,Salil Singhal,,,,,,,,,,,,,,,,,,India,person.public,USD-networth,"$2,700,000,000",,,12024.03,11973,,B.lion,,,,53,teacher,,,,,,,Agrochemicals,Manufacturing,,
4856,12024,Alexander Skorobogatko,,,,,,,,,,,,,,,,,,Russia,person.public,USD-networth,"$2,700,000,000",,,12024.03,11974,,B.lion,,,,52,teacher,,,,,,,"Real estate, airport",Logistics,,
4857,12024,Evan Spiegel,,,,,,,,,,,,,,,,,,United States,person.public,USD-networth,"$2,700,000,000",,,12024.03,11978,,B.lion,,,,48,householder,,,,,,,Snapchat,Technology,,
4858,12024,Glen Taylor,,,,,,,,,,,,,,,,,,United States,person.public,USD-networth,"$2,700,000,000",,,12024.03,11976,,B.lion,,,,50,teacher,,,,,,,Printing,Service,,
4859,12024,Thomas Tull,,,,,,,,,,,,,,,,,,United States,person.public,USD-networth,"$2,700,000,000",,,12024.03,11966,,B.lion,,,,60,teacher,,,,,,,"Movies, investments",Media & Entertainment,,
4860,12024,Bulat Utemuratov,,,,,,,,,,,,,,,,,,Kazakhstan,person.public,USD-networth,"$2,700,000,000",,,12024.03,11960,,B.lion,,,,66,teacher,,,,,,,"Mining, banking, hotels",Metals & Mining,,
4861,12024,Gustav Magnar Witzoe,,,,,,,,,,,,,,,,,,Norway,person.public,USD-networth,"$2,700,000,000",,,12024.03,11977,,B.lion,,,,49,teacher,,,,,,,Fish farming,Food & Beverage,,
4862,12024,Wong Man Li,,,,,,,,,,,,,,,,,,Hong Kong,person.public,USD-networth,"$2,700,000,000",,,12024.03,11953,,B.lion,,,,73,advisor,,,,,,,Furniture,Manufacturing,,
4863,12024,Wu Guangming,,,,,,,,,,,,,,,,,,China,person.public,USD-networth,"$2,700,000,000",,,12024.03,11943,,B.lion,,,,83,advisor,,,,,,,Medical equipment,Healthcare,,
4864,12024,Zhu Yi,,,,,,,,,,,,,,,,,,China,person.public,USD-networth,"$2,700,000,000",,,12024.03,11957,,B.lion,,,,69,teacher,,,,,,,Pharmaceuticals,Healthcare,,
4865,12024,Carlos Lehder,XY,,,Carlos Lehder,,,,Armenia,,,,,,,,,,United States,person.public,USD-networth,"$2,700,000,000",,,12024.03,,,B.lion,,,,12026,phantasim,,,,,,,"drug lord, drug-trafficing",Organized Crime,co-founder of the Medellin Cartel and former Colombian drug lord. Lehder is currently imprisoned in the U.S and was born in Armenia. Lehder eventually ran a cocaine transport empire on Norman’s Cay Island.,
4929,12024,Ben Ashkenazy,,,,,,,,,,,,,,,,,,United States,person.public,USD-networth,"$2,600,000,000",,,12024.03,11970,,B.lion,,,,56,teacher,,,,,,,Real estate,Real Estate,,
4930,12024,Felix Baker,,,,,,,,,,,,,,,,,,United States,person.public,USD-networth,"$2,600,000,000",,,12024.03,11945,,B.lion,,,,81,advisor,,,,,,,Biotech investing,Finance & Investments,,
4931,12024,Julian Baker,,,,,,,,,,,,,,,,,,United States,person.public,USD-networth,"$2,600,000,000",,,12024.03,11963,,B.lion,,,,63,teacher,,,,,,,Investing,Finance & Investments,,
4932,12024,David Baszucki,XY,,,,,,,,,,,,,,,,,United States,person.public,USD-networth,"$2,600,000,000",,,12024.03,11970,,B.lion,,,,56,teacher,,,,,,,Online games,Media & Entertainment,,
4933,12024,Joesley Batista,,,,,,,,,,,,,,,,,,Brazil,person.public,USD-networth,"$2,600,000,000",,,12024.03,11966,,B.lion,,,,60,teacher,,,,,,,Beef processing,Food & Beverage,,
4934,12024,Wesley Batista,,,,,,,,,,,,,,,,,,Brazil,person.public,USD-networth,"$2,600,000,000",,,12024.03,11939,,B.lion,,,,87,advisor,,,,,,,Beef packing,Food & Beverage,,
4935,12024,Yvonne Bauer,,,,,,,,,,,,,,,,,,Germany,person.public,USD-networth,"$2,600,000,000",,,12024.03,11966,,B.lion,,,,60,teacher,,,,,,,"Magazines, media",Media & Entertainment,,
4936,12024,Miriam Baumann-Blocher,,,,,,,,,,,,,,,,,,Switzerland,person.public,USD-networth,"$2,600,000,000",,,12024.03,11949,,B.lion,,,,77,advisor,,,,,,,Chemicals,Manufacturing,,
4937,12024,Cen Junda,,,,,,,,,,,,,,,,,,China,person.public,USD-networth,"$2,600,000,000",,,12024.03,11970,,B.lion,,,,56,teacher,,,,,,,Pharmaceuticals,Healthcare,,
4938,12024,Richard Chandler,,,,,,,,,,,,,,,,,,New Zealand,person.public,USD-networth,"$2,600,000,000",,,12024.03,11955,,B.lion,,,,71,teacher,,,,,,,Investments,Finance & Investments,,
4939,12024,Chen Zhiping,,,,,,,,,,,,,,,,,,China,person.public,USD-networth,"$2,600,000,000",,,12024.03,11984,,B.lion,,,,42,householder,,,,,,,E-cigarettes,Manufacturing,,
4940,12024,Fernando Chico Pardo,,,,,,,,,,,,,,,,,,Mexico,person.public,USD-networth,"$2,600,000,000",,,12024.03,11947,,B.lion,,,,79,advisor,,,,,,,Airport management,Service,,
4941,12024,Ray Davis,,,,,,,,,,,,,,,,,,United States,person.public,USD-networth,"$2,600,000,000",,,12024.03,11948,,B.lion,,,,78,advisor,,,,,,,Pipelines,Energy,,
4942,12024,Maria Del Pino,,,,,,,,,,,,,,,,,,Spain,person.public,USD-networth,"$2,600,000,000",,,12024.03,11958,,B.lion,,,,68,teacher,,,,,,,Construction,Construction & Engineering,,
4943,12024,Deng Weiming,,,,,,,,,,,,,,,,,,China,person.public,USD-networth,"$2,600,000,000",,,12024.03,11965,,B.lion,,,,61,teacher,,,,,,,Battery components,Manufacturing,,
4944,12024,"John Dorrance, III.",XY,,,,,,,,,,,,,,,,,Ireland,person.public,USD-networth,"$2,600,000,000",,,12024.03,11977,,B.lion,,,,49,teacher,,,,,,,Campbell Soup,Food & Beverage,,
4945,12024,Carl Douglas,,,,,,,,,,,,,,,,,,Sweden,person.public,USD-networth,"$2,600,000,000",,,12024.03,11955,,B.lion,,,,71,teacher,,,,,,,Investments,Diversified,,
4946,12024,Eric Douglas,,,,,,,,,,,,,,,,,,Sweden,person.public,USD-networth,"$2,600,000,000",,,12024.03,11972,,B.lion,,,,54,teacher,,,,,,,Investments,Diversified,,
4947,12024,Fiona Geminder,,,,,,,,,,,,,,,,,,Australia,person.public,USD-networth,"$2,600,000,000",,,12024.03,11929,,B.lion,,,,97,phantasim,,,,,,,Manufacturing,Manufacturing,,
4948,12024,Stewart Horejsi,,,,,,,,,,,,,,,,,,United States,person.public,USD-networth,"$2,600,000,000",,,12024.03,11940,,B.lion,,,,86,advisor,,,,,,,Berkshire Hathaway,Finance & Investments,,
4949,12024,Hou Juncheng,,,,,,,,,,,,,,,,,,China,person.public,USD-networth,"$2,600,000,000",,,12024.03,11948,,B.lion,,,,78,advisor,,,,,,,Cosmetics,Healthcare,,
4950,12024,Huang Zhenda,,,,,,,,,,,,,,,,,,China,person.public,USD-networth,"$2,600,000,000",,,12024.03,11963,,B.lion,,,,63,teacher,,,,,,,Construction,Construction & Engineering,,
4951,12024,Dmitry Kamenshchik,,,,,,,,,,,,,,,,,,Russia,person.public,USD-networth,"$2,600,000,000",,,12024.03,11964,,B.lion,,,,62,teacher,,,,,,,Airport,Service,,
4952,12024,Alicia Koplowitz,,,,,,,,,,,,,,,,,,Spain,person.public,USD-networth,"$2,600,000,000",,,12024.03,11969,,B.lion,,,,57,teacher,,,,,,,"Construction, investments",Finance & Investments,,
4953,12024,Adam Kwok,,,,,,,,,,,,,,,,,,Hong Kong,person.public,USD-networth,"$2,600,000,000",,,12024.03,11966,,B.lion,,,,60,teacher,,,,,,,Real estate,Real Estate,,
4954,12024,Henry Laufer,,,,,,,,,,,,,,,,,,United States,person.public,USD-networth,"$2,600,000,000",,,12024.03,11945,,B.lion,,,,81,advisor,,,,,,,Hedge funds,Finance & Investments,,
4955,12024,Louis Le Duff,,,,,,,,,,,,,,,,,,France,person.public,USD-networth,"$2,600,000,000",,,12024.03,11978,,B.lion,,,,48,householder,,,,,,,Bakeries,Food & Beverage,,
4956,12024,Mark Leonard,XY,,,,,,,,,,,,,,,,,Canada,person.public,USD-networth,"$2,600,000,000",,,12024.03,11967,,B.lion,,,,59,teacher,,,,,,,Software,Technology,,
4957,12024,Li Guoqiang,,,,,,,,,,,,,,,,,,China,person.public,USD-networth,"$2,600,000,000",,,12024.03,11943,,B.lion,,,,83,advisor,,,,,,,Auto dealerships,Automotive,,
4958,12024,Li Yongxin,,,,,,,,,,,,,,,,,,China,person.public,USD-networth,"$2,600,000,000",,,12024.03,11954,,B.lion,,,,72,teacher,,,,,,,Education,Service,,
4959,12024,Peter Lim,,,,,,,,,,,,,,,,,,Singapore,person.public,USD-networth,"$2,600,000,000",,,12024.03,11947,,B.lion,,,,79,advisor,,,,,,,Investments,Finance & Investments,,
4960,12024,Lu Weiding,,,,,,,,,,,,,,,,,,China,person.public,USD-networth,"$2,600,000,000",,,12024.03,11957,,B.lion,,,,69,teacher,,,,,,,Diversified,Diversified,,
4961,12024,Sergio Mantegazza,,,,,,,,,,,,,,,,,,Switzerland,person.public,USD-networth,"$2,600,000,000",,,12024.03,11973,,B.lion,,,,53,teacher,,,,,,,Travel,Service,,
4962,12024,Hans Melchers,,,,,,,,,,,,,,,,,,Netherlands,person.public,USD-networth,"$2,600,000,000",,,12024.03,11955,,B.lion,,,,71,teacher,,,,,,,"Chemicals, investments",Finance & Investments,,
4963,12024,C. Dean Metropoulos,,,,,,,,,,,,,,,,,,United States,person.public,USD-networth,"$2,600,000,000",,,12024.03,11967,,B.lion,,,,59,teacher,,,,,,,Investments,Food & Beverage,,
4964,12024,Hans Georg Naeder,,,,,,,,,,,,,,,,,,Germany,person.public,USD-networth,"$2,600,000,000",,,12024.03,11972,,B.lion,,,,54,teacher,,,,,,,Prosthetics,Manufacturing,,
4965,12024,Falguni Nayar,,,,,,,,,,,,,,,,,,India,person.public,USD-networth,"$2,600,000,000",,,12024.03,11967,,B.lion,,,,59,teacher,,,,,,,Retailing,Fashion & Retail,,
4966,12024,James Packer,,,,,,,,,,,,,,,,,,Australia,person.public,USD-networth,"$2,600,000,000",,,12024.03,11972,,B.lion,,,,54,teacher,,,,,,,Investments,Finance & Investments,,
4967,12024,Alexander Ponomarenko,,,,,,,,,,,,,,,,,,Russia,person.public,USD-networth,"$2,600,000,000",,,12024.03,11926,,B.lion,,,,100,phantasim,,,,,,,"Real estate, airport",Logistics,,
4968,12024,Nicholas Pritzker,,,,,,,,,,,,,,,,,,United States,person.public,USD-networth,"$2,600,000,000",,,12024.03,11950,,B.lion,,,,76,advisor,,,,,,,"Hotels, investments",Finance & Investments,,
4969,12024,Alejandro Santo Domingo,,,,,,,,,,,,,,,,,,United States,person.public,USD-networth,"$2,600,000,000",,,12024.03,11947,,B.lion,,,,79,advisor,,,,,,,Beer,Food & Beverage,,
4970,12024,Steven Sarowitz,XY,,,,,,,,,,,,,,,,,United States,person.public,USD-networth,"$2,600,000,000",,,12024.03,11946,,B.lion,,,,80,advisor,,,,,,,Payroll software,Technology,,
4971,12024,Maria-Elisabeth Schaeffler-Thumann,,,,,,,,,,,,,,,,,,Germany,person.public,USD-networth,"$2,600,000,000",,,12024.03,11953,,B.lion,,,,73,advisor,,,,,,,Auto parts,Automotive,,
4972,12024,Leonard Schleifer,,,,,,,,,,,,,,,,,,United States,person.public,USD-networth,"$2,600,000,000",,,12024.03,11968,,B.lion,,,,58,teacher,,,,,,,Pharmaceuticals,Healthcare,,
4973,12024,Dieter Schnabel,,,,,,,,,,,,,,,,,,Germany,person.public,USD-networth,"$2,600,000,000",,,12024.03,11933,,B.lion,,,,93,phantasim,,,,,,,Chemicals,Manufacturing,,
4974,12024,Michael S. Smith,XY,,,,,,,,,,,,,,,,,United States,person.public,USD-networth,"$2,600,000,000",,,12024.03,11939,,B.lion,,,,87,advisor,,,,,,,Liquefied natural gas,Energy,,
4975,12024,Julia Thiele-Schuerhoff,,,,,,,,,,,,,,,,,,Germany,person.public,USD-networth,"$2,600,000,000",,,12024.03,11943,,B.lion,,,,83,advisor,,,,,,,"Brakes, investments",Manufacturing,,
4976,12024,John Tyson,XY,,,,,,,,,,,,,,,,,United States,person.public,USD-networth,"$2,600,000,000",,,12024.03,11985,,B.lion,,,,41,householder,,,,,,,Food processing,Food & Beverage,,
4977,12024,Anna Katharina Viessmann,XX,Martin Viessmann,,,,,,Germany,,waiting in line for inheritance,,,de-DE,,,"daughter of Martin Viessmann, who chairs the executive board of a German manufacturer of heating, refrigeration and climate-control equipment.
Her brother, Maximilian, is co-CEO of Viessmann Group, founded by their great-grandfather Johann Viessmann in 1917.",,Germany,person.public,USD-networth,"$2,600,000,000",,,12024.03,11949,12020,B.lion,,,,77,advisor,,,,,,,Heating and cooling equipment,Manufacturing,non-executive member of the board of the family holding company.,
4978,12024,Jurgen Wirtgen,,,,,,,,,,,,,,,,,,Germany,person.public,USD-networth,"$2,600,000,000",,,12024.03,11949,,B.lion,,,,77,advisor,,,,,,,Construction Vehicles,Construction & Engineering,,
4979,12024,Stefan Wirtgen,,,,,,,,,,,,,,,,,,Germany,person.public,USD-networth,"$2,600,000,000",,,12024.03,11945,,B.lion,,,,81,advisor,,,,,,,Construction Vehicles,Construction & Engineering,,
4980,12024,Zhao Lixin,,,,,,,,,,,,,,,,,,China,person.public,USD-networth,"$2,600,000,000",,,12024.03,11949,,B.lion,,,,77,advisor,,,,,,,Electronics,Technology,,
4981,12024,Zhou Hongyi,,,,,,,,,,,,,,,,,,China,person.public,USD-networth,"$2,600,000,000",,,12024.03,11952,,B.lion,,,,74,advisor,,,,,,,Security software,Technology,,
5056,12024,S. Daniel Abraham,,,,,,,,,,,,,,,,,,United States,person.public,USD-networth,"$2,500,000,000",,,12024.03,11969,,B.lion,,,,57,teacher,,,,,,,Slim-Fast,Food & Beverage,,
5057,12024,Bill Alfond,XY,,,,,,,,,,,,,,,,,United States,person.public,USD-networth,"$2,500,000,000",,,12024.03,11967,,B.lion,,,,59,teacher,,,,,,,Shoes,Fashion & Retail,,
5058,12024,Susan Alfond,,,,,,,,,,,,,,,,,,United States,person.public,USD-networth,"$2,500,000,000",,,12024.03,11957,,B.lion,,,,69,teacher,,,,,,,Shoes,Fashion & Retail,,
5059,12024,Ted Alfond,,,,,,,,,,,,,,,,,,United States,person.public,USD-networth,"$2,500,000,000",,,12024.03,11963,,B.lion,,,,63,teacher,,,,,,,Shoes,Fashion & Retail,,
5060,12024,Riley Bechtel,,,,,,,,,,,,,,,,,,United States,person.public,USD-networth,"$2,500,000,000",,,12024.03,11951,,B.lion,,,,75,advisor,,,,,,,"Engineering, construction",Construction & Engineering,,
5061,12024,Thor Bjorgolfsson,,,,,,,,,,,,,,,,,,Iceland,person.public,USD-networth,"$2,500,000,000",,,12024.03,11951,,B.lion,,,,75,advisor,,,,,,,Investments,Diversified,,
5062,12024,Charles Bronfman,XY,,,,,,,,,,,,,,,,,Canada,person.public,USD-networth,"$2,500,000,000",,,12024.03,11954,,B.lion,,,,72,teacher,,,,,,,Liquor,Food & Beverage,,
5063,12024,Vivek Chand Burman,,,,,,,,,,,,,,,,,,India,person.public,USD-networth,"$2,500,000,000",,,12024.03,11960,,B.lion,,,,66,teacher,,,,,,,Consumer goods,Food & Beverage,,
5064,12024,Herb Chambers,,,,,,,,,,,,,,,,,,United States,person.public,USD-networth,"$2,500,000,000",,,12024.03,11950,,B.lion,,,,76,advisor,,,,,,,Car dealerships,Automotive,,
5065,12024,Cheng Yixiao,,,,,,,,,,,,,,,,,,China,person.public,USD-networth,"$2,500,000,000",,,12024.03,11971,,B.lion,,,,55,teacher,,,,,,,Video streaming app,Media & Entertainment,,
5066,12024,Andrew Cherng,,,,,,,,,,,,,,,,,,United States,person.public,USD-networth,"$2,500,000,000",,,12024.03,11950,,B.lion,,,,76,advisor,,,,,,,Fast food,Food & Beverage,,
5067,12024,Peggy Cherng,,,,,,,,,,,,,,,,,,United States,person.public,USD-networth,"$2,500,000,000",,,12024.03,11962,,B.lion,,,,64,teacher,,,,,,,Fast food,Food & Beverage,,
5068,12024,Leon G. Cooperman,,,,,,,,,,,,,,,,,,United States,person.public,USD-networth,"$2,500,000,000",,,12024.03,11958,,B.lion,,,,68,teacher,,,,,,,Hedge funds,Finance & Investments,,
5069,12024,Yadu Hari Dalmia,,,,,,,,,,,,,,,,,,India,person.public,USD-networth,"$2,500,000,000",,,12024.03,11954,,B.lion,,,,72,teacher,,,,,,,Cement,Manufacturing,,
5070,12024,Henry Davis,,,,,,,,,,,,,,,,,,United States,person.public,USD-networth,"$2,500,000,000",,,12024.03,11954,,B.lion,,,,72,teacher,,,,,,,Beef processing,Food & Beverage,,
5071,12024,Oleg Deripaska,,,,,,,,,,,,,,,,,,Russia,person.public,USD-networth,"$2,500,000,000",,,12024.03,11948,,B.lion,,,,78,advisor,,,,,,,"Aluminum, utilities",Metals & Mining,,
5072,12024,Sergey Dmitriev,,,,,,,,,,,,,,,,,,Cyprus,person.public,USD-networth,"$2,500,000,000",,,12024.03,11988,,B.lion,,,,38,householder,,,,,,,Software,Technology,,
5073,12024,Joseph Edelman,,,,,,,,,,,,,,,,,,United States,person.public,USD-networth,"$2,500,000,000",,,12024.03,11947,,B.lion,,,,79,advisor,,,,,,,Hedge funds,Finance & Investments,,
5074,12024,Sandeep Engineer,,,,,,,,,,,,,,,,,,India,person.public,USD-networth,"$2,500,000,000",,,12024.03,11948,,B.lion,,,,78,advisor,,,,,,,Plastic pipes,Manufacturing,,
5075,12024,Alceu Elias Feldmann,,,,,,,,,,,,,,,,,,Brazil,person.public,USD-networth,"$2,500,000,000",,,12024.03,11932,,B.lion,,,,94,phantasim,,,,,,,Fertilizer,Energy,,
5076,12024,Serge Godin,,,,,,,,,,,,,,,,,,Canada,person.public,USD-networth,"$2,500,000,000",,,12024.03,11990,,B.lion,,,,36,householder,,,,,,,Information technology,Technology,,
5077,12024,Alec Gores,,,,,,,,,,,,,,,,,,United States,person.public,USD-networth,"$2,500,000,000",,,12024.03,11975,,B.lion,,,,51,teacher,,,,,,,Private equity,Finance & Investments,,
5078,12024,Bill Haslam,XY,,,,,,,,,,,,,,,,,United States,person.public,USD-networth,"$2,500,000,000",,,12024.03,11960,,B.lion,,,,66,teacher,,,,,,,Gas stations,Fashion & Retail,,
5079,12024,J. Tomilson Hill,,,,,,,,,,,,,,,,,,United States,person.public,USD-networth,"$2,500,000,000",,,12024.03,11955,,B.lion,,,,71,teacher,,,,,,,Investments,Finance & Investments,,
5080,12024,Jay-Z,,,,,,,,,,,,,,,,,,United States,person.public,USD-networth,"$2,500,000,000",,,12024.03,11947,,B.lion,,,,79,advisor,,,,,,,Music,Media & Entertainment,,
5081,12024,Baba Kalyani,,,,,,,,,,,,,,,,,,India,person.public,USD-networth,"$2,500,000,000",,,12024.03,11965,,B.lion,,,,61,teacher,,,,,,,Engineering,Automotive,,
5082,12024,Saban Cemil Kazanci,,,,,,,,,,,,,,,,,,Turkey,person.public,USD-networth,"$2,500,000,000",,,12024.03,11947,,B.lion,,,,79,advisor,,,,,,,Energy,Energy,,
5083,12024,Brad Kelley,,,,,,,,,,,,,,,,,,United States,person.public,USD-networth,"$2,500,000,000",,,12024.03,11964,,B.lion,,,,62,teacher,,,,,,,Tobacco,Real Estate,,
5084,12024,Wolfgang Leitner,,,,,,,,,,,,,,,,,,Austria,person.public,USD-networth,"$2,500,000,000",,,12024.03,11961,,B.lion,,,,65,teacher,,,,,,,Engineering,Construction & Engineering,,
5085,12024,Li Hongxin,,,,,,,,,,,,,,,,,,China,person.public,USD-networth,"$2,500,000,000",,,12024.03,11955,,B.lion,,,,71,teacher,,,,,,,Paper & related products,Manufacturing,,
5086,12024,Lin Chen-hai,,,,,,,,,,,,,,,,,,Taiwan,person.public,USD-networth,"$2,500,000,000",,,12024.03,11953,,B.lion,,,,73,advisor,,,,,,,Real estate,Real Estate,,
5087,12024,Lu Yiwen,,,,,,,,,,,,,,,,,,China,person.public,USD-networth,"$2,500,000,000",,,12024.03,11971,,B.lion,,,,55,teacher,,,,,,,Jewelry,Fashion & Retail,,
5088,12024,Prayudh Mahagitsiri,,,,,,,,,,,,,,,,,,Thailand,person.public,USD-networth,"$2,500,000,000",,,12024.03,11960,,B.lion,,,,66,teacher,,,,,,,"Coffee, shipping",Food & Beverage,,
5089,12024,Willy Michel,,,,,,,,,,,,,,,,,,Switzerland,person.public,USD-networth,"$2,500,000,000",,,12024.03,11948,,B.lion,,,,78,advisor,,,,,,,Medical devices,Healthcare,,
5090,12024,Lachhman Das Mittal,,,,,,,,,,,,,,,,,,India,person.public,USD-networth,"$2,500,000,000",,,12024.03,11946,,B.lion,,,,80,advisor,,,,,,,Tractors,Automotive,,
5091,12024,Bobby Murphy,,,,,,,,,,,,,,,,,,United States,person.public,USD-networth,"$2,500,000,000",,,12024.03,11950,,B.lion,,,,76,advisor,,,,,,,Snapchat,Technology,,
5092,12024,Tomas Olivo Lopez,,,,,,,,,,,,,,,,,,Spain,person.public,USD-networth,"$2,500,000,000",,,12024.03,11955,,B.lion,,,,71,teacher,,,,,,,Shopping centers,Real Estate,,
5093,12024,Eren Ozmen,,,,,,,,,,,,,,,,,,United States,person.public,USD-networth,"$2,500,000,000",,,12024.03,11936,,B.lion,,,,90,advisor,,,,,,,Aerospace,Manufacturing,,
5094,12024,John Pritzker,XY,,,,,,,,,,,,,,,,,United States,person.public,USD-networth,"$2,500,000,000",,,12024.03,11958,,B.lion,,,,68,teacher,,,,,,,"Hotels, investments",Finance & Investments,,
5095,12024,Qiu Minxiu,,,,,,,,,,,,,,,,,,China,person.public,USD-networth,"$2,500,000,000",,,12024.03,11979,,B.lion,,,,47,householder,,,,,,,Semiconductors,Technology,,
5096,12024,Ferit Faik Sahenk,,,,,,,,,,,,,,,,,,Turkey,person.public,USD-networth,"$2,500,000,000",,,12024.03,11966,,B.lion,,,,60,teacher,,,,,,,Diversified,Diversified,,
5097,12024,Wenrong Shen,,,,,,,,,,,,,,,,,,China,person.public,USD-networth,"$2,500,000,000",,,12024.03,11962,,B.lion,,,,64,teacher,,,,,,,Steel production,Metals & Mining,,
5098,12024,Shi Yuzhu,,,,,,,,,,,,,,,,,,China,person.public,USD-networth,"$2,500,000,000",,,12024.03,11960,,B.lion,,,,66,teacher,,,,,,,"Online games, investments",Diversified,,
5099,12024,Jeff Sutton,,,,,,,,,,,,,,,,,,United States,person.public,USD-networth,"$2,500,000,000",,,12024.03,11958,,B.lion,,,,68,teacher,,,,,,,Real estate,Real Estate,,
5100,12024,"Henry Sy, Jr.",,,,,,,,,,,,,,,,,,Philippines,person.public,USD-networth,"$2,500,000,000",,,12024.03,11973,,B.lion,,,,53,teacher,,,,,,,Diversified,Diversified,,
5101,12024,Andrew Tan,,,,,,,,,,,,,,,,,,Philippines,person.public,USD-networth,"$2,500,000,000",,,12024.03,11941,,B.lion,,,,85,advisor,,,,,,,Diversified,Diversified,,
5102,12024,Arvind Tiku,,,,,,,,,,,,,,,,,,India,person.public,USD-networth,"$2,500,000,000",,,12024.03,11947,,B.lion,,,,79,advisor,,,,,,,"Oil & gas, investments",Energy,,
5103,12024,Byron Trott,,,,,,,,,,,,,,,,,,United States,person.public,USD-networth,"$2,500,000,000",,,12024.03,11954,,B.lion,,,,72,teacher,,,,,,,Investments,Finance & Investments,,
5104,12024,Donald Trump,,,,,,,,,,,,,,,,,,United States,person.public,USD-networth,"$2,500,000,000",,,12024.03,11979,,B.lion,,,,47,householder,,,,,,,Real estate,Real Estate,,
5105,12024,Peter Unger,,,,,,,,,,,,,,,,,,Germany,person.public,USD-networth,"$2,500,000,000",,,12024.03,11950,,B.lion,,,,76,advisor,,,,,,,Auto repair,Automotive,,
5106,12024,Roger Wang,,,,,,,,,,,,,,,,,,United States,person.public,USD-networth,"$2,500,000,000",,,12024.03,11938,,B.lion,,,,88,advisor,,,,,,,Retail,Fashion & Retail,,
5107,12024,Oprah Winfrey,,,,,,,,,,,,,,,,,,United States,person.public,USD-networth,"$2,500,000,000",,,12024.03,11966,,B.lion,,,,60,teacher,,,,,,,TV shows,Media & Entertainment,,
5108,12024,Wu Zhigang,,,,,,,,,,,,,,,,,,China,person.public,USD-networth,"$2,500,000,000",,,12024.03,11933,,B.lion,,,,93,phantasim,,,,,,,Bakery chain,Food & Beverage,,
5109,12024,Xie Weitong,,,,,,,,,,,,,,,,,,Taiwan,person.public,USD-networth,"$2,500,000,000",,,12024.03,11946,,B.lion,,,,80,advisor,,,,,,,Cobalt,Metals & Mining,,
5110,12024,Ye Guofu,,,,,,,,,,,,,,,,,,China,person.public,USD-networth,"$2,500,000,000",,,12024.03,11958,,B.lion,,,,68,teacher,,,,,,,Retail,Fashion & Retail,,
5175,12024,Marijke Mars,,,,,,,,,,,,,,,,,,United States,person.public,USD-networth,"$2,400,000,000",,,12024.03,11969,,B.lion,,,,57,teacher,,,,,,,"Candy, pet food",Food & Beverage,,
5176,12024,Pamela Mars,,,,,,,,,,,,,,,,,,United States,person.public,USD-networth,"$2,400,000,000",,,12024.03,11936,,B.lion,,,,90,advisor,,,,,,,"Candy, pet food",Food & Beverage,,
5177,12024,Valerie Mars,,,,,,,,,,,,,,,,,,United States,person.public,USD-networth,"$2,400,000,000",,,12024.03,11963,,B.lion,,,,63,teacher,,,,,,,"Candy, pet food",Food & Beverage,,
5178,12024,Victoria Mars,,,,,,,,,,,,,,,,,,United States,person.public,USD-networth,"$2,400,000,000",,,12024.03,11948,,B.lion,,,,78,advisor,,,,,,,"Candy, pet food",Food & Beverage,,
5179,12024,Brian Acton,,,,,,,,,,,,,,,,,,United States,person.public,USD-networth,"$2,400,000,000",,,12024.03,11945,,B.lion,,,,81,advisor,,,,,,,WhatsApp,Technology,,
5180,12024,Abdulla Al Futtaim,,,,,,,,,,,,,,,,,,United Arab Emirates,person.public,USD-networth,"$2,400,000,000",,,12024.03,11956,,B.lion,,,,70,teacher,,,,,,,"Auto dealers, investments",Automotive,,
5181,12024,Edward Bass,,,,,,,,,,,,,,,,,,United States,person.public,USD-networth,"$2,400,000,000",,,12024.03,11947,,B.lion,,,,79,advisor,,,,,,,"Oil, investments",Energy,,
5182,12024,Koos Bekker,,,,,,,,,,,,,,,,,,South Africa,person.public,USD-networth,"$2,400,000,000",,,12024.03,11967,,B.lion,,,,59,teacher,,,,,,,"Media, investments",Media & Entertainment,,
5183,12024,Otto Philipp Braun,,,,,,,,,,,,,,,,,,Germany,person.public,USD-networth,"$2,400,000,000",,,12024.03,11976,,B.lion,,,,50,teacher,,,,,,,Medical technology,Healthcare,,
5184,12024,Chen Tei-fu,,,,,,,,,,,,,,,,,,Taiwan,person.public,USD-networth,"$2,400,000,000",,,12024.03,11959,,B.lion,,,,67,teacher,,,,,,,Herbal products,Fashion & Retail,,
5185,12024,Abilio dos Santos Diniz,,,,,,,,,,,,,,,,,,Brazil,person.public,USD-networth,"$2,400,000,000",,,12024.03,11966,,B.lion,,,,60,teacher,,,,,,,Retail,Fashion & Retail,,
5186,12024,Marcel Erni,,,,,,,,,,,,,,,,,,Switzerland,person.public,USD-networth,"$2,400,000,000",,,12024.03,11961,,B.lion,,,,65,teacher,,,,,,,Private equity,Finance & Investments,,
5187,12024,Doris Fisher,,,,,,,,,,,,,,,,,,United States,person.public,USD-networth,"$2,400,000,000",,,12024.03,11963,,B.lion,,,,63,teacher,,,,,,,Gap,Fashion & Retail,,
5188,12024,Gerald Ford,,,,,,,,,,,,,,,,,,United States,person.public,USD-networth,"$2,400,000,000",,,12024.03,11963,,B.lion,,,,63,teacher,,,,,,,Banking,Finance & Investments,,
5189,12024,Bernard Fraisse,,,,,,,,,,,,,,,,,,France,person.public,USD-networth,"$2,400,000,000",,,12024.03,11956,,B.lion,,,,70,teacher,,,,,,,Pharmaceuticals,Healthcare,,
5190,12024,Alfred Gantner,,,,,,,,,,,,,,,,,,Switzerland,person.public,USD-networth,"$2,400,000,000",,,12024.03,11961,,B.lion,,,,65,teacher,,,,,,,Private equity,Finance & Investments,,
5191,12024,Paul Gauselmann,,,,,,,,,,,,,,,,,,Germany,person.public,USD-networth,"$2,400,000,000",,,12024.03,11969,,B.lion,,,,57,teacher,,,,,,,Gambling,Gambling & Casinos,,
5192,12024,Mitchell Goldhar,,,,,,,,,,,,,,,,,,Canada,person.public,USD-networth,"$2,400,000,000",,,12024.03,11957,,B.lion,,,,69,teacher,,,,,,,Real estate,Real Estate,,
5193,12024,Peter Hargreaves,,,,,,,,,,,,,,,,,,United Kingdom,person.public,USD-networth,"$2,400,000,000",,,12024.03,11958,,B.lion,,,,68,teacher,,,,,,,Financial services,Finance & Investments,,
5194,12024,Hua Xuande,,,,,,,,,,,,,,,,,,China,person.public,USD-networth,"$2,400,000,000",,,12024.03,11936,,B.lion,,,,90,advisor,,,,,,,Pharmaceuticals,Healthcare,,
5195,12024,Kwek Leng Kee,,,,,,,,,,,,,,,,,,Singapore,person.public,USD-networth,"$2,400,000,000",,,12024.03,11952,,B.lion,,,,74,advisor,,,,,,,Diversified,Diversified,,
5196,12024,Catherine Lozick,,,,,,,,,,,,,,,,,,United States,person.public,USD-networth,"$2,400,000,000",,,12024.03,11940,,B.lion,,,,86,advisor,,,,,,,Valve manufacturing,Manufacturing,,
5197,12024,Kalanithi Maran,,,,,,,,,,,,,,,,,,India,person.public,USD-networth,"$2,400,000,000",,,12024.03,11940,,B.lion,,,,86,advisor,,,,,,,Media,Media & Entertainment,,
5198,12024,Jed McCaleb,,,,,,,,,,,,,,,,,,United States,person.public,USD-networth,"$2,400,000,000",,,12024.03,11963,,B.lion,,,,63,teacher,,,,,,,Cryptocurrency,Finance & Investments,,
5199,12024,Fatih Ozmen,,,,,,,,,,,,,,,,,,United States,person.public,USD-networth,"$2,400,000,000",,,12024.03,11970,,B.lion,,,,56,teacher,,,,,,,Aerospace,Manufacturing,,
5200,12024,Pan Laican,XY,,,,,,,China,,inherited an empire,,,zh-CN_SimplifiedChinese,,,retired from family business,,China,person.public,USD-networth,"$2,400,000,000",,,12024.03,11971,12019,B.lion,,,,55,teacher,,,,,,,Soy sauce,Food & Beverage,derives his fortune from his holdings in soy sauce supplier Foshan Haitian Flavouring and Food.  Haitian was originally known as Foshan Sauce Shop flourishing during the Qianlong years in the mid-Qing Dynasty.,
5201,12024,Tor Peterson,,,,,,,,,,,,,,,,,,United States,person.public,USD-networth,"$2,400,000,000",,,12024.03,11970,,B.lion,,,,56,teacher,,,,,,,Commodities,Metals & Mining,,
5202,12024,Daniel Pritzker,,,,,,,,,,,,,,,,,,United States,person.public,USD-networth,"$2,400,000,000",,,12024.03,11939,,B.lion,,,,87,advisor,,,,,,,"Hotels, investments",Finance & Investments,,
5203,12024,Qi Jinxing,,,,,,,,,,,,,,,,,,China,person.public,USD-networth,"$2,400,000,000",,,12024.03,11961,,B.lion,,,,65,teacher,,,,,,,Real estate,Real Estate,,
5204,12024,Qiu Jianping,,,,,,,,,,,,,,,,,,China,person.public,USD-networth,"$2,400,000,000",,,12024.03,11958,,B.lion,,,,68,teacher,,,,,,,Hand tools,Manufacturing,,
5205,12024,Rajan Raheja,,,,,,,,,,,,,,,,,,India,person.public,USD-networth,"$2,400,000,000",,,12024.03,11981,,B.lion,,,,45,householder,,,,,,,Diversified,Diversified,,
5206,12024,Matthias Reinhart,,,,,,,,,,,,,,,,,,Switzerland,person.public,USD-networth,"$2,400,000,000",,,12024.03,11983,,B.lion,,,,43,householder,,,,,,,Financial services,Finance & Investments,,
5207,12024,Arnout Schuijff,,,,,,,,,,,,,,,,,,Netherlands,person.public,USD-networth,"$2,400,000,000",,,12024.03,11951,,B.lion,,,,75,advisor,,,,,,,Payments software,Technology,,
5208,12024,Hans Sy,,,,,,,,,,,,,,,,,,Philippines,person.public,USD-networth,"$2,400,000,000",,,12024.03,11933,,B.lion,,,,93,phantasim,,,,,,,Diversified,Diversified,,
5209,12024,Herbert Sy,,,,,,,,,,,,,,,,,,Philippines,person.public,USD-networth,"$2,400,000,000",,,12024.03,11946,,B.lion,,,,80,advisor,,,,,,,Diversified,Diversified,,
5210,12024,Lucio Tan,,,,,,,,,,,,,,,,,,Philippines,person.public,USD-networth,"$2,400,000,000",,,12024.03,11951,,B.lion,,,,75,advisor,,,,,,,Diversified,Diversified,,
5211,12024,Tsai Ming-kai,,,,,,,,,,,,,,,,,,Taiwan,person.public,USD-networth,"$2,400,000,000",,,12024.03,11971,,B.lion,,,,55,teacher,,,,,,,Semiconductors,Technology,,
5212,12024,Ted Turner,,,,,,,,,,,,,,,,,,United States,person.public,USD-networth,"$2,400,000,000",,,12024.03,11956,,B.lion,,,,70,teacher,,,,,,,Cable television,Media & Entertainment,,
5213,12024,David Walentas,XY,,,,,,,,,,,,,,,,,United States,person.public,USD-networth,"$2,400,000,000",,,12024.03,11962,,B.lion,,,,64,teacher,,,,,,,Real estate,Real Estate,,
5214,12024,Urs Wietlisbach,,,,,,,,,,,,,,,,,,Switzerland,person.public,USD-networth,"$2,400,000,000",,,12024.03,11958,,B.lion,,,,68,teacher,,,,,,,Private equity,Finance & Investments,,
5215,12024,Jerry Yang,,,,,,,,,,,,,,,,,,United States,person.public,USD-networth,"$2,400,000,000",,,12024.03,11984,,B.lion,,,,42,householder,,,,,,,Yahoo,Technology,,
5216,12024,Yang Jianliang,,,,,,,,,,,,,,,,,,China,person.public,USD-networth,"$2,400,000,000",,,12024.03,11963,,B.lion,,,,63,teacher,,,,,,,Machinery,Manufacturing,,
5217,12024,Yang Weidong,,,,,,,,,,,,,,,,,,China,person.public,USD-networth,"$2,400,000,000",,,12024.03,11963,,B.lion,,,,63,teacher,,,,,,,Chemicals,Manufacturing,,
5218,12024,Mortimer Zuckerman,,,,,,,,,,,,,,,,,,United States,person.public,USD-networth,"$2,400,000,000",,,12024.03,11969,,B.lion,,,,57,teacher,,,,,,,"Real estate, media",Real Estate,,
5282,12024,John Armitage,XY,,,,,,,,,,,,,,,,,Ireland,person.public,USD-networth,"$2,300,000,000",,,12024.03,11979,,B.lion,,,,47,householder,,,,,,,Hedge funds,Finance & Investments,,
5283,12024,Lee Bass,,,,,,,,,,,,,,,,,,United States,person.public,USD-networth,"$2,300,000,000",,,12024.03,11975,,B.lion,,,,51,teacher,,,,,,,"Oil, investments",Energy,,
5284,12024,John Bicket,XY,,,,,,,,,,,,,,,,,United States,person.public,USD-networth,"$2,300,000,000",,,12024.03,11957,,B.lion,,,,69,teacher,,,,,,,Sensor systems,Technology,,
5285,12024,Sanjit Biswas,,,,,,,,,,,,,,,,,,United States,person.public,USD-networth,"$2,300,000,000",,,12024.03,11980,,B.lion,,,,46,householder,,,,,,,Sensor systems,Technology,,
5286,12024,Timothy Boyle,,,,,,,,,,,,,,,,,,United States,person.public,USD-networth,"$2,300,000,000",,,12024.03,11966,,B.lion,,,,60,teacher,,,,,,,Columbia Sportswear,Fashion & Retail,,
5287,12024,Morris Chang,,,,,,,,,,,,,,,,,,Taiwan,person.public,USD-networth,"$2,300,000,000",,,12024.03,11954,,B.lion,,,,72,teacher,,,,,,,Semiconductors,Technology,,
5288,12024,Chao Teng-hsiung,,,,,,,,,,,,,,,,,,Taiwan,person.public,USD-networth,"$2,300,000,000",,,12024.03,12004,,B.lion,,,,22,student,,,,,,,Real estate,Real Estate,,
5289,12024,Samuel Chen,,,,,,,,,,,,,,,,,,Taiwan,person.public,USD-networth,"$2,300,000,000",,,12024.03,11979,,B.lion,,,,47,householder,,,,,,,Investments,Finance & Investments,,
5290,12024,Chu Lam Yiu,,,,,,,,,,,,,,,,,,Hong Kong,person.public,USD-networth,"$2,300,000,000",,,12024.03,11953,,B.lion,,,,73,advisor,,,,,,,Flavorings,Manufacturing,,
5291,12024,K. Dinesh,,,,,,,,,,,,,,,,,,India,person.public,USD-networth,"$2,300,000,000",,,12024.03,11936,,B.lion,,,,90,advisor,,,,,,,Software services,Technology,,
5292,12024,James Duff,,,,,,,,,,,,,,,,,,United States,person.public,USD-networth,"$2,300,000,000",,,12024.03,11942,,B.lion,,,,84,advisor,,,,,,,"Tires, diversified",Diversified,,
5293,12024,Thomas Duff,,,,,,,,,,,,,,,,,,United States,person.public,USD-networth,"$2,300,000,000",,,12024.03,11959,,B.lion,,,,67,teacher,,,,,,,"Tires, diversified",Diversified,,
5294,12024,Daniel Ek,,,,,,,,,,,,,,,,,,Sweden,person.public,USD-networth,"$2,300,000,000",,,12024.03,11969,,B.lion,,,,57,teacher,,,,,,,Spotify,Technology,,
5295,12024,John Fisher,XY,,,,,,,,,,,,,,,,,United States,person.public,USD-networth,"$2,300,000,000",,,12024.03,11925,,B.lion,,,,101,phantasim,,,,,,,Gap,Fashion & Retail,,
5296,12024,Georg Haub,,,,,,,,,,,,,,,,,,Germany,person.public,USD-networth,"$2,300,000,000",,,12024.03,11949,,B.lion,,,,77,advisor,,,,,,,Retail,Fashion & Retail,,
5297,12024,Erman Ilicak,,,,,,,,,,,,,,,,,,Turkey,person.public,USD-networth,"$2,300,000,000",,,12024.03,11955,,B.lion,,,,71,teacher,,,,,,,Construction,Construction & Engineering,,
5298,12024,Justin Ishbia,,,,,,,,,,,,,,,,,,United States,person.public,USD-networth,"$2,300,000,000",,,12024.03,11955,,B.lion,,,,71,teacher,,,,,,,Private equity,Finance & Investments,,
5299,12024,Long Jiang,,,,,,,,,,,,,,,,,,China,person.public,USD-networth,"$2,300,000,000",,,12024.03,11947,,B.lion,,,,79,advisor,,,,,,,Manufacturing,Technology,,
5300,12024,Bruce Karsh,,,,,,,,,,,,,,,,,,United States,person.public,USD-networth,"$2,300,000,000",,,12024.03,11968,,B.lion,,,,58,teacher,,,,,,,Private equity,Finance & Investments,,
5301,12024,Bom Kim,,,,,,,,,,,,,,,,,,United States,person.public,USD-networth,"$2,300,000,000",,,12024.03,11952,,B.lion,,,,74,advisor,,,,,,,Online retailing,Technology,,
5302,12024,Lai Jianping,XY,,,,,,,China,,gained a minority stake in an empire,,,zh-CN_SimplifiedChinese,,,left the company before it went public,,China,person.public,USD-networth,"$2,300,000,000",,,12024.03,11949,12019,B.lion,,,,77,advisor,,,,,,,Soy sauce,Food & Beverage,"Lai's fortune comes from a minority stake in Foshan Haitian Flavouring and Food of China, which makes soy sauce and other condiments.
Lai left the company before it went public in China in 2014.",
5303,12024,Lam Kong,,,,,,,,,,,,,,,,,,China,person.public,USD-networth,"$2,300,000,000",,,12024.03,11946,,B.lion,,,,80,advisor,,,,,,,Pharmaceuticals,Healthcare,,
5304,12024,Stephen Lansdown,,,,,,,,,,,,,,,,,,Guernsey,person.public,USD-networth,"$2,300,000,000",,,12024.03,11977,,B.lion,,,,49,teacher,,,,,,,Financial services,Finance & Investments,,
5305,12024,Kevin David Lehmann,XY,,,,,,,,,,,,,,,,,Germany,person.public,USD-networth,"$2,300,000,000",,,12024.03,11935,,B.lion,,,,91,phantasim,,,,,,,Drugstores,Fashion & Retail,,
5306,12024,Li Haiyan,XX,,,,,Shi Yonghong,,China,,,,,zh-CN_SimplifiedChinese,,,,,China,person.public,USD-networth,"$2,300,000,000",,,12024.03,11955,12019,B.lion,,,,71,teacher,,,,,,,Restaurants,Food & Beverage,co-founder of hot-pot chain Haidilao International Holdings; she has been a company supervisor since 2009.,
5307,12024,Li Hua,,,,,,,,,,,,,,,,,,China,person.public,USD-networth,"$2,300,000,000",,,12024.03,11954,,B.lion,,,,72,teacher,,,,,,,Financial services,Finance & Investments,,
5308,12024,Lim Kok Thay,,,,,,,,,,,,,,,,,,Malaysia,person.public,USD-networth,"$2,300,000,000",,,12024.03,11962,,B.lion,,,,64,teacher,,,,,,,Casinos,Gambling & Casinos,,
5309,12024,Kishore Mariwala,,,,,,,,,,,,,,,,,,India,person.public,USD-networth,"$2,300,000,000",,,12024.03,11968,,B.lion,,,,58,teacher,,,,,,,Consumer goods,Food & Beverage,,
5310,12024,Clayton Mathile,,,,,,,,,,,,,,,,,,United States,person.public,USD-networth,"$2,300,000,000",,,12024.03,11947,,B.lion,,,,79,advisor,,,,,,,Pet food,Food & Beverage,,
5311,12024,Mi Enhua,,,,,,,,,,,,,,,,,,China,person.public,USD-networth,"$2,300,000,000",,,12024.03,11950,,B.lion,,,,76,advisor,,,,,,,Retail,Fashion & Retail,,
5312,12024,Vadim Moshkovich,,,,,,,,,,,,,,,,,,Russia,person.public,USD-networth,"$2,300,000,000",,,12024.03,11963,,B.lion,,,,63,teacher,,,,,,,"Agriculture, land",Food & Beverage,,
5313,12024,David Murdock,XY,,,,,,,,,,,,,,,,,United States,person.public,USD-networth,"$2,300,000,000",,,12024.03,11945,,B.lion,,,,81,advisor,,,,,,,"Dole, real estate",Food & Beverage,,
5314,12024,David Nahmad,XY,,,,,,,,,,,,,,,,,Monaco,person.public,USD-networth,"$2,300,000,000",,,12024.03,11968,,B.lion,,,,58,teacher,,,,,,,Art collection,Fashion & Retail,,
5315,12024,Lirio Parisotto,,,,,,,,,,,,,,,,,,Brazil,person.public,USD-networth,"$2,300,000,000",,,12024.03,11967,,B.lion,,,,59,teacher,,,,,,,Investments,Finance & Investments,,
5316,12024,Augusto Perfetti,XY,Ambrogio Perfetti,,,,,,,,inherited an empire,,,it-IT,,,,,"Lugano, Switzerland",person.public,USD-networth,"$2,300,000,000",,,12024.03,11959,,B.lion,,,,67,teacher,,,,,,,Candy,Food & Beverage,Their father and uncle were inspired to start the company after seeing American soldiers bring gum to Europe during World War II.,
5317,12024,Giorgio Perfetti,XY,Ambrogio Perfetti,,,,,,,,inherited an empire,,,it-IT,,,,,"Lugano, Switzerland",person.public,USD-networth,"$2,300,000,000",,,12024.03,11937,12014,B.lion,,,,89,advisor,,,,,,,Candy,Food & Beverage,Their father and uncle were inspired to start the company after seeing American soldiers bring gum to Europe during World War II.,
5318,12024,Alberto Prada,,,,,,,,,,,,,,,,,,Italy,person.public,USD-networth,"$2,300,000,000",,,12024.03,11938,,B.lion,,,,88,advisor,,,,,,,Luxury goods,Fashion & Retail,,
5319,12024,Marina Prada,,,,,,,,,,,,,,,,,,Italy,person.public,USD-networth,"$2,300,000,000",,,12024.03,11984,,B.lion,,,,42,householder,,,,,,,Luxury goods,Fashion & Retail,,
5320,12024,Filiz Sahenk,,,,,,,,,,,,,,,,,,Turkey,person.public,USD-networth,"$2,300,000,000",,,12024.03,11972,,B.lion,,,,54,teacher,,,,,,,Diversified,Diversified,,
5321,12024,Richard Sands,,,,,,,,,,,,,,,,,,United States,person.public,USD-networth,"$2,300,000,000",,,12024.03,11951,,B.lion,,,,75,advisor,,,,,,,Liquor,Food & Beverage,,
5322,12024,Stephan Schmidheiny,,,,,,,,,,,,,,,,,,Switzerland,person.public,USD-networth,"$2,300,000,000",,,12024.03,11967,,B.lion,,,,59,teacher,,,,,,,Investments,Finance & Investments,,
5323,12024,Alberto Siccardi,,,,,,,,,,,,,,,,,,Switzerland,person.public,USD-networth,"$2,300,000,000",,,12024.03,11961,,B.lion,,,,65,teacher,,,,,,,Medical devices,Healthcare,,
5324,12024,Stefan Soloviev,,,,,,,,,,,,,,,,,,United States,person.public,USD-networth,"$2,300,000,000",,,12024.03,11939,,B.lion,,,,87,advisor,,,,,,,"Real estate, grains",Real Estate,,
5325,12024,Tang Yiu,,,,,,,,,,,,,,,,,,Hong Kong,person.public,USD-networth,"$2,300,000,000",,,12024.03,11969,,B.lion,,,,57,teacher,,,,,,,Fashion retail,Fashion & Retail,,
5326,12024,Tian Ming,,,,,,,,,,,,,,,,,,China,person.public,USD-networth,"$2,300,000,000",,,12024.03,11953,,B.lion,,,,73,advisor,,,,,,,Measuring instruments,Technology,,
5327,12024,T.Y. Tsai,,,,,,,,,,,,,,,,,,Taiwan,person.public,USD-networth,"$2,300,000,000",,,12024.03,11952,,B.lion,,,,74,advisor,,,,,,,Finance,Finance & Investments,,
5328,12024,Jayshree Ullal,,,,,,,,,,,,,,,,,,United States,person.public,USD-networth,"$2,300,000,000",,,12024.03,11972,,B.lion,,,,54,teacher,,,,,,,Computer networking,Technology,,
5329,12024,Georg von Opel,,,,,,,,,,,,,,,,,,Switzerland,person.public,USD-networth,"$2,300,000,000",,,12024.03,11963,,B.lion,,,,63,teacher,,,,,,,"Real estate, investments",Finance & Investments,,
5330,12024,Lang Walker,,,,,,,,,,,,,,,,,,Australia,person.public,USD-networth,"$2,300,000,000",,,12024.03,11955,,B.lion,,,,71,teacher,,,,,,,Real estate,Real Estate,,
5331,12024,Wang Xicheng,,,,,,,,,,,,,,,,,,China,person.public,USD-networth,"$2,300,000,000",,,12024.03,11963,,B.lion,,,,63,teacher,,,,,,,Tires,Manufacturing,,
5332,12024,Wang Zhenhua,,,,,,,,,,,,,,,,,,China,person.public,USD-networth,"$2,300,000,000",,,12024.03,11960,,B.lion,,,,66,teacher,,,,,,,Real estate,Real Estate,,
5333,12024,Paul-Heinz Wesjohann,,,,,,,,,,,,,,,,,,Germany,person.public,USD-networth,"$2,300,000,000",,,12024.03,11957,,B.lion,,,,69,teacher,,,,,,,Chicken processing,Food & Beverage,,
5334,12024,Xie Bingkun,,,,,,,,,,,,,,,,,,China,person.public,USD-networth,"$2,300,000,000",,,12024.03,11946,,B.lion,,,,80,advisor,,,,,,,Pearlescent pigments,Fashion & Retail,,
5335,12024,Xu Shugen,,,,,,,,,,,,,,,,,,China,person.public,USD-networth,"$2,300,000,000",,,12024.03,11941,,B.lion,,,,85,advisor,,,,,,,"Construction, mining machinery",Manufacturing,,
5336,12024,Christoph Zeller,,,,,,,,,,,,,,,,,,Liechtenstein,person.public,USD-networth,"$2,300,000,000",,,12024.03,11948,,B.lion,,,,78,advisor,,,,,,,Dental materials,Healthcare,,
5337,12024,Zhang Jingzhang,,,,,,,,,,,,,,,,,,China,person.public,USD-networth,"$2,300,000,000",,,12024.03,11960,,B.lion,,,,66,teacher,,,,,,,Precision machinery,Manufacturing,,
5396,12024,George Argyros,,,,,,,,,,,,,,,,,,United States,person.public,USD-networth,"$2,200,000,000",,,12024.03,11944,,B.lion,,,,82,advisor,,,,,,,"Real estate, investments",Real Estate,,
5397,12024,Brian Armstrong,,,,,,,,,,,,,,,,,,United States,person.public,USD-networth,"$2,200,000,000",,,12024.03,11951,,B.lion,,,,75,advisor,,,,,,,Cryptocurrency,Finance & Investments,,
5398,12024,Albert Avdolyan,,,,,,,,,,,,,,,,,,Russia,person.public,USD-networth,"$2,200,000,000",,,12024.03,11949,,B.lion,,,,77,advisor,,,,,,,"Oil, mining",Energy,,
5399,12024,Sezai Bacaksiz,,,,,,,,,,,,,,,,,,Turkey,person.public,USD-networth,"$2,200,000,000",,,12024.03,11976,,B.lion,,,,50,teacher,,,,,,,Diversified,Diversified,,
5400,12024,Aneel Bhusri,,,,,,,,,,,,,,,,,,United States,person.public,USD-networth,"$2,200,000,000",,,12024.03,11962,,B.lion,,,,64,teacher,,,,,,,Business software,Technology,,
5401,12024,Brett Blundy,,,,,,,,,,,,,,,,,,Australia,person.public,USD-networth,"$2,200,000,000",,,12024.03,11946,,B.lion,,,,80,advisor,,,,,,,"Retail, agribusiness",Fashion & Retail,,
5402,12024,J. Hyatt Brown,,,,,,,,,,,,,,,,,,United States,person.public,USD-networth,"$2,200,000,000",,,12024.03,11970,,B.lion,,,,56,teacher,,,,,,,Insurance,Finance & Investments,,
5403,12024,Chen Jinxia,,,,,,,,,,,,,,,,,,China,person.public,USD-networth,"$2,200,000,000",,,12024.03,11956,,B.lion,,,,70,teacher,,,,,,,Investments,Finance & Investments,,
5404,12024,Chen Xueli,,,,,,,,,,,,,,,,,,China,person.public,USD-networth,"$2,200,000,000",,,12024.03,11981,,B.lion,,,,45,householder,,,,,,,Pharmaceuticals,Healthcare,,
5405,12024,Dermot Desmond,,,,,,,,,,,,,,,,,,Ireland,person.public,USD-networth,"$2,200,000,000",,,12024.03,11964,,B.lion,,,,62,teacher,,,,,,,Finance,Finance & Investments,,
5406,12024,Dong Wei,,,,,,,,,,,,,,,,,,China,person.public,USD-networth,"$2,200,000,000",,,12024.03,11948,,B.lion,,,,78,advisor,,,,,,,Pharmaceuticals,Healthcare,,
5407,12024,Tom Ford,,,,,,,,,,,,,,,,,,United States,person.public,USD-networth,"$2,200,000,000",,,12024.03,11925,,B.lion,,,,101,phantasim,,,,,,,Fashion,Fashion & Retail,,
5408,12024,Fu Guangming,,,,,,,,,,,,,,,,,,China,person.public,USD-networth,"$2,200,000,000",,,12024.03,11980,,B.lion,,,,46,householder,,,,,,,Poultry,Food & Beverage,,
5409,12024,Noam Gottesman,,,,,,,,,,,,,,,,,,United States,person.public,USD-networth,"$2,200,000,000",,,12024.03,11972,,B.lion,,,,54,teacher,,,,,,,Hedge funds,Finance & Investments,,
5410,12024,Jeffrey Gundlach,,,,,,,,,,,,,,,,,,United States,person.public,USD-networth,"$2,200,000,000",,,12024.03,11953,,B.lion,,,,73,advisor,,,,,,,Investments,Finance & Investments,,
5411,12024,Hao Hong,,,,,,,,,,,,,,,,,,United States,person.public,USD-networth,"$2,200,000,000",,,12024.03,11964,,B.lion,,,,62,teacher,,,,,,,Pharmaceuticals,Healthcare,,
5412,12024,Shmuel Harlap,,,,,,,,,,,,,,,,,,Israel,person.public,USD-networth,"$2,200,000,000",,,12024.03,11972,,B.lion,,,,54,teacher,,,,,,,Automotive,Automotive,,
5413,12024,Hans-Werner Hector,,,,,,,,,,,,,,,,,,Germany,person.public,USD-networth,"$2,200,000,000",,,12024.03,11951,,B.lion,,,,75,advisor,,,,,,,SAP,Technology,,
5414,12024,Lutz Mario Helmig,,,,,,,,,,,,,,,,,,Germany,person.public,USD-networth,"$2,200,000,000",,,12024.03,11933,,B.lion,,,,93,phantasim,,,,,,,Hospitals,Healthcare,,
5415,12024,Huang Chulong,,,,,,,,,,,,,,,,,,Canada,person.public,USD-networth,"$2,200,000,000",,,12024.03,11937,,B.lion,,,,89,advisor,,,,,,,Real estate,Real Estate,,
5416,12024,Thomas James,,,,,,,,,,,,,,,,,,United States,person.public,USD-networth,"$2,200,000,000",,,12024.03,11972,,B.lion,,,,54,teacher,,,,,,,Finance,Finance & Investments,,
5417,12024,James Jannard,,,,,,,,,,,,,,,,,,United States,person.public,USD-networth,"$2,200,000,000",,,12024.03,11940,,B.lion,,,,86,advisor,,,,,,,Sunglasses,Fashion & Retail,,
5418,12024,Willis Johnson,XY,,,,,,,,,,,,,,,,,United States,person.public,USD-networth,"$2,200,000,000",,,12024.03,11928,,B.lion,,,,98,phantasim,,,,,,,Damaged cars,Automotive,,
5419,12024,Lai Shixian,,,,,,,,,,,,,,,,,,China,person.public,USD-networth,"$2,200,000,000",,,12024.03,11981,,B.lion,,,,45,householder,,,,,,,Sports apparel,Fashion & Retail,,
5420,12024,Chris Larsen,,,,,,,,,,,,,,,,,,United States,person.public,USD-networth,"$2,200,000,000",,,12024.03,11958,,B.lion,,,,68,teacher,,,,,,,Cryptocurrency,Finance & Investments,,
5421,12024,Solomon Lew,,,,,,,,,,,,,,,,,,Australia,person.public,USD-networth,"$2,200,000,000",,,12024.03,11969,,B.lion,,,,57,teacher,,,,,,,Retail,Fashion & Retail,,
5422,12024,Liang Xinjun,,,,,,,,,,,,,,,,,,Singapore,person.public,USD-networth,"$2,200,000,000",,,12024.03,11957,,B.lion,,,,69,teacher,,,,,,,Conglomerate,Diversified,,
5423,12024,Harald Link,,,,,,,,,,,,,,,,,,Thailand,person.public,USD-networth,"$2,200,000,000",,,12024.03,11959,,B.lion,,,,67,teacher,,,,,,,Diversified,Diversified,,
5424,12024,Max Lytvyn,,,,,,,,,,,,,,,,,,Canada,person.public,USD-networth,"$2,200,000,000",,,12024.03,11961,,B.lion,,,,65,teacher,,,,,,,Software,Technology,,
5425,12024,Igor Makarov,,,,,,,,,,,,,,,,,,Cyprus,person.public,USD-networth,"$2,200,000,000",,,12024.03,11952,,B.lion,,,,74,advisor,,,,,,,Investments,Energy,,
5426,12024,Howard Marks,XY,,,,,,,,,,,,,,,,,United States,person.public,USD-networth,"$2,200,000,000",,,12024.03,11947,,B.lion,,,,79,advisor,,,,,,,Private equity,Finance & Investments,,
5427,12024,Charles Munger,XY,,,,,,,,,,,,,,,,,United States,person.public,USD-networth,"$2,200,000,000",,,12024.03,11957,,B.lion,,,,69,teacher,,,,,,,Berkshire Hathaway,Finance & Investments,,
5428,12024,Adam Neumann,,,,,,,,,,,,,,,,,,Israel,person.public,USD-networth,"$2,200,000,000",,,12024.03,11969,,B.lion,,,,57,teacher,,,,,,,WeWork,Real Estate,,
5429,12024,Thi Phuong Thao Nguyen,,,,,,,,,,,,,,,,,,Vietnam,person.public,USD-networth,"$2,200,000,000",,,12024.03,11951,,B.lion,,,,75,advisor,,,,,,,Airlines,Diversified,,
5430,12024,Ni Yongpei,,,,,,,,,,,,,,,,,,China,person.public,USD-networth,"$2,200,000,000",,,12024.03,11978,,B.lion,,,,48,householder,,,,,,,Beverages,Food & Beverage,,
5431,12024,Heloise Pratt,,,,,,,,,,,,,,,,,,Australia,person.public,USD-networth,"$2,200,000,000",,,12024.03,11974,,B.lion,,,,52,teacher,,,,,,,"Manufacturing, investment",Manufacturing,,
5432,12024,Qi Xiangdong,,,,,,,,,,,,,,,,,,China,person.public,USD-networth,"$2,200,000,000",,,12024.03,11958,,B.lion,,,,68,teacher,,,,,,,Software,Technology,,
5433,12024,Phillip T. (Terry) Ragon,,,,,,,,,,,,,,,,,,United States,person.public,USD-networth,"$2,200,000,000",,,12024.03,11946,,B.lion,,,,80,advisor,,,,,,,Health IT,Technology,,
5434,12024,Prathap Reddy,,,,,,,,,,,,,,,,,,India,person.public,USD-networth,"$2,200,000,000",,,12024.03,11959,,B.lion,,,,67,teacher,,,,,,,Healthcare,Healthcare,,
5435,12024,Jerry Reinsdorf,,,,,,,,,,,,,,,,,,United States,person.public,USD-networth,"$2,200,000,000",,,12024.03,11969,,B.lion,,,,57,teacher,,,,,,,Sports teams,Sports,,
5436,12024,Chad Richison,,,,,,,,,,,,,,,,,,United States,person.public,USD-networth,"$2,200,000,000",,,12024.03,11969,,B.lion,,,,57,teacher,,,,,,,Payroll processing,Technology,,
5437,12024,"Karl Scheufele, III.",,,,,,,,,,,,,,,,,,Switzerland,person.public,USD-networth,"$2,200,000,000",,,12024.03,11965,,B.lion,,,,61,teacher,,,,,,,Jewelry,Fashion & Retail,,
5438,12024,Alice Schwartz,,,,,,,,,,,,,,,,,,United States,person.public,USD-networth,"$2,200,000,000",,,12024.03,11967,,B.lion,,,,59,teacher,,,,,,,Biotech,Healthcare,,
5439,12024,Alex Shevchenko,,,,,,,,,,,,,,,,,,Canada,person.public,USD-networth,"$2,200,000,000",,,12024.03,11966,,B.lion,,,,60,teacher,,,,,,,Software,Technology,,
5440,12024,Kavitark Ram Shriram,,,,,,,,,,,,,,,,,,United States,person.public,USD-networth,"$2,200,000,000",,,12024.03,11970,,B.lion,,,,56,teacher,,,,,,,"Venture capital, Google",Technology,,
5441,12024,Jeffrey Soffer,,,,,,,,,,,,,,,,,,United States,person.public,USD-networth,"$2,200,000,000",,,12024.03,11967,,B.lion,,,,59,teacher,,,,,,,Real estate,Real Estate,,
5442,12024,William Stone,,,,,,,,,,,,,,,,,,United States,person.public,USD-networth,"$2,200,000,000",,,12024.03,11969,,B.lion,,,,57,teacher,,,,,,,Software,Technology,,
5443,12024,Henry Swieca,,,,,,,,,,,,,,,,,,United States,person.public,USD-networth,"$2,200,000,000",,,12024.03,11972,,B.lion,,,,54,teacher,,,,,,,Hedge funds,Finance & Investments,,
5444,12024,Harley Sy,,,,,,,,,,,,,,,,,,Philippines,person.public,USD-networth,"$2,200,000,000",,,12024.03,11952,,B.lion,,,,74,advisor,,,,,,,Diversified,Diversified,,
5445,12024,Teresita Sy-Coson,,,,,,,,,,,,,,,,,,Philippines,person.public,USD-networth,"$2,200,000,000",,,12024.03,11933,,B.lion,,,,93,phantasim,,,,,,,Diversified,Diversified,,
5446,12024,Katsumi Tada,,,,,,,,,,,,,,,,,,Japan,person.public,USD-networth,"$2,200,000,000",,,12024.03,11954,,B.lion,,,,72,teacher,,,,,,,Real estate,Real Estate,,
5447,12024,Tang Jinkui,,,,,,,,,,,,,,,,,,China,person.public,USD-networth,"$2,200,000,000",,,12024.03,11953,,B.lion,,,,73,advisor,,,,,,,"Textiles, petrochemicals",Manufacturing,,
5448,12024,Tang Xiao'ou,,,,,,,,,,,,,,,,,,Hong Kong,person.public,USD-networth,"$2,200,000,000",,,12024.03,11938,,B.lion,,,,88,advisor,,,,,,,Software,Technology,,
5449,12024,Lottie Tham,,,,,,,,,,,,,,,,,,Sweden,person.public,USD-networth,"$2,200,000,000",,,12024.03,11972,,B.lion,,,,54,teacher,,,,,,,H&M,Fashion & Retail,,
5450,12024,Shamsheer Vayalil,,,,,,,,,,,,,,,,,,India,person.public,USD-networth,"$2,200,000,000",,,12024.03,11962,,B.lion,,,,64,teacher,,,,,,,Healthcare,Healthcare,,
5451,12024,Radha Vembu,,,,,,,,,,,,,,,,,,India,person.public,USD-networth,"$2,200,000,000",,,12024.03,11942,,B.lion,,,,84,advisor,,,,,,,Business software,Technology,,
5452,12024,Wang Wenmo,,,,,,,,,,,,,,,,,,China,person.public,USD-networth,"$2,200,000,000",,,12024.03,11960,,B.lion,,,,66,teacher,,,,,,,Sports apparel,Fashion & Retail,,
5453,12024,Wang Zhenghua,,,,,,,,,,,,,,,,,,China,person.public,USD-networth,"$2,200,000,000",,,12024.03,11965,,B.lion,,,,61,teacher,,,,,,,Budget airline,Service,,
5454,12024,David Wertheim,XY,,,,,,,,,,,,,,,,,Israel,person.public,USD-networth,"$2,200,000,000",,,12024.03,11974,,B.lion,,,,52,teacher,,,,,,,Coca-Cola Israel,Food & Beverage,,
5455,12024,Wu Kai,,,,,,,,,,,,,,,,,,China,person.public,USD-networth,"$2,200,000,000",,,12024.03,11971,,B.lion,,,,55,teacher,,,,,,,Batteries,Energy,,
5456,12024,Xu Yingzhuo,,,,,,,,,,,,,,,,,,China,person.public,USD-networth,"$2,200,000,000",,,12024.03,11946,,B.lion,,,,80,advisor,,,,,,,Agribusiness,Food & Beverage,,
5457,12024,Yeung Kin-man,,,,,,,,,,,,,,,,,,Hong Kong,person.public,USD-networth,"$2,200,000,000",,,12024.03,11959,,B.lion,,,,67,teacher,,,,,,,Electronics,Manufacturing,,
5458,12024,Huijiao Yu,,,,,,,,,,,,,,,,,,China,person.public,USD-networth,"$2,200,000,000",,,12024.03,11964,,B.lion,,,,62,teacher,,,,,,,Package delivery,Logistics,,
5459,12024,Oren Zeev,,,,,,,,,,,,,,,,,,Israel,person.public,USD-networth,"$2,200,000,000",,,12024.03,11965,,B.lion,,,,61,teacher,,,,,,,Investments,Finance & Investments,,
5460,12024,Clayton Zekelman,,,,,,,,,,,,,,,,,,Canada,person.public,USD-networth,"$2,200,000,000",,,12024.03,11935,,B.lion,,,,91,phantasim,,,,,,,Steel,Manufacturing,,
5461,12024,Zhao Fenggang,,,,,,,,,,,,,,,,,,China,person.public,USD-networth,"$2,200,000,000",,,12024.03,11960,,B.lion,,,,66,teacher,,,,,,,Batteries,Energy,,
5534,12024,Alex Beard,,,,,,,,,,,,,,,,,,United Kingdom,person.public,USD-networth,"$2,100,000,000",,,12024.03,11946,,B.lion,,,,80,advisor,,,,,,,"Mining, commodities",Metals & Mining,,
5535,12024,Travis Boersma,,,,,,,,,,,,,,,,,,United States,person.public,USD-networth,"$2,100,000,000",,,12024.03,11959,,B.lion,,,,67,teacher,,,,,,,Coffee,Food & Beverage,,
5536,12024,Martin Bouygues,XY,Frances Bouygues,,,,,,France,,inherited an empire,,,fr-FR,,,,,France,person.public,USD-networth,"$2,100,000,000",,,12024.03,11962,12014,B.lion,,,,64,teacher,,,,,,,"Construction, media",Construction & Engineering,Brothers Martin and Olivier Bouygues own just over 20% of their eponymous industrial conglomerate Bouygues Group,
5537,12024,Olivier Bouygues,,,,,,,,,,,,,,,,,,France,person.public,USD-networth,"$2,100,000,000",,,12024.03,11957,,B.lion,,,,69,teacher,,,,,,,"Construction, media",Construction & Engineering,,
5538,12024,William Boyd,,,,,,,,,,,,,,,,,,United States,person.public,USD-networth,"$2,100,000,000",,,12024.03,11958,,B.lion,,,,68,teacher,,,,,,,"Casinos, banking",Gambling & Casinos,,
5539,12024,Anand Burman,,,,,,,,,,,,,,,,,,India,person.public,USD-networth,"$2,100,000,000",,,12024.03,11968,,B.lion,,,,58,teacher,,,,,,,Consumer goods,Food & Beverage,,
5540,12024,Cao Ji,,,,,,,,,,,,,,,,,,China,person.public,USD-networth,"$2,100,000,000",,,12024.03,11952,,B.lion,,,,74,advisor,,,,,,,Manufacturing,Manufacturing,,
5541,12024,Bruce Cheng,,,,,,,,,,,,,,,,,,Taiwan,person.public,USD-networth,"$2,100,000,000",,,12024.03,11944,,B.lion,,,,82,advisor,,,,,,,Electronics,Technology,,
5542,12024,Chi Yufeng,,,,,,,,,,,,,,,,,,China,person.public,USD-networth,"$2,100,000,000",,,12024.03,11975,,B.lion,,,,51,teacher,,,,,,,Software,Technology,,
5543,12024,Daniel Chiu,,,,,,,,,,,,,,,,,,Hong Kong,person.public,USD-networth,"$2,100,000,000",,,12024.03,11984,,B.lion,,,,42,householder,,,,,,,Oil & gas,Energy,,
5544,12024,Beda Diethelm,,,,,,,,,,,,,,,,,,Switzerland,person.public,USD-networth,"$2,100,000,000",,,12024.03,11967,,B.lion,,,,59,teacher,,,,,,,Hearing aids,Healthcare,,
5545,12024,Domenico Dolce,,,,,,,,,,,,,,,,,,Italy,person.public,USD-networth,"$2,100,000,000",,,12024.03,11976,,B.lion,,,,50,teacher,,,,,,,Luxury goods,Fashion & Retail,,
5546,12024,Ralph Dommermuth,,,,,,,,,,,,,,,,,,Germany,person.public,USD-networth,"$2,100,000,000",,,12024.03,11977,,B.lion,,,,49,teacher,,,,,,,Internet service provider,Technology,,
5547,12024,Georgi Domuschiev,,,,,,,,,,,,,,,,,,Bulgaria,person.public,USD-networth,"$2,100,000,000",,,12024.03,11953,,B.lion,,,,73,advisor,,,,,,,"Animal health, investments",Diversified,,
5548,12024,Kiril Domuschiev,,,,,,,,,,,,,,,,,,Bulgaria,person.public,USD-networth,"$2,100,000,000",,,12024.03,11962,,B.lion,,,,64,teacher,,,,,,,"Animal health, investments",Diversified,,
5549,12024,Bob Ell,,,,,,,,,,,,,,,,,,Australia,person.public,USD-networth,"$2,100,000,000",,,12024.03,11942,,B.lion,,,,84,advisor,,,,,,,Real estate,Real Estate,,
5550,12024,Paul Foster,,,,,,,,,,,,,,,,,,United States,person.public,USD-networth,"$2,100,000,000",,,12024.03,11957,,B.lion,,,,69,teacher,,,,,,,Oil refining,Energy,,
5551,12024,Stefano Gabbana,,,,,,,,,,,,,,,,,,Italy,person.public,USD-networth,"$2,100,000,000",,,12024.03,11942,,B.lion,,,,84,advisor,,,,,,,Luxury goods,Fashion & Retail,,
5552,12024,Gao Xingjiang,,,,,,,,,,,,,,,,,,China,person.public,USD-networth,"$2,100,000,000",,,12024.03,11964,,B.lion,,,,62,teacher,,,,,,,Steel,Manufacturing,,
5553,12024,Gordon Getty,,,,,,,,,,,,,,,,,,United States,person.public,USD-networth,"$2,100,000,000",,,12024.03,11975,,B.lion,,,,51,teacher,,,,,,,Getty Oil,Energy,,
5554,12024,Kamal Ghaffarian,,,,,,,,,,,,,,,,,,United States,person.public,USD-networth,"$2,100,000,000",,,12024.03,11970,,B.lion,,,,56,teacher,,,,,,,"Space, energy",Energy,,
5555,12024,Dennis Gillings,,,,,,,,,,,,,,,,,,United Kingdom,person.public,USD-networth,"$2,100,000,000",,,12024.03,11957,,B.lion,,,,69,teacher,,,,,,,Clinical trials,Healthcare,,
5556,12024,Harsh Goenka,,,,,,,,,,,,,,,,,,India,person.public,USD-networth,"$2,100,000,000",,,12024.03,11952,,B.lion,,,,74,advisor,,,,,,,Diversified,Diversified,,
5557,12024,Sanjiv Goenka,,,,,,,,,,,,,,,,,,India,person.public,USD-networth,"$2,100,000,000",,,12024.03,11983,,B.lion,,,,43,householder,,,,,,,Diversified,Diversified,,
5558,12024,Jane Goldman,,,,,,,,,,,,,,,,,,United States,person.public,USD-networth,"$2,100,000,000",,,12024.03,11954,,B.lion,,,,72,teacher,,,,,,,Real estate,Real Estate,,
5559,12024,Stein Erik Hagen,,,,,,,,,,,,,,,,,,Norway,person.public,USD-networth,"$2,100,000,000",,,12024.03,11959,,B.lion,,,,67,teacher,,,,,,,Consumer goods,Fashion & Retail,,
5560,12024,Bahaa Hariri,,,,,,,,,,,,,,,,,,Lebanon,person.public,USD-networth,"$2,100,000,000",,,12024.03,11981,,B.lion,,,,45,householder,,,,,,,"Real estate, investments",Real Estate,,
5561,12024,Hortensia Herrero,,,,,,,,,,,,,,,,,,Spain,person.public,USD-networth,"$2,100,000,000",,,12024.03,11944,,B.lion,,,,82,advisor,,,,,,,Supermarkets,Fashion & Retail,,
5562,12024,Douglas Hsu,,,,,,,,,,,,,,,,,,Taiwan,person.public,USD-networth,"$2,100,000,000",,,12024.03,11964,,B.lion,,,,62,teacher,,,,,,,Diversified,Diversified,,
5563,12024,Huang Min,,,,,,,,,,,,,,,,,,China,person.public,USD-networth,"$2,100,000,000",,,12024.03,11958,,B.lion,,,,68,teacher,,,,,,,Machinery,Manufacturing,,
5564,12024,Jared Isaacman,,,,,,,,,,,,,,,,,,United States,person.public,USD-networth,"$2,100,000,000",,,12024.03,11948,,B.lion,,,,78,advisor,,,,,,,Payment processing,Technology,,
5565,12024,Eugene Kaspersky,,,,,,,,,,,,,,,,,,Russia,person.public,USD-networth,"$2,100,000,000",,,12024.03,11962,,B.lion,,,,64,teacher,,,,,,,Software,Technology,,
5566,12024,Artem Khachatryan,,,,,,,,,,,,,,,,,,Russia,person.public,USD-networth,"$2,100,000,000",,,12024.03,11984,,B.lion,,,,42,householder,,,,,,,Retail,Fashion & Retail,,
5567,12024,Andrei Krivenko,,,,,,,,,,,,,,,,,,Russia,person.public,USD-networth,"$2,100,000,000",,,12024.03,11983,,B.lion,,,,43,householder,,,,,,,Retail,Food & Beverage,,
5568,12024,Thomas Kwok,,,,,,,,,,,,,,,,,,Hong Kong,person.public,USD-networth,"$2,100,000,000",,,12024.03,11959,,B.lion,,,,67,teacher,,,,,,,Real estate,Real Estate,,
5569,12024,Lam Wai-ying,XX,,,林惠英 (Lín Huìyīng),,楊建文 (Yeung Kin-man),,Hong Kong,,co-founded a company,,,zh-CN_SimplifiedChinese,,,,,Hong Kong,person.public,USD-networth,"$2,100,000,000",,,12024.03,11983,12016,B.lion,,,,43,householder,,,,,,,Smartphone screens,Manufacturing,"Lam and her husband Yeung Kin-man own Hong Kong's Biel Crystal, which makes screens for smartphones.",
5570,12024,Marc Lasry,,,,,,,,,,,,,,,,,,United States,person.public,USD-networth,"$2,100,000,000",,,12024.03,11975,,B.lion,,,,51,teacher,,,,,,,Hedge funds,Finance & Investments,,
5571,12024,Christian Latouche,,,,,,,,,,,,,,,,,,France,person.public,USD-networth,"$2,100,000,000",,,12024.03,11951,,B.lion,,,,75,advisor,,,,,,,Accounting services,Finance & Investments,,
5572,12024,Theodore Leonsis,,,,,,,,,,,,,,,,,,United States,person.public,USD-networth,"$2,100,000,000",,,12024.03,11971,,B.lion,,,,55,teacher,,,,,,,Sports teams,Sports,,
5573,12024,Lin Chang Su-O,,,,,,,,,,,,,,,,,,Taiwan,person.public,USD-networth,"$2,100,000,000",,,12024.03,11949,,B.lion,,,,77,advisor,,,,,,,Real estate,Real Estate,,
5574,12024,Liu Chengyu,,,,,,,,,,,,,,,,,,China,person.public,USD-networth,"$2,100,000,000",,,12024.03,11954,,B.lion,,,,72,teacher,,,,,,,Power supply equipment,Manufacturing,,
5575,12024,Sergey Lomakin,,,,,,,,,,,,,,,,,,Russia,person.public,USD-networth,"$2,100,000,000",,,12024.03,11956,,B.lion,,,,70,teacher,,,,,,,Retail,Fashion & Retail,,
5576,12024,Daniel Lubetzky,,,,,,,,,,,,,,,,,,United States,person.public,USD-networth,"$2,100,000,000",,,12024.03,11951,,B.lion,,,,75,advisor,,,,,,,Snack bars,Food & Beverage,,
5577,12024,Melissa Ma,XX,,,,,Robin Li,,,,co-founded a company,,"University of Science and Technology of China (BA, BS)
Rutgers University (PhD)",,,,,,China,person.public,USD-networth,"$2,100,000,000",,,12024.03,11969,12018,B.lion,,,,57,teacher,,,,,,,Internet search,Technology,"wife of Robin Li, the CEO and chairman of Chinese search giant Baidu.",
5578,12024,Anand Mahindra,,,,,,,,,,,,,,,,,,India,person.public,USD-networth,"$2,100,000,000",,,12024.03,11968,,B.lion,,,,58,teacher,,,,,,,Diversified,Diversified,,
5579,12024,Rafique Malik,,,,,,,,,,,,,,,,,,India,person.public,USD-networth,"$2,100,000,000",,,12024.03,11950,,B.lion,,,,76,advisor,,,,,,,Footwear,Fashion & Retail,,
5580,12024,Katarina Martinson,,,,,,,,,,,,,,,,,,Sweden,person.public,USD-networth,"$2,100,000,000",,,12024.03,11974,,B.lion,,,,52,teacher,,,,,,,Investments,Diversified,,
5581,12024,Kiran Mazumdar-Shaw,,,,,,,,,,,,,,,,,,India,person.public,USD-networth,"$2,100,000,000",,,12024.03,11970,,B.lion,,,,56,teacher,,,,,,,Biopharmaceuticals,Healthcare,,
5582,12024,Nirmal Minda,,,,,,,,,,,,,,,,,,India,person.public,USD-networth,"$2,100,000,000",,,12024.03,11955,,B.lion,,,,71,teacher,,,,,,,Auto parts,Automotive,,
5583,12024,Mu Rongjun,,,,,,,,,,,,,,,,,,China,person.public,USD-networth,"$2,100,000,000",,,12024.03,11958,,B.lion,,,,68,teacher,,,,,,,E-commerce,Technology,,
5584,12024,Eugene Murtagh,,,,,,,,,,,,,,,,,,Ireland,person.public,USD-networth,"$2,100,000,000",,,12024.03,11960,,B.lion,,,,66,teacher,,,,,,,Building materials,Manufacturing,,
5585,12024,Alexander Nesis,,,,,,,,,,,,,,,,,,Russia,person.public,USD-networth,"$2,100,000,000",,,12024.03,11956,,B.lion,,,,70,teacher,,,,,,,"Metals, banking, fertilizers",Finance & Investments,,
5586,12024,Ni Zugen,,,,,,,,,,,,,,,,,,China,person.public,USD-networth,"$2,100,000,000",,,12024.03,11944,,B.lion,,,,82,advisor,,,,,,,Appliances,Manufacturing,,
5587,12024,Florentino Perez,,,,,,,,,,,,,,,,,,Spain,person.public,USD-networth,"$2,100,000,000",,,12024.03,11971,,B.lion,,,,55,teacher,,,,,,,Construction,Construction & Engineering,,
5588,12024,Victor Pinchuk,,,,,,,,,,,,,,,,,,Ukraine,person.public,USD-networth,"$2,100,000,000",,,12024.03,11951,,B.lion,,,,75,advisor,,,,,,,"Steel pipes, diversified",Metals & Mining,,
5589,12024,Leonid Radvinsky,,,,,,,,,,,,,,,,,,United States,person.public,USD-networth,"$2,100,000,000",,,12024.03,11967,,B.lion,,,,59,teacher,,,,,,,E-commerce,Technology,,
5590,12024,Raveendran Byju,,,,,,,,,,,,,,,,,,India,person.public,USD-networth,"$2,100,000,000",,,12024.03,11952,,B.lion,,,,74,advisor,,,,,,,Education technology,Technology,,
5591,12024,P.P. Reddy,,,,,,,,,,,,,,,,,,India,person.public,USD-networth,"$2,100,000,000",,,12024.03,11975,,B.lion,,,,51,teacher,,,,,,,Infrastructure,Construction & Engineering,,
5592,12024,Richard Saghian,,,,,,,,,,,,,,,,,,United States,person.public,USD-networth,"$2,100,000,000",,,12024.03,11967,,B.lion,,,,59,teacher,,,,,,,Fast fashion,Fashion & Retail,,
5593,12024,Shi Yifeng,,,,,,,,,,,,,,,,,,China,person.public,USD-networth,"$2,100,000,000",,,12024.03,11944,,B.lion,,,,82,advisor,,,,,,,Medical cosmetics,Healthcare,,
5594,12024,Thaksin Shinawatra,,,,,,,,,,,,,,,,,,Thailand,person.public,USD-networth,"$2,100,000,000",,,12024.03,11930,,B.lion,,,,96,phantasim,,,,,,,Investments,Finance & Investments,,
5595,12024,Shu Ping,,,,,,,,,,,,,,,,,,Singapore,person.public,USD-networth,"$2,100,000,000",,,12024.03,11975,,B.lion,,,,51,teacher,,,,,,,Restaurants,Food & Beverage,,
5596,12024,Timothy Springer,,,,,,,,,,,,,,,,,,United States,person.public,USD-networth,"$2,100,000,000",,,12024.03,11947,,B.lion,,,,79,advisor,,,,,,,Biotech,Healthcare,,
5597,12024,Venu Srinivasan,,,,,,,,,,,,,,,,,,India,person.public,USD-networth,"$2,100,000,000",,,12024.03,11962,,B.lion,,,,64,teacher,,,,,,,Two-wheelers,Automotive,,
5598,12024,Edward Stack,,,,,,,,,,,,,,,,,,United States,person.public,USD-networth,"$2,100,000,000",,,12024.03,11958,,B.lion,,,,68,teacher,,,,,,,Dick's Sporting Goods,Fashion & Retail,,
5599,12024,Sun Mengquan,,,,,,,,,,,,,,,,,,China,person.public,USD-networth,"$2,100,000,000",,,12024.03,11980,,B.lion,,,,46,householder,,,,,,,Edible oil,Food & Beverage,,
5600,12024,Alexander Svetakov,,,,,,,,,,,,,,,,,,Russia,person.public,USD-networth,"$2,100,000,000",,,12024.03,11972,,B.lion,,,,54,teacher,,,,,,,Real estate,Finance & Investments,,
5601,12024,Torsten Toeller,,,,,,,,,,,,,,,,,,Germany,person.public,USD-networth,"$2,100,000,000",,,12024.03,11953,,B.lion,,,,73,advisor,,,,,,,Pet food,Fashion & Retail,,
5602,12024,Barbara Tyson,,,,,,,,,,,,,,,,,,United States,person.public,USD-networth,"$2,100,000,000",,,12024.03,11955,,B.lion,,,,71,teacher,,,,,,,Food processing,Food & Beverage,,
5603,12024,Hamdi Ulukaya,,,,,,,,,,,,,,,,,,Turkey,person.public,USD-networth,"$2,100,000,000",,,12024.03,11936,,B.lion,,,,90,advisor,,,,,,,Greek yogurt,Food & Beverage,,
5604,12024,Wang Linpeng,,,,,,,,,,,,,,,,,,China,person.public,USD-networth,"$2,100,000,000",,,12024.03,11939,,B.lion,,,,87,advisor,,,,,,,Furniture retailing,Construction & Engineering,,
5605,12024,Wei Ing-Chou,,,,,,,,,,,,,,,,,,Taiwan,person.public,USD-networth,"$2,100,000,000",,,12024.03,11973,,B.lion,,,,53,teacher,,,,,,,"Food, beverages",Food & Beverage,,
5606,12024,Wei Yin-Chun,,,,,,,,,,,,,,,,,,Taiwan,person.public,USD-networth,"$2,100,000,000",,,12024.03,11956,,B.lion,,,,70,teacher,,,,,,,"Food, beverages",Food & Beverage,,
5607,12024,Wei Yin-Heng,,,,,,,,,,,,,,,,,,Taiwan,person.public,USD-networth,"$2,100,000,000",,,12024.03,11977,,B.lion,,,,49,teacher,,,,,,,"Food, beverages",Food & Beverage,,
5608,12024,Wei Ying-Chiao,,,,,,,,,,,,,,,,,,Taiwan,person.public,USD-networth,"$2,100,000,000",,,12024.03,11966,,B.lion,,,,60,teacher,,,,,,,"Food, beverages",Food & Beverage,,
5609,12024,Elaine Wynn,,,,,,,,,,,,,,,,,,United States,person.public,USD-networth,"$2,100,000,000",,,12024.03,11962,,B.lion,,,,64,teacher,,,,,,,"Casinos, hotels",Gambling & Casinos,,
5610,12024,Xu Xudong,,,,,,,,,,,,,,,,,,China,person.public,USD-networth,"$2,100,000,000",,,12024.03,11960,,B.lion,,,,66,teacher,,,,,,,Auto parts,Automotive,,
5611,12024,Michael Ying,XY,,,,,,,,,,,,,,,,,Hong Kong,person.public,USD-networth,"$2,100,000,000",,,12024.03,11969,,B.lion,,,,57,teacher,,,,,,,Retail,Fashion & Retail,,
5612,12024,Yu Qibing,,,,,,,,,,,,,,,,,,China,person.public,USD-networth,"$2,100,000,000",,,12024.03,11964,,B.lion,,,,62,teacher,,,,,,,Glass,Manufacturing,,
5613,12024,Yuan Fugen,,,,,,,,,,,,,,,,,,China,person.public,USD-networth,"$2,100,000,000",,,12024.03,11947,,B.lion,,,,79,advisor,,,,,,,Metal processing,Manufacturing,,
5614,12024,Zhang Ning,,,,,,,,,,,,,,,,,,Canada,person.public,USD-networth,"$2,100,000,000",,,12024.03,11967,,B.lion,,,,59,teacher,,,,,,,Chemicals,Manufacturing,,
5615,12024,Zhao Tao,,,,,,,,,,,,,,,,,,Singapore,person.public,USD-networth,"$2,100,000,000",,,12024.03,11947,,B.lion,,,,79,advisor,,,,,,,Pharmaceuticals,Healthcare,,
,,Griselda Blanco,XX,,,Griselda Blanco,"La Madrina
(The Black Widow)",,,Colombia,,,,,,,,,,Colombia,person.public,USD-networth,"$2,000,000,000",,,12024.03,11943,,B.lion,,12012,,69,teacher,rogue.thief,rogue.saboteur,rogue.antihero,rogue.assassin,,,"drug lord, drug-trafficing, cocaine",Organized Crime,"was mostly known as “La Madrina” and “The Black Widow”. Blanco was a Colombian drug lord of the Medellin Cartel and a pioneer in the Miami based cocaine drug trade in the 1950s.

Blanco was responsible for over 200 murders while transporting drugs from Colombia to New York. She died in 2012 when she was shot and killed at the age of 69.",
5700,12024,Anu Aga,,,,,,,,,,,,,,,,,,India,person.public,USD-networth,"$2,000,000,000",,,12024.03,11974,,B.lion,,,,52,teacher,,,,,,,Engineering,Construction & Engineering,,
5701,12024,Mohamed Al Fayed,,,,,,,,,,,,,,,,,,Egypt,person.public,USD-networth,"$2,000,000,000",,,12024.03,11967,,B.lion,,,,59,teacher,,,,,,,"Retail, investments",Fashion & Retail,,
5702,12024,Andrey Andreev,,,,,,,,,,,,,,,,,,United Kingdom,person.public,USD-networth,"$2,000,000,000",,,12024.03,11984,,B.lion,,,,42,householder,,,,,,,Online dating,Technology,,
5703,12024,Michael Ashcroft,XY,,,,,,,,,,,,,,,,,United Kingdom,person.public,USD-networth,"$2,000,000,000",,,12024.03,11966,,B.lion,,,,60,teacher,,,,,,,Security,Finance & Investments,,
5704,12024,Pavel Baudis,,,,,,,,,,,,,,,,,,Czech Republic,person.public,USD-networth,"$2,000,000,000",,,12024.03,11963,,B.lion,,,,63,teacher,,,,,,,Software,Technology,,
5705,12024,Wilhelm Beier,,,,,,,,,,,,,,,,,,Germany,person.public,USD-networth,"$2,000,000,000",,,12024.03,11960,,B.lion,,,,66,teacher,,,,,,,Pharmaceuticals,Healthcare,,
5706,12024,Cao Jianwei,,,,,,,,,,,,,,,,,,China,person.public,USD-networth,"$2,000,000,000",,,12024.03,11951,,B.lion,,,,75,advisor,,,,,,,Semiconductors,Manufacturing,,
5707,12024,Chen Huwen,,,,,,,,,,,,,,,,,,China,person.public,USD-networth,"$2,000,000,000",,,12024.03,11961,,B.lion,,,,65,teacher,,,,,,,Stationery,Manufacturing,,
5708,12024,Phongthep Chiaravanont,,,,,,,,,,,,,,,,,,Thailand,person.public,USD-networth,"$2,000,000,000",,,12024.03,11951,,B.lion,,,,75,advisor,,,,,,,Diversified,Diversified,,
5709,12024,Dou Zhenggang,,,,,,,,,,,,,,,,,,China,person.public,USD-networth,"$2,000,000,000",,,12024.03,11965,,B.lion,,,,61,teacher,,,,,,,"Energy, chemicals",Diversified,,
5710,12024,Maria Franca Fissolo,,,,,,,,,,,,,,,,,,Italy,person.public,USD-networth,"$2,000,000,000",,,12024.03,11977,,B.lion,,,,49,teacher,,,,,,,"Nutella, chocolates",Food & Beverage,,
5711,12024,William Franke,,,,,,,,,,,,,,,,,,United States,person.public,USD-networth,"$2,000,000,000",,,12024.03,11949,,B.lion,,,,77,advisor,,,,,,,Low-cost airlines,Diversified,,
5712,12024,Mario Germano Giuliani,,,,,,,,,,,,,,,,,,Switzerland,person.public,USD-networth,"$2,000,000,000",,,12024.03,11955,,B.lion,,,,71,teacher,,,,,,,Pharmaceuticals,Healthcare,,
5713,12024,Amy Goldman Fowler,,,,,,,,,,,,,,,,,,United States,person.public,USD-networth,"$2,000,000,000",,,12024.03,11976,,B.lion,,,,50,teacher,,,,,,,Real estate,Real Estate,,
5714,12024,John Hancock,XY,,,,,,,,,,,,,,,,,Australia,person.public,USD-networth,"$2,000,000,000",,,12024.03,11955,,B.lion,,,,71,teacher,,,,,,,Mining,Metals & Mining,,
5715,12024,Hu Yangzhong,,,,,,,,,,,,,,,,,,China,person.public,USD-networth,"$2,000,000,000",,,12024.03,11971,,B.lion,,,,55,teacher,,,,,,,Technology,Technology,,
5716,12024,Huang Dawen,,,,,,,,,,,,,,,,,,Hong Kong,person.public,USD-networth,"$2,000,000,000",,,12024.03,11978,,B.lion,,,,48,householder,,,,,,,Silicon,Manufacturing,,
5717,12024,Huang Qiaoling,,,,,,,,,,,,,,,,,,China,person.public,USD-networth,"$2,000,000,000",,,12024.03,11988,,B.lion,,,,38,householder,,,,,,,Amusement parks,Media & Entertainment,,
5718,12024,Rajiv Jain,,,,,,,,,,,,,,,,,,United States,person.public,USD-networth,"$2,000,000,000",,,12024.03,11937,,B.lion,,,,89,advisor,,,,,,,Finance,Finance & Investments,,
5719,12024,Michael Jordan,XY,,,,,,,,,,,,,,,,,United States,person.public,USD-networth,"$2,000,000,000",,,12024.03,11953,,B.lion,,,,73,advisor,,,,,,,"Charlotte Hornets, endorsements",Sports,Basketball's GOAT,
5720,12024,Diane Kemper,,,,,,,,,,,,,,,,,,United States,person.public,USD-networth,"$2,000,000,000",,,12024.03,11958,,B.lion,,,,68,teacher,,,,,,,Real estate,Real Estate,,
5721,12024,Shlomo Kramer,,,,,,,,,,,,,,,,,,Israel,person.public,USD-networth,"$2,000,000,000",,,12024.03,11994,,B.lion,,,,32,householder,,,,,,,"Software, investments",Technology,,
5722,12024,Heikki Kyostila,,,,,,,,,,,,,,,,,,Finland,person.public,USD-networth,"$2,000,000,000",,,12024.03,11957,,B.lion,,,,69,teacher,,,,,,,Dental products,Healthcare,,
5723,12024,Martin Lau,,,,,,,,,,,,,,,,,,Hong Kong,person.public,USD-networth,"$2,000,000,000",,,12024.03,11955,,B.lion,,,,71,teacher,,,,,,,E-commerce,Technology,,
5724,12024,Li Min,,,,,,,,,,,,,,,,,,China,person.public,USD-networth,"$2,000,000,000",,,12024.03,11947,,B.lion,,,,79,advisor,,,,,,,Semiconductor,Technology,,
5725,12024,Liang Rubo,,,,,,,,,,,,,,,,,,China,person.public,USD-networth,"$2,000,000,000",,,12024.03,11948,,B.lion,,,,78,advisor,,,,,,,TikTok,Technology,,
5726,12024,Liang Zhaoxian,,,,,,,,,,,,,,,,,,China,person.public,USD-networth,"$2,000,000,000",,,12024.03,11941,,B.lion,,,,85,advisor,,,,,,,Appliances,Manufacturing,,
5727,12024,Lin Fanlian,,,,,,,,,,,,,,,,,,China,person.public,USD-networth,"$2,000,000,000",,,12024.03,11987,,B.lion,,,,39,householder,,,,,,,"Energy, real estate",Energy,,
5728,12024,Aloke Lohia,,,,,,,,,,,,,,,,,,India,person.public,USD-networth,"$2,000,000,000",,,12024.03,11942,,B.lion,,,,84,advisor,,,,,,,Petrochemicals,Manufacturing,,
5729,12024,Bill Malhotra,XY,,,,,,,,,,,,,,,,,Canada,person.public,USD-networth,"$2,000,000,000",,,12024.03,11978,,B.lion,,,,48,householder,,,,,,,Real estate,Real Estate,,
5730,12024,Alexander Mamut,,,,,,,,,,,,,,,,,,Russia,person.public,USD-networth,"$2,000,000,000",,,12024.03,11967,,B.lion,,,,59,teacher,,,,,,,Investments,Finance & Investments,,
5731,12024,Craig McCaw,,,,,,,,,,,,,,,,,,United States,person.public,USD-networth,"$2,000,000,000",,,12024.03,11967,,B.lion,,,,59,teacher,,,,,,,Telecom,Telecom,,
5732,12024,Nan Cunhui,,,,,,,,,,,,,,,,,,China,person.public,USD-networth,"$2,000,000,000",,,12024.03,11951,,B.lion,,,,75,advisor,,,,,,,Power equipment,Manufacturing,,
5733,12024,Nie Tengyun,,,,,,,,,,,,,,,,,,China,person.public,USD-networth,"$2,000,000,000",,,12024.03,11976,,B.lion,,,,50,teacher,,,,,,,Logistics,Service,,
5734,12024,Oei Hong Leong,,,,,,,,,,,,,,,,,,Singapore,person.public,USD-networth,"$2,000,000,000",,,12024.03,11978,,B.lion,,,,48,householder,,,,,,,Investments,Finance & Investments,,
5735,12024,Clive Palmer,,,,,,,,,,,,,,,,,,Australia,person.public,USD-networth,"$2,000,000,000",,,12024.03,11965,,B.lion,,,,61,teacher,,,,,,,Mining,Metals & Mining,,
5736,12024,Matthew Prince,,,,,,,,,,,,,,,,,,United States,person.public,USD-networth,"$2,000,000,000",,,12024.03,11950,,B.lion,,,,76,advisor,,,,,,,Cybersecurity,Technology,,
5737,12024,Linda Pritzker,,,,,,,,,,,,,,,,,,United States,person.public,USD-networth,"$2,000,000,000",,,12024.03,11968,,B.lion,,,,58,teacher,,,,,,,"Hotels, investments",Service,,
5738,12024,P.V. Krishna Reddy,,,,,,,,,,,,,,,,,,India,person.public,USD-networth,"$2,000,000,000",,,12024.03,11971,,B.lion,,,,55,teacher,,,,,,,Infrastructure,Construction & Engineering,,
5739,12024,Bianca Rinehart,,,,,,,,,,,,,,,,,,Australia,person.public,USD-networth,"$2,000,000,000",,,12024.03,11937,,B.lion,,,,89,advisor,,,,,,,Mining,Metals & Mining,,
5740,12024,Ginia Rinehart,,,,,,,,,,,,,,,,,,Australia,person.public,USD-networth,"$2,000,000,000",,,12024.03,11969,,B.lion,,,,57,teacher,,,,,,,Mining,Metals & Mining,,
5741,12024,T. Denny Sanford,,,,,,,,,,,,,,,,,,United States,person.public,USD-networth,"$2,000,000,000",,,12024.03,11942,,B.lion,,,,84,advisor,,,,,,,"Banking, credit cards",Finance & Investments,,
5742,12024,Bhadresh Shah,,,,,,,,,,,,,,,,,,India,person.public,USD-networth,"$2,000,000,000",,,12024.03,11953,,B.lion,,,,73,advisor,,,,,,,Engineering,Manufacturing,,
5743,12024,Zygmunt Solorz,,,,,,,,,,,,,,,,,,Poland,person.public,USD-networth,"$2,000,000,000",,,12024.03,11957,,B.lion,,,,69,teacher,,,,,,,TV broadcasting,Media & Entertainment,,
5744,12024,Michal Strnad,,,,,,,,,,,,,,,,,,Czech Republic,person.public,USD-networth,"$2,000,000,000",,,12024.03,11968,,B.lion,,,,58,teacher,,,,,,,Defense Contracting,Manufacturing,,
5745,12024,Sylvia Stroeher,,,,,,,,,,,,,,,,,,Germany,person.public,USD-networth,"$2,000,000,000",,,12024.03,11972,,B.lion,,,,54,teacher,,,,,,,Cosmetics,Fashion & Retail,,
5746,12024,Otto Toto Sugiri,,,,,,,,,,,,,,,,,,Indonesia,person.public,USD-networth,"$2,000,000,000",,,12024.03,11967,,B.lion,,,,59,teacher,,,,,,,Data centers,Technology,,
5747,12024,Larry Tanenbaum,XY,,,,,,,,,,,,,,,,,Canada,person.public,USD-networth,"$2,000,000,000",,,12024.03,11950,,B.lion,,,,76,advisor,,,,,,,Sports,Sports,,
5748,12024,Wichai Thongtang,,,,,,,,,,,,,,,,,,Thailand,person.public,USD-networth,"$2,000,000,000",,,12024.03,11964,,B.lion,,,,62,teacher,,,,,,,Investments,Finance & Investments,,
5749,12024,Ion Tiriac,,,,,,,,,,,,,,,,,,Romania,person.public,USD-networth,"$2,000,000,000",,,12024.03,11967,,B.lion,,,,59,teacher,,,,,,,"Banking, insurance",Finance & Investments,,
5750,12024,Hope Welker,,,,,,,,,,,,,,,,,,Australia,person.public,USD-networth,"$2,000,000,000",,,12024.03,11957,,B.lion,,,,69,teacher,,,,,,,Mining,Metals & Mining,,
5751,12024,William Young,,,,,,,,,,,,,,,,,,United States,person.public,USD-networth,"$2,000,000,000",,,12024.03,11961,,B.lion,,,,65,teacher,,,,,,,Plastics,Manufacturing,,
5752,12024,Ales Zavoral,,,,,,,,,,,,,,,,,,Czech Republic,person.public,USD-networth,"$2,000,000,000",,,12024.03,11971,,B.lion,,,,55,teacher,,,,,,,E-commerce,Fashion & Retail,,
5753,12024,Zhang Fan,,,,,,,,,,,,,,,,,,China,person.public,USD-networth,"$2,000,000,000",,,12024.03,11951,,B.lion,,,,75,advisor,,,,,,,Touch screens,Technology,,
5754,12024,Zhang Shilong,,,,,,,,,,,,,,,,,,China,person.public,USD-networth,"$2,000,000,000",,,12024.03,11956,,B.lion,,,,70,teacher,,,,,,,Semiconductor,Technology,,
5755,12024,Zhang Wanzhen,,,,,,,,,,,,,,,,,,China,person.public,USD-networth,"$2,000,000,000",,,12024.03,11934,,B.lion,,,,92,phantasim,,,,,,,Electronics components,Manufacturing,,
5756,12024,Zhao Hongfei,,,,,,,,,,,,,,,,,,China,person.public,USD-networth,"$2,000,000,000",,,12024.03,11959,,B.lion,,,,67,teacher,,,,,,,Software,Technology,,
5757,12024,Zhou Jian,,,,,,,,,,,,,,,,,,China,person.public,USD-networth,"$2,000,000,000",,,12024.03,11965,,B.lion,,,,61,teacher,,,,,,,Solar energy equipment,Energy,,
5758,12024,Zhu Yiwen,,,,,,,,,,,,,,,,,,China,person.public,USD-networth,"$2,000,000,000",,,12024.03,11943,,B.lion,,,,83,advisor,,,,,,,Healthcare,Healthcare,,
5759,12024,Mohammed VI,XY,Hassan II,Lalla Latifa,"محمد السادس
ⵎⵓⵃⵎⵎⴰⴷ ⵡⵉⵙⵙ ⵚⴹⵉⵚ",,Salma Bennani (XX),,Morocco,,,,"Quranic school at the Royal Palace
Collège Royal",,,,,,Morocco,person.public,USD-networth,"$2,000,000,000",,2,12024.03,11963,11999,B.lion,,,,63,teacher,,,,,,,Investments in SNI and Siger Holdings.,"Royalty, Diversified",richest king in Africa,
5760,12024,Felipe VI,XY,Juan Carlos I,	Sophia of Greece and Denmark,Felipe Juan Pablo Alfonso de Todos los Santos de Borbón y Grecia,,Letizia Ortiz Rocasolano,,Spain,,,,,,King of Spain,,,,Spain,person.public,USD-networth,"$2,000,000,000",,2,12024.03,11968,12014,B.lion,,,,58,teacher,,,,,,,"Oil, real estate","Royalty, Diversified",,
5761,12024,Tamim bin Hamad Al Thani,XY,Sheikh Hamad bin Khalifa Al Thani,	Sheikha Moza bint Nasser Al-Missned,تميم بن حمد بن خليفة آل ثاني,,"Jawaher bint Hamad Al Thani (XX)
Al-Anoud bint Mana Al Hajri (XX)
Noora bint Hathal Al Dosari (XX)",,Qatar,,,,,,,,,,Qatar,person.public,USD-networth,"$2,000,000,000",,13,12024.03,11980,,B.lion,,,,46,householder,,,,,,,"Royalty, Diversified","Royalty, Diversified",,
5762,12024,Willem-Alexander,XY,Claus von Amsberg,Beatrix of the Netherlands,Willem-Alexander Claus George Ferdinand,,Máxima Zorreguieta Cerruti (XX),,Netherlands,,,,,,Prince of Orange,,,,Netherlands,person.public,USD-networth,"$2,000,000,000",,3,12024.03,11967,12013,B.lion,,,,59,teacher,,,,,,,"Royalty, Diversified","Royalty, Diversified","Real estate, investments, and a stake in Shell.",
5763,12024,Adnan Khashoggi,XY,,,Adnan Khashoggi,,,,Saudi Arabia,,,,,,,,,,Saudi Arabia,person.public,USD-networth,"$2,000,000,000",,,12024.03,,,B.lion,,,,12026,phantasim,,,,,,,racketeering,Grey Business,businessman who is best known for his lavish business deals and lifestyle,
5850,12024,Roberto Angelini Rossi,,,,,,,,,,,,,,,,,,Chile,person.public,USD-networth,"$1,900,000,000",,,12024.03,11985,,B.lion,,,,41,householder,,,,,,,"Forestry, mining",Diversified,,
5851,12024,Mika Anttonen,,,,,,,,,,,,,,,,,,Finland,person.public,USD-networth,"$1,900,000,000",,,12024.03,11943,,B.lion,,,,83,advisor,,,,,,,Oil & gas,Energy,,
5852,12024,David Blitzer,XY,,,,,,,,,,,,,,,,,United States,person.public,USD-networth,"$1,900,000,000",,,12024.03,11969,,B.lion,,,,57,teacher,,,,,,,Sports,Sports,,
5853,12024,Julio Bozano,,,,,,,,,,,,,,,,,,Brazil,person.public,USD-networth,"$1,900,000,000",,,12024.03,11960,,B.lion,,,,66,teacher,,,,,,,Banking,Finance & Investments,,
5854,12024,Nikolai Buinov,,,,,,,,,,,,,,,,,,Russia,person.public,USD-networth,"$1,900,000,000",,,12024.03,11961,,B.lion,,,,65,teacher,,,,,,,"Oil, gas",Energy,,
5855,12024,Nicola Bulgari,,,,,,,,,,,,,,,,,,Italy,person.public,USD-networth,"$1,900,000,000",,,12024.03,11952,,B.lion,,,,74,advisor,,,,,,,Luxury goods,Fashion & Retail,,
5856,12024,"Howard Butt, III.",,,,,,,,,,,,,,,,,,United States,person.public,USD-networth,"$1,900,000,000",,,12024.03,11960,,B.lion,,,,66,teacher,,,,,,,Supermarkets,Fashion & Retail,,
5857,12024,Stephen Butt,,,,,,,,,,,,,,,,,,United States,person.public,USD-networth,"$1,900,000,000",,,12024.03,11947,,B.lion,,,,79,advisor,,,,,,,Supermarkets,Fashion & Retail,,
5858,12024,Jianxing Che,,,,,,,,,,,,,,,,,,China,person.public,USD-networth,"$1,900,000,000",,,12024.03,11979,,B.lion,,,,47,householder,,,,,,,Furniture retailing,Fashion & Retail,,
5859,12024,Chen Huxiong,XY,,,,,,,China,,,,,zh-CN_SimplifiedChinese,,,,,China,person.public,USD-networth,"$1,900,000,000",,,12024.03,11964,12019,B.lion,,,,62,teacher,,,,,,,Stationery,Manufacturing,vice chairman and president of Shanghai M&G Stationary Inc.,
5860,12024,Chen Qiongxiang,XX,,,,,,,China,,,,,zh-CN_SimplifiedChinese,,,,,China,person.public,USD-networth,"$1,900,000,000",,,12024.03,11939,12021,B.lion,,,,87,advisor,,,,,,,Batteries,Energy,"stake in Contemporary Amperex Technology, a supplier of batteries for electric vehicles founded in 2011.",
5861,12024,Chen Zhisong,,,,,,,,,,,,,,,,,,China,person.public,USD-networth,"$1,900,000,000",,,12024.03,11963,,B.lion,,,,63,teacher,,,,,,,Communication equipment,Technology,,
5862,12024,Manas Chiaravanond,XY,,,,,,,,,,,,,,,,,Thailand,person.public,USD-networth,"$1,900,000,000",,,12024.03,11968,12018,B.lion,,,,58,teacher,,,,,,,Diversified,Diversified,part of the clan behind Thai conglomerate Charoen Pokphand Group. He derives his wealth from his 3.62% stake in holding outfit CP Group.,
5863,12024,Prathip Chiravanond,,,,,,,,,,,,,,,,,,Thailand,person.public,USD-networth,"$1,900,000,000",,,12024.03,11955,,B.lion,,,,71,teacher,,,,,,,Diversified,Diversified,,
5864,12024,Alexandra Daitch,,,,,,,,,,,,,,,,,,United States,person.public,USD-networth,"$1,900,000,000",,,12024.03,11962,,B.lion,,,,64,teacher,,,,,,,Cargill,Food & Beverage,,
5865,12024,Sol Daurella,,,,,,,,,,,,,,,,,,Spain,person.public,USD-networth,"$1,900,000,000",,,12024.03,11935,,B.lion,,,,91,phantasim,,,,,,,Coca-Cola bottler,Food & Beverage,,
5866,12024,Mark Davis,XY,,,,,,,,,,,,,,,,,United States,person.public,USD-networth,"$1,900,000,000",,,12024.03,11969,,B.lion,,,,57,teacher,,,,,,,Las Vegas Raiders,Sports,,
5867,12024,James Dinan,,,,,,,,,,,,,,,,,,United States,person.public,USD-networth,"$1,900,000,000",,,12024.03,11950,,B.lion,,,,76,advisor,,,,,,,Hedge funds,Finance & Investments,,
5868,12024,Dong Fan,,,,,,,,,,,,,,,,,,China,person.public,USD-networth,"$1,900,000,000",,,12024.03,11959,,B.lion,,,,67,teacher,,,,,,,Medical devices,Healthcare,,
5869,12024,Fritz Draexlmaier,XY,,,,,,,Germany,,expanded the family business,,,Modern-German,,,,,Germany,person.public,USD-networth,"$1,900,000,000",,,12024.03,11940,12014,B.lion,,,,86,advisor,,,,,,,Auto parts,Automotive,"Founded by his parents, Draexlmaier Group began in 1958 with an order for wiring harnesses for the Goggomobil, a microcar produced by Hans Glas GmbH.",
5870,12024,Bulent Eczacibasi,,,,,,,,,,,,,,,,,,Turkey,person.public,USD-networth,"$1,900,000,000",,,12024.03,11952,,B.lion,,,,74,advisor,,,,,,,"Pharmaceuticals, diversified",Diversified,,
5871,12024,Faruk Eczacibasi,,,,,,,,,,,,,,,,,,Turkey,person.public,USD-networth,"$1,900,000,000",,,12024.03,11944,,B.lion,,,,82,advisor,,,,,,,"Pharmaceuticals, diversified",Diversified,,
5872,12024,Eduardo Eurnekian,,,,,,,,,,,,,,,,,,Argentina,person.public,USD-networth,"$1,900,000,000",,,12024.03,11958,,B.lion,,,,68,teacher,,,,,,,"Airports, investments",Diversified,,
5873,12024,David Fong,XY,,,,,,,,,,,,,,,,,Hong Kong,person.public,USD-networth,"$1,900,000,000",,,12024.03,11971,,B.lion,,,,55,teacher,,,,,,,Real estate,Real Estate,,
5874,12024,Guo Zhenyu,,,,,,,,,,,,,,,,,,Canada,person.public,USD-networth,"$1,900,000,000",,,12024.03,11943,,B.lion,,,,83,advisor,,,,,,,Cosmetics,Fashion & Retail,,
5875,12024,Surjit Kumar Gupta,,,,,,,,,,,,,,,,,,India,person.public,USD-networth,"$1,900,000,000",,,12024.03,11956,,B.lion,,,,70,teacher,,,,,,,Electrical equipment,Manufacturing,,
5876,12024,Caroline Hagen Kjos,,,,,,,,,,,,,,,,,,Norway,person.public,USD-networth,"$1,900,000,000",,,12024.03,11964,,B.lion,,,,62,teacher,,,,,,,Conglomerate,Diversified,,
5877,12024,Roberto Hernandez Ramirez,,,,,,,,,,,,,,,,,,Mexico,person.public,USD-networth,"$1,900,000,000",,,12024.03,11929,,B.lion,,,,97,phantasim,,,,,,,"Banking, investments",Finance & Investments,,
5878,12024,Reid Hoffman,,,,,,,,,,,,,,,,,,United States,person.public,USD-networth,"$1,900,000,000",,,12024.03,11951,,B.lion,,,,75,advisor,,,,,,,LinkedIn,Technology,,
5879,12024,Hu Rongda,,,,,,,,,,,,,,,,,,China,person.public,USD-networth,"$1,900,000,000",,,12024.03,11961,,B.lion,,,,65,teacher,,,,,,,Chemicals,Manufacturing,,
5880,12024,"B. Wayne Hughes, Jr.",,,,,,,,,,,,,,,,,,United States,person.public,USD-networth,"$1,900,000,000",,,12024.03,11954,,B.lion,,,,72,teacher,,,,,,,Storage facilities,Real Estate,,
5881,12024,Hui Wing Mau,,,,,,,,,,,,,,,,,,Hong Kong,person.public,USD-networth,"$1,900,000,000",,,12024.03,11964,,B.lion,,,,62,teacher,,,,,,,Real estate,Real Estate,,
5882,12024,Scott Kapnick,,,,,,,,,,,,,,,,,,United States,person.public,USD-networth,"$1,900,000,000",,,12024.03,11960,,B.lion,,,,66,teacher,,,,,,,Private equity,Finance & Investments,,
5883,12024,Richard Kayne,,,,,,,,,,,,,,,,,,United States,person.public,USD-networth,"$1,900,000,000",,,12024.03,11948,,B.lion,,,,78,advisor,,,,,,,Investments,Finance & Investments,,
5884,12024,Dominika Kulczyk,,,,,,,,,,,,,,,,,,Poland,person.public,USD-networth,"$1,900,000,000",,,12024.03,11934,,B.lion,,,,92,phantasim,,,,,,,Diversified,Finance & Investments,,
5885,12024,Edward Lampert,,,,,,,,,,,,,,,,,,United States,person.public,USD-networth,"$1,900,000,000",,,12024.03,11967,,B.lion,,,,59,teacher,,,,,,,Sears,Finance & Investments,,
5886,12024,Somsri Lamsam,,,,,,,,,,,,,,,,,,Thailand,person.public,USD-networth,"$1,900,000,000",,,12024.03,11957,,B.lion,,,,69,teacher,,,,,,,Diversified,Diversified,,
5887,12024,James Leprino,,,,,,,,,,,,,,,,,,United States,person.public,USD-networth,"$1,900,000,000",,,12024.03,11933,,B.lion,,,,93,phantasim,,,,,,,Cheese,Food & Beverage,,
5888,12024,David Lichtenstein,XY,,,,,,,,,,,,,,,,,United States,person.public,USD-networth,"$1,900,000,000",,,12024.03,11944,,B.lion,,,,82,advisor,,,,,,,Real estate,Real Estate,,
5889,12024,Lin Dingqiang,,,,,,,,,,,,,,,,,,Hong Kong,person.public,USD-networth,"$1,900,000,000",,,12024.03,11952,,B.lion,,,,74,advisor,,,,,,,Real estate,Real Estate,,
5890,12024,Sarah MacMillan,,,,,,,,,,,,,,,,,,United States,person.public,USD-networth,"$1,900,000,000",,,12024.03,11936,,B.lion,,,,90,advisor,,,,,,,Cargill,Food & Beverage,,
5891,12024,Strive Masiyiwa,,,,,,,,,,,,,,,,,,Zimbabwe,person.public,USD-networth,"$1,900,000,000",,,12024.03,11959,,B.lion,,,,67,teacher,,,,,,,Telecom,Telecom,,
5892,12024,Robert Miller,,,,,,,,,,,,,,,,,,United Kingdom,person.public,USD-networth,"$1,900,000,000",,,12024.03,11956,,B.lion,,,,70,teacher,,,,,,,Retail,Fashion & Retail,,
5893,12024,Simon Nixon,,,,,,,,,,,,,,,,,,United Kingdom,person.public,USD-networth,"$1,900,000,000",,,12024.03,11953,,B.lion,,,,73,advisor,,,,,,,Price comparison website,Technology,,
5894,12024,Kentaro Ogawa,,,,,,,,,,,,,,,,,,Japan,person.public,USD-networth,"$1,900,000,000",,,12024.03,11981,,B.lion,,,,45,householder,,,,,,,Restaurants,Food & Beverage,,
5895,12024,Ajay Parekh,,,,,,,,,,,,,,,,,,India,person.public,USD-networth,"$1,900,000,000",,,12024.03,11973,,B.lion,,,,53,teacher,,,,,,,Adhesives,Manufacturing,,
5896,12024,Narendrakumar Parekh,,,,,,,,,,,,,,,,,,India,person.public,USD-networth,"$1,900,000,000",,,12024.03,11949,,B.lion,,,,77,advisor,,,,,,,Adhesives,Manufacturing,,
5897,12024,Jennifer Pritzker,,,,,,,,,,,,,,,,,,United States,person.public,USD-networth,"$1,900,000,000",,,12024.03,11945,,B.lion,,,,81,advisor,,,,,,,"Hotels, investments",Finance & Investments,,
5898,12024,G. Rajendran,,,,,,,,,,,,,,,,,,India,person.public,USD-networth,"$1,900,000,000",,,12024.03,11967,,B.lion,,,,59,teacher,,,,,,,Jewellery,Fashion & Retail,,
5899,12024,Ren Jianhua,,,,,,,,,,,,,,,,,,China,person.public,USD-networth,"$1,900,000,000",,,12024.03,11975,,B.lion,,,,51,teacher,,,,,,,Kitchen appliances,Manufacturing,,
5900,12024,Larry Robbins,XY,,,,,,,,,,,,,,,,,United States,person.public,USD-networth,"$1,900,000,000",,,12024.03,11965,,B.lion,,,,61,teacher,,,,,,,Hedge funds,Finance & Investments,,
5901,12024,Dwight Schar,,,,,,,,,,,,,,,,,,United States,person.public,USD-networth,"$1,900,000,000",,,12024.03,11966,,B.lion,,,,60,teacher,,,,,,,"Homebuilding, NFL team",Construction & Engineering,,
5902,12024,Shao Jianxiong,,,,,,,,China,,,,,zh-CN_SimplifiedChinese,,,,,China,person.public,USD-networth,"$1,900,000,000",,,12024.03,11946,12022,B.lion,,,,80,advisor,,,,,,,Photovoltaics,Energy,"Shao Jianxiong chairs Hoymiles Power Electronics, a supplier of microinverters to the solar energy industry",
5903,12024,Shao Qinxiang,,,,,,,,,,,,,,,,,,China,person.public,USD-networth,"$1,900,000,000",,,12024.03,11950,,B.lion,,,,76,advisor,,,,,,,Diversified,Manufacturing,,
5904,12024,Hua Shen,,,,,,,,,,,,,,,,,,United States,person.public,USD-networth,"$1,900,000,000",,,12024.03,11957,,B.lion,,,,69,teacher,,,,,,,Semiconductors,Technology,,
5905,12024,Shi Wen-long,,,,,,,,,,,,,,,,,,Taiwan,person.public,USD-networth,"$1,900,000,000",,,12024.03,11982,,B.lion,,,,44,householder,,,,,,,Plastics,Manufacturing,,
5906,12024,Peter Sondakh,,,,,,,,,,,,,,,,,,Indonesia,person.public,USD-networth,"$1,900,000,000",,,12024.03,11962,,B.lion,,,,64,teacher,,,,,,,Investments,Finance & Investments,,
5907,12024,Lucy Stitzer,,,,,,,,,,,,,,,,,,United States,person.public,USD-networth,"$1,900,000,000",,,12024.03,11962,,B.lion,,,,64,teacher,,,,,,,Cargill,Food & Beverage,,
5908,12024,Elizabeth Sy,,,,,,,,,,,,,,,,,,Philippines,person.public,USD-networth,"$1,900,000,000",,,12024.03,11956,,B.lion,,,,70,teacher,,,,,,,Diversified,Diversified,,
5909,12024,Hermanto Tanoko,,,,,,,,,,,,,,,,,,Indonesia,person.public,USD-networth,"$1,900,000,000",,,12024.03,11964,,B.lion,,,,62,teacher,,,,,,,Paints,Manufacturing,,
5910,12024,Mehmet Sinan Tara,,,,,,,,,,,,,,,,,,Turkey,person.public,USD-networth,"$1,900,000,000",,,12024.03,11965,,B.lion,,,,61,teacher,,,,,,,Construction,Construction & Engineering,,
5911,12024,Masateru Uno,,,,,,,,,,,,,,,,,,Japan,person.public,USD-networth,"$1,900,000,000",,,12024.03,11946,,B.lion,,,,80,advisor,,,,,,,Drugstores,Fashion & Retail,,
5912,12024,Vardis Vardinoyannis,,,,,,,,,,,,,,,,,,Greece,person.public,USD-networth,"$1,900,000,000",,,12024.03,11946,,B.lion,,,,80,advisor,,,,,,,Oil and gas,Energy,,
5913,12024,Jitendra Virwani,,,,,,,,,,,,,,,,,,India,person.public,USD-networth,"$1,900,000,000",,,12024.03,11938,,B.lion,,,,88,advisor,,,,,,,Real estate,Real Estate,,
5914,12024,Wang Chaobin,,,,,,,,,,,,,,,,,,China,person.public,USD-networth,"$1,900,000,000",,,12024.03,11947,,B.lion,,,,79,advisor,,,,,,,Real estate,Real Estate,,
5915,12024,Wang Ren-sheng,,,,,,,,,,,,,,,,,,Taiwan,person.public,USD-networth,"$1,900,000,000",,,12024.03,11944,,B.lion,,,,82,advisor,,,,,,,Retail,Fashion & Retail,,
5916,12024,Charlotte Colket Weber,,,,,,,,,,,,,,,,,,United States,person.public,USD-networth,"$1,900,000,000",,,12024.03,11938,,B.lion,,,,88,advisor,,,,,,,Campbell Soup,Food & Beverage,,
5917,12024,Xie Juhua,,,,,,,,,,,,,,,,,,China,person.public,USD-networth,"$1,900,000,000",,,12024.03,11966,,B.lion,,,,60,teacher,,,,,,,Pharmaceuticals,Healthcare,,
5918,12024,Xu Chuanhua,,,,,,,,,,,,,,,,,,China,person.public,USD-networth,"$1,900,000,000",,,12024.03,11961,,B.lion,,,,65,teacher,,,,,,,"Chemicals, logistics",Manufacturing,,
5919,12024,Gavril Yushvaev,,,,,,,,,,,,,,,,,,Russia,person.public,USD-networth,"$1,900,000,000",,,12024.03,11952,,B.lion,,,,74,advisor,,,,,,,"Precious metals, real estate",Finance & Investments,,
5920,12024,Zhang Hongwei,,,,,,,,,,,,,,,,,,China,person.public,USD-networth,"$1,900,000,000",,,12024.03,11967,,B.lion,,,,59,teacher,,,,,,,"Oil, banking",Diversified,,
5921,12024,Anita Zucker,,,,,,,,,,,,,,,,,,United States,person.public,USD-networth,"$1,900,000,000",,,12024.03,11956,,B.lion,,,,70,teacher,,,,,,,Chemicals,Manufacturing,,
5996,12024,Cameron Adams,,,,,,,,,,,,,,,,,,Australia,person.public,USD-networth,"$1,800,000,000",,,12024.03,11978,,B.lion,,,,48,householder,,,,,,,Software,Technology,,
5997,12024,Will Adderley,,,,,,,,,,,,,,,,,,United Kingdom,person.public,USD-networth,"$1,800,000,000",,,12024.03,11979,,B.lion,,,,47,householder,,,,,,,Home furnishings,Fashion & Retail,,
5998,12024,Faisal Bin Qassim Al Thani,,,,,,,,,,,,,,,,,,Qatar,person.public,USD-networth,"$1,800,000,000",,,12024.03,11972,,B.lion,,,,54,teacher,,,,,,,"Hotels, diversified",Diversified,,
5999,12024,Leslie Alexander,,,,,,,,,,,,,,,,,,United States,person.public,USD-networth,"$1,800,000,000",,,12024.03,11957,,B.lion,,,,69,teacher,,,,,,,Sports team,Sports,,
6000,12024,Masaaki Arai,,,,,,,,,,,,,,,,,,Japan,person.public,USD-networth,"$1,800,000,000",,,12024.03,11991,,B.lion,,,,35,householder,,,,,,,Home sales,Real Estate,,
6001,12024,Sabrina Benetton,,,,,,,,,,,,,,,,,,Italy,person.public,USD-networth,"$1,800,000,000",,,12024.03,11981,,B.lion,,,,45,householder,,,,,,,"Fashion retail, investments",Fashion & Retail,,
6002,12024,Sanjeev Bikhchandani,,,,,,,,,,,,,,,,,,India,person.public,USD-networth,"$1,800,000,000",,,12024.03,11977,,B.lion,,,,49,teacher,,,,,,,Internet,Technology,,
6003,12024,O. Francis Biondi,,,,,,,,,,,,,,,,,,United States,person.public,USD-networth,"$1,800,000,000",,,12024.03,11955,,B.lion,,,,71,teacher,,,,,,,Hedge funds,Finance & Investments,,
6004,12024,Alejandro Bulgheroni,,,,,,,,,,,,,,,,,,Argentina,person.public,USD-networth,"$1,800,000,000",,,12024.03,11957,,B.lion,,,,69,teacher,,,,,,,Oil & gas,Energy,,
6005,12024,R.G. Chandramogan,,,,,,,,,,,,,,,,,,India,person.public,USD-networth,"$1,800,000,000",,,12024.03,11949,,B.lion,,,,77,advisor,,,,,,,Dairy,Food & Beverage,,
6006,12024,Binod Chaudhary,,,,,,,,,,,,,,,,,,Nepal,person.public,USD-networth,"$1,800,000,000",,,12024.03,11950,,B.lion,,,,76,advisor,,,,,,,Diversified,Diversified,,
6007,12024,Parker Conrad,,,,,,,,,,,,,,,,,,United States,person.public,USD-networth,"$1,800,000,000",,,12024.03,11947,,B.lion,,,,79,advisor,,,,,,,Software,Technology,,
6008,12024,Tim Cook,,,,,,,,,,,,,,,,,,United States,person.public,USD-networth,"$1,800,000,000",,,12024.03,11973,,B.lion,,,,53,teacher,,,,,,,Apple,Technology,,
6009,12024,Mark Coombs,XY,,,,,,,,,,,,,,,,,United Kingdom,person.public,USD-networth,"$1,800,000,000",,,12024.03,11985,,B.lion,,,,41,householder,,,,,,,Finance,Finance & Investments,,
6010,12024,John de Mol,XY,,,,,,,,,,,,,,,,,Netherlands,person.public,USD-networth,"$1,800,000,000",,,12024.03,11946,,B.lion,,,,80,advisor,,,,,,,TV programs,Media & Entertainment,,
6011,12024,D. Leopoldo Del Pino,,,,,,,,,,,,,,,,,,Spain,person.public,USD-networth,"$1,800,000,000",,,12024.03,11947,,B.lion,,,,79,advisor,,,,,,,Construction,Construction & Engineering,,
6012,12024,Diao Zhizhong,,,,,,,,,,,,,,,,,,China,person.public,USD-networth,"$1,800,000,000",,,12024.03,11954,,B.lion,,,,72,teacher,,,,,,,Software,Technology,,
6013,12024,Robert Duggan,,,,,,,,,,,,,,,,,,United States,person.public,USD-networth,"$1,800,000,000",,,12024.03,11952,,B.lion,,,,74,advisor,,,,,,,Pharmaceuticals,Healthcare,,
6014,12024,James France,,,,,,,,,,,,,,,,,,United States,person.public,USD-networth,"$1,800,000,000",,,12024.03,11971,,B.lion,,,,55,teacher,,,,,,,"Nascar, racing",Sports,,
6015,12024,Phillip Frost,,,,,,,,,,,,,,,,,,United States,person.public,USD-networth,"$1,800,000,000",,,12024.03,11963,,B.lion,,,,63,teacher,,,,,,,Pharmaceuticals,Healthcare,,
6016,12024,Jayme Garfinkel,,,,,,,,,,,,,,,,,,Brazil,person.public,USD-networth,"$1,800,000,000",,,12024.03,11944,,B.lion,,,,82,advisor,,,,,,,Insurance,Finance & Investments,,
6017,12024,Christopher Goldsbury,,,,,,,,,,,,,,,,,,United States,person.public,USD-networth,"$1,800,000,000",,,12024.03,11978,,B.lion,,,,48,householder,,,,,,,Salsa,Food & Beverage,,
6018,12024,Yusuf Hamied,,,,,,,,,,,,,,,,,,India,person.public,USD-networth,"$1,800,000,000",,,12024.03,11948,,B.lion,,,,78,advisor,,,,,,,Pharmaceuticals,Healthcare,,
6019,12024,Brian Higgins,,,,,,,,,,,,,,,,,,United States,person.public,USD-networth,"$1,800,000,000",,,12024.03,11954,,B.lion,,,,72,teacher,,,,,,,Hedge funds,Finance & Investments,,
6020,12024,Wei Huang,,,,,,,,,,,,,,,,,,China,person.public,USD-networth,"$1,800,000,000",,,12024.03,11966,,B.lion,,,,60,teacher,,,,,,,Real estate,Real Estate,,
6021,12024,Jiang Yintai,,,,,,,,,,,,,,,,,,China,person.public,USD-networth,"$1,800,000,000",,,12024.03,11967,,B.lion,,,,59,teacher,,,,,,,Auto parts,Automotive,,
6022,12024,Jin Lei,,,,,,,,,,,,,,,,,,China,person.public,USD-networth,"$1,800,000,000",,,12024.03,11949,,B.lion,,,,77,advisor,,,,,,,Pharmaceuticals,Healthcare,,
6023,12024,Jin Lei,,,,,,,,,,,,,,,,,,China,person.public,USD-networth,"$1,800,000,000",,,12024.03,11956,,B.lion,,,,70,teacher,,,,,,,Medical equipment,Healthcare,,
6024,12024,Valentin Kipyatkov,,,,,,,,,,,,,,,,,,Cyprus,person.public,USD-networth,"$1,800,000,000",,,12024.03,11964,,B.lion,,,,62,teacher,,,,,,,Software,Technology,,
6025,12024,Koo Kwang-mo,,,,,,,,,,,,,,,,,,South Korea,person.public,USD-networth,"$1,800,000,000",,,12024.03,11960,,B.lion,,,,66,teacher,,,,,,,LG,Diversified,,
6026,12024,George Kurtz,,,,,,,,,,,,,,,,,,United States,person.public,USD-networth,"$1,800,000,000",,,12024.03,11951,,B.lion,,,,75,advisor,,,,,,,Security software,Technology,,
6027,12024,Joe Lacob,,,,,,,,,,,,,,,,,,United States,person.public,USD-networth,"$1,800,000,000",,,12024.03,11941,,B.lion,,,,85,advisor,,,,,,,Golden State Warriors,Sports,,
6028,12024,Joe Lau,,,,,,,,,,,,,,,,,,United States,person.public,USD-networth,"$1,800,000,000",,,12024.03,11962,,B.lion,,,,64,teacher,,,,,,,"Blockchain, technology",Technology,,
6029,12024,Louise Lindh,,,,,,,,,,,,,,,,,,Sweden,person.public,USD-networth,"$1,800,000,000",,,12024.03,11957,,B.lion,,,,69,teacher,,,,,,,Investments,Diversified,,
6030,12024,Luo Yangyong,,,,,,,,,,,,,,,,,,China,person.public,USD-networth,"$1,800,000,000",,,12024.03,11978,,B.lion,,,,48,householder,,,,,,,Mining,Metals & Mining,,
6031,12024,Joao Roberto Marinho,,,,,,,,,,,,,,,,,,Brazil,person.public,USD-networth,"$1,800,000,000",,,12024.03,11971,,B.lion,,,,55,teacher,,,,,,,Media,Media & Entertainment,,
6032,12024,Jose Roberto Marinho,,,,,,,,,,,,,,,,,,Brazil,person.public,USD-networth,"$1,800,000,000",,,12024.03,11955,,B.lion,,,,71,teacher,,,,,,,Media,Media & Entertainment,,
6033,12024,Roberto Irineu Marinho,,,,,,,,,,,,,,,,,,Brazil,person.public,USD-networth,"$1,800,000,000",,,12024.03,11989,,B.lion,,,,37,householder,,,,,,,Media,Media & Entertainment,,
6034,12024,Gary Michelson,,,,,,,,,,,,,,,,,,United States,person.public,USD-networth,"$1,800,000,000",,,12024.03,11962,,B.lion,,,,64,teacher,,,,,,,Medical patents,Healthcare,,
6035,12024,Robert G. Miller,,,,,,,,,,,,,,,,,,Canada,person.public,USD-networth,"$1,800,000,000",,,12024.03,11973,,B.lion,,,,53,teacher,,,,,,,Electronics components,Technology,,
6036,12024,David Mindus,XY,,,,,,,,,,,,,,,,,Sweden,person.public,USD-networth,"$1,800,000,000",,,12024.03,11949,,B.lion,,,,77,advisor,,,,,,,Real estate,Real Estate,,
6037,12024,Adriaan Mol,,,,,,,,,,,,,,,,,,Netherlands,person.public,USD-networth,"$1,800,000,000",,,12024.03,11952,,B.lion,,,,74,advisor,,,,,,,Fintech,Technology,,
6038,12024,Mofatraj Munot,,,,,,,,,,,,,,,,,,India,person.public,USD-networth,"$1,800,000,000",,,12024.03,11968,,B.lion,,,,58,teacher,,,,,,,Real estate,Real Estate,,
6039,12024,Ezra Nahmad,,,,,,,,,,,,,,,,,,Monaco,person.public,USD-networth,"$1,800,000,000",,,12024.03,11972,,B.lion,,,,54,teacher,,,,,,,Art,Finance & Investments,,
6040,12024,Satyanarayan Nuwal,,,,,,,,,,,,,,,,,,India,person.public,USD-networth,"$1,800,000,000",,,12024.03,11974,,B.lion,,,,52,teacher,,,,,,,Industrial explosives,Manufacturing,,
6041,12024,Maike Oberwelland-Height,XX,Klaus Oberwelland,,,,,,Germany,,inherited an empire,,,Modern-German,,,,,Germany,person.public,USD-networth,"$1,800,000,000",,,12024.03,11942,,B.lion,,,,84,advisor,,,,,,,Candy,Food & Beverage,"great-grandfather, August Storck founded the business in the Westphalia town of Werther in 1903.",
6042,12024,Nihat Ozdemir,,,,,,,,,,,,,,,,,,Turkey,person.public,USD-networth,"$1,800,000,000",,,12024.03,11964,,B.lion,,,,62,teacher,,,,,,,Diversified,Diversified,,
6043,12024,Benjamin Zhengmin Pan,,,,,,,,,,,,,,,,,,China,person.public,USD-networth,"$1,800,000,000",,,12024.03,11954,,B.lion,,,,72,teacher,,,,,,,Electronics,Technology,,
6044,12024,Pierre Karl Péladeau,,,,,,,,,,,,,,,,,,Canada,person.public,USD-networth,"$1,800,000,000",,,12024.03,11957,,B.lion,,,,69,teacher,,,,,,,Media,Media & Entertainment,,
6045,12024,Ronald Perelman,,,,,,,,,,,,,,,,,,United States,person.public,USD-networth,"$1,800,000,000",,,12024.03,11973,,B.lion,,,,53,teacher,,,,,,,Leveraged buyouts,Finance & Investments,,
6046,12024,Olivier Pomel,,,,,,,,,,,,,,,,,,France,person.public,USD-networth,"$1,800,000,000",,,12024.03,11939,,B.lion,,,,87,advisor,,,,,,,Cloud computing,Technology,,
6047,12024,Krit Ratanarak,,,,,,,,,,,,,,,,,,Thailand,person.public,USD-networth,"$1,800,000,000",,,12024.03,11967,,B.lion,,,,59,teacher,,,,,,,"Media, real estate",Media & Entertainment,,
6048,12024,Vinod Saraf,,,,,,,,,,,,,,,,,,India,person.public,USD-networth,"$1,800,000,000",,,12024.03,11974,,B.lion,,,,52,teacher,,,,,,,Chemicals,Manufacturing,,
6049,12024,Karin Schick,XX,Gerhard Schick,,,,,,,,inherited an empire stake,,,Modern-German,,,,,Germany,person.public,USD-networth,"$1,800,000,000",,,12024.03,11947,12018,B.lion,,,,79,advisor,,,,,,,Information technology,Technology,"inherited a stake in Bechtle AG from her father, Gerhard, who co-founded the IT company in Heilbronn, Germany in 1983.
Bechtle covers the IT landscape, ranging from expert strategy advice to managed services that can take over complete operation of a company's systems.",
6050,12024,Anatoly Sedykh,,,,,,,,,,,,,,,,,,Russia,person.public,USD-networth,"$1,800,000,000",,,12024.03,11963,,B.lion,,,,63,teacher,,,,,,,Steel pipes,Metals & Mining,,
6051,12024,Shao Genhuo,,,,,,,,,,,,,,,,,,China,person.public,USD-networth,"$1,800,000,000",,,12024.03,11945,,B.lion,,,,81,advisor,,,,,,,Agribusiness,Food & Beverage,,
6052,12024,Shen Xiqiang,,,,,,,,,,,,,,,,,,China,person.public,USD-networth,"$1,800,000,000",,,12024.03,11941,,B.lion,,,,85,advisor,,,,,,,Chemical,Energy,,
6053,12024,S.D. Shibulal,,,,,,,,,,,,,,,,,,India,person.public,USD-networth,"$1,800,000,000",,,12024.03,11971,,B.lion,,,,55,teacher,,,,,,,Software services,Technology,,
6054,12024,Suh Kyung-bae,,,,,,,,,,,,,,,,,,South Korea,person.public,USD-networth,"$1,800,000,000",,,12024.03,11971,,B.lion,,,,55,teacher,,,,,,,Cosmetics,Fashion & Retail,,
6055,12024,Bambang Sutantio,,,,,,,,,,,,,,,,,,Indonesia,person.public,USD-networth,"$1,800,000,000",,,12024.03,11977,,B.lion,,,,49,teacher,,,,,,,Dairy & consumer products,Food & Beverage,,
6056,12024,Sze Man Bok,,,,,,,,,,,,,,,,,,China,person.public,USD-networth,"$1,800,000,000",,,12024.03,11950,,B.lion,,,,76,advisor,,,,,,,Hygiene products,Manufacturing,,
6057,12024,Jim Thompson,,,,,,,,,,,,,,,,,,United Kingdom,person.public,USD-networth,"$1,800,000,000",,,12024.03,11949,,B.lion,,,,77,advisor,,,,,,,Logistics,Logistics,,
6058,12024,Tran Dinh Long,,,,,,,,,,,,,,,,,,Vietnam,person.public,USD-networth,"$1,800,000,000",,,12024.03,11943,,B.lion,,,,83,advisor,,,,,,,Steel,Manufacturing,,
6059,12024,Alan Trefler,,,,,,,,,,,,,,,,,,United States,person.public,USD-networth,"$1,800,000,000",,,12024.03,11956,,B.lion,,,,70,teacher,,,,,,,Software,Technology,,
6060,12024,Riaz Valani,,,,,,,,,,,,,,,,,,United States,person.public,USD-networth,"$1,800,000,000",,,12024.03,11957,,B.lion,,,,69,teacher,,,,,,,E-cigarettes,Finance & Investments,,
6061,12024,Pieter van der Does,,,,,,,,,,,,,,,,,,Netherlands,person.public,USD-networth,"$1,800,000,000",,,12024.03,11951,,B.lion,,,,75,advisor,,,,,,,Payments software,Technology,,
6062,12024,Martin Viessmann,,,,,,,,,,,,,,,,,,Germany,person.public,USD-networth,"$1,800,000,000",,,12024.03,11941,,B.lion,,,,85,advisor,,,,,,,Heating and cooling equipment,Manufacturing,,
6063,12024,Nikil Viswanathan,,,,,,,,,,,,,,,,,,United States,person.public,USD-networth,"$1,800,000,000",,,12024.03,11975,,B.lion,,,,51,teacher,,,,,,,Blockchain technology,Technology,,
6064,12024,Todd Wagner,,,,,,,,,,,,,,,,,,United States,person.public,USD-networth,"$1,800,000,000",,,12024.03,11951,,B.lion,,,,75,advisor,,,,,,,Online media,Media & Entertainment,,
6065,12024,Evan Williams,,,,,,,,,,,,,,,,,,United States,person.public,USD-networth,"$1,800,000,000",,,12024.03,11958,,B.lion,,,,68,teacher,,,,,,,Twitter,Technology,,
6066,12024,Kie Chie Wong,,,,,,,,,,,,,,,,,,Malaysia,person.public,USD-networth,"$1,800,000,000",,,12024.03,11960,,B.lion,,,,66,teacher,,,,,,,Investments,Metals & Mining,,
6067,12024,Thomas Wu,,,,,,,,,,,,,,,,,,Taiwan,person.public,USD-networth,"$1,800,000,000",,,12024.03,11956,,B.lion,,,,70,teacher,,,,,,,Finance,Finance & Investments,,
6068,12024,Wu Yingming,,,,,,,,,,,,,,,,,,China,person.public,USD-networth,"$1,800,000,000",,,12024.03,11934,,B.lion,,,,92,phantasim,,,,,,,Batteries,Energy,,
6069,12024,Amy Wyss,,,,,,,,,,,,,,,,,,United States,person.public,USD-networth,"$1,800,000,000",,,12024.03,11953,,B.lion,,,,73,advisor,,,,,,,Medical equipment,Healthcare,,
6070,12024,Yan Zhi,,,,,,,,,,,,,,,,,,China,person.public,USD-networth,"$1,800,000,000",,,12024.03,11952,,B.lion,,,,74,advisor,,,,,,,Real estate,Real Estate,,
6071,12024,Yoshiaki Yoshida,,,,,,,,,,,,,,,,,,Japan,person.public,USD-networth,"$1,800,000,000",,,12024.03,11972,,B.lion,,,,54,teacher,,,,,,,cosmetics,Fashion & Retail,,
6072,12024,Alan Zekelman,,,,,,,,,,,,,,,,,,Canada,person.public,USD-networth,"$1,800,000,000",,,12024.03,11962,,B.lion,,,,64,teacher,,,,,,,Steel,Manufacturing,,
6073,12024,Zhang Li,,,,,,,,,,,,,,,,,,China,person.public,USD-networth,"$1,800,000,000",,,12024.03,12003,,B.lion,,,,23,student,,,,,,,Real estate,Real Estate,,
6175,12024,Amy Adams Strunk,,,,,,,,,,,,,,,,,,United States,person.public,USD-networth,"$1,700,000,000",,,12024.03,12005,,B.lion,,,,21,student,,,,,,,Tennessee Titans,Sports,,
6176,12024,Marc Andreessen,,,,,,,,,,,,,,,,,,United States,person.public,USD-networth,"$1,700,000,000",,,12024.03,11965,,B.lion,,,,61,teacher,,,,,,,Venture capital investing,Finance & Investments,,
6177,12024,Giovanni Arvedi,,,,,,,,,,,,,,,,,,Italy,person.public,USD-networth,"$1,700,000,000",,,12024.03,11987,,B.lion,,,,39,householder,,,,,,,Steel,Metals & Mining,,
6178,12024,Lesley Bamberger,,,,,,,,,,,,,,,,,,Netherlands,person.public,USD-networth,"$1,700,000,000",,,12024.03,11982,,B.lion,,,,44,householder,,,,,,,Real estate,Real Estate,,
6179,12024,Bang Si-hyuk,,,,,,,,,,,,,,,,,,South Korea,person.public,USD-networth,"$1,700,000,000",,,12024.03,11971,,B.lion,,,,55,teacher,,,,,,,Entertainment,Media & Entertainment,,
6180,12024,David Booth,XY,,,,,,,,,,,,,,,,,United States,person.public,USD-networth,"$1,700,000,000",,,12024.03,11937,,B.lion,,,,89,advisor,,,,,,,Mutual funds,Finance & Investments,,
6181,12024,Jim Breyer,,,,,,,,,,,,,,,,,,United States,person.public,USD-networth,"$1,700,000,000",,,12024.03,11976,,B.lion,,,,50,teacher,,,,,,,Venture capital,Technology,,
6182,12024,Chen Kaichen,XY,,,,,,,China,,co-founded a company,,,Traditional Chinese,,,,,China,person.public,USD-networth,"$1,700,000,000",,,12024.03,11954,12021,B.lion,,,,72,teacher,,,,,,,Household chemicals,Manufacturing,"Chen Kaixuan is vice chairman of Guangzhou-headquartered Liby Group, a supplier of washing detergents and soap.
Chen co-founded Liby in 1994 with his brother Chen Kaixuan, who is also a billionaire.
His daughter Danxia chairs Cheerwin Group, a Hong Kong-listed consumer and pet products company invested by Chen Kaixuan.",
6183,12024,Kommer Damen,,,,,,,,,,,,,,,,,,Netherlands,person.public,USD-networth,"$1,700,000,000",,,12024.03,11946,,B.lion,,,,80,advisor,,,,,,,Shipbuilding,Manufacturing,,
6184,12024,Carl DeSantis,,,,,,,,,,,,,,,,,,United States,person.public,USD-networth,"$1,700,000,000",,,12024.03,11970,,B.lion,,,,56,teacher,,,,,,,Energy drink,Food & Beverage,,
6185,12024,Marek Dospiva,,,,,,,,,,,,,,,,,,Czech Republic,person.public,USD-networth,"$1,700,000,000",,,12024.03,11965,,B.lion,,,,61,teacher,,,,,,,Investments,Finance & Investments,,
6186,12024,Keith Dunleavy,,,,,,,,,,,,,,,,,,United States,person.public,USD-networth,"$1,700,000,000",,,12024.03,11970,,B.lion,,,,56,teacher,,,,,,,Health IT,Healthcare,,
6187,12024,John Elkann,XY,,,,,,,,,,,,,,,,,Italy,person.public,USD-networth,"$1,700,000,000",,,12024.03,11994,,B.lion,,,,32,householder,,,,,,,"FIAT, investments",Finance & Investments,,
6188,12024,Francois Feuillet,,,,,,,,,,,,,,,,,,France,person.public,USD-networth,"$1,700,000,000",,,12024.03,11939,,B.lion,,,,87,advisor,,,,,,,"Motorhomes, RVs",Automotive,,
6189,12024,Yasuhiro Fukushima,,,,,,,,,,,,,,,,,,Japan,person.public,USD-networth,"$1,700,000,000",,,12024.03,11977,,B.lion,,,,49,teacher,,,,,,,Video games,Media & Entertainment,,
6190,12024,Mario Gabelli,,,,,,,,,,,,,,,,,,United States,person.public,USD-networth,"$1,700,000,000",,,12024.03,11964,,B.lion,,,,62,teacher,,,,,,,Money management,Finance & Investments,,
6191,12024,Rolf Gerling,,,,,,,,,,,,,,,,,,Germany,person.public,USD-networth,"$1,700,000,000",,,12024.03,11950,,B.lion,,,,76,advisor,,,,,,,Insurance,Finance & Investments,,
6192,12024,John Goff,XY,,,,,,,,,,,,,,,,,United States,person.public,USD-networth,"$1,700,000,000",,,12024.03,11951,,B.lion,,,,75,advisor,,,,,,,Real estate,Real Estate,,
6193,12024,Alexandre Grendene Bartelle,,,,,,,,,,,,,,,,,,Brazil,person.public,USD-networth,"$1,700,000,000",,,12024.03,11949,,B.lion,,,,77,advisor,,,,,,,Shoes,Fashion & Retail,,
6194,12024,Gerry Harvey,,,,,,,,,,,,,,,,,,Australia,person.public,USD-networth,"$1,700,000,000",,,12024.03,11968,,B.lion,,,,58,teacher,,,,,,,Retail,Fashion & Retail,,
6195,12024,He Zhaoxi,,,,,,,,,,,,,,,,,,China,person.public,USD-networth,"$1,700,000,000",,,12024.03,11951,,B.lion,,,,75,advisor,,,,,,,Software,Technology,,
6196,12024,William Heinecke,,,,,,,,,,,,,,,,,,Thailand,person.public,USD-networth,"$1,700,000,000",,,12024.03,11965,,B.lion,,,,61,teacher,,,,,,,Hotels,Real Estate,,
6197,12024,Jay Hennick,,,,,,,,,,,,,,,,,,Canada,person.public,USD-networth,"$1,700,000,000",,,12024.03,11964,,B.lion,,,,62,teacher,,,,,,,Real estate finance,Finance & Investments,,
6198,12024,Ilkka Herlin,,,,,,,,,,,,,,,,,,Finland,person.public,USD-networth,"$1,700,000,000",,,12024.03,11961,,B.lion,,,,65,teacher,,,,,,,"Elevators, escalators",Manufacturing,,
6199,12024,Asok Kumar Hiranandani,,,,,,,,,,,,,,,,,,Singapore,person.public,USD-networth,"$1,700,000,000",,,12024.03,11948,,B.lion,,,,78,advisor,,,,,,,Real estate,Real Estate,,
6200,12024,Hal Jackman,,,,,,,,,,,,,,,,,,Canada,person.public,USD-networth,"$1,700,000,000",,,12024.03,11937,,B.lion,,,,89,advisor,,,,,,,"Insurance, investments",Finance & Investments,,
6201,12024,Pavan Jain,,,,,,,,,,,,,,,,,,India,person.public,USD-networth,"$1,700,000,000",,,12024.03,11957,,B.lion,,,,69,teacher,,,,,,,Chemicals,Manufacturing,,
6202,12024,Keeree Kanjanapas,,,,,,,,,,,,,,,,,,Thailand,person.public,USD-networth,"$1,700,000,000",,,12024.03,11960,,B.lion,,,,66,teacher,,,,,,,Transportation,Real Estate,,
6203,12024,Osman Kibar,,,,,,,,,,,,,,,,,,United States,person.public,USD-networth,"$1,700,000,000",,,12024.03,11966,,B.lion,,,,60,teacher,,,,,,,Biotech,Healthcare,,
6204,12024,Kim Chang-soo,,,,,,,,,,,,,,,,,,South Korea,person.public,USD-networth,"$1,700,000,000",,,12024.03,11935,,B.lion,,,,91,phantasim,,,,,,,Apparel,Fashion & Retail,,
6205,12024,Kim Jung-min,,,,,,,,,,,,,,,,,,South Korea,person.public,USD-networth,"$1,700,000,000",,,12024.03,11971,,B.lion,,,,55,teacher,,,,,,,Online gaming,Media & Entertainment,,
6206,12024,Kim Jung-youn,,,,,,,,,,,,,,,,,,South Korea,person.public,USD-networth,"$1,700,000,000",,,12024.03,11949,,B.lion,,,,77,advisor,,,,,,,Online gaming,Media & Entertainment,,
6207,12024,Mustafa Kucuk,,,,,,,,,,,,,,,,,,Turkey,person.public,USD-networth,"$1,700,000,000",,,12024.03,11955,,B.lion,,,,71,teacher,,,,,,,Fashion retail,Fashion & Retail,,
6208,12024,Christopher Kwok,,,,,,,,,,,,,,,,,,Hong Kong,person.public,USD-networth,"$1,700,000,000",,,12024.03,11961,,B.lion,,,,65,teacher,,,,,,,Real estate,Real Estate,,
6209,12024,Edward Kwok,,,,,,,,,,,,,,,,,,Hong Kong,person.public,USD-networth,"$1,700,000,000",,,12024.03,11942,,B.lion,,,,84,advisor,,,,,,,Real estate,Real Estate,,
6210,12024,Lai Jianfa,,,,,,,,,,,,,,,,,,China,person.public,USD-networth,"$1,700,000,000",,,12024.03,11965,,B.lion,,,,61,teacher,,,,,,,Express delivery,Logistics,,
6211,12024,Lau Cho Kun,,,,,,,,,,,,,,,,,,Malaysia,person.public,USD-networth,"$1,700,000,000",,,12024.03,11952,,B.lion,,,,74,advisor,,,,,,,"Palm oil, property",Diversified,,
6212,12024,Alexis Lê-Quôc,,,,,,,,,,,,,,,,,,United States,person.public,USD-networth,"$1,700,000,000",,,12024.03,11948,,B.lion,,,,78,advisor,,,,,,,Cloud computing,Technology,,
6213,12024,Lei Jufang,,,,,,,,,,,,,,,,,,China,person.public,USD-networth,"$1,700,000,000",,,12024.03,11944,,B.lion,,,,82,advisor,,,,,,,Pharmaceuticals,Healthcare,,
6214,12024,James Leininger,,,,,,,,,,,,,,,,,,United States,person.public,USD-networth,"$1,700,000,000",,,12024.03,11975,,B.lion,,,,51,teacher,,,,,,,Medical products,Healthcare,,
6215,12024,Li Xuhui,,,,,,,,,,,,,,,,,,China,person.public,USD-networth,"$1,700,000,000",,,12024.03,11975,,B.lion,,,,51,teacher,,,,,,,Soy sauce,Food & Beverage,,
6216,12024,Jimmy John Liautaud,XY,,,,,,,,,,,,,,,,,United States,person.public,USD-networth,"$1,700,000,000",,,12024.03,11966,,B.lion,,,,60,teacher,,,,,,,Sandwich chain,Food & Beverage,,
6217,12024,Lin Lairong,,,,,,,,,,,,,,,,,,China,person.public,USD-networth,"$1,700,000,000",,,12024.03,11950,,B.lion,,,,76,advisor,,,,,,,Iron ore mining,Metals & Mining,,
6218,12024,Lu Di,XY,,,,,,,China,,,,,Simplified Chinese,,,,,China,person.public,USD-networth,"$1,700,000,000",,,12024.03,11975,12016,B.lion,,,,51,teacher,,,,,,,Drones,Technology,Lu Di was an early investor in Chinese drone maker DJI when it was founded in 2006.,
6219,12024,Palmer Luckey,,,,,,,,,,,,,,,,,,United States,person.public,USD-networth,"$1,700,000,000",,,12024.03,11971,,B.lion,,,,55,teacher,,,,,,,Virtual reality,Technology,,
6220,12024,Duncan MacMillan,,,,,,,,,,,,,,,,,,United States,person.public,USD-networth,"$1,700,000,000",,,12024.03,11965,,B.lion,,,,61,teacher,,,,,,,Bloomberg LP,Finance & Investments,,
6221,12024,Yusaku Maezawa,,,,,,,,,,,,,,,,,,Japan,person.public,USD-networth,"$1,700,000,000",,,12024.03,11964,,B.lion,,,,62,teacher,,,,,,,Online retail,Technology,,
6222,12024,Ilson Mateus,,,,,,,,,,,,,,,,,,Brazil,person.public,USD-networth,"$1,700,000,000",,,12024.03,11964,,B.lion,,,,62,teacher,,,,,,,Supermarkets,Fashion & Retail,,
6223,12024,Meng Qingshan,,,,,,,,,,,,,,,,,,China,person.public,USD-networth,"$1,700,000,000",,,12024.03,11953,,B.lion,,,,73,advisor,,,,,,,Chemicals,Manufacturing,,
6224,12024,Alberto Palatchi,,,,,,,,,,,,,,,,,,Spain,person.public,USD-networth,"$1,700,000,000",,,12024.03,11941,,B.lion,,,,85,advisor,,,,,,,Wedding dresses,Fashion & Retail,,
6225,12024,Mrudula Parekh,,,,,,,,,,,,,,,,,,India,person.public,USD-networth,"$1,700,000,000",,,12024.03,11953,,B.lion,,,,73,advisor,,,,,,,Adhesives,Manufacturing,,
6226,12024,Dragos Paval,,,,,,,,,,,,,,,,,,Romania,person.public,USD-networth,"$1,700,000,000",,,12024.03,11968,,B.lion,,,,58,teacher,,,,,,,Retail,Fashion & Retail,,
6227,12024,Jorge Perez,,,,,,,,,,,,,,,,,,United States,person.public,USD-networth,"$1,700,000,000",,,12024.03,11958,,B.lion,,,,68,teacher,,,,,,,Real estate,Real Estate,,
6228,12024,Dmitry Pumpyansky,,,,,,,,,,,,,,,,,,Russia,person.public,USD-networth,"$1,700,000,000",,,12024.03,11971,,B.lion,,,,55,teacher,,,,,,,Steel pipes,Metals & Mining,,
6229,12024,Ren Jinsheng,,,,,,,,,,,,,,,,,,China,person.public,USD-networth,"$1,700,000,000",,,12024.03,11970,,B.lion,,,,56,teacher,,,,,,,Pharmaceutical,Healthcare,,
6230,12024,Brian Roberts,,,,,,,,,,,,,,,,,,United States,person.public,USD-networth,"$1,700,000,000",,,12024.03,11974,,B.lion,,,,52,teacher,,,,,,,Comcast,Media & Entertainment,,
6231,12024,"Joe Rogers, Jr.",,,,,,,,,,,,,,,,,,United States,person.public,USD-networth,"$1,700,000,000",,,12024.03,11935,,B.lion,,,,91,phantasim,,,,,,,Waffle House,Food & Beverage,,
6232,12024,Ruan Shuilong,,,,,,,,,,,,,,,,,,China,person.public,USD-networth,"$1,700,000,000",,,12024.03,11977,,B.lion,,,,49,teacher,,,,,,,Chemicals,Manufacturing,,
6233,12024,Paul Saville,,,,,,,,,,,,,,,,,,United States,person.public,USD-networth,"$1,700,000,000",,,12024.03,11986,,B.lion,,,,40,householder,,,,,,,Homebuilder,Real Estate,,
6234,12024,Ivan Savvidis,,,,,,,,,,,,,,,,,,Russia,person.public,USD-networth,"$1,700,000,000",,,12024.03,11937,,B.lion,,,,89,advisor,,,,,,,Agribusiness,Diversified,,
6235,12024,Keiichi Shibahara,,,,,,,,,,,,,,,,,,Japan,person.public,USD-networth,"$1,700,000,000",,,12024.03,11962,,B.lion,,,,64,teacher,,,,,,,Healthcare,Healthcare,,
6236,12024,Rajju Shroff,,,,,,,,,,,,,,,,,,India,person.public,USD-networth,"$1,700,000,000",,,12024.03,11969,,B.lion,,,,57,teacher,,,,,,,Agrochemicals,Manufacturing,,
6237,12024,Sun Huaiqing,,,,,,,,,,,,,,,,,,China,person.public,USD-networth,"$1,700,000,000",,,12024.03,11960,,B.lion,,,,66,teacher,,,,,,,Cosmetics,Fashion & Retail,,
6238,12024,Alain Taravella,,,,,,,,,,,,,,,,,,France,person.public,USD-networth,"$1,700,000,000",,,12024.03,11942,,B.lion,,,,84,advisor,,,,,,,Real estate development,Real Estate,,
6239,12024,Jonathan Tisch,,,,,,,,,,,,,,,,,,United States,person.public,USD-networth,"$1,700,000,000",,,12024.03,11959,,B.lion,,,,67,teacher,,,,,,,"Insurance, NFL team",Diversified,,
6240,12024,Kenneth Tuchman,,,,,,,,,,,,,,,,,,United States,person.public,USD-networth,"$1,700,000,000",,,12024.03,11955,,B.lion,,,,71,teacher,,,,,,,Call centers,Service,,
6241,12024,Wang Chou-hsiong,,,,,,,,,,,,,,,,,,Taiwan,person.public,USD-networth,"$1,700,000,000",,,12024.03,11956,,B.lion,,,,70,teacher,,,,,,,Footwear,Manufacturing,,
6242,12024,Wang Minwen,,,,,,,,,,,,,,,,,,China,person.public,USD-networth,"$1,700,000,000",,,12024.03,11957,,B.lion,,,,69,teacher,,,,,,,Semiconductor,Technology,,
6243,12024,Tom Werner,,,,,,,,,,,,,,,,,,United States,person.public,USD-networth,"$1,700,000,000",,,12024.03,11973,,B.lion,,,,53,teacher,,,,,,,Sports teams,Sports,,
6244,12024,Stephen Winn,,,,,,,,,,,,,,,,,,United States,person.public,USD-networth,"$1,700,000,000",,,12024.03,11971,,B.lion,,,,55,teacher,,,,,,,Real estate services,Real Estate,,
6245,12024,Ian Wood,,,,,,,,,,,,,,,,,,United Kingdom,person.public,USD-networth,"$1,700,000,000",,,12024.03,11975,,B.lion,,,,51,teacher,,,,,,,Energy services,Energy,,
6246,12024,Wu Lanlan,,,,,,,,,,,,,,,,,,China,person.public,USD-networth,"$1,700,000,000",,,12024.03,11946,,B.lion,,,,80,advisor,,,,,,,Packaging,Manufacturing,,
6247,12024,Xu Bingzhong,,,,,,,,,,,,,,,,,,China,person.public,USD-networth,"$1,700,000,000",,,12024.03,11950,,B.lion,,,,76,advisor,,,,,,,Bars,Food & Beverage,,
6248,12024,Yang Xuegang,,,,,,,,,,,,,,,,,,China,person.public,USD-networth,"$1,700,000,000",,,12024.03,11970,,B.lion,,,,56,teacher,,,,,,,Coking,Manufacturing,,
6249,12024,Vladimir Yevtushenkov,,,,,,,,,,,,,,,,,,Russia,person.public,USD-networth,"$1,700,000,000",,,12024.03,11979,,B.lion,,,,47,householder,,,,,,,"Telecom, investments",Telecom,,
6250,12024,David Zalik,XY,,,,,,,,,,,,,,,,,United States,person.public,USD-networth,"$1,700,000,000",,,12024.03,11946,,B.lion,,,,80,advisor,,,,,,,Financial technology,Technology,,
6251,12024,Zhang Xiaojuan,,,,,,,,,,,,,,,,,,China,person.public,USD-networth,"$1,700,000,000",,,12024.03,11951,,B.lion,,,,75,advisor,,,,,,,Logistics,Logistics,,
6252,12024,Zheng Xiaodong,,,,,,,,,,,,,,,,,,China,person.public,USD-networth,"$1,700,000,000",,,12024.03,11936,,B.lion,,,,90,advisor,,,,,,,Manufacturing,Manufacturing,,
6253,12024,Zhong Ruonong,,,,,,,,,,,,,,,,,,China,person.public,USD-networth,"$1,700,000,000",,,12024.03,11952,,B.lion,,,,74,advisor,,,,,,,Electronics,Manufacturing,,
6356,12024,Noubar Afeyan,,,,,,,,,,,,,,,,,,United States,person.public,USD-networth,"$1,600,000,000",,,12024.03,11966,,B.lion,,,,60,teacher,,,,,,,Biotech,Healthcare,,
6357,12024,Syed Mokhtar AlBukhary,,,,,,,,,,,,,,,,,,Malaysia,person.public,USD-networth,"$1,600,000,000",,,12024.03,11954,,B.lion,,,,72,teacher,,,,,,,"Engineering, automotive",Construction & Engineering,,
6358,12024,"Herbert Allen, Jr.",,,,,,,,,,,,,,,,,,United States,person.public,USD-networth,"$1,600,000,000",,,12024.03,11935,,B.lion,,,,91,phantasim,,,,,,,Investment banking,Finance & Investments,,
6359,12024,Vasily Anisimov,,,,,,,,,,,,,,,,,,Croatia,person.public,USD-networth,"$1,600,000,000",,,12024.03,11955,,B.lion,,,,71,teacher,,,,,,,Real estate,Metals & Mining,,
6360,12024,Clifford Asness,,,,,,,,,,,,,,,,,,United States,person.public,USD-networth,"$1,600,000,000",,,12024.03,11964,,B.lion,,,,62,teacher,,,,,,,Money management,Finance & Investments,,
6361,12024,Louis Bacon,,,,,,,,,,,,,,,,,,United States,person.public,USD-networth,"$1,600,000,000",,,12024.03,11965,,B.lion,,,,61,teacher,,,,,,,Hedge funds,Finance & Investments,,
6362,12024,Bai Baokun,,,,,,,,,,,,,,,,,,China,person.public,USD-networth,"$1,600,000,000",,,12024.03,11959,,B.lion,,,,67,teacher,,,,,,,Hardware,Manufacturing,,
6363,12024,Alex Birkenstock,,,,,,,,,,,,,,,,,,Germany,person.public,USD-networth,"$1,600,000,000",,,12024.03,11955,,B.lion,,,,71,teacher,,,,,,,Shoes,Fashion & Retail,,
6364,12024,Christian Birkenstock,,,,,,,,,,,,,,,,,,Germany,person.public,USD-networth,"$1,600,000,000",,,12024.03,11942,,B.lion,,,,84,advisor,,,,,,,Shoes,Fashion & Retail,,
6365,12024,Josef Boquoi,,,,,,,,,,,,,,,,,,Germany,person.public,USD-networth,"$1,600,000,000",,,12024.03,11951,,B.lion,,,,75,advisor,,,,,,,Frozen foods,Food & Beverage,,
6366,12024,Cai Huabo,,,,,,,,,,,,,,,,,,China,person.public,USD-networth,"$1,600,000,000",,,12024.03,11948,,B.lion,,,,78,advisor,,,,,,,Electronics,Technology,,
6367,12024,Chen Tianshi,,,,,,,,,,,,,,,,,,China,person.public,USD-networth,"$1,600,000,000",,,12024.03,11950,,B.lion,,,,76,advisor,,,,,,,Semiconductors,Technology,,
6368,12024,Chen Yung-tai,,,,,,,,,,,,,,,,,,Taiwan,person.public,USD-networth,"$1,600,000,000",,,12024.03,11956,,B.lion,,,,70,teacher,,,,,,,Real estate,Real Estate,,
6369,12024,Chey Tae-won,,,,,,,,,,,,,,,,,,South Korea,person.public,USD-networth,"$1,600,000,000",,,12024.03,11954,,B.lion,,,,72,teacher,,,,,,,"Oil, semiconductor",Technology,,
6370,12024,Ivan Chrenko,,,,,,,,,,,,,,,,,,Slovakia,person.public,USD-networth,"$1,600,000,000",,,12024.03,11979,,B.lion,,,,47,householder,,,,,,,Real estate,Real Estate,,
6371,12024,Robert Clark,,,,,,,,,,,,,,,,,,United States,person.public,USD-networth,"$1,600,000,000",,,12024.03,11958,,B.lion,,,,68,teacher,,,,,,,Construction,Construction & Engineering,,
6372,12024,Jack Cockwell,,,,,,,,,,,,,,,,,,Canada,person.public,USD-networth,"$1,600,000,000",,,12024.03,11967,,B.lion,,,,59,teacher,,,,,,,"Real estate, private equity",Finance & Investments,,
6373,12024,Tench Coxe,,,,,,,,,,,,,,,,,,United States,person.public,USD-networth,"$1,600,000,000",,,12024.03,11978,,B.lion,,,,48,householder,,,,,,,Venture capital,Finance & Investments,,
6374,12024,Jim Crane,,,,,,,,,,,,,,,,,,United States,person.public,USD-networth,"$1,600,000,000",,,12024.03,11973,,B.lion,,,,53,teacher,,,,,,,"Logistics, baseball",Sports,,
6375,12024,Norbert Dentressangle,,,,,,,,,,,,,,,,,,France,person.public,USD-networth,"$1,600,000,000",,,12024.03,11949,,B.lion,,,,77,advisor,,,,,,,"Transport, logistics",Logistics,,
6376,12024,Jamie Dimon,,,,,,,,,,,,,,,,,,United States,person.public,USD-networth,"$1,600,000,000",,,12024.03,11944,,B.lion,,,,82,advisor,,,,,,,Banking,Finance & Investments,,
6377,12024,Daniel Dines,,,,,,,,,,,,,,,,,,Romania,person.public,USD-networth,"$1,600,000,000",,,12024.03,11967,,B.lion,,,,59,teacher,,,,,,,Software,Technology,,
6378,12024,Alfredo Egydio Arruda Villela Filho,,,,,,,,,,,,,,,,,,Brazil,person.public,USD-networth,"$1,600,000,000",,,12024.03,11950,,B.lion,,,,76,advisor,,,,,,,Banking,Finance & Investments,,
6379,12024,Gary Fegel,,,,,,,,,,,,,,,,,,Switzerland,person.public,USD-networth,"$1,600,000,000",,,12024.03,11947,,B.lion,,,,79,advisor,,,,,,,"Commodities, investments",Metals & Mining,,
6380,12024,"William Foley, II.",,,,,,,,,,,,,,,,,,United States,person.public,USD-networth,"$1,600,000,000",,,12024.03,11955,,B.lion,,,,71,teacher,,,,,,,Financial services,Finance & Investments,,
6381,12024,Richard Fortin,,,,,,,,,,,,,,,,,,Canada,person.public,USD-networth,"$1,600,000,000",,,12024.03,11958,,B.lion,,,,68,teacher,,,,,,,Convinience stores,Fashion & Retail,,
6382,12024,Gao Yi,,,,,,,,,,,,,,,,,,China,person.public,USD-networth,"$1,600,000,000",,,12024.03,11966,,B.lion,,,,60,teacher,,,,,,,Pharmaceuticals,Healthcare,,
6383,12024,Giammaria Giuliani,,,,,,,,,,,,,,,,,,Switzerland,person.public,USD-networth,"$1,600,000,000",,,12024.03,11961,,B.lion,,,,65,teacher,,,,,,,Pharmaceuticals,Healthcare,,
6384,12024,Bill Gross,XY,,,,,,,,,,,,,,,,,United States,person.public,USD-networth,"$1,600,000,000",,,12024.03,11950,,B.lion,,,,76,advisor,,,,,,,Investments,Finance & Investments,,
6385,12024,Sue Gross,,,,,,,,,,,,,,,,,,United States,person.public,USD-networth,"$1,600,000,000",,,12024.03,11966,,B.lion,,,,60,teacher,,,,,,,Investments,Finance & Investments,,
6386,12024,Irving Grousbeck,,,,,,,,,,,,,,,,,,United States,person.public,USD-networth,"$1,600,000,000",,,12024.03,11970,,B.lion,,,,56,teacher,,,,,,,"Telecommunication, sports",Sports,,
6387,12024,Timothy Headington,,,,,,,,,,,,,,,,,,United States,person.public,USD-networth,"$1,600,000,000",,,12024.03,11980,,B.lion,,,,46,householder,,,,,,,"Oil & gas, investments",Energy,,
6388,12024,Ilona Herlin,,,,,,,,,,,,,,,,,,Finland,person.public,USD-networth,"$1,600,000,000",,,12024.03,11956,,B.lion,,,,70,teacher,,,,,,,"Elevators, escalators",Manufacturing,,
6389,12024,David Hoffmann,XY,,,,,,,,,,,,,,,,,United States,person.public,USD-networth,"$1,600,000,000",,,12024.03,11975,,B.lion,,,,51,teacher,,,,,,,"Executive search, investments",Diversified,,
6390,12024,Stanley Hubbard,,,,,,,,,,,,,,,,,,United States,person.public,USD-networth,"$1,600,000,000",,,12024.03,11969,,B.lion,,,,57,teacher,,,,,,,DirecTV,Media & Entertainment,,
6391,12024,Hui Lin Chit,,,,,,,,,,,,,,,,,,China,person.public,USD-networth,"$1,600,000,000",,,12024.03,11965,,B.lion,,,,61,teacher,,,,,,,Hygiene products,Manufacturing,,
6392,12024,Tianjiang Jia,,,,,,,,,,,,,,,,,,China,person.public,USD-networth,"$1,600,000,000",,,12024.03,11980,,B.lion,,,,46,householder,,,,,,,Non-ferrous metals,Metals & Mining,,
6393,12024,Zhaobai Jiang,,,,,,,,,,,,,,,,,,China,person.public,USD-networth,"$1,600,000,000",,,12024.03,11963,,B.lion,,,,63,teacher,,,,,,,Real estate,Real Estate,,
6394,12024,Sergei Katsiev,,,,,,,,,,,,,,,,,,Russia,person.public,USD-networth,"$1,600,000,000",,,12024.03,11961,,B.lion,,,,65,teacher,,,,,,,"Retail, wholesale",Fashion & Retail,,
6395,12024,Kim Jae-young,XY,,,,,,,South Korea,,,,,ko-KR_Modern-Korean,,,,,South Korea,person.public,USD-networth,"$1,600,000,000",,,12024.03,11952,,B.lion,,,,74,advisor,,,,,,,Online games,Media & Entertainment,"Kim Jae-young is the founder, chairman and CEO of online game developer Lionheart Studio.
He set up the firm in 2018 with investments from South Korea's Kakao Games and Wemade, a pioneer of blockchain-based games.
Lionheart has created Odin, one of the country's most popular mobile games.
Kim also cofounded online game company Action Square in 2012, which went public in 2015.",
6396,12024,Randal J. Kirk,,,,,,,,,,,,,,,,,,United States,person.public,USD-networth,"$1,600,000,000",,,12024.03,11950,,B.lion,,,,76,advisor,,,,,,,Pharmaceuticals,Healthcare,,
6397,12024,William Koch,,,,,,,,,,,,,,,,,,United States,person.public,USD-networth,"$1,600,000,000",,,12024.03,11967,,B.lion,,,,59,teacher,,,,,,,"Oil, investments",Energy,,
6398,12024,Pyotr Kondrashev,,,,,,,,,,,,,,,,,,Russia,person.public,USD-networth,"$1,600,000,000",,,12024.03,11957,,B.lion,,,,69,teacher,,,,,,,Investments,Manufacturing,,
6399,12024,Eiichi Kuriwada,,,,,,,,,,,,,,,,,,Japan,person.public,USD-networth,"$1,600,000,000",,,12024.03,11973,,B.lion,,,,53,teacher,,,,,,,Package delivery,Logistics,,
6400,12024,Robert Langer,,,,,,,,,,,,,,,,,,United States,person.public,USD-networth,"$1,600,000,000",,,12024.03,11954,,B.lion,,,,72,teacher,,,,,,,Biotech,Healthcare,,
6401,12024,Anthony Langley,,,,,,,,,,,,,,,,,,United Kingdom,person.public,USD-networth,"$1,600,000,000",,,12024.03,11967,,B.lion,,,,59,teacher,,,,,,,Manufacturing,Diversified,,
6402,12024,Marianna Latsis,,,,,,,,,,,,,,,,,,Greece,person.public,USD-networth,"$1,600,000,000",,,12024.03,11988,,B.lion,,,,38,householder,,,,,,,"Banking, shipping",Diversified,,
6403,12024,Lee Yeow Seng,,,,,,,,,,,,,,,,,,Malaysia,person.public,USD-networth,"$1,600,000,000",,,12024.03,11957,,B.lion,,,,69,teacher,,,,,,,"Palm oil, property",Real Estate,,
6404,12024,Li Sze Lim,,,,,,,,,,,,,,,,,,Hong Kong,person.public,USD-networth,"$1,600,000,000",,,12024.03,11958,,B.lion,,,,68,teacher,,,,,,,Real estate,Real Estate,,
6405,12024,Li Wa,,,,,,,,,,,,,,,,,,Hong Kong,person.public,USD-networth,"$1,600,000,000",,,12024.03,11942,,B.lion,,,,84,advisor,,,,,,,Real estate,Real Estate,,
6406,12024,Li Weiwei,,,,,,,,,,,,,,,,,,China,person.public,USD-networth,"$1,600,000,000",,,12024.03,11948,,B.lion,,,,78,advisor,,,,,,,Online games,Technology,,
6407,12024,Liang Qin,,,,,,,,,,,,,,,,,,China,person.public,USD-networth,"$1,600,000,000",,,12024.03,11939,,B.lion,,,,87,advisor,,,,,,,Semiconductor devices,Technology,,
6408,12024,Vincent Lo,,,,,,,,,,,,,,,,,,Hong Kong,person.public,USD-networth,"$1,600,000,000",,,12024.03,11967,,B.lion,,,,59,teacher,,,,,,,Real estate,Real Estate,,
6409,12024,Terence (Terry) Matthews,,,,,,,,,,,,,,,,,,Canada,person.public,USD-networth,"$1,600,000,000",,,12024.03,11966,,B.lion,,,,60,teacher,,,,,,,Telecom,Telecom,,
6410,12024,Jim McKelvey,,,,,,,,,,,,,,,,,,United States,person.public,USD-networth,"$1,600,000,000",,,12024.03,11971,,B.lion,,,,55,teacher,,,,,,,Mobile payments,Technology,,
6411,12024,P.N.C. Menon,,,,,,,,,,,,,,,,,,Oman,person.public,USD-networth,"$1,600,000,000",,,12024.03,11975,,B.lion,,,,51,teacher,,,,,,,Real estate,Real Estate,,
6412,12024,Massimo Moratti,,,,,,,,,,,,,,,,,,Italy,person.public,USD-networth,"$1,600,000,000",,,12024.03,11965,,B.lion,,,,61,teacher,,,,,,,Oil refinery,Energy,,
6413,12024,Liora Ofer,,,,,,,,,,,,,,,,,,Israel,person.public,USD-networth,"$1,600,000,000",,,12024.03,11960,,B.lion,,,,66,teacher,,,,,,,Investments,Finance & Investments,,
6414,12024,Stefan Pierer,,,,,,,,,,,,,,,,,,Austria,person.public,USD-networth,"$1,600,000,000",,,12024.03,11961,,B.lion,,,,65,teacher,,,,,,,Automotive,Automotive,,
6415,12024,Andreas Pohl,,,,,,,,,,,,,,,,,,Germany,person.public,USD-networth,"$1,600,000,000",,,12024.03,11984,,B.lion,,,,42,householder,,,,,,,Mutual funds,Finance & Investments,,
6416,12024,"Reinfried Pohl, Jr.",,,,,,,,,,,,,,,,,,Germany,person.public,USD-networth,"$1,600,000,000",,,12024.03,11972,,B.lion,,,,54,teacher,,,,,,,Mutual funds,Finance & Investments,,
6417,12024,Michael Polsky,XY,,,,,,,,,,,,,,,,,United States,person.public,USD-networth,"$1,600,000,000",,,12024.03,11962,,B.lion,,,,64,teacher,,,,,,,Electric power,Energy,,
6418,12024,Francisco Jose Riberas Mera,,,,,,,,,,,,,,,,,,Spain,person.public,USD-networth,"$1,600,000,000",,,12024.03,11969,,B.lion,,,,57,teacher,,,,,,,"Steel, autoparts",Manufacturing,,
6419,12024,Juan Maria Riberas Mera,,,,,,,,,,,,,,,,,,Spain,person.public,USD-networth,"$1,600,000,000",,,12024.03,11976,,B.lion,,,,50,teacher,,,,,,,"Steel, investments",Metals & Mining,,
6420,12024,Andres Santo Domingo,,,,,,,,,,,,,,,,,,United States,person.public,USD-networth,"$1,600,000,000",,,12024.03,11949,,B.lion,,,,77,advisor,,,,,,,Beer,Food & Beverage,,
6421,12024,Sathien Sathientham,,,,,,,,,,,,,,,,,,Thailand,person.public,USD-networth,"$1,600,000,000",,,12024.03,11966,,B.lion,,,,60,teacher,,,,,,,energy drinks,Food & Beverage,,
6422,12024,Shang Xiaobo,,,,,,,,,,,,,,,,,,China,person.public,USD-networth,"$1,600,000,000",,,12024.03,11972,,B.lion,,,,54,teacher,,,,,,,Manufacturing,Manufacturing,,
6423,12024,Yuri Shefler,,,,,,,,,,,,,,,,,,Russia,person.public,USD-networth,"$1,600,000,000",,,12024.03,11942,,B.lion,,,,84,advisor,,,,,,,Alcohol,Food & Beverage,,
6424,12024,Evgeny (Eugene) Shvidler,,,,,,,,,,,,,,,,,,United States,person.public,USD-networth,"$1,600,000,000",,,12024.03,11962,,B.lion,,,,64,teacher,,,,,,,"Metals, investments",Metals & Mining,,
6425,12024,Ryan Smith,,,,,,,,,,,,,,,,,,United States,person.public,USD-networth,"$1,600,000,000",,,12024.03,11956,,B.lion,,,,70,teacher,,,,,,,Cloud computing,Technology,,
6426,12024,Zakhar Smushkin,,,,,,,,,,,,,,,,,,Russia,person.public,USD-networth,"$1,600,000,000",,,12024.03,11963,,B.lion,,,,63,teacher,,,,,,,"Pulp and paper, diversified",Diversified,,
6427,12024,Peter Sperling,,,,,,,,,,,,,,,,,,United States,person.public,USD-networth,"$1,600,000,000",,,12024.03,11998,,B.lion,,,,28,householder,,,,,,,Education,Service,,
6428,12024,Laurie Tisch,,,,,,,,,,,,,,,,,,United States,person.public,USD-networth,"$1,600,000,000",,,12024.03,11997,,B.lion,,,,29,householder,,,,,,,"Insurance, NFL team",Diversified,,
6429,12024,Steven Tisch,XY,,,,,,,,,,,,,,,,,United States,person.public,USD-networth,"$1,600,000,000",,,12024.03,11956,,B.lion,,,,70,teacher,,,,,,,Insurance,Diversified,,
6430,12024,Michael Tojner,XY,,,,,,,,,,,,,,,,,Austria,person.public,USD-networth,"$1,600,000,000",,,12024.03,11954,,B.lion,,,,72,teacher,,,,,,,"Batteries, investments",Manufacturing,,
6431,12024,August Troendle,,,,,,,,,,,,,,,,,,United States,person.public,USD-networth,"$1,600,000,000",,,12024.03,11971,,B.lion,,,,55,teacher,,,,,,,Pharmaceutical services,Healthcare,,
6432,12024,Tseng Sing-ai,XX,,,,,,,Taiwan,,,,,zh-TN,,,,,Taiwan,person.public,USD-networth,"$1,600,000,000",,,12024.03,11945,12019,B.lion,,,,81,advisor,,,,,,,Petrochemicals,Manufacturing,"Tseng Sing-ai inherited her Chang Chun Group stake from her father, Tseng Shin-yi, who died in 2016.
Shin-yi co-founded the business in 1949 with classmates M.K. Liao and Lin Shu-Hong.
Chang Chun is now one of Asia's largest petrochemicals-and-plastics manufacturers, with plants in Taiwan, China and Southeast Asia.",
6433,12024,Sekar Vembu,,,,,,,,,,,,,,,,,,India,person.public,USD-networth,"$1,600,000,000",,,12024.03,11945,,B.lion,,,,81,advisor,,,,,,,Business software,Technology,,
6434,12024,Chris Wallin,,,,,,,,,,,,,,,,,,Australia,person.public,USD-networth,"$1,600,000,000",,,12024.03,11939,,B.lion,,,,87,advisor,,,,,,,Mining,Energy,,
6435,12024,Wang Changtian,,,,,,,,,,,,,,,,,,China,person.public,USD-networth,"$1,600,000,000",,,12024.03,11978,,B.lion,,,,48,householder,,,,,,,"TV, movie production",Media & Entertainment,,
6436,12024,Wang Ning,,,,,,,,,,,,,,,,,,China,person.public,USD-networth,"$1,600,000,000",,,12024.03,11959,,B.lion,,,,67,teacher,,,,,,,Toys,Media & Entertainment,,
6437,12024,Scott Watterson,,,,,,,,,,,,,,,,,,United States,person.public,USD-networth,"$1,600,000,000",,,12024.03,11963,,B.lion,,,,63,teacher,,,,,,,Fitness equipment,Technology,,
6438,12024,Dan Wilks,,,,,,,,,,,,,,,,,,United States,person.public,USD-networth,"$1,600,000,000",,,12024.03,11956,,B.lion,,,,70,teacher,,,,,,,Natural gas,Energy,,
6439,12024,Alan Wilson,,,,,,,,,,,,,,,,,,Australia,person.public,USD-networth,"$1,600,000,000",,,12024.03,11964,,B.lion,,,,62,teacher,,,,,,,Retailing,Fashion & Retail,,
6440,12024,Bruce Wilson,,,,,,,,,,,,,,,,,,Australia,person.public,USD-networth,"$1,600,000,000",,,12024.03,11954,,B.lion,,,,72,teacher,,,,,,,Retailing,Fashion & Retail,,
6441,12024,John Wilson,XY,,,,,,,,,,,,,,,,,Australia,person.public,USD-networth,"$1,600,000,000",,,12024.03,11975,,B.lion,,,,51,teacher,,,,,,,Retailing,Fashion & Retail,,
6442,12024,Anthony Wood,,,,,,,,,,,,,,,,,,United States,person.public,USD-networth,"$1,600,000,000",,,12024.03,11969,,B.lion,,,,57,teacher,,,,,,,Roku,Technology,,
6443,12024,Wu Ying,,,,,,,,,,,,,,,,,,China,person.public,USD-networth,"$1,600,000,000",,,12024.03,11954,,B.lion,,,,72,teacher,,,,,,,Materials,Manufacturing,,
6444,12024,Wu Yulan,,,,,,,,,,,,,,,,,,China,person.public,USD-networth,"$1,600,000,000",,,12024.03,11977,,B.lion,,,,49,teacher,,,,,,,Pharmaceuticals,Healthcare,,
6445,12024,Wu Zhongyi,,,,,,,,,,,,,,,,,,China,person.public,USD-networth,"$1,600,000,000",,,12024.03,11975,,B.lion,,,,51,teacher,,,,,,,electronics,Technology,,
6446,12024,Xiang Guangming,,,,,,,,,,,,,,,,,,China,person.public,USD-networth,"$1,600,000,000",,,12024.03,11964,,B.lion,,,,62,teacher,,,,,,,Waste disposal,Manufacturing,,
6447,12024,Xue Xiangdong,,,,,,,,,,,,,,,,,,China,person.public,USD-networth,"$1,600,000,000",,,12024.03,11930,,B.lion,,,,96,phantasim,,,,,,,Software,Technology,,
6448,12024,George Yancopoulos,,,,,,,,,,,,,,,,,,United States,person.public,USD-networth,"$1,600,000,000",,,12024.03,11955,,B.lion,,,,71,teacher,,,,,,,Pharmaceuticals,Healthcare,,
6449,12024,Steven Meng Yang,XY,,,,,,,,,,,,,,,,,China,person.public,USD-networth,"$1,600,000,000",,,12024.03,11946,,B.lion,,,,80,advisor,,,,,,,Electronics,Technology,,
6450,12024,Ye Fan,,,,,,,,,,,,,,,,,,China,person.public,USD-networth,"$1,600,000,000",,,12024.03,11937,,B.lion,,,,89,advisor,,,,,,,Auto dealerships,Automotive,,
6451,12024,Yi Dasheng,,,,,,,,,,,,,,,,,,China,person.public,USD-networth,"$1,600,000,000",,,12024.03,11966,,B.lion,,,,60,teacher,,,,,,,Conglomerate,Diversified,,
6452,12024,Yu Lili,,,,,,,,,,,,,,,,,,China,person.public,USD-networth,"$1,600,000,000",,,12024.03,11957,,B.lion,,,,69,teacher,,,,,,,Electronic components,Manufacturing,,
6453,12024,Zeng Kaitian,,,,,,,,,,,,,,,,,,China,person.public,USD-networth,"$1,600,000,000",,,12024.03,11970,,B.lion,,,,56,teacher,,,,,,,Online games,Technology,,
6454,12024,Zhang Xuexin,,,,,,,,,,,,,,,,,,China,person.public,USD-networth,"$1,600,000,000",,,12024.03,11971,,B.lion,,,,55,teacher,,,,,,,Aluminum,Metals & Mining,,
6455,12024,Zhang Yubai,,,,,,,,,,,,,,,,,,China,person.public,USD-networth,"$1,600,000,000",,,12024.03,11955,,B.lion,,,,71,teacher,,,,,,,Wine,Food & Beverage,,
6456,12024,Fredrik Österberg,,,,,,,,,,,,,,,,,,Sweden,person.public,USD-networth,"$1,600,000,000",,,12024.03,11951,,B.lion,,,,75,advisor,,,,,,,Gambling products,Gambling & Casinos,,
6544,12024,Shiv Kishan Agrawal,,,,,,,,,,,,,,,,,,India,person.public,USD-networth,"$1,500,000,000",,,12024.03,11972,,B.lion,,,,54,teacher,,,,,,,Snacks,Food & Beverage,,
6545,12024,Aziz Akhannouch,,,,,,,,,,,,,,,,,,Morocco,person.public,USD-networth,"$1,500,000,000",,,12024.03,11954,,B.lion,,,,72,teacher,,,,,,,"Petroleum, diversified",Diversified,,
6546,12024,Hamdi Akin,,,,,,,,,,,,,,,,,,Turkey,person.public,USD-networth,"$1,500,000,000",,,12024.03,11963,,B.lion,,,,63,teacher,,,,,,,Diversified,Diversified,,
6547,12024,Nerio Alessandri,,,,,,,,,,,,,,,,,,Italy,person.public,USD-networth,"$1,500,000,000",,,12024.03,11927,,B.lion,,,,99,phantasim,,,,,,,Gym equipment,Manufacturing,,
6548,12024,Alexandra Andresen,,,,,,,,,,,,,,,,,,Norway,person.public,USD-networth,"$1,500,000,000",,,12024.03,11967,,B.lion,,,,59,teacher,,,,,,,Investments,Diversified,,
6549,12024,Katharina Andresen,,,,,,,,,,,,,,,,,,Norway,person.public,USD-networth,"$1,500,000,000",,,12024.03,11957,,B.lion,,,,69,teacher,,,,,,,Investments,Diversified,,
6550,12024,Patricia Angelini Rossi,,,,,,,,,,,,,,,,,,Chile,person.public,USD-networth,"$1,500,000,000",,,12024.03,11962,,B.lion,,,,64,teacher,,,,,,,"Forestry, mining",Diversified,,
6551,12024,Mori Arkin,,,,,,,,,,,,,,,,,,Israel,person.public,USD-networth,"$1,500,000,000",,,12024.03,11946,,B.lion,,,,80,advisor,,,,,,,Pharmaceuticals,Healthcare,,
6552,12024,Barbara Benetton,,,,,,,,,,,,,,,,,,Italy,person.public,USD-networth,"$1,500,000,000",,,12024.03,11929,,B.lion,,,,97,phantasim,,,,,,,"Fashion retail, investments",Fashion & Retail,,
6553,12024,Angela Bennett,,,,,,,,,,,,,,,,,,Australia,person.public,USD-networth,"$1,500,000,000",,,12024.03,11951,,B.lion,,,,75,advisor,,,,,,,Mining,Metals & Mining,,
6554,12024,Zadik Bino,,,,,,,,,,,,,,,,,,Israel,person.public,USD-networth,"$1,500,000,000",,,12024.03,11956,,B.lion,,,,70,teacher,,,,,,,"Banking, oil",Diversified,,
6555,12024,Paolo Bulgari,,,,,,,,,,,,,,,,,,Italy,person.public,USD-networth,"$1,500,000,000",,,12024.03,11948,,B.lion,,,,78,advisor,,,,,,,Luxury goods,Fashion & Retail,,
6556,12024,Saket Burman,,,,,,,,,,,,,,,,,,United Kingdom,person.public,USD-networth,"$1,500,000,000",,,12024.03,11968,,B.lion,,,,58,teacher,,,,,,,Consumer goods,Food & Beverage,,
6557,12024,Ahmet Calik,,,,,,,,,,,,,,,,,,Turkey,person.public,USD-networth,"$1,500,000,000",,,12024.03,11964,,B.lion,,,,62,teacher,,,,,,,"Energy, banking, construction",Diversified,,
6558,12024,Safra Catz,,,,,,,,,,,,,,,,,,United States,person.public,USD-networth,"$1,500,000,000",,,12024.03,11961,,B.lion,,,,65,teacher,,,,,,,Software,Technology,,
6559,12024,Chang Kuo-Hua,,,,,,,,,,,,,,,,,,Taiwan,person.public,USD-networth,"$1,500,000,000",,,12024.03,11974,,B.lion,,,,52,teacher,,,,,,,"Shipping, airlines",Logistics,,
6560,12024,Chu Jian,,,,,,,,,,,,,,,,,,China,person.public,USD-networth,"$1,500,000,000",,,12024.03,11965,,B.lion,,,,61,teacher,,,,,,,Manufacturing,Manufacturing,,
6561,12024,Sandor Csanyi,,,,,,,,,,,,,,,,,,Hungary,person.public,USD-networth,"$1,500,000,000",,,12024.03,11953,,B.lion,,,,73,advisor,,,,,,,"Finance, real estate",Diversified,,
6562,12024,Ana Lucia de Mattos Barretto Villela,,,,,,,,,,,,,,,,,,Brazil,person.public,USD-networth,"$1,500,000,000",,,12024.03,11958,,B.lion,,,,68,teacher,,,,,,,Banking,Finance & Investments,,
6563,12024,Federico De Nora,,,,,,,,,,,,,,,,,,Italy,person.public,USD-networth,"$1,500,000,000",,,12024.03,11934,,B.lion,,,,92,phantasim,,,,,,,Electrodes,Manufacturing,,
6564,12024,Bharat Desai,,,,,,,,,,,,,,,,,,United States,person.public,USD-networth,"$1,500,000,000",,,12024.03,11958,,B.lion,,,,68,teacher,,,,,,,IT consulting,Technology,,
6565,12024,Mohammed Dewji,,,,,,,,,,,,,,,,,,Tanzania,person.public,USD-networth,"$1,500,000,000",,,12024.03,11944,,B.lion,,,,82,advisor,,,,,,,Diversified,Diversified,,
6566,12024,Egon Durban,,,,,,,,,,,,,,,,,,United States,person.public,USD-networth,"$1,500,000,000",,,12024.03,11965,,B.lion,,,,61,teacher,,,,,,,Private equity,Finance & Investments,,
6567,12024,Fu Mingkang,,,,,,,,,,,,,,,,,,China,person.public,USD-networth,"$1,500,000,000",,,12024.03,11947,,B.lion,,,,79,advisor,,,,,,,Manufacturing,Manufacturing,,
6568,12024,Alan Gerry,,,,,,,,,,,,,,,,,,United States,person.public,USD-networth,"$1,500,000,000",,,12024.03,11945,,B.lion,,,,81,advisor,,,,,,,Cable television,Media & Entertainment,,
6569,12024,Philippe Ginestet,,,,,,,,,,,,,,,,,,France,person.public,USD-networth,"$1,500,000,000",,,12024.03,11936,,B.lion,,,,90,advisor,,,,,,,Retail stores,Fashion & Retail,,
6570,12024,G. Gnanalingam,,,,,,,,,,,,,,,,,,Malaysia,person.public,USD-networth,"$1,500,000,000",,,12024.03,11976,,B.lion,,,,50,teacher,,,,,,,Ports,Logistics,,
6571,12024,Esther Grether,,,,,,,,,,,,,,,,,,Switzerland,person.public,USD-networth,"$1,500,000,000",,,12024.03,11954,,B.lion,,,,72,teacher,,,,,,,Art collection,Fashion & Retail,,
6572,12024,Gu Wei,,,,,,,,,,,,,,,,,,China,person.public,USD-networth,"$1,500,000,000",,,12024.03,11946,,B.lion,,,,80,advisor,,,,,,,Consumer electronics,Manufacturing,,
6573,12024,Patrick Hanrahan,,,,,,,,,,,,,,,,,,United States,person.public,USD-networth,"$1,500,000,000",,,12024.03,11945,,B.lion,,,,81,advisor,,,,,,,Software,Technology,,
6574,12024,Kenneth Hao,,,,,,,,,,,,,,,,,,United States,person.public,USD-networth,"$1,500,000,000",,,12024.03,11961,,B.lion,,,,65,teacher,,,,,,,Private equity,Finance & Investments,,
6575,12024,Jaroslav Hascak,,,,,,,,,,,,,,,,,,Slovakia,person.public,USD-networth,"$1,500,000,000",,,12024.03,11950,,B.lion,,,,76,advisor,,,,,,,Investments,Finance & Investments,,
6576,12024,He Zhenggang,,,,,,,,,,,,,,,,,,China,person.public,USD-networth,"$1,500,000,000",,,12024.03,11951,,B.lion,,,,75,advisor,,,,,,,Chemicals,Manufacturing,,
6577,12024,Niranjan Hiranandani,,,,,,,,,,,,,,,,,,India,person.public,USD-networth,"$1,500,000,000",,,12024.03,11944,,B.lion,,,,82,advisor,,,,,,,Real estate,Real Estate,,
6578,12024,Ho Hung Anh,,,,,,,,,,,,,,,,,,Vietnam,person.public,USD-networth,"$1,500,000,000",,,12024.03,11975,,B.lion,,,,51,teacher,,,,,,,"Consumer products, banking",Finance & Investments,,
6579,12024,Archie Hwang,,,,,,,,,,,,,,,,,,Taiwan,person.public,USD-networth,"$1,500,000,000",,,12024.03,11976,,B.lion,,,,50,teacher,,,,,,,Semiconductors,Technology,,
6580,12024,Peter Jackson,,,,,,,,,,,,,,,,,,New Zealand,person.public,USD-networth,"$1,500,000,000",,,12024.03,11969,,B.lion,,,,57,teacher,,,,,,,"Movies, digital effects",Media & Entertainment,,
6581,12024,Stephen Jarislowsky,,,,,,,,,,,,,,,,,,Canada,person.public,USD-networth,"$1,500,000,000",,,12024.03,11958,,B.lion,,,,68,teacher,,,,,,,Money management,Finance & Investments,,
6582,12024,Rajeev Juneja,,,,,,,,,,,,,,,,,,India,person.public,USD-networth,"$1,500,000,000",,,12024.03,11985,,B.lion,,,,41,householder,,,,,,,Phamaceuticals,Healthcare,,
6583,12024,Ramesh Juneja,,,,,,,,,,,,,,,,,,India,person.public,USD-networth,"$1,500,000,000",,,12024.03,11961,,B.lion,,,,65,teacher,,,,,,,Pharmaceuticals,Healthcare,,
6584,12024,Ke Xiping,,,,,,,,,,,,,,,,,,China,person.public,USD-networth,"$1,500,000,000",,,12024.03,11972,,B.lion,,,,54,teacher,,,,,,,Investments,Diversified,,
6585,12024,Kim Jun-ki,,,,,,,,,,,,,,,,,,South Korea,person.public,USD-networth,"$1,500,000,000",,,12024.03,11968,,B.lion,,,,58,teacher,,,,,,,Diversified,Diversified,,
6586,12024,Sidney Kimmel,,,,,,,,,,,,,,,,,,United States,person.public,USD-networth,"$1,500,000,000",,,12024.03,11971,,B.lion,,,,55,teacher,,,,,,,Retail,Fashion & Retail,,
6587,12024,Jim Koch,,,,,,,,,,,,,,,,,,United States,person.public,USD-networth,"$1,500,000,000",,,12024.03,11962,,B.lion,,,,64,teacher,,,,,,,Beer,Food & Beverage,,
6588,12024,Raj Kumar,,,,,,,,,,,,,,,,,,Singapore,person.public,USD-networth,"$1,500,000,000",,,12024.03,11984,,B.lion,,,,42,householder,,,,,,,"Real estate, hotels",Real Estate,,
6589,12024,Spiro Latsis,,,,,,,,,,,,,,,,,,Greece,person.public,USD-networth,"$1,500,000,000",,,12024.03,11960,,B.lion,,,,66,teacher,,,,,,,"Banking, shipping",Diversified,,
6590,12024,Peter Leibinger,,,,,,,,,,,,,,,,,,Germany,person.public,USD-networth,"$1,500,000,000",,,12024.03,11951,,B.lion,,,,75,advisor,,,,,,,Machine tools,Manufacturing,,
6591,12024,Regine Leibinger,,,,,,,,,,,,,,,,,,Germany,person.public,USD-networth,"$1,500,000,000",,,12024.03,11942,,B.lion,,,,84,advisor,,,,,,,Machine tools,Manufacturing,,
6592,12024,Nicola Leibinger-Kammueller,,,,,,,,,,,,,,,,,,Germany,person.public,USD-networth,"$1,500,000,000",,,12024.03,11960,,B.lion,,,,66,teacher,,,,,,,Manufacturing,Manufacturing,,
6593,12024,Li Jianli,,,,,,,,,,,,,,,,,,China,person.public,USD-networth,"$1,500,000,000",,,12024.03,11945,,B.lion,,,,81,advisor,,,,,,,Lithium-ion battery cap,Manufacturing,,
6594,12024,Li Jiaquan,,,,,,,,,,,,,,,,,,China,person.public,USD-networth,"$1,500,000,000",,,12024.03,11952,,B.lion,,,,74,advisor,,,,,,,Chemicals,Manufacturing,,
6595,12024,Li Rucheng,,,,,,,,,,,,,,,,,,China,person.public,USD-networth,"$1,500,000,000",,,12024.03,11959,,B.lion,,,,67,teacher,,,,,,,Apparel,Fashion & Retail,,
6596,12024,Li Shui-po,,,,,,,,,,,,,,,,,,Taiwan,person.public,USD-networth,"$1,500,000,000",,,12024.03,11968,,B.lion,,,,58,teacher,,,,,,,Stainless steel products,Manufacturing,,
6597,12024,Scott Lin,,,,,,,,,,,,,,,,,,Taiwan,person.public,USD-networth,"$1,500,000,000",,,12024.03,11950,,B.lion,,,,76,advisor,,,,,,,Optical components,Technology,,
6598,12024,Liu Xiucai,,,,,,,,,,,,,,,,,,United States,person.public,USD-networth,"$1,500,000,000",,,12024.03,11985,,B.lion,,,,41,householder,,,,,,,Chemicals,Manufacturing,,
6599,12024,Lu Zhongfang,,,,,,,,,,,,,,,,,,China,person.public,USD-networth,"$1,500,000,000",,,12024.03,11984,,B.lion,,,,42,householder,,,,,,,Education,Automotive,,
6600,12024,Lu Zongjun,,,,,,,,,,,,,,,,,,China,person.public,USD-networth,"$1,500,000,000",,,12024.03,11945,,B.lion,,,,81,advisor,,,,,,,Logistics,Logistics,,
6601,12024,Youssef Mansour,,,,,,,,,,,,,,,,,,Egypt,person.public,USD-networth,"$1,500,000,000",,,12024.03,11974,,B.lion,,,,52,teacher,,,,,,,Diversified,Diversified,,
6602,12024,Bruce Mathieson,,,,,,,,,,,,,,,,,,Australia,person.public,USD-networth,"$1,500,000,000",,,12024.03,11961,,B.lion,,,,65,teacher,,,,,,,Hotels,Real Estate,,
6603,12024,Romano Minozzi,,,,,,,,,,,,,,,,,,Italy,person.public,USD-networth,"$1,500,000,000",,,12024.03,11957,,B.lion,,,,69,teacher,,,,,,,"Utilities, diversified",Diversified,,
6604,12024,Greg Mondre,,,,,,,,,,,,,,,,,,United States,person.public,USD-networth,"$1,500,000,000",,,12024.03,11945,,B.lion,,,,81,advisor,,,,,,,Private equity,Finance & Investments,,
6605,12024,Mario Moretti Polegato,,,,,,,,,,,,,,,,,,Italy,person.public,USD-networth,"$1,500,000,000",,,12024.03,11961,,B.lion,,,,65,teacher,,,,,,,Shoes,Fashion & Retail,,
6606,12024,Robert Mouawad,,,,,,,,,,,,,,,,,,Lebanon,person.public,USD-networth,"$1,500,000,000",,,12024.03,11949,,B.lion,,,,77,advisor,,,,,,,Fine jewelry,Service,,
6607,12024,Jerry Moyes,,,,,,,,,,,,,,,,,,United States,person.public,USD-networth,"$1,500,000,000",,,12024.03,11972,,B.lion,,,,54,teacher,,,,,,,Transportation,Logistics,,
6608,12024,John Ocampo,XY,,,,,,,,,,,,,,,,,United States,person.public,USD-networth,"$1,500,000,000",,,12024.03,11970,,B.lion,,,,56,teacher,,,,,,,Semiconductors,Technology,,
6609,12024,Stefan Olsson,,,,,,,,,,,,,,,,,,Sweden,person.public,USD-networth,"$1,500,000,000",,,12024.03,11963,,B.lion,,,,63,teacher,,,,,,,Diversified,Diversified,,
6610,12024,Rubens Ometto Silveira Mello,,,,,,,,,,,,,,,,,,Brazil,person.public,USD-networth,"$1,500,000,000",,,12024.03,11953,,B.lion,,,,73,advisor,,,,,,,"Sugar, ethanol",Energy,,
6611,12024,Anne Marie See Pastor,XX,Carlos Rodriguez-Pastor,,,,,,Peru,,,,,,,,,,Peru,person.public,USD-networth,"$1,500,000,000",,,12024.03,11937,,B.lion,,,,89,advisor,,,,,,,Finance,Finance & Investments,"See Pastor is the daughter of Carlos Rodriguez-Pastor, a Peruvian politician who along with outside investors acquired Banco Internacional del Peru in 1994.
Her billionaire brother, Carlos, took over leadership of the bank after his father died and has since invested its profits in other businesses.
A political coup sent the family exile in California in the 1980s; when they returned, the elder Rodriguez-Pastor served as Minister of Economy from 1982 to 1984.
The family owns the majority of the publicly traded company Intercorp Financial Services.",
6612,12024,George Pastor,XY,Carlos Rodriguez-Pastor,,,,,,Peru,,,,,,,,,,Peru,person.public,USD-networth,"$1,500,000,000",,,12024.03,11977,,B.lion,,,,49,teacher,,,,,,,Finance,Finance & Investments,"Pastor is the son of Carlos Rodriguez-Pastor, a Peruvian politician who along with outside investors acquired Banco Internacional del Peru in 1994.
His billionaire brother, Carlos, took over leadership of the bank after his father died and has since invested its profits in other businesses.
A political coup sent the family exile in California in the 1980s; when they returned, the elder Rodriguez-Pastor served as Minister of Economy from 1982 to 1984.
The family owns the majority of the publicly traded company Intercorp Financial Services.",
6613,12024,Nelson Peltz,,,,,,,,,,,,,,,,,,United States,person.public,USD-networth,"$1,500,000,000",,,12024.03,11974,,B.lion,,,,52,teacher,,,,,,,Investments,Finance & Investments,,
6614,12024,David Peñaloza Alanís,XY,,,,,,,,,,,,,,,,,Mexico,person.public,USD-networth,"$1,500,000,000",,,12024.03,11962,,B.lion,,,,64,teacher,,,,,,,Toll roads,Construction & Engineering,,
6615,12024,Karl-Johan Persson,,,,,,,,,,,,,,,,,,Sweden,person.public,USD-networth,"$1,500,000,000",,,12024.03,11963,,B.lion,,,,63,teacher,,,,,,,H&M,Fashion & Retail,,
6616,12024,Mike Repole,,,,,,,,,,,,,,,,,,United States,person.public,USD-networth,"$1,500,000,000",,,12024.03,11981,,B.lion,,,,45,householder,,,,,,,Sports drink,Food & Beverage,,
6617,12024,Duke Reyes,,,,,,,,,,,,,,,,,,United States,person.public,USD-networth,"$1,500,000,000",,,12024.03,11958,,B.lion,,,,68,teacher,,,,,,,Beer distribution,Food & Beverage,,
6618,12024,Kishin RK,,,,,,,,,,,,,,,,,,Singapore,person.public,USD-networth,"$1,500,000,000",,,12024.03,11941,,B.lion,,,,85,advisor,,,,,,,"Real estate, hotels",Real Estate,,
6619,12024,Carlos Rodriguez-Pastor,,,,,,,,,,,,,,,,,,Peru,person.public,USD-networth,"$1,500,000,000",,,12024.03,11944,,B.lion,,,,82,advisor,,,,,,,Finance,Finance & Investments,,
6620,12024,Christopher Rokos,,,,,,,,,,,,,,,,,,United Kingdom,person.public,USD-networth,"$1,500,000,000",,,12024.03,11972,,B.lion,,,,54,teacher,,,,,,,Hedge fund,Finance & Investments,,
6621,12024,John Ruiz,XY,,,,,,,,,,,,,,,,,United States,person.public,USD-networth,"$1,500,000,000",,,12024.03,11984,,B.lion,,,,42,householder,,,,,,,Healthcare services,Service,,
6622,12024,Sheryl Sandberg,,,,,,,,,,,,,,,,,,United States,person.public,USD-networth,"$1,500,000,000",,,12024.03,11949,,B.lion,,,,77,advisor,,,,,,,Facebook,Technology,,
6623,12024,Amnon Shashua,,,,,,,,,,,,,,,,,,Israel,person.public,USD-networth,"$1,500,000,000",,,12024.03,11945,,B.lion,,,,81,advisor,,,,,,,Automotive technology,Automotive,,
6624,12024,Ben Silbermann,,,,,,,,,,,,,,,,,,United States,person.public,USD-networth,"$1,500,000,000",,,12024.03,11953,,B.lion,,,,73,advisor,,,,,,,Social media,Media & Entertainment,,
6625,12024,Ron Sim,,,,,,,,,,,,,,,,,,Singapore,person.public,USD-networth,"$1,500,000,000",,,12024.03,11971,,B.lion,,,,55,teacher,,,,,,,retail,Fashion & Retail,,
6626,12024,Leonid Simanovsky,,,,,,,,,,,,,,,,,,Russia,person.public,USD-networth,"$1,500,000,000",,,12024.03,11972,,B.lion,,,,54,teacher,,,,,,,Investments,Finance & Investments,,
6627,12024,Basudeo Singh,,,,,,,,,,,,,,,,,,India,person.public,USD-networth,"$1,500,000,000",,,12024.03,11960,,B.lion,,,,66,teacher,,,,,,,Pharmaceuticals,Healthcare,,
6628,12024,Frank Slootman,,,,,,,,,,,,,,,,,,United States,person.public,USD-networth,"$1,500,000,000",,,12024.03,11969,,B.lion,,,,57,teacher,,,,,,,Software,Technology,,
6629,12024,Terry Snow,,,,,,,,,,,,,,,,,,Australia,person.public,USD-networth,"$1,500,000,000",,,12024.03,11950,,B.lion,,,,76,advisor,,,,,,,"Airports, real estate",Real Estate,,
6630,12024,Axel Stawski,,,,,,,,,,,,,,,,,,United States,person.public,USD-networth,"$1,500,000,000",,,12024.03,11941,,B.lion,,,,85,advisor,,,,,,,Real estate,Real Estate,,
6631,12024,Thomas Steyer,,,,,,,,,,,,,,,,,,United States,person.public,USD-networth,"$1,500,000,000",,,12024.03,11959,,B.lion,,,,67,teacher,,,,,,,Hedge funds,Finance & Investments,,
6632,12024,Sergei Studennikov,,,,,,,,,,,,,,,,,,Russia,person.public,USD-networth,"$1,500,000,000",,,12024.03,11927,,B.lion,,,,99,phantasim,,,,,,,"Liquor stores, supermarkets",Fashion & Retail,,
6633,12024,Su Suyu,,,,,,,,,,,,,,,,,,China,person.public,USD-networth,"$1,500,000,000",,,12024.03,11959,,B.lion,,,,67,teacher,,,,,,,"Utilities, real estate",Real Estate,,
6634,12024,Kevin Systrom,XY,,,,,,,,,,,,,,,,,United States,person.public,USD-networth,"$1,500,000,000",,,12024.03,11949,,B.lion,,,,77,advisor,,,,,,,Instagram,Technology,,
6635,12024,Tan Lili,XY,,,,,,,China,,self-made fortune,,,Simplified Chinese,,,,,China,person.public,USD-networth,"$1,500,000,000",,,12024.03,11980,,B.lion,,,,46,householder,,,,,,,Feed,Food & Beverage,"Tan Lili's fortune arises from a stake in Haid Group, a supplier of aquatic products and livestock feed.
Haid is headquartered in Guangzhou, China.
Haid went public at the Shenzhen Stock Exchange in 2009.",
6636,12024,Tang Binsen,,,,,,,,,,,,,,,,,,China,person.public,USD-networth,"$1,500,000,000",,,12024.03,11969,,B.lion,,,,57,teacher,,,,,,,Beverages,Food & Beverage,,
6637,12024,Tang Rui,XY,,,,,,,China,,self-made fortune,,Tsinghua University (MA),Simplified Chinese,,,,,China,person.public,USD-networth,"$1,500,000,000",,,12024.03,11971,,B.lion,,,,55,teacher,,,,,,,Semiconductors,Technology,"Tang is the founder of autonomous driving startup ZongMu Technology.
Founded in 2013, ZongMu Technology is headquartered in Shanghai.",
6638,12024,Prachak Tangkaravakoon,,,,,,,,,,,,,,,,,,Thailand,person.public,USD-networth,"$1,500,000,000",,,12024.03,11960,,B.lion,,,,66,teacher,,,,,,,Paints,Manufacturing,,
6639,12024,Jeff Tangney,,,,,,,,,,,,,,,,,,United States,person.public,USD-networth,"$1,500,000,000",,,12024.03,11944,,B.lion,,,,82,advisor,,,,,,,Healthcare IT,Healthcare,,
6640,12024,Yuequn Tao,,,,,,,,,,,,,,,,,,China,person.public,USD-networth,"$1,500,000,000",,,12024.03,11980,,B.lion,,,,46,householder,,,,,,,Contact Lens,Fashion & Retail,,
6641,12024,David Teoh,XY,,,,,,,,,,,,,,,,,Australia,person.public,USD-networth,"$1,500,000,000",,,12024.03,11945,,B.lion,,,,81,advisor,,,,,,,Telecom,Telecom,,
6642,12024,Carmen Thyssen,,,,,,,,,,,,,,,,,,Spain,person.public,USD-networth,"$1,500,000,000",,,12024.03,11979,,B.lion,,,,47,householder,,,,,,,"Investments, art",Manufacturing,,
6643,12024,Tran Ba Duong,,,,,,,,,,,,,,,,,,Vietnam,person.public,USD-networth,"$1,500,000,000",,,12024.03,11959,,B.lion,,,,67,teacher,,,,,,,Automotive,Automotive,,
6644,12024,Kenny Troutt,,,,,,,,,,,,,,,,,,United States,person.public,USD-networth,"$1,500,000,000",,,12024.03,11943,,B.lion,,,,83,advisor,,,,,,,Telecom,Telecom,,
6645,12024,Jens von Bahr,,,,,,,,,,,,,,,,,,Sweden,person.public,USD-networth,"$1,500,000,000",,,12024.03,11984,,B.lion,,,,42,householder,,,,,,,Gambling products,Gambling & Casinos,,
6646,12024,Wang Junmin,,,,,,,,,,,,,,,,,,China,person.public,USD-networth,"$1,500,000,000",,,12024.03,11966,,B.lion,,,,60,teacher,,,,,,,Pharmaceuticals,Healthcare,,
6647,12024,Weng Xianding,,,,,,,,,,,,,,,,,,China,person.public,USD-networth,"$1,500,000,000",,,12024.03,11950,,B.lion,,,,76,advisor,,,,,,,Medical devices,Healthcare,,
6648,12024,Farris Wilks,,,,,,,,,,,,,,,,,,United States,person.public,USD-networth,"$1,500,000,000",,,12024.03,11956,,B.lion,,,,70,teacher,,,,,,,Natural gas,Energy,,
6649,12024,Gordon Wu,,,,,,,,,,,,,,,,,,Hong Kong,person.public,USD-networth,"$1,500,000,000",,,12024.03,11968,,B.lion,,,,58,teacher,,,,,,,Real estate,Real Estate,,
6650,12024,Xiong Wu,,,,,,,,,,,,,,,,,,China,person.public,USD-networth,"$1,500,000,000",,,12024.03,11965,,B.lion,,,,61,teacher,,,,,,,Software,Technology,,
6651,12024,Xu Zhenhua,XY,,,,,,,China,,self-made fortune,,,Simplified Chinese,,,,,China,person.public,USD-networth,"$1,500,000,000",,,12024.03,11973,12022,B.lion,,,,53,teacher,,,,,,,Online games,Media & Entertainment,"Xu Zhenhua cofounded Moonton Games, a business bought by ByteDance for $4 billion in 2021.
Cofounder Justin Yuan is also a billionaire.
Xu worked at China online game leader Tencent before taking the plunge as an entrepreneur himself.",
6652,12024,Xu Zhihan,,,,,,,,,,,,,,,,,,China,person.public,USD-networth,"$1,500,000,000",,,12024.03,11948,,B.lion,,,,78,advisor,,,,,,,Electronics,Technology,,
6653,12024,Yang Tingdong,,,,,,,,,,,,,,,,,,China,person.public,USD-networth,"$1,500,000,000",,,12024.03,11982,,B.lion,,,,44,householder,,,,,,,Brewery,Food & Beverage,,
6654,12024,Michael Minhong Yu,XY,,,,,,,,,,,,,,,,,China,person.public,USD-networth,"$1,500,000,000",,,12024.03,11947,,B.lion,,,,79,advisor,,,,,,,Education,Service,,
6655,12024,Justin Yuan,XY,,,,,,,China,,self-made fortune,,,Simplified Chinese,,,,,China,person.public,USD-networth,"$1,500,000,000",,,12024.03,11959,12022,B.lion,,,,67,teacher,,,,,,,Online games,Media & Entertainment,"Justin Yuan is CEO of Moonton Games, best known for ""Mobile Legends: Bang Bang.""
China's ByteDance bought Moonton for approximately $4 billion in 2021.
Moonton is headquartered in Shanghai.",
6656,12024,Zhang Bangxin,,,,,,,,,,,,,,,,,,China,person.public,USD-networth,"$1,500,000,000",,,12024.03,11954,,B.lion,,,,72,teacher,,,,,,,Education,Service,,
6657,12024,Zhang Hong,XX,,,,,Lin Jianhua,,,,,,,,,,,,China,person.public,USD-networth,"$1,500,000,000",,,12024.03,11948,,B.lion,,,,78,advisor,,,,,,,Solar,Energy,"Zhang Hong is a vice president at Hangzhou First PV Material, a supplier of thermoplastic polymer film to the solar power industry.
Her husband Lin Jianhua is CEO of Hangzhou First PV Material and also a billionaire.
Hangzhou First PV was founded in 2003 and went public at the Shanghai Stock Exchange in 2014.",
6658,12024,Zhou Zongwen,,,,,,,,,,,,,,,,,,China,person.public,USD-networth,"$1,500,000,000",,,12024.03,11953,,B.lion,,,,73,advisor,,,,,,,Jewelry,Fashion & Retail,,
6755,12024,Antti Aarnio-Wihuri,,,,,,,,,,,,,,,,,,Finland,person.public,USD-networth,"$1,400,000,000",,,12024.03,11957,,B.lion,,,,69,teacher,,,,,,,Diversified,Diversified,,
6756,12024,Alberto Alcocer,,,,,,,,,,,,,,,,,,Spain,person.public,USD-networth,"$1,400,000,000",,,12024.03,11955,,B.lion,,,,71,teacher,,,,,,,Investments,Finance & Investments,,
6757,12024,Nigel Austin,,,,,,,,,,,,,,,,,,Australia,person.public,USD-networth,"$1,400,000,000",,,12024.03,11964,,B.lion,,,,62,teacher,,,,,,,Retail,Fashion & Retail,,
6758,12024,Binny Bansal,,,,,,,,,,,,,,,,,,India,person.public,USD-networth,"$1,400,000,000",,,12024.03,11952,,B.lion,,,,74,advisor,,,,,,,Flipkart,Technology,,
6759,12024,Girdhari Lal Bawri,,,,,,,,,,,,,,,,,,India,person.public,USD-networth,"$1,400,000,000",,,12024.03,11955,,B.lion,,,,71,teacher,,,,,,,Pharmaceuticals,Healthcare,,
6760,12024,John Bloor,XY,,,,,,,,,,,,,,,,,United Kingdom,person.public,USD-networth,"$1,400,000,000",,,12024.03,11927,,B.lion,,,,99,phantasim,,,,,,,"Real estate, manufacturing",Diversified,,
6761,12024,Vladimir Bogdanov,,,,,,,,,,,,,,,,,,Russia,person.public,USD-networth,"$1,400,000,000",,,12024.03,11976,,B.lion,,,,50,teacher,,,,,,,Oil,Energy,,
6762,12024,Amit Burman,,,,,,,,,,,,,,,,,,India,person.public,USD-networth,"$1,400,000,000",,,12024.03,11972,,B.lion,,,,54,teacher,,,,,,,Consumer goods,Food & Beverage,,
6763,12024,Cai Jianyong,,,,,,,,,,,,,,,,,,China,person.public,USD-networth,"$1,400,000,000",,,12024.03,11971,,B.lion,,,,55,teacher,,,,,,,Nickel,Metals & Mining,,
6764,12024,Steve Case,XY,,,,,,,,,,,,,,,,,United States,person.public,USD-networth,"$1,400,000,000",,,12024.03,11955,,B.lion,,,,71,teacher,,,,,,,AOL,Technology,,
6765,12024,Chen Wenyuan,,,,,,,,,,,,,,,,,,China,person.public,USD-networth,"$1,400,000,000",,,12024.03,11964,,B.lion,,,,62,teacher,,,,,,,Testing equipment,Technology,,
6766,12024,Chua Thian Poh,,,,,,,,,,,,,,,,,,Singapore,person.public,USD-networth,"$1,400,000,000",,,12024.03,11954,,B.lion,,,,72,teacher,,,,,,,Real estate,Real Estate,,
6767,12024,Sasson Dayan,,,,,,,,,,,,,,,,,,Brazil,person.public,USD-networth,"$1,400,000,000",,,12024.03,11945,,B.lion,,,,81,advisor,,,,,,,Banking,Finance & Investments,,
6768,12024,Chris Ellison,,,,,,,,,,,,,,,,,,Australia,person.public,USD-networth,"$1,400,000,000",,,12024.03,11934,,B.lion,,,,92,phantasim,,,,,,,Mining,Metals & Mining,,
6769,12024,John Farber,XY,,,,,,,,,,,,,,,,,United States,person.public,USD-networth,"$1,400,000,000",,,12024.03,11955,,B.lion,,,,71,teacher,,,,,,,Chemicals,Manufacturing,,
6770,12024,J. Christopher Flowers,,,,,,,,,,,,,,,,,,United States,person.public,USD-networth,"$1,400,000,000",,,12024.03,11942,,B.lion,,,,84,advisor,,,,,,,Investments,Finance & Investments,,
6771,12024,Reinold Geiger,,,,,,,,,,,,,,,,,,Austria,person.public,USD-networth,"$1,400,000,000",,,12024.03,11942,,B.lion,,,,84,advisor,,,,,,,Beauty products,Fashion & Retail,,
6772,12024,Ali Ghodsi,,,,,,,,,,,,,,,,,,Sweden,person.public,USD-networth,"$1,400,000,000",,,12024.03,11958,,B.lion,,,,68,teacher,,,,,,,Data analytics,Technology,,
6773,12024,Lance Gokongwei,,,,,,,,,,,,,,,,,,Philippines,person.public,USD-networth,"$1,400,000,000",,,12024.03,11956,,B.lion,,,,70,teacher,,,,,,,Diversified,Diversified,,
6774,12024,Guan Yihong,,,,,,,,,,,,,,,,,,China,person.public,USD-networth,"$1,400,000,000",,,12024.03,11969,,B.lion,,,,57,teacher,,,,,,,Restaurant,Food & Beverage,,
6775,12024,Rajinder Gupta,,,,,,,,,,,,,,,,,,India,person.public,USD-networth,"$1,400,000,000",,,12024.03,11942,,B.lion,,,,84,advisor,,,,,,,"Textiles, paper",Manufacturing,,
6776,12024,Torstein Hagen,,,,,,,,,,,,,,,,,,Norway,person.public,USD-networth,"$1,400,000,000",,,12024.03,11967,,B.lion,,,,59,teacher,,,,,,,Cruises,Service,,
6777,12024,Ayman Hariri,,,,,,,,,,,,,,,,,,Lebanon,person.public,USD-networth,"$1,400,000,000",,,12024.03,11965,,B.lion,,,,61,teacher,,,,,,,"Construction, investments",Construction & Engineering,,
6778,12024,Alfredo Harp Helu,,,,,,,,,,,,,,,,,,Mexico,person.public,USD-networth,"$1,400,000,000",,,12024.03,11975,,B.lion,,,,51,teacher,,,,,,,"Banking, investments",Finance & Investments,,
6779,12024,He Xiaopeng,,,,,,,,,,,,,,,,,,China,person.public,USD-networth,"$1,400,000,000",,,12024.03,11967,,B.lion,,,,59,teacher,,,,,,,Electric vehicles,Automotive,,
6780,12024,Christoph Henkel,,,,,,,,,,,,,,,,,,Germany,person.public,USD-networth,"$1,400,000,000",,,12024.03,11966,,B.lion,,,,60,teacher,,,,,,,Consumer goods,Fashion & Retail,,
6781,12024,Daniel Hirschfeld,,,,,,,,,,,,,,,,,,United States,person.public,USD-networth,"$1,400,000,000",,,12024.03,11964,,B.lion,,,,62,teacher,,,,,,,Fashion retail,Fashion & Retail,,
6782,12024,Drew Houston,,,,,,,,,,,,,,,,,,United States,person.public,USD-networth,"$1,400,000,000",,,12024.03,11968,,B.lion,,,,58,teacher,,,,,,,Cloud storage service,Technology,,
6783,12024,Huang Jinxiang,,,,,,,,,,,,,,,,,,China,person.public,USD-networth,"$1,400,000,000",,,12024.03,11986,,B.lion,,,,40,householder,,,,,,,Chemicals,Manufacturing,,
6784,12024,Rameshchandra Jain,,,,,,,,,,,,,,,,,,India,person.public,USD-networth,"$1,400,000,000",,,12024.03,11974,,B.lion,,,,52,teacher,,,,,,,Textiles,Manufacturing,,
6785,12024,Ke Zunhong,,,,,,,,,,,,,,,,,,China,person.public,USD-networth,"$1,400,000,000",,,12024.03,11967,,B.lion,,,,59,teacher,,,,,,,Pharmaceuticals,Healthcare,,
6786,12024,Kim Taek-jin,,,,,,,,,,,,,,,,,,South Korea,person.public,USD-networth,"$1,400,000,000",,,12024.03,11959,,B.lion,,,,67,teacher,,,,,,,Online games,Media & Entertainment,,
6787,12024,Koh Wee Meng,,,,,,,,,,,,,,,,,,Singapore,person.public,USD-networth,"$1,400,000,000",,,12024.03,11931,,B.lion,,,,95,phantasim,,,,,,,"Real estate, hotels",Real Estate,,
6788,12024,Sergei Kolesnikov,,,,,,,,,,,,,,,,,,Russia,person.public,USD-networth,"$1,400,000,000",,,12024.03,11989,,B.lion,,,,37,householder,,,,,,,Building materials,Manufacturing,,
6789,12024,Hemendra Kothari,,,,,,,,,,,,,,,,,,India,person.public,USD-networth,"$1,400,000,000",,,12024.03,11958,,B.lion,,,,68,teacher,,,,,,,Financial services,Finance & Investments,,
6790,12024,Sebastian Kulczyk,,,,,,,,,,,,,,,,,,Poland,person.public,USD-networth,"$1,400,000,000",,,12024.03,11945,,B.lion,,,,81,advisor,,,,,,,Diversified,Finance & Investments,,
6791,12024,Kwee Liong Keng,,,,,,,,,,,,,,,,,,Singapore,person.public,USD-networth,"$1,400,000,000",,,12024.03,11974,,B.lion,,,,52,teacher,,,,,,,Real estate,Real Estate,,
6792,12024,Kwee Liong Phing,,,,,,,,,,,,,,,,,,Singapore,person.public,USD-networth,"$1,400,000,000",,,12024.03,11963,,B.lion,,,,63,teacher,,,,,,,Real estate,Real Estate,,
6793,12024,Kwee Liong Seen,,,,,,,,,,,,,,,,,,Singapore,person.public,USD-networth,"$1,400,000,000",,,12024.03,11939,,B.lion,,,,87,advisor,,,,,,,Real estate,Real Estate,,
6794,12024,Kwee Liong Tek,,,,,,,,,,,,,,,,,,Singapore,person.public,USD-networth,"$1,400,000,000",,,12024.03,11963,,B.lion,,,,63,teacher,,,,,,,Real estate,Real Estate,,
6795,12024,Kwek Leng Keow,,,,,,,,,,,,,,,,,,Singapore,person.public,USD-networth,"$1,400,000,000",,,12024.03,11966,,B.lion,,,,60,teacher,,,,,,,Diversified,Diversified,,
6796,12024,Kwek Leng Peck,,,,,,,,,,,,,,,,,,Singapore,person.public,USD-networth,"$1,400,000,000",,,12024.03,11927,,B.lion,,,,99,phantasim,,,,,,,Diversified,Diversified,,
6797,12024,Raymond Kwok,,,,,,,,,,,,,,,,,,Hong Kong,person.public,USD-networth,"$1,400,000,000",,,12024.03,11976,,B.lion,,,,50,teacher,,,,,,,Real estate,Real Estate,,
6798,12024,Lee Ho-jin,,,,,,,,,,,,,,,,,,South Korea,person.public,USD-networth,"$1,400,000,000",,,12024.03,11978,,B.lion,,,,48,householder,,,,,,,Diversified,Diversified,,
6799,12024,Michael Lee-Chin,XY,,,,,,,,,,,,,,,,,Canada,person.public,USD-networth,"$1,400,000,000",,,12024.03,11972,,B.lion,,,,54,teacher,,,,,,,Mutual funds,Finance & Investments,,
6800,12024,Manfredi Lefebvre d'Ovidio,,,,,,,,,,,,,,,,,,Italy,person.public,USD-networth,"$1,400,000,000",,,12024.03,11967,,B.lion,,,,59,teacher,,,,,,,Cruises,Service,,
6801,12024,Bernard Lewis,,,,,,,,,,,,,,,,,,United Kingdom,person.public,USD-networth,"$1,400,000,000",,,12024.03,11929,,B.lion,,,,97,phantasim,,,,,,,Fashion retailer,Fashion & Retail,,
6802,12024,Li Jinyang,XX,,,,,,,China,,inherited a fortune,,,Simplified Chinese,,,rich widow,,China,person.public,USD-networth,"$1,400,000,000",,,12024.03,11964,,B.lion,,,,62,teacher,,,,,,,Mining,Metals & Mining,"Li Jinyang inherited her fortune after her husband, Zhao Meiguang, died in 2021.
Li has become the main shareholder of Chifeng Jilong Gold Mining, a company with interests in precious metals.
Jilong is based in Inner Mongolia.",
6803,12024,William Li,,,,,,,,,,,,,,,,,,China,person.public,USD-networth,"$1,400,000,000",,,12024.03,11966,,B.lion,,,,60,teacher,,,,,,,Electric vehicles,Automotive,,
6804,12024,Jenny Lindén Urnes,,,,,,,,,,,,,,,,,,Sweden,person.public,USD-networth,"$1,400,000,000",,,12024.03,11956,,B.lion,,,,70,teacher,,,,,,,Powdered metal,Manufacturing,,
6805,12024,Liu Fangyi,,,,,,,,,,,,,,,,,,China,person.public,USD-networth,"$1,400,000,000",,,12024.03,11948,,B.lion,,,,78,advisor,,,,,,,Medical equipment,Healthcare,,
6806,12024,K.C. Liu,,,,,,,,,,,,,,,,,,Taiwan,person.public,USD-networth,"$1,400,000,000",,,12024.03,11998,,B.lion,,,,28,householder,,,,,,,Manufacturing,Technology,,
6807,12024,Liu Ming Chung,,,,,,,,,,,,,,,,,,Brazil,person.public,USD-networth,"$1,400,000,000",,,12024.03,11940,,B.lion,,,,86,advisor,,,,,,,Paper,Manufacturing,,
6808,12024,Anatoly Lomakin,,,,,,,,,,,,,,,,,,Russia,person.public,USD-networth,"$1,400,000,000",,,12024.03,11987,,B.lion,,,,39,householder,,,,,,,Investments,Metals & Mining,,
6809,12024,Brandt Louie,,,,,,,,,,,,,,,,,,Canada,person.public,USD-networth,"$1,400,000,000",,,12024.03,11944,,B.lion,,,,82,advisor,,,,,,,Drugstores,Food & Beverage,,
6810,12024,Lucia Maggi,,,,,,,,,,,,,,,,,,Brazil,person.public,USD-networth,"$1,400,000,000",,,12024.03,11956,,B.lion,,,,70,teacher,,,,,,,Agribusiness,Diversified,,
6811,12024,Gary Magness,,,,,,,,,,,,,,,,,,United States,person.public,USD-networth,"$1,400,000,000",,,12024.03,11971,,B.lion,,,,55,teacher,,,,,,,"Cable TV, investments",Media & Entertainment,,
6812,12024,Mao Lixiang,,,,,,,,,,,,,,,,,,China,person.public,USD-networth,"$1,400,000,000",,,12024.03,11981,,B.lion,,,,45,householder,,,,,,,Cooking appliances,Technology,,
6813,12024,David McMurtry,XY,,,,,,,,,,,,,,,,,United Kingdom,person.public,USD-networth,"$1,400,000,000",,,12024.03,11965,,B.lion,,,,61,teacher,,,,,,,Manufacturing,Manufacturing,,
6814,12024,Deepak Mehta,,,,,,,,,,,,,,,,,,India,person.public,USD-networth,"$1,400,000,000",,,12024.03,11966,,B.lion,,,,60,teacher,,,,,,,Chemicals,Manufacturing,,
6815,12024,Miao Shouliang,,,,,,,,,,,,,,,,,,China,person.public,USD-networth,"$1,400,000,000",,,12024.03,11961,,B.lion,,,,65,teacher,,,,,,,Real estate,Real Estate,,
6816,12024,Miao Yongjun,,,,,,,,,,,,,,,,,,China,person.public,USD-networth,"$1,400,000,000",,,12024.03,11972,,B.lion,,,,54,teacher,,,,,,,Clinical diagnostics,Healthcare,,
6817,12024,Yoshiko Mori,,,,,,,,,,,,,,,,,,Japan,person.public,USD-networth,"$1,400,000,000",,,12024.03,11964,,B.lion,,,,62,teacher,,,,,,,Real estate,Real Estate,,
6818,12024,Marius Nacht,,,,,,,,,,,,,,,,,,Israel,person.public,USD-networth,"$1,400,000,000",,,12024.03,11962,,B.lion,,,,64,teacher,,,,,,,Software,Technology,,
6819,12024,Tadako Nakatani,XX,,,,,Taro Nakatani,,Japan,,,,,ja-JP_Modern-Japanese,,,rich widow,,Japan,person.public,USD-networth,"$1,400,000,000",,,12024.03,11967,,B.lion,,,,59,teacher,,,,,,,Medical diagnostic equipment,Healthcare,"Tadako Nakatani is the widow of Taro Nakatani, who founded medical testing equipment maker Sysmex as a subsidiary of electrical equipment maker Toa Electric in 1968.
Taro, who died in 1984, led Toa's efforts to research, develop and manufacture medical equipment in the early 1960s.
The company is run by her son-in-law Hisashi Ietsugu, who joined the firm in 1986 and became president a decade later.
Sysmex listed on the second sections of the Osaka Stock Exchange in 1995 and the Tokyo Stock Exchange in 1996, moving up to the first section of both in 2000.
The firm had $3.1 billion in revenue in the fiscal year ended in March 2023.",
6820,12024,Vadim Novinsky,,,,,,,,,,,,,,,,,,Ukraine,person.public,USD-networth,"$1,400,000,000",,,12024.03,11964,,B.lion,,,,62,teacher,,,,,,,Steel,Metals & Mining,,
6821,12024,Niti Osathanugrah,,,,,,,,,,,,,,,,,,Thailand,person.public,USD-networth,"$1,400,000,000",,,12024.03,11962,,B.lion,,,,64,teacher,,,,,,,"Energy drinks,investments",Finance & Investments,,
6822,12024,Gretel Packer,,,,,,,,,,,,,,,,,,Australia,person.public,USD-networth,"$1,400,000,000",,,12024.03,11959,,B.lion,,,,67,teacher,,,,,,,Investments,Finance & Investments,,
6823,12024,Pan Longquan,,,,,,,,,,,,,,,,,,China,person.public,USD-networth,"$1,400,000,000",,,12024.03,11967,,B.lion,,,,59,teacher,,,,,,,Manufacturing,Manufacturing,,
6824,12024,Pan Shiyi,,,,,,,,,,,,,,,,,,China,person.public,USD-networth,"$1,400,000,000",,,12024.03,11961,,B.lion,,,,65,teacher,,,,,,,Real estate,Real Estate,,
6825,12024,David Paul,XY,,,,,,,,,,,,,,,,,United States,person.public,USD-networth,"$1,400,000,000",,,12024.03,11971,,B.lion,,,,55,teacher,,,,,,,Medical devices,Healthcare,,
6826,12024,Tom Persson,,,,,,,,,,,,,,,,,,Sweden,person.public,USD-networth,"$1,400,000,000",,,12024.03,11939,,B.lion,,,,87,advisor,,,,,,,H&M,Fashion & Retail,,
6827,12024,Qian Jinghong,,,,,,,,,,,,,,,,,,China,person.public,USD-networth,"$1,400,000,000",,,12024.03,11960,,B.lion,,,,66,teacher,,,,,,,Electric scooters,Automotive,,
6828,12024,Qin Long,,,,,,,,,,,,,,,,,,China,person.public,USD-networth,"$1,400,000,000",,,12024.03,11948,,B.lion,,,,78,advisor,,,,,,,Tire,Manufacturing,,
6829,12024,M.Satyanarayana Reddy,,,,,,,,,,,,,,,,,,India,person.public,USD-networth,"$1,400,000,000",,,12024.03,11952,,B.lion,,,,74,advisor,,,,,,,Pharmaceuticals,Healthcare,,
6830,12024,Mochtar Riady,,,,,,,,,,,,,,,,,,Indonesia,person.public,USD-networth,"$1,400,000,000",,,12024.03,11969,,B.lion,,,,57,teacher,,,,,,,Diversified,Diversified,,
6831,12024,Rihanna,,,,,,,,,,,,,,,,,,Barbados,person.public,USD-networth,"$1,400,000,000",,,12024.03,11960,,B.lion,,,,66,teacher,,,,,,,"Music, cosmetics",Fashion & Retail,,
6832,12024,Boris Rotenberg,,,,,,,,,,,,,,,,,,Russia,person.public,USD-networth,"$1,400,000,000",,,12024.03,11983,,B.lion,,,,43,householder,,,,,,,"Construction, pipes, chemicals",Construction & Engineering,,
6833,12024,Subhash Runwal,,,,,,,,,,,,,,,,,,India,person.public,USD-networth,"$1,400,000,000",,,12024.03,11941,,B.lion,,,,85,advisor,,,,,,,Real estate,Real Estate,,
6834,12024,Igor Rybakov,,,,,,,,,,,,,,,,,,Russia,person.public,USD-networth,"$1,400,000,000",,,12024.03,11964,,B.lion,,,,62,teacher,,,,,,,Building materials,Manufacturing,,
6835,12024,Carlos Sanchez,,,,,,,,,,,,,,,,,,Brazil,person.public,USD-networth,"$1,400,000,000",,,12024.03,11954,,B.lion,,,,72,teacher,,,,,,,Generic drugs,Healthcare,,
6836,12024,Martin Selig,,,,,,,,,,,,,,,,,,United States,person.public,USD-networth,"$1,400,000,000",,,12024.03,11934,,B.lion,,,,92,phantasim,,,,,,,Real estate,Real Estate,,
6837,12024,Airat Shaimiev,,,,,,,,,,,,,,,,,,Russia,person.public,USD-networth,"$1,400,000,000",,,12024.03,11958,,B.lion,,,,68,teacher,,,,,,,"Refinery, chemicals",Energy,,
6838,12024,Radik Shaimiev,,,,,,,,,,,,,,,,,,Russia,person.public,USD-networth,"$1,400,000,000",,,12024.03,11954,,B.lion,,,,72,teacher,,,,,,,"Refinery, chemicals",Energy,,
6839,12024,Nobutoshi Shimamura,,,,,,,,,,,,,,,,,,Japan,person.public,USD-networth,"$1,400,000,000",,,12024.03,11974,,B.lion,,,,52,teacher,,,,,,,Retail,Fashion & Retail,,
6840,12024,Jared Smith,,,,,,,,,,,,,,,,,,United States,person.public,USD-networth,"$1,400,000,000",,,12024.03,11953,,B.lion,,,,73,advisor,,,,,,,Cloud computing,Technology,,
6841,12024,Charlotte Soderstrom,,,,,,,,,,,,,,,,,,Sweden,person.public,USD-networth,"$1,400,000,000",,,12024.03,11984,,B.lion,,,,42,householder,,,,,,,H&M,Fashion & Retail,,
6842,12024,Anand Surana,,,,,,,,,,,,,,,,,,India,person.public,USD-networth,"$1,400,000,000",,,12024.03,11966,,B.lion,,,,60,teacher,,,,,,,Pharmaceuticals,Healthcare,,
6843,12024,Dilip Surana,,,,,,,,,,,,,,,,,,India,person.public,USD-networth,"$1,400,000,000",,,12024.03,11948,,B.lion,,,,78,advisor,,,,,,,Pharmaceuticals,Healthcare,,
6844,12024,Wilma Tisch,,,,,,,,,,,,,,,,,,United States,person.public,USD-networth,"$1,400,000,000",,,12024.03,11962,,B.lion,,,,64,teacher,,,,,,,Diversified,Finance & Investments,,
6845,12024,Wang Jianyi,,,,,,,,,,,,,,,,,,China,person.public,USD-networth,"$1,400,000,000",,,12024.03,11974,,B.lion,,,,52,teacher,,,,,,,Fiber optic cables,Technology,,
6846,12024,Wang Jilei,,,,,,,,,,,,,,,,,,China,person.public,USD-networth,"$1,400,000,000",,,12024.03,11960,,B.lion,,,,66,teacher,,,,,,,Logistics,Logistics,,
6847,12024,Shuifu Wang,,,,,,,,,,,,,,,,,,China,person.public,USD-networth,"$1,400,000,000",,,12024.03,11972,,B.lion,,,,54,teacher,,,,,,,Manufacturing,Manufacturing,,
6848,12024,Wang Yanqing,,,,,,,,,,,,,,,,,,China,person.public,USD-networth,"$1,400,000,000",,,12024.03,11947,,B.lion,,,,79,advisor,,,,,,,Carbon fiber products,Manufacturing,,
6849,12024,Wang Zelong,,,,,,,,,,,,,,,,,,China,person.public,USD-networth,"$1,400,000,000",,,12024.03,11948,,B.lion,,,,78,advisor,,,,,,,Chemicals,Metals & Mining,,
6850,12024,Werner O. Weber,,,,,,,,,,,,,,,,,,Switzerland,person.public,USD-networth,"$1,400,000,000",,,12024.03,11970,,B.lion,,,,56,teacher,,,,,,,Electronic components,Manufacturing,,
6851,12024,Anne Werninghaus,,,,,,,,,,,,,,,,,,Brazil,person.public,USD-networth,"$1,400,000,000",,,12024.03,11964,,B.lion,,,,62,teacher,,,,,,,Industrial machinery,Manufacturing,,
6852,12024,"Alfred West, Jr.",,,,,,,,,,,,,,,,,,United States,person.public,USD-networth,"$1,400,000,000",,,12024.03,11938,,B.lion,,,,88,advisor,,,,,,,Money management,Finance & Investments,,
6853,12024,Wu Bo,,,,,,,,,,,,,,,,,,China,person.public,USD-networth,"$1,400,000,000",,,12024.03,11972,,B.lion,,,,54,teacher,,,,,,,Machinery,Manufacturing,,
6854,12024,Wu Chaoqun,,,,,,,,,,,,,,,,,,China,person.public,USD-networth,"$1,400,000,000",,,12024.03,11969,,B.lion,,,,57,teacher,,,,,,,Chemicals,Manufacturing,,
6855,12024,Swift Xie,,,,,,,,,,,,,,,,,,China,person.public,USD-networth,"$1,400,000,000",,,12024.03,11965,,B.lion,,,,61,teacher,,,,,,,Drones,Technology,,
6856,12024,Xu Guozhong,,,,,,,,,,,,,,,,,,China,person.public,USD-networth,"$1,400,000,000",,,12024.03,11957,,B.lion,,,,69,teacher,,,,,,,Motors,Manufacturing,,
6857,12024,Yao Kuizhang,,,,,,,,,,,,,,,,,,China,person.public,USD-networth,"$1,400,000,000",,,12024.03,11950,,B.lion,,,,76,advisor,,,,,,,Beverages,Food & Beverage,,
6858,12024,Yu Peidi,,,,,,,,,,,,,,,,,,Hong Kong,person.public,USD-networth,"$1,400,000,000",,,12024.03,11952,,B.lion,,,,74,advisor,,,,,,,Real estate,Real Estate,,
6859,12024,Yuan Liping,,,,,,,,,,,,,,,,,,Canada,person.public,USD-networth,"$1,400,000,000",,,12024.03,11979,,B.lion,,,,47,householder,,,,,,,Pharmaceuticals,Healthcare,,
6860,12024,Zhang Chuanwei,,,,,,,,,,,,,,,,,,China,person.public,USD-networth,"$1,400,000,000",,,12024.03,11937,,B.lion,,,,89,advisor,,,,,,,Machinery,Manufacturing,,
6861,12024,Zhang Keqiang,,,,,,,,,,,,,,,,,,China,person.public,USD-networth,"$1,400,000,000",,,12024.03,11979,,B.lion,,,,47,householder,,,,,,,Real estate,Real Estate,,
6862,12024,Zhang Xin,,,,,,,,,,,,,,,,,,China,person.public,USD-networth,"$1,400,000,000",,,12024.03,11959,,B.lion,,,,67,teacher,,,,,,,Real estate,Real Estate,,
6863,12024,Zhang Xinghai,,,,,,,,,,,,,,,,,,China,person.public,USD-networth,"$1,400,000,000",,,12024.03,11965,,B.lion,,,,61,teacher,,,,,,,Machinery,Manufacturing,,
6864,12024,Zheng Jianjiang,,,,,,,,,,,,,,,,,,China,person.public,USD-networth,"$1,400,000,000",,,12024.03,11988,,B.lion,,,,38,householder,,,,,,,Electrical equipment,Manufacturing,,
6865,12024,Zhong Sheng Jian,,,,,,,,,,,,,,,,,,Singapore,person.public,USD-networth,"$1,400,000,000",,,12024.03,11954,,B.lion,,,,72,teacher,,,,,,,Real estate,Real Estate,,
6866,12024,Zhou Chengjian,,,,,,,,,,,,,,,,,,China,person.public,USD-networth,"$1,400,000,000",,,12024.03,11967,,B.lion,,,,59,teacher,,,,,,,Fashion retail,Fashion & Retail,,
6867,12024,Boris Zingarevich,,,,,,,,,,,,,,,,,,Russia,person.public,USD-networth,"$1,400,000,000",,,12024.03,11952,,B.lion,,,,74,advisor,,,,,,,"Pulp and paper, diversified",Diversified,,
6985,12024,A. Jayson Adair,,,,,,,,,,,,,,,,,,United States,person.public,USD-networth,"$1,300,000,000",,,12024.03,11963,,B.lion,,,,63,teacher,,,,,,,Damaged cars,Automotive,,
6986,12024,Soegiarto Adikoesoemo,,,,,,,,,,,,,,,,,,Indonesia,person.public,USD-networth,"$1,300,000,000",,,12024.03,11960,,B.lion,,,,66,teacher,,,,,,,Chemicals,Logistics,,
6987,12024,Rajendra Agarwal,,,,,,,,,,,,,,,,,,India,person.public,USD-networth,"$1,300,000,000",,,12024.03,11968,,B.lion,,,,58,teacher,,,,,,,Pharmaceuticals,Healthcare,,
6988,12024,Chirayu Amin,,,,,,,,,,,,,,,,,,India,person.public,USD-networth,"$1,300,000,000",,,12024.03,11962,,B.lion,,,,64,teacher,,,,,,,Pharmaceuticals,Healthcare,,
6989,12024,Anant Asavabhokhin,,,,,,,,,,,,,,,,,,Thailand,person.public,USD-networth,"$1,300,000,000",,,12024.03,11923,,B.lion,,,,103,phantasim,,,,,,,Real estate,Real Estate,,
6990,12024,Roman Avdeev,,,,,,,,,,,,,,,,,,Russia,person.public,USD-networth,"$1,300,000,000",,,12024.03,11967,,B.lion,,,,59,teacher,,,,,,,"Banking, development",Finance & Investments,,
6991,12024,Ziv Aviram,,,,,,,,,,,,,,,,,,Israel,person.public,USD-networth,"$1,300,000,000",,,12024.03,11964,,B.lion,,,,62,teacher,,,,,,,Automotive technology,Automotive,,
6992,12024,Sachin Bansal,,,,,,,,,,,,,,,,,,India,person.public,USD-networth,"$1,300,000,000",,,12024.03,11969,,B.lion,,,,57,teacher,,,,,,,Flipkart,Fashion & Retail,,
6993,12024,Kiki Barki,,,,,,,,,,,,,,,,,,Indonesia,person.public,USD-networth,"$1,300,000,000",,,12024.03,11966,,B.lion,,,,60,teacher,,,,,,,Coal,Energy,,
6994,12024,Elena Baturina,,,,,,,,,,,,,,,,,,Russia,person.public,USD-networth,"$1,300,000,000",,,12024.03,11959,,B.lion,,,,67,teacher,,,,,,,"Investments, real estate",Construction & Engineering,,
6995,12024,Banwari Lal Bawri,,,,,,,,,,,,,,,,,,India,person.public,USD-networth,"$1,300,000,000",,,12024.03,11942,,B.lion,,,,84,advisor,,,,,,,Pharmaceuticals,Healthcare,,
6996,12024,Othman Benjelloun,,,,,,,,,,,,,,,,,,Morocco,person.public,USD-networth,"$1,300,000,000",,,12024.03,11955,,B.lion,,,,71,teacher,,,,,,,"Banking, insurance",Finance & Investments,,
6997,12024,Hari Bhartia,,,,,,,,,,,,,,,,,,India,person.public,USD-networth,"$1,300,000,000",,,12024.03,11954,,B.lion,,,,72,teacher,,,,,,,Diversified,Diversified,,
6998,12024,Shyam Bhartia,,,,,,,,,,,,,,,,,,India,person.public,USD-networth,"$1,300,000,000",,,12024.03,11982,,B.lion,,,,44,householder,,,,,,,"Pharmaceuticals, food",Healthcare,,
6999,12024,Stewart Butterfield,,,,,,,,,,,,,,,,,,Canada,person.public,USD-networth,"$1,300,000,000",,,12024.03,11964,,B.lion,,,,62,teacher,,,,,,,Messaging software,Technology,,
7000,12024,Cai Mingtong,,,,,,,,,,,,,,,,,,China,person.public,USD-networth,"$1,300,000,000",,,12024.03,11969,,B.lion,,,,57,teacher,,,,,,,Electronic components,Technology,,
7001,12024,Anthony Casalena,,,,,,,,,,,,,,,,,,United States,person.public,USD-networth,"$1,300,000,000",,,12024.03,11951,,B.lion,,,,75,advisor,,,,,,,Software,Technology,,
7002,12024,Chang Jianming,,,,,,,,,,,,,,,,,,China,person.public,USD-networth,"$1,300,000,000",,,12024.03,11951,,B.lion,,,,75,advisor,,,,,,,Industrial equipment,Manufacturing,,
7003,12024,Richard Chang,,,,,,,,,,,,,,,,,,Taiwan,person.public,USD-networth,"$1,300,000,000",,,12024.03,11963,,B.lion,,,,63,teacher,,,,,,,"Real estate, electronics",Real Estate,,
7004,12024,Chen Xuehua,,,,,,,,,,,,,,,,,,China,person.public,USD-networth,"$1,300,000,000",,,12024.03,11966,,B.lion,,,,60,teacher,,,,,,,Minerals processing,Metals & Mining,,
7005,12024,Chen Yin,,,,,,,,,,,,,,,,,,China,person.public,USD-networth,"$1,300,000,000",,,12024.03,11978,,B.lion,,,,48,householder,,,,,,,Power tools,Manufacturing,,
7006,12024,Chin Jong Hwa,,,,,,,,,,,,,,,,,,Taiwan,person.public,USD-networth,"$1,300,000,000",,,12024.03,11953,,B.lion,,,,73,advisor,,,,,,,Auto parts,Automotive,,
7007,12024,Marcelo Claure,,,,,,,,,,,,,,,,,,United States,person.public,USD-networth,"$1,300,000,000",,,12024.03,11956,,B.lion,,,,70,teacher,,,,,,,Cell phone distribution,Telecom,,
7008,12024,Alberto Cortina,,,,,,,,,,,,,,,,,,Spain,person.public,USD-networth,"$1,300,000,000",,,12024.03,11979,,B.lion,,,,47,householder,,,,,,,Investments,Finance & Investments,,
7009,12024,Eduardo Costantini,,,,,,,,,,,,,,,,,,Argentina,person.public,USD-networth,"$1,300,000,000",,,12024.03,11966,,B.lion,,,,60,teacher,,,,,,,Real estate,Real Estate,,
7010,12024,Wenjun Dai,,,,,,,,,,,,,,,,,,China,person.public,USD-networth,"$1,300,000,000",,,12024.03,11958,,B.lion,,,,68,teacher,,,,,,,Food,Food & Beverage,,
7011,12024,Anand Deshpande,,,,,,,,,,,,,,,,,,India,person.public,USD-networth,"$1,300,000,000",,,12024.03,11963,,B.lion,,,,63,teacher,,,,,,,Technology,Technology,,
7012,12024,Aydin Dogan,,,,,,,,,,,,,,,,,,Turkey,person.public,USD-networth,"$1,300,000,000",,,12024.03,11943,,B.lion,,,,83,advisor,,,,,,,Media,Media & Entertainment,,
7013,12024,Annalisa Doris,,,,,,,,,,,,,,,,,,Italy,person.public,USD-networth,"$1,300,000,000",,,12024.03,11967,,B.lion,,,,59,teacher,,,,,,,Financial services,Finance & Investments,,
7014,12024,Massimo Doris,,,,,,,,,,,,,,,,,,Italy,person.public,USD-networth,"$1,300,000,000",,,12024.03,11961,,B.lion,,,,65,teacher,,,,,,,Financial services,Finance & Investments,,
7015,12024,Weimin Du,,,,,,,,,,,,,,,,,,China,person.public,USD-networth,"$1,300,000,000",,,12024.03,11966,,B.lion,,,,60,teacher,,,,,,,Vaccines,Healthcare,,
7016,12024,Timothy Dunn,,,,,,,,,,,,,,,,,,United States,person.public,USD-networth,"$1,300,000,000",,,12024.03,11964,,B.lion,,,,62,teacher,,,,,,,Energy,Energy,,
7017,12024,Keiko Erikawa,,,,,,,,,,,,,,,,,,Japan,person.public,USD-networth,"$1,300,000,000",,,12024.03,11957,,B.lion,,,,69,teacher,,,,,,,Video games,Media & Entertainment,,
7018,12024,Yoichi Erikawa,,,,,,,,,,,,,,,,,,Japan,person.public,USD-networth,"$1,300,000,000",,,12024.03,11965,,B.lion,,,,61,teacher,,,,,,,Video games,Media & Entertainment,,
7019,12024,Philip Fayer,,,,,,,,,,,,,,,,,,Canada,person.public,USD-networth,"$1,300,000,000",,,12024.03,11944,,B.lion,,,,82,advisor,,,,,,,Online payments,Finance & Investments,,
7020,12024,Marvy Finger,,,,,,,,,,,,,,,,,,United States,person.public,USD-networth,"$1,300,000,000",,,12024.03,11969,,B.lion,,,,57,teacher,,,,,,,Real estate,Real Estate,,
7021,12024,Simona Giorgetta,,,,,,,,,,,,,,,,,,Italy,person.public,USD-networth,"$1,300,000,000",,,12024.03,11937,,B.lion,,,,89,advisor,,,,,,,Chemical products,Construction & Engineering,,
7022,12024,Joel Greenberg,,,,,,,,,,,,,,,,,,United States,person.public,USD-networth,"$1,300,000,000",,,12024.03,11986,,B.lion,,,,40,householder,,,,,,,"Trading, investments",Finance & Investments,,
7023,12024,He Zhiping,,,,,,,,,,,,,,,,,,China,person.public,USD-networth,"$1,300,000,000",,,12024.03,11957,,B.lion,,,,69,teacher,,,,,,,Investments,Finance & Investments,,
7024,12024,Heikki Herlin,,,,,,,,,,,,,,,,,,Finland,person.public,USD-networth,"$1,300,000,000",,,12024.03,11952,,B.lion,,,,74,advisor,,,,,,,"Elevators, escalators",Manufacturing,,
7025,12024,Hoi Kin Hong,,,,,,,,,,,,,,,,,,Macau,person.public,USD-networth,"$1,300,000,000",,,12024.03,11959,,B.lion,,,,67,teacher,,,,,,,Real estate,Real Estate,,
7026,12024,Lillyn Teh Li Hua,XX,Teh Hong Piow,,,,,,Malaysia,,,,,,,,,,Malaysia,person.public,USD-networth,"$1,300,000,000",,,12024.03,11969,,B.lion,,,,57,teacher,,,,,,,Finance,Finance & Investments,"Lillian Teh Li Hua is the daughter of late banker Teh Hong Piow, who chaired the Malaysian banking behemoth Public Bank for several decades.
Teh Hong Piow founded the bank in 1966. He died in December 2022 at age 92.
In addition to Malaysia, the bank serves millions of customers across Cambodia, China, Hong Kong, Sri Lanka and Vietnam.
Teh had a significant minority stake in the bank as well as in the listed insurance business, LPI Capital.",
7027,12024,Gregg Hymowitz,,,,,,,,,,,,,,,,,,United States,person.public,USD-networth,"$1,300,000,000",,,12024.03,11949,,B.lion,,,,77,advisor,,,,,,,Asset management,Finance & Investments,,
7028,12024,Mitchell Jacobson,,,,,,,,,,,,,,,,,,United States,person.public,USD-networth,"$1,300,000,000",,,12024.03,11975,,B.lion,,,,51,teacher,,,,,,,Industrial equipment,Service,,
7029,12024,Anurang Jain,,,,,,,,,,,,,,,,,,India,person.public,USD-networth,"$1,300,000,000",,,12024.03,11964,,B.lion,,,,62,teacher,,,,,,,Auto parts,Manufacturing,,
7030,12024,Jiang Guiting,,,,,,,,,,,,,,,,,,China,person.public,USD-networth,"$1,300,000,000",,,12024.03,11947,,B.lion,,,,79,advisor,,,,,,,Manufacturing,Manufacturing,,
7031,12024,Jin Xin,,,,,,,,,,,,,,,,,,China,person.public,USD-networth,"$1,300,000,000",,,12024.03,11947,,B.lion,,,,79,advisor,,,,,,,Manufacturing,Manufacturing,,
7032,12024,Conni Jonsson,,,,,,,,,,,,,,,,,,Sweden,person.public,USD-networth,"$1,300,000,000",,,12024.03,11943,,B.lion,,,,83,advisor,,,,,,,Asset management,Finance & Investments,,
7033,12024,George Joseph,,,,,,,,,,,,,,,,,,United States,person.public,USD-networth,"$1,300,000,000",,,12024.03,11958,,B.lion,,,,68,teacher,,,,,,,Insurance,Finance & Investments,,
7034,12024,Laurent Junique,,,,,,,,,,,,,,,,,,France,person.public,USD-networth,"$1,300,000,000",,,12024.03,11976,,B.lion,,,,50,teacher,,,,,,,Call centers,Technology,,
7035,12024,Zbigniew Juroszek,,,,,,,,,,,,,,,,,,Poland,person.public,USD-networth,"$1,300,000,000",,,12024.03,11954,,B.lion,,,,72,teacher,,,,,,,"Real estate, gambling",Diversified,,
7036,12024,Alexander Karp,,,,,,,,,,,,,,,,,,United States,person.public,USD-networth,"$1,300,000,000",,,12024.03,11954,,B.lion,,,,72,teacher,,,,,,,Software firm,Technology,,
7037,12024,Joe Kiani,,,,,,,,,,,,,,,,,,United States,person.public,USD-networth,"$1,300,000,000",,,12024.03,11974,,B.lion,,,,52,teacher,,,,,,,Medical devices,Healthcare,,
7038,12024,Seth Klarman,,,,,,,,,,,,,,,,,,United States,person.public,USD-networth,"$1,300,000,000",,,12024.03,11968,,B.lion,,,,58,teacher,,,,,,,Investments,Finance & Investments,,
7039,12024,Kagemasa Kozuki,,,,,,,,,,,,,,,,,,Japan,person.public,USD-networth,"$1,300,000,000",,,12024.03,11970,,B.lion,,,,56,teacher,,,,,,,Video games,Technology,,
7040,12024,Michael Krasny,XY,,,,,,,,,,,,,,,,,United States,person.public,USD-networth,"$1,300,000,000",,,12024.03,11965,,B.lion,,,,61,teacher,,,,,,,Retail,Technology,,
7041,12024,Eduard Kucera,,,,,,,,,,,,,,,,,,Czech Republic,person.public,USD-networth,"$1,300,000,000",,,12024.03,11961,,B.lion,,,,65,teacher,,,,,,,Software,Technology,,
7042,12024,Kristo Käärmann,,,,,,,,,,,,,,,,,,Estonia,person.public,USD-networth,"$1,300,000,000",,,12024.03,11960,,B.lion,,,,66,teacher,,,,,,,"Payments, banking",Finance & Investments,,
7043,12024,Gary Lauder,,,,,,,,,,,,,,,,,,United States,person.public,USD-networth,"$1,300,000,000",,,12024.03,11955,,B.lion,,,,71,teacher,,,,,,,Estée Lauder,Fashion & Retail,,
7044,12024,Lee Hae-jin,,,,,,,,,,,,,,,,,,South Korea,person.public,USD-networth,"$1,300,000,000",,,12024.03,11958,,B.lion,,,,68,teacher,,,,,,,Internet,Technology,,
7045,12024,Art Levinson,,,,,,,,,,,,,,,,,,United States,person.public,USD-networth,"$1,300,000,000",,,12024.03,11980,,B.lion,,,,46,householder,,,,,,,"Genentech, Apple",Diversified,,
7046,12024,Li Denghai,,,,,,,,,,,,,,,,,,China,person.public,USD-networth,"$1,300,000,000",,,12024.03,11947,,B.lion,,,,79,advisor,,,,,,,Seed production,Food & Beverage,,
7047,12024,Fengluan Li,,,,,,,,,,,,,,,,,,China,person.public,USD-networth,"$1,300,000,000",,,12024.03,11935,,B.lion,,,,91,phantasim,,,,,,,"Steel, diversified",Diversified,,
7048,12024,Li Yongqing,,,,,,,,,,,,,,,,,,China,person.public,USD-networth,"$1,300,000,000",,,12024.03,11961,,B.lion,,,,65,teacher,,,,,,,Petro Firbe,Manufacturing,,
7049,12024,Li Zhigang,,,,,,,,,,,,,,,,,,China,person.public,USD-networth,"$1,300,000,000",,,12024.03,11970,,B.lion,,,,56,teacher,,,,,,,Machinery,Manufacturing,,
7050,12024,Liu Gexin,,,,,,,,,,,,,,,,,,China,person.public,USD-networth,"$1,300,000,000",,,12024.03,11969,,B.lion,,,,57,teacher,,,,,,,Pharmaceuticals,Healthcare,,
7051,12024,Itamar Locks,,,,,,,,,,,,,,,,,,Brazil,person.public,USD-networth,"$1,300,000,000",,,12024.03,11977,,B.lion,,,,49,teacher,,,,,,,Agribusiness,Food & Beverage,,
7052,12024,Lu Hongyan,,,,,,,,,,,,,,,,,,China,person.public,USD-networth,"$1,300,000,000",,,12024.03,11941,,B.lion,,,,85,advisor,,,,,,,Online games,Media & Entertainment,,
7053,12024,Lv Jianming,,,,,,,,,,,,,,,,,,Hong Kong,person.public,USD-networth,"$1,300,000,000",,,12024.03,11974,,B.lion,,,,52,teacher,,,,,,,Medical equipment,Healthcare,,
7054,12024,Blairo Maggi,,,,,,,,,,,,,,,,,,Brazil,person.public,USD-networth,"$1,300,000,000",,,12024.03,11950,,B.lion,,,,76,advisor,,,,,,,Agribusiness,Food & Beverage,,
7055,12024,Yasseen Mansour,,,,,,,,,,,,,,,,,,Egypt,person.public,USD-networth,"$1,300,000,000",,,12024.03,11967,,B.lion,,,,59,teacher,,,,,,,Diversified,Diversified,,
7056,12024,Charlwin Mao,XY,,,,,,,China,,,,,Simplified Chinese,,,,,China,person.public,USD-networth,"$1,300,000,000",,,12024.03,11964,12022,B.lion,,,,62,teacher,,,,,,,E-commerce,Fashion & Retail,"Charlwin Mao is the CEO of Shanghai-headquartered social and e-commerce platform Xiaohongshu.
Mao co-founded the company with Miranda Qu in 2013.
Earlier in his career, he worked at Bain Consulting and Bain Capital.",
7057,12024,George Marcus,,,,,,,,,,,,,,,,,,United States,person.public,USD-networth,"$1,300,000,000",,,12024.03,11971,,B.lion,,,,55,teacher,,,,,,,Real estate,Real Estate,,
7058,12024,Yves-Loic Martin,,,,,,,,,,,,,,,,,,France,person.public,USD-networth,"$1,300,000,000",,,12024.03,11970,,B.lion,,,,56,teacher,,,,,,,Laboratory services,Healthcare,,
7059,12024,Carsten Maschmeyer,,,,,,,,,,,,,,,,,,Germany,person.public,USD-networth,"$1,300,000,000",,,12024.03,11972,,B.lion,,,,54,teacher,,,,,,,Finance services,Finance & Investments,,
7060,12024,Lillian Teh Li Ming,XX,Teh Hong Piow,,,,,,,,,,,,,,,,Malaysia,person.public,USD-networth,"$1,300,000,000",,,12024.03,11968,,B.lion,,,,58,teacher,,,,,,,Banking,Finance & Investments,"Lilian Teh Li Ming is the daughter of late banker Teh Hong Piow, who chaired Malaysian banking behemoth Public Bank for several decades
Teh Hong Piow founded the bank in 1966. He died in December 2022 at age 92.
In addition to Malaysia, the bank serves millions of customers across Cambodia, China, Hong Kong, Sri Lanka and Vietnam.
Teh had a substantial minority stake in the bank as well as in the listed insurance business, LPI Capital.",
7061,12024,Martin Moller Nielsen,,,,,,,,,,,,,,,,,,Denmark,person.public,USD-networth,"$1,300,000,000",,,12024.03,11975,,B.lion,,,,51,teacher,,,,,,,Aircraft leasing,Logistics,,
7062,12024,Jahm Najafi,,,,,,,,,,,,,,,,,,United States,person.public,USD-networth,"$1,300,000,000",,,12024.03,11972,,B.lion,,,,54,teacher,,,,,,,Investments,Finance & Investments,,
7063,12024,Randal Nardone,,,,,,,,,,,,,,,,,,United States,person.public,USD-networth,"$1,300,000,000",,,12024.03,11961,,B.lion,,,,65,teacher,,,,,,,"Investments, energy",Finance & Investments,,
7064,12024,Nguyen Dang Quang,,,,,,,,,,,,,,,,,,Vietnam,person.public,USD-networth,"$1,300,000,000",,,12024.03,11954,,B.lion,,,,72,teacher,,,,,,,"Consumer products, banking",Food & Beverage,,
7065,12024,Kazuo Okada,,,,,,,,,,,,,,,,,,Japan,person.public,USD-networth,"$1,300,000,000",,,12024.03,11964,,B.lion,,,,62,teacher,,,,,,,Casinos,Gambling & Casinos,,
7066,12024,John Oyler,XY,,,,,,,,,,,,,,,,,United States,person.public,USD-networth,"$1,300,000,000",,,12024.03,11974,,B.lion,,,,52,teacher,,,,,,,Biotech,Healthcare,,
7067,12024,William Teh Lee Pang,XY,Teh Hong Piow,,,,,,,,,,,,,,,,Malaysia,person.public,USD-networth,"$1,300,000,000",,,12024.03,11983,,B.lion,,,,43,householder,,,,,,,Banking,Finance & Investments,"William Teh Lee Pang is the son of late banker Teh Hong Piow, who founded Malaysian banking behemoth Public Bank and chaired it for several decades.
Teh Hong Piow founded the bank in 1966. He died in December 2022 at age 92.
n addition to Malaysia, the bank serves millions of customers across Cambodia, China, Hong Kong, Sri Lanka and Vietnam.
The late Teh owned a substantial minority stake in the bank as well as in the listed insurance business, LPI Capital.",
7068,12024,George Pedersen,,,,,,,,,,,,,,,,,,United States,person.public,USD-networth,"$1,300,000,000",,,12024.03,11958,,B.lion,,,,68,teacher,,,,,,,Defense contractor,Manufacturing,,
7069,12024,Qu Miranda,,,,,,,,,,,,,,,,,,China,person.public,USD-networth,"$1,300,000,000",,,12024.03,11969,,B.lion,,,,57,teacher,,,,,,,E-commerce,Fashion & Retail,,
7070,12024,Jupally Rameshwar Rao,,,,,,,,,,,,,,,,,,India,person.public,USD-networth,"$1,300,000,000",,,12024.03,11967,,B.lion,,,,59,teacher,,,,,,,Real estate,Real Estate,,
7071,12024,G. M. Rao,,,,,,,,,,,,,,,,,,India,person.public,USD-networth,"$1,300,000,000",,,12024.03,11962,,B.lion,,,,64,teacher,,,,,,,Infrastructure,Logistics,,
7072,12024,P.V. Ramprasad Reddy,,,,,,,,,,,,,,,,,,India,person.public,USD-networth,"$1,300,000,000",,,12024.03,11965,,B.lion,,,,61,teacher,,,,,,,Pharmaceuticals,Healthcare,,
7073,12024,Satish Reddy,,,,,,,,,,,,,,,,,,India,person.public,USD-networth,"$1,300,000,000",,,12024.03,11938,,B.lion,,,,88,advisor,,,,,,,Pharmaceuticals,Healthcare,,
7074,12024,Fernando Roig,,,,,,,,,,,,,,,,,,Spain,person.public,USD-networth,"$1,300,000,000",,,12024.03,11978,,B.lion,,,,48,householder,,,,,,,Supermarkets,Fashion & Retail,,
7075,12024,Igor Rotenberg,,,,,,,,,,,,,,,,,,Russia,person.public,USD-networth,"$1,300,000,000",,,12024.03,11988,,B.lion,,,,38,householder,,,,,,,"Investments, real estate",Diversified,,
7076,12024,Seifeddin Rustamov,,,,,,,,,,,,,,,,,,Russia,person.public,USD-networth,"$1,300,000,000",,,12024.03,11985,,B.lion,,,,41,householder,,,,,,,Chemicals,Manufacturing,,
7077,12024,Deniz Sahenk,,,,,,,,,,,,,,,,,,Turkey,person.public,USD-networth,"$1,300,000,000",,,12024.03,11946,,B.lion,,,,80,advisor,,,,,,,Diversified,Diversified,,
7078,12024,Nobutada Saji,,,,,,,,,,,,,,,,,,Japan,person.public,USD-networth,"$1,300,000,000",,,12024.03,11961,,B.lion,,,,65,teacher,,,,,,,Beverages,Food & Beverage,,
7079,12024,Hajime Satomi,,,,,,,,,,,,,,,,,,Japan,person.public,USD-networth,"$1,300,000,000",,,12024.03,11970,,B.lion,,,,56,teacher,,,,,,,"Video games, pachinko",Gambling & Casinos,,
7080,12024,James Scapa,,,,,,,,,,,,,,,,,,United States,person.public,USD-networth,"$1,300,000,000",,,12024.03,11970,,B.lion,,,,56,teacher,,,,,,,Software,Technology,,
7081,12024,Stephan Schnabel,,,,,,,,,,,,,,,,,,Germany,person.public,USD-networth,"$1,300,000,000",,,12024.03,11942,,B.lion,,,,84,advisor,,,,,,,Chemicals,Manufacturing,,
7082,12024,Devi Shetty,,,,,,,,,,,,,,,,,,India,person.public,USD-networth,"$1,300,000,000",,,12024.03,11955,,B.lion,,,,71,teacher,,,,,,,Healthcare,Healthcare,,
7083,12024,Albert Shigaboutdinov,,,,,,,,,,,,,,,,,,Russia,person.public,USD-networth,"$1,300,000,000",,,12024.03,11953,,B.lion,,,,73,advisor,,,,,,,"Refinery, chemicals",Diversified,,
7084,12024,Diona Teh Li Shian,XX,Teh Hong Piow,,,,,,,,,,,,,,,,Malaysia,person.public,USD-networth,"$1,300,000,000",,,12024.03,11953,,B.lion,,,,73,advisor,,,,,,,Banking,Finance & Investments,"Diana Teh Li Shing is the daughter of late banker Teh Hong Piow, who chaired Malaysian banking behemoth Public Bank for several decades.
Her father founded the bank in 1966. Teh died in December 2022 at age 92.
Her father had a substantial minority stake in both Public Bank and insurance firm LPI Capital.",
7085,12024,Denis Shtengelov,,,,,,,,,,,,,,,,,,Russia,person.public,USD-networth,"$1,300,000,000",,,12024.03,11972,,B.lion,,,,54,teacher,,,,,,,"Food, retail",Food & Beverage,,
7086,12024,Song Fei,,,,,,,,,,,,,,,,,,China,person.public,USD-networth,"$1,300,000,000",,,12024.03,11939,,B.lion,,,,87,advisor,,,,,,,Machinery,Manufacturing,,
7087,12024,Hal Steinbrenner,,,,,,,,,,,,,,,,,,United States,person.public,USD-networth,"$1,300,000,000",,,12024.03,11964,,B.lion,,,,62,teacher,,,,,,,Sports,Sports,,
7088,12024,Jessica Steinbrenner,,,,,,,,,,,,,,,,,,United States,person.public,USD-networth,"$1,300,000,000",,,12024.03,11940,,B.lion,,,,86,advisor,,,,,,,Sports,Sports,,
7089,12024,Jennifer Steinbrenner Swindal,,,,,,,,,,,,,,,,,,United States,person.public,USD-networth,"$1,300,000,000",,,12024.03,11959,,B.lion,,,,67,teacher,,,,,,,Sports,Sports,,
7090,12024,Konstantin Strukov,,,,,,,,,,,,,,,,,,Russia,person.public,USD-networth,"$1,300,000,000",,,12024.03,11954,,B.lion,,,,72,teacher,,,,,,,"Gold, coal mining",Metals & Mining,,
7091,12024,Rustem Sulteev,,,,,,,,,,,,,,,,,,Russia,person.public,USD-networth,"$1,300,000,000",,,12024.03,11968,,B.lion,,,,58,teacher,,,,,,,"Refinery, chemicals",Energy,,
7092,12024,Clemens Toennies,,,,,,,,,,,,,,,,,,Germany,person.public,USD-networth,"$1,300,000,000",,,12024.03,11958,,B.lion,,,,68,teacher,,,,,,,Meat processing,Food & Beverage,,
7093,12024,Robert Toennies,,,,,,,,,,,,,,,,,,Germany,person.public,USD-networth,"$1,300,000,000",,,12024.03,11973,,B.lion,,,,53,teacher,,,,,,,Meat processing,Food & Beverage,,
7094,12024,John Van Lieshout,XY,,,,,,,,,,,,,,,,,Australia,person.public,USD-networth,"$1,300,000,000",,,12024.03,11994,,B.lion,,,,32,householder,,,,,,,Real estate,Real Estate,,
7095,12024,Pongsak Viddayakorn,,,,,,,,,,,,,,,,,,Thailand,person.public,USD-networth,"$1,300,000,000",,,12024.03,11959,,B.lion,,,,67,teacher,,,,,,,Hospitals,Healthcare,,
7096,12024,Wang Jianguo,,,,,,,,,,,,,,,,,,China,person.public,USD-networth,"$1,300,000,000",,,12024.03,11975,,B.lion,,,,51,teacher,,,,,,,Retail,Fashion & Retail,,
7097,12024,Junjin Wang,,,,,,,,,,,,,,,,,,China,person.public,USD-networth,"$1,300,000,000",,,12024.03,11968,,B.lion,,,,58,teacher,,,,,,,Airline,Service,,
7098,12024,Wang Mingwang,,,,,,,,,,,,,,,,,,China,person.public,USD-networth,"$1,300,000,000",,,12024.03,11961,,B.lion,,,,65,teacher,,,,,,,Electronics components,Manufacturing,,
7099,12024,Wei Lidong,,,,,,,,,,,,,,,,,,China,person.public,USD-networth,"$1,300,000,000",,,12024.03,11952,,B.lion,,,,74,advisor,,,,,,,Software,Technology,,
7100,12024,Myron Wentz,,,,,,,,,,,,,,,,,,St. Kitts and Nevis,person.public,USD-networth,"$1,300,000,000",,,12024.03,11957,,B.lion,,,,69,teacher,,,,,,,Health products,Fashion & Retail,,
7101,12024,Wu Xiaoge,,,,,,,,,,,,,,,,,,China,person.public,USD-networth,"$1,300,000,000",,,12024.03,11982,,B.lion,,,,44,householder,,,,,,,Battery components,Manufacturing,,
7102,12024,Wu Xushun,,,,,,,,,,,,,,,,,,China,person.public,USD-networth,"$1,300,000,000",,,12024.03,11949,,B.lion,,,,77,advisor,,,,,,,Internet,Diversified,,
7103,12024,Xiong Xiaochuan,,,,,,,,,,,,,,,,,,China,person.public,USD-networth,"$1,300,000,000",,,12024.03,11951,,B.lion,,,,75,advisor,,,,,,,Medical devices,Healthcare,,
7104,12024,Xu Shaochun,,,,,,,,,,,,,,,,,,China,person.public,USD-networth,"$1,300,000,000",,,12024.03,11981,,B.lion,,,,45,householder,,,,,,,Software,Technology,,
7105,12024,Yan Jane,,,,,,,,,,,,,,,,,,China,person.public,USD-networth,"$1,300,000,000",,,12024.03,11978,,B.lion,,,,48,householder,,,,,,,Software,Technology,,
7106,12024,Zeng Chaoyi,,,,,,,,,,,,,,,,,,China,person.public,USD-networth,"$1,300,000,000",,,12024.03,11966,,B.lion,,,,60,teacher,,,,,,,Aluminum products,Manufacturing,,
7107,12024,Peng Zhao,,,,,,,,,,,,,,,,,,China,person.public,USD-networth,"$1,300,000,000",,,12024.03,11956,,B.lion,,,,70,teacher,,,,,,,Online recruitment,Service,,
7108,12024,Zhao Tongtong,,,,,,,,,,,,,,,,,,Canada,person.public,USD-networth,"$1,300,000,000",,,12024.03,11948,,B.lion,,,,78,advisor,,,,,,,Hotels,Service,,
7109,12024,Kostyantin Zhevago,,,,,,,,,,,,,,,,,,Ukraine,person.public,USD-networth,"$1,300,000,000",,,12024.03,11958,,B.lion,,,,68,teacher,,,,,,,Mining,Metals & Mining,,
7110,12024,Zong Yanmin,XY,,,,,,,,,self-made fortune,,,,,,,,China,person.public,USD-networth,"$1,300,000,000",,,12024.03,11969,12022,B.lion,,,,57,teacher,,,,,,,Semiconductor materials,Manufacturing,"Zong Yanmin chairs SICC, a supplier of silicon-carbon semiconductor materials.
Founded in 2010, SICC is headquartered in the eastern China city of Jinan.
SICC went public at the Shanghai Stock Exchange in 2022.",
7234,12024,Sanjay Agarwal,,,,,,,,,,,,,,,,,,India,person.public,USD-networth,"$1,200,000,000",,,12024.03,11982,,B.lion,,,,44,householder,,,,,,,Banking,Finance & Investments,,
7235,12024,Hamad bin Jassim bin Jaber Al Thani,,,,,,,,,,,,,,,,,,Qatar,person.public,USD-networth,"$1,200,000,000",,,12024.03,11967,,B.lion,,,,59,teacher,,,,,,,Investments,Finance & Investments,,
7236,12024,Joao Alves de Queiroz Filho,,,,,,,,,,,,,,,,,,Brazil,person.public,USD-networth,"$1,200,000,000",,,12024.03,11968,,B.lion,,,,58,teacher,,,,,,,Pharmaceuticals,Diversified,,
7237,12024,Jose Maria Aristrain,,,,,,,,,,,,,,,,,,Spain,person.public,USD-networth,"$1,200,000,000",,,12024.03,11969,,B.lion,,,,57,teacher,,,,,,,Steel,Metals & Mining,,
7238,12024,Michael Arougheti,XY,,,,,,,,,,,,,,,,,United States,person.public,USD-networth,"$1,200,000,000",,,12024.03,11938,,B.lion,,,,88,advisor,,,,,,,Finance,Finance & Investments,,
7239,12024,Tope Awotona,,,,,,,,,,,,,,,,,,United States,person.public,USD-networth,"$1,200,000,000",,,12024.03,11961,,B.lion,,,,65,teacher,,,,,,,Software,Technology,,
7240,12024,Mehmet Aydinlar,,,,,,,,,,,,,,,,,,Turkey,person.public,USD-networth,"$1,200,000,000",,,12024.03,11979,,B.lion,,,,47,householder,,,,,,,Hospitals,Healthcare,,
7241,12024,Danna Azrieli,,,,,,,,,,,,,,,,,,Israel,person.public,USD-networth,"$1,200,000,000",,,12024.03,11971,,B.lion,,,,55,teacher,,,,,,,Real estate,Real Estate,,
7242,12024,Naomi Azrieli,,,,,,,,,,,,,,,,,,Canada,person.public,USD-networth,"$1,200,000,000",,,12024.03,11965,,B.lion,,,,61,teacher,,,,,,,Real estate,Real Estate,,
7243,12024,Sharon Azrieli,,,,,,,,,,,,,,,,,,Canada,person.public,USD-networth,"$1,200,000,000",,,12024.03,11981,,B.lion,,,,45,householder,,,,,,,Real estate,Real Estate,,
7244,12024,Bai Houshan,,,,,,,,,,,,,,,,,,China,person.public,USD-networth,"$1,200,000,000",,,12024.03,11965,,B.lion,,,,61,teacher,,,,,,,Lithium battery,Energy,,
7245,12024,Thomas Bailey,,,,,,,,,,,,,,,,,,United States,person.public,USD-networth,"$1,200,000,000",,,12024.03,11965,,B.lion,,,,61,teacher,,,,,,,Money management,Finance & Investments,,
7246,12024,Bernhard Braun-Luedicke,,,,,,,,,,,,,,,,,,Germany,person.public,USD-networth,"$1,200,000,000",,,12024.03,11964,,B.lion,,,,62,teacher,,,,,,,Medical technology,Healthcare,,
7247,12024,Eva Maria Braun-Luedicke,,,,,,,,,,,,,,,,,,Germany,person.public,USD-networth,"$1,200,000,000",,,12024.03,11956,,B.lion,,,,70,teacher,,,,,,,Medical technology,Healthcare,,
7248,12024,Friederike Braun-Luedicke,,,,,,,,,,,,,,,,,,Germany,person.public,USD-networth,"$1,200,000,000",,,12024.03,11961,,B.lion,,,,65,teacher,,,,,,,Medical technology,Healthcare,,
7249,12024,Jeffrey Cheah,,,,,,,,,,,,,,,,,,Malaysia,person.public,USD-networth,"$1,200,000,000",,,12024.03,11951,,B.lion,,,,75,advisor,,,,,,,"Property, healthcare",Real Estate,,
7250,12024,Chen Xianbao,,,,,,,,,,,,,,,,,,China,person.public,USD-networth,"$1,200,000,000",,,12024.03,11953,,B.lion,,,,73,advisor,,,,,,,Food,Food & Beverage,,
7251,12024,Cheng Xianfeng,,,,,,,,,,,,,,,,,,China,person.public,USD-networth,"$1,200,000,000",,,12024.03,11956,,B.lion,,,,70,teacher,,,,,,,Pharmaceuticals,Healthcare,,
7252,12024,Chung Yong-jin,,,,,,,,,,,,,,,,,,South Korea,person.public,USD-networth,"$1,200,000,000",,,12024.03,11925,,B.lion,,,,101,phantasim,,,,,,,Retail,Fashion & Retail,,
7253,12024,Darwin Deason,,,,,,,,,,,,,,,,,,United States,person.public,USD-networth,"$1,200,000,000",,,12024.03,11964,,B.lion,,,,62,teacher,,,,,,,Software,Service,,
7254,12024,Diego Della Valle,,,,,,,,,,,,,,,,,,Italy,person.public,USD-networth,"$1,200,000,000",,,12024.03,11964,,B.lion,,,,62,teacher,,,,,,,Shoes,Fashion & Retail,,
7255,12024,Ashwin Desai,,,,,,,,,,,,,,,,,,India,person.public,USD-networth,"$1,200,000,000",,,12024.03,11967,,B.lion,,,,59,teacher,,,,,,,Specialty chemicals,Manufacturing,,
7256,12024,Richard Desmond,,,,,,,,,,,,,,,,,,United Kingdom,person.public,USD-networth,"$1,200,000,000",,,12024.03,11958,,B.lion,,,,68,teacher,,,,,,,Publishing,Media & Entertainment,,
7257,12024,Ding Shui Po,,,,,,,,,,,,,,,,,,China,person.public,USD-networth,"$1,200,000,000",,,12024.03,11939,,B.lion,,,,87,advisor,,,,,,,"Sneakers, sportswear",Fashion & Retail,,
7258,12024,Sefik Yilmaz Dizdar,,,,,,,,,,,,,,,,,,Turkey,person.public,USD-networth,"$1,200,000,000",,,12024.03,11942,,B.lion,,,,84,advisor,,,,,,,Fashion retail,Fashion & Retail,,
7259,12024,Mathias Doepfner,,,,,,,,,,,,,,,,,,Germany,person.public,USD-networth,"$1,200,000,000",,,12024.03,11956,,B.lion,,,,70,teacher,,,,,,,Media,Media & Entertainment,,
7260,12024,Farhad Ebrahimi,,,,,,,,,,,,,,,,,,United States,person.public,USD-networth,"$1,200,000,000",,,12024.03,11974,,B.lion,,,,52,teacher,,,,,,,Solar panels,Manufacturing,,
7261,12024,Jose Roberto Ermirio de Moraes,,,,,,,,,,,,,,,,,,Brazil,person.public,USD-networth,"$1,200,000,000",,,12024.03,11959,,B.lion,,,,67,teacher,,,,,,,Diversified,Diversified,,
7262,12024,Jose Ermirio de Moraes Neto,,,,,,,,,,,,,,,,,,Brazil,person.public,USD-networth,"$1,200,000,000",,,12024.03,11968,,B.lion,,,,58,teacher,,,,,,,Diversified,Diversified,,
7263,12024,Fang Hongbo,,,,,,,,,,,,,,,,,,China,person.public,USD-networth,"$1,200,000,000",,,12024.03,11976,,B.lion,,,,50,teacher,,,,,,,Home appliances,Manufacturing,,
7264,12024,David Feffer,XY,,,,,,,,,,,,,,,,,Brazil,person.public,USD-networth,"$1,200,000,000",,,12024.03,11966,,B.lion,,,,60,teacher,,,,,,,Pulp and paper,Manufacturing,,
7265,12024,Zsolt Felcsuti,,,,,,,,,,,,,,,,,,Hungary,person.public,USD-networth,"$1,200,000,000",,,12024.03,11942,,B.lion,,,,84,advisor,,,,,,,Manufacturing,Manufacturing,,
7266,12024,Ben Francis,,,,,,,,,,,,,,,,,,United Kingdom,person.public,USD-networth,"$1,200,000,000",,,12024.03,11981,,B.lion,,,,45,householder,,,,,,,Fitness clothing,Fashion & Retail,,
7267,12024,Gary Friedman,,,,,,,,,,,,,,,,,,United States,person.public,USD-networth,"$1,200,000,000",,,12024.03,11967,,B.lion,,,,59,teacher,,,,,,,Furniture retail,Fashion & Retail,,
7268,12024,Dan Gertler,,,,,,,,,,,,,,,,,,Israel,person.public,USD-networth,"$1,200,000,000",,,12024.03,11942,,B.lion,,,,84,advisor,,,,,,,Mining,Metals & Mining,,
7269,12024,Balkrishan Goenka,,,,,,,,,,,,,,,,,,India,person.public,USD-networth,"$1,200,000,000",,,12024.03,11934,,B.lion,,,,92,phantasim,,,,,,,Textiles,Manufacturing,,
7270,12024,Lawrence Golub,,,,,,,,,,,,,,,,,,United States,person.public,USD-networth,"$1,200,000,000",,,12024.03,11967,,B.lion,,,,59,teacher,,,,,,,Private equity,Finance & Investments,,
7271,12024,Saroj Rani Gupta,,,,,,,,,,,,,,,,,,India,person.public,USD-networth,"$1,200,000,000",,,12024.03,11948,,B.lion,,,,78,advisor,,,,,,,Steel tubes,Manufacturing,,
7272,12024,Anthony Hall,,,,,,,,,,,,,,,,,,Australia,person.public,USD-networth,"$1,200,000,000",,,12024.03,11965,,B.lion,,,,61,teacher,,,,,,,Technology,Technology,,
7273,12024,Fahed Hariri,,,,,,,,,,,,,,,,,,Lebanon,person.public,USD-networth,"$1,200,000,000",,,12024.03,11965,,B.lion,,,,61,teacher,,,,,,,"Construction, investments",Construction & Engineering,,
7274,12024,Richard Hayne,,,,,,,,,,,,,,,,,,United States,person.public,USD-networth,"$1,200,000,000",,,12024.03,11972,,B.lion,,,,54,teacher,,,,,,,Urban Outfitters,Fashion & Retail,,
7275,12024,Michael Heine,XY,,,,,,,,,,,,,,,,,Australia,person.public,USD-networth,"$1,200,000,000",,,12024.03,11962,,B.lion,,,,64,teacher,,,,,,,Financial services,Finance & Investments,,
7276,12024,Orion Hindawi,,,,,,,,,,,,,,,,,,United States,person.public,USD-networth,"$1,200,000,000",,,12024.03,11946,,B.lion,,,,80,advisor,,,,,,,Software,Technology,,
7277,12024,Lawrence Ho,,,,,,,,,,,,,,,,,,Hong Kong,person.public,USD-networth,"$1,200,000,000",,,12024.03,11943,,B.lion,,,,83,advisor,,,,,,,Casinos,Gambling & Casinos,,
7278,12024,Huang Guanlin,,,,,,,,,,,,,,,,,,China,person.public,USD-networth,"$1,200,000,000",,,12024.03,11944,,B.lion,,,,82,advisor,,,,,,,"Textiles, apparel",Fashion & Retail,,
7279,12024,Sam Hupert,,,,,,,,,,,,,,,,,,Australia,person.public,USD-networth,"$1,200,000,000",,,12024.03,11972,,B.lion,,,,54,teacher,,,,,,,Technology,Technology,,
7280,12024,Mohammed Ibrahim,,,,,,,,,,,,,,,,,,United Kingdom,person.public,USD-networth,"$1,200,000,000",,,12024.03,11981,,B.lion,,,,45,householder,,,,,,,Communications,Telecom,,
7281,12024,Shirley Kao,,,,,,,,,,,,,,,,,,Taiwan,person.public,USD-networth,"$1,200,000,000",,,12024.03,11981,,B.lion,,,,45,householder,,,,,,,Food & beverage retailing,Food & Beverage,,
7282,12024,David Kaplan,XY,,,,,,,,,,,,,,,,,United States,person.public,USD-networth,"$1,200,000,000",,,12024.03,11984,,B.lion,,,,42,householder,,,,,,,Finance,Finance & Investments,,
7283,12024,Kim Kardashian,,,,,,,,,,,,,,,,,,United States,person.public,USD-networth,"$1,200,000,000",,,12024.03,11951,,B.lion,,,,75,advisor,,,,,,,"Shapewear, cosmetics, reality TV",Fashion & Retail,,
7284,12024,Ke Guihua,,,,,,,,,,,,,,,,,,China,person.public,USD-networth,"$1,200,000,000",,,12024.03,11975,,B.lion,,,,51,teacher,,,,,,,Auto parts,Manufacturing,,
7285,12024,Ke Yunfeng,,,,,,,,,,,,,,,,,,China,person.public,USD-networth,"$1,200,000,000",,,12024.03,11972,,B.lion,,,,54,teacher,,,,,,,Retailing,Healthcare,,
7286,12024,Alexander Klyachin,,,,,,,,,,,,,,,,,,Russia,person.public,USD-networth,"$1,200,000,000",,,12024.03,11973,,B.lion,,,,53,teacher,,,,,,,Real estate,Real Estate,,
7287,12024,Christine Knauf,XX,,,,,,,Germany,,,,,,,,,,Germany,person.public,USD-networth,"$1,200,000,000",,,12024.03,11973,12021,B.lion,,,,53,teacher,,,,,,,Building materials,Manufacturing,"Christine Brigitte Knauf is an heir to one of the world's leading producers of building materials and systems, Knauf Gips KG.
Based in Iphofen, Germany, the company employs more than 35,000 people around the world and has annual revenue of over $11 billion.
Its product line includes plasterboards, cement boards and insulating materials.
Knauf Gips dates to 1932, when brothers and mining engineers Alfons and Karl Knauf obtained rights to gypsum deposits in Schengen, Germany.
Their original gypsum factory, on the Moselle River in the border region of Luxembourg, Germany and France, is still the company's production nucleus.",
7288,12024,Karl Knauf,XY,,,,,,,,,,,,,,,,,Germany,person.public,USD-networth,"$1,200,000,000",,,12024.03,11942,12021,B.lion,,,,84,advisor,,,,,,,Building materials,Manufacturing,"Karl Knauf is an heir to one of the world's leading producers of building materials and systems, Knauf Gips KG.
Based in Iphofen, Germany, the company employs more than 35,000 people around the world and has annual revenue of over $11 billion.
Its product line includes plasterboards, cement boards and insulating materials.
Knauf Gips traces its roots to 1932, when brothers and mining engineers Alfons and Karl Knauf obtained rights to gypsum deposits in Schengen, Germany.
Their original gypsum factory, on the Moselle River in the border region of Luxembourg, Germany and France, is still the company's production nucleus.",
7289,12024,Suresh Krishna,,,,,,,,,,,,,,,,,,India,person.public,USD-networth,"$1,200,000,000",,,12024.03,11966,,B.lion,,,,60,teacher,,,,,,,Auto parts,Automotive,,
7290,12024,Guy Laliberté,,,,,,,,,,,,,,,,,,Canada,person.public,USD-networth,"$1,200,000,000",,,12024.03,11947,,B.lion,,,,79,advisor,,,,,,,Cirque du Soleil,Media & Entertainment,,
7291,12024,Lee Su-jin,,,,,,,,,,,,,,,,,,South Korea,person.public,USD-networth,"$1,200,000,000",,,12024.03,11963,,B.lion,,,,63,teacher,,,,,,,Hospitality,Technology,,
7292,12024,Li Guoqing,,,,,,,,,,,,,,,,,,China,person.public,USD-networth,"$1,200,000,000",,,12024.03,11954,,B.lion,,,,72,teacher,,,,,,,Petro Fibre,Manufacturing,,
7293,12024,Li Li,,,,,,,,,,,,,,,,,,China,person.public,USD-networth,"$1,200,000,000",,,12024.03,11965,,B.lion,,,,61,teacher,,,,,,,Pharmaceuticals,Healthcare,,
7294,12024,Li Ruiqiang,,,,,,,,,,,,,,,,,,China,person.public,USD-networth,"$1,200,000,000",,,12024.03,11946,,B.lion,,,,80,advisor,,,,,,,Medical services,Healthcare,,
7295,12024,Zhen Li,,,,,,,,,,,,,,,,,,China,person.public,USD-networth,"$1,200,000,000",,,12024.03,11949,,B.lion,,,,77,advisor,,,,,,,Lithium batteries,Manufacturing,,
7296,12024,Liang Guangwei,,,,,,,,,,,,,,,,,,China,person.public,USD-networth,"$1,200,000,000",,,12024.03,11964,,B.lion,,,,62,teacher,,,,,,,Conglomerate,Manufacturing,,
7297,12024,Liu Ming Hui,,,,,,,,,,,,,,,,,,China,person.public,USD-networth,"$1,200,000,000",,,12024.03,11943,,B.lion,,,,83,advisor,,,,,,,Natural gas distribution,Energy,,
7298,12024,Frederic Luddy,,,,,,,,,,,,,,,,,,United States,person.public,USD-networth,"$1,200,000,000",,,12024.03,11970,,B.lion,,,,56,teacher,,,,,,,Software,Technology,,
7299,12024,"Cargill MacMillan, III.",,,,,,,,,,,,,,,,,,United States,person.public,USD-networth,"$1,200,000,000",,,12024.03,11961,,B.lion,,,,65,teacher,,,,,,,Cargill,Food & Beverage,,
7300,12024,John MacMillan,XY,,,,,,,,,,,,,,,,,United States,person.public,USD-networth,"$1,200,000,000",,,12024.03,11959,,B.lion,,,,67,teacher,,,,,,,Cargill,Food & Beverage,,
7301,12024,Martha MacMillan,,,,,,,,,,,,,,,,,,United States,person.public,USD-networth,"$1,200,000,000",,,12024.03,11967,,B.lion,,,,59,teacher,,,,,,,Cargill,Food & Beverage,,
7302,12024,William MacMillan,,,,,,,,,,,,,,,,,,United States,person.public,USD-networth,"$1,200,000,000",,,12024.03,11963,,B.lion,,,,63,teacher,,,,,,,Cargill,Food & Beverage,,
7303,12024,Keshub Mahindra,,,,,,,,,,,,,,,,,,India,person.public,USD-networth,"$1,200,000,000",,,12024.03,11970,,B.lion,,,,56,teacher,,,,,,,Diversified,Diversified,,
7304,12024,Mao Zhongwu,,,,,,,,,,,,,,,,,,China,person.public,USD-networth,"$1,200,000,000",,,12024.03,11937,,B.lion,,,,89,advisor,,,,,,,Manufacturing,Manufacturing,,
7305,12024,Jorge Mas,,,,,,,,,,,,,,,,,,United States,person.public,USD-networth,"$1,200,000,000",,,12024.03,11957,,B.lion,,,,69,teacher,,,,,,,Construction,Construction & Engineering,,
7306,12024,Lorinc Meszaros,,,,,,,,,,,,,,,,,,Hungary,person.public,USD-networth,"$1,200,000,000",,,12024.03,11983,,B.lion,,,,43,householder,,,,,,,Diversified,Diversified,,
7307,12024,Jeffrey Michael,XY,,,,,,,,,,,,,,,,,United States,person.public,USD-networth,"$1,200,000,000",,,12024.03,11983,,B.lion,,,,43,householder,,,,,,,Data management,Technology,,
7308,12024,Alan Miller,,,,,,,,,,,,,,,,,,United States,person.public,USD-networth,"$1,200,000,000",,,12024.03,11957,,B.lion,,,,69,teacher,,,,,,,Healthcare services,Healthcare,,
7309,12024,Ulrich Mommert,,,,,,,,,,,,,,,,,,Austria,person.public,USD-networth,"$1,200,000,000",,,12024.03,11947,,B.lion,,,,79,advisor,,,,,,,Lighting,Automotive,,
7310,12024,Neide Helena de Moraes,,,,,,,,,,,,,,,,,,Brazil,person.public,USD-networth,"$1,200,000,000",,,12024.03,11972,,B.lion,,,,54,teacher,,,,,,,Diversified,Diversified,,
7311,12024,Scott Nuttall,,,,,,,,,,,,,,,,,,United States,person.public,USD-networth,"$1,200,000,000",,,12024.03,11966,,B.lion,,,,60,teacher,,,,,,,Private equity,Finance & Investments,,
7312,12024,Kailashchandra Nuwal,,,,,,,,,,,,,,,,,,India,person.public,USD-networth,"$1,200,000,000",,,12024.03,11964,,B.lion,,,,62,teacher,,,,,,,Industrial explosives,Manufacturing,,
7313,12024,Axel Oberwelland,,,,,,,,,,,,,,,,,,Germany,person.public,USD-networth,"$1,200,000,000",,,12024.03,11966,,B.lion,,,,60,teacher,,,,,,,Candy,Food & Beverage,,
7314,12024,Jonathan Oringer,,,,,,,,,,,,,,,,,,United States,person.public,USD-networth,"$1,200,000,000",,,12024.03,11964,,B.lion,,,,62,teacher,,,,,,,Stock photos,Technology,,
7315,12024,Vitaly Orlov,,,,,,,,,,,,,,,,,,Russia,person.public,USD-networth,"$1,200,000,000",,,12024.03,11946,,B.lion,,,,80,advisor,,,,,,,Fisheries,Food & Beverage,,
7316,12024,Jose Isaac Peres,,,,,,,,,,,,,,,,,,Brazil,person.public,USD-networth,"$1,200,000,000",,,12024.03,11963,,B.lion,,,,63,teacher,,,,,,,Shopping malls,Real Estate,,
7317,12024,Markus Persson,XY,,,,,,,,,,,,,,,,,Sweden,person.public,USD-networth,"$1,200,000,000",,,12024.03,11964,,B.lion,,,,62,teacher,,,,,,,Computer games,Media & Entertainment,,
7318,12024,Mark Pincus,XY,,,,,,,,,,,,,,,,,United States,person.public,USD-networth,"$1,200,000,000",,,12024.03,11978,,B.lion,,,,48,householder,,,,,,,Online games,Technology,,
7319,12024,Murdaya Poo,,,,,,,,,,,,,,,,,,Indonesia,person.public,USD-networth,"$1,200,000,000",,,12024.03,11987,,B.lion,,,,39,householder,,,,,,,Diversified,Diversified,,
7320,12024,Forrest Preston,,,,,,,,,,,,,,,,,,United States,person.public,USD-networth,"$1,200,000,000",,,12024.03,11964,,B.lion,,,,62,teacher,,,,,,,Health care,Healthcare,,
7321,12024,Qian Ying,,,,,,,,,,,,,,,,,,China,person.public,USD-networth,"$1,200,000,000",,,12024.03,11977,,B.lion,,,,49,teacher,,,,,,,Pig breeding,Food & Beverage,,
7322,12024,Jimmy Rane,,,,,,,,,,,,,,,,,,United States,person.public,USD-networth,"$1,200,000,000",,,12024.03,11958,,B.lion,,,,68,teacher,,,,,,,Lumber,Manufacturing,,
7323,12024,Andrei Rappoport,,,,,,,,,,,,,,,,,,Russia,person.public,USD-networth,"$1,200,000,000",,,12024.03,11968,,B.lion,,,,58,teacher,,,,,,,Investments,Finance & Investments,,
7324,12024,Hugo Ribeiro,,,,,,,,,,,,,,,,,,Brazil,person.public,USD-networth,"$1,200,000,000",,,12024.03,11966,,B.lion,,,,60,teacher,,,,,,,Agribusiness,Food & Beverage,,
7325,12024,Bennett Rosenthal,,,,,,,,,,,,,,,,,,United States,person.public,USD-networth,"$1,200,000,000",,,12024.03,11961,,B.lion,,,,65,teacher,,,,,,,Finance,Finance & Investments,,
7326,12024,Atul Ruia,,,,,,,,,,,,,,,,,,India,person.public,USD-networth,"$1,200,000,000",,,12024.03,11958,,B.lion,,,,68,teacher,,,,,,,Real estate,Real Estate,,
7327,12024,Thomas Sandell,,,,,,,,,,,,,,,,,,Sweden,person.public,USD-networth,"$1,200,000,000",,,12024.03,11957,,B.lion,,,,69,teacher,,,,,,,Hedge funds,Finance & Investments,,
7328,12024,Francesco Saputo,XY,Giuseppe Saputo,,,,,,,,,,,,,,,,Canada,person.public,USD-networth,"$1,200,000,000",,,12024.03,11940,,B.lion,,,,86,advisor,,,,,,,Cheese,Food & Beverage,"Francesco Saputo owns a stake in his family's eponymous Canadian dairy company.
His father, Giuseppe, founded the business in 1954 with $500 and a bicycle for deliveries after immigrating to Canada from Sicily.
His brother, Emanuele (Lino) Saputo, was chairman from 1969 until retiring in 2017. His nephew, Lino, Jr., is the current chairman.
The publicly traded, Montreal-based company had revenues of $11.9 billion in 2022 and sells its products in more than 40 countries.",
7329,12024,Dhruv Sawhney,,,,,,,,,,,,,,,,,,India,person.public,USD-networth,"$1,200,000,000",,,12024.03,11973,,B.lion,,,,53,teacher,,,,,,,"Engineering, sugar",Construction & Engineering,,
7330,12024,Gerald Schwartz,,,,,,,,,,,,,,,,,,Canada,person.public,USD-networth,"$1,200,000,000",,,12024.03,11982,,B.lion,,,,44,householder,,,,,,,Finance,Finance & Investments,,
7331,12024,Antonio Luiz Seabra,,,,,,,,,,,,,,,,,,Brazil,person.public,USD-networth,"$1,200,000,000",,,12024.03,11972,,B.lion,,,,54,teacher,,,,,,,Cosmetics,Fashion & Retail,,
7332,12024,Eric Ya Shen,,,,,,,,,,,,,,,,,,China,person.public,USD-networth,"$1,200,000,000",,,12024.03,11956,,B.lion,,,,70,teacher,,,,,,,Online apparel retail,Technology,,
7333,12024,Sytse 'Sid' Sijbrandij,,,,,,,,,,,,,,,,,,Netherlands,person.public,USD-networth,"$1,200,000,000",,,12024.03,11963,,B.lion,,,,63,teacher,,,,,,,Software,Technology,,
7334,12024,Alexander Sixt,,,,,,,,,,,,,,,,,,Germany,person.public,USD-networth,"$1,200,000,000",,,12024.03,11968,,B.lion,,,,58,teacher,,,,,,,Car rentals,Automotive,,
7335,12024,Konstantin Sixt,,,,,,,,,,,,,,,,,,Germany,person.public,USD-networth,"$1,200,000,000",,,12024.03,11966,,B.lion,,,,60,teacher,,,,,,,Car rentals,Automotive,,
7336,12024,Edwin Soeryadjaya,,,,,,,,,,,,,,,,,,Indonesia,person.public,USD-networth,"$1,200,000,000",,,12024.03,11996,,B.lion,,,,30,householder,,,,,,,"Coal, investments",Energy,,
7337,12024,Abhay Soi,,,,,,,,,,,,,,,,,,India,person.public,USD-networth,"$1,200,000,000",,,12024.03,11952,,B.lion,,,,74,advisor,,,,,,,Healthcare,Healthcare,,
7338,12024,Mike Speiser,,,,,,,,,,,,,,,,,,United States,person.public,USD-networth,"$1,200,000,000",,,12024.03,11963,,B.lion,,,,63,teacher,,,,,,,Software,Technology,,
7339,12024,Marco Squinzi,,,,,,,,,,,,,,,,,,Italy,person.public,USD-networth,"$1,200,000,000",,,12024.03,11944,,B.lion,,,,82,advisor,,,,,,,Chemical products,Construction & Engineering,,
7340,12024,Veronica Squinzi,,,,,,,,,,,,,,,,,,Italy,person.public,USD-networth,"$1,200,000,000",,,12024.03,11964,,B.lion,,,,62,teacher,,,,,,,Chemical products,Construction & Engineering,,
7341,12024,Michael Steinhardt,XY,,,,,,,,,,,,,,,,,United States,person.public,USD-networth,"$1,200,000,000",,,12024.03,11942,,B.lion,,,,84,advisor,,,,,,,Hedge funds,Finance & Investments,,
7342,12024,Ion Stoica,,,,,,,,,,,,,,,,,,Romania,person.public,USD-networth,"$1,200,000,000",,,12024.03,11979,,B.lion,,,,47,householder,,,,,,,Data analytics,Technology,,
7343,12024,Eddy Sugianto,,,,,,,,,,,,,,,,,,Indonesia,person.public,USD-networth,"$1,200,000,000",,,12024.03,11984,,B.lion,,,,42,householder,,,,,,,Coal,Metals & Mining,,
7344,12024,Luc Tack,,,,,,,,,,,,,,,,,,Belgium,person.public,USD-networth,"$1,200,000,000",,,12024.03,11963,,B.lion,,,,63,teacher,,,,,,,"Textile, chemicals",Manufacturing,,
7345,12024,Tony Tan Caktiong,,,,,,,,,,,,,,,,,,Philippines,person.public,USD-networth,"$1,200,000,000",,,12024.03,11969,,B.lion,,,,57,teacher,,,,,,,Food,Food & Beverage,,
7346,12024,Tang Xiuguo,,,,,,,,,,,,,,,,,,China,person.public,USD-networth,"$1,200,000,000",,,12024.03,11977,,B.lion,,,,49,teacher,,,,,,,Manufacturing,Manufacturing,,
7347,12024,Sam Tarascio,,,,,,,,,,,,,,,,,,Australia,person.public,USD-networth,"$1,200,000,000",,,12024.03,11951,,B.lion,,,,75,advisor,,,,,,,Real estate,Real Estate,,
7348,12024,Lina Tombolato,,,,,,,,,,,,,,,,,,Italy,person.public,USD-networth,"$1,200,000,000",,,12024.03,11969,,B.lion,,,,57,teacher,,,,,,,Financial services,Finance & Investments,,
7349,12024,Ching Bor Tung,,,,,,,,,,,,,,,,,,China,person.public,USD-networth,"$1,200,000,000",,,12024.03,11966,,B.lion,,,,60,teacher,,,,,,,Manufacturing,Manufacturing,,
7350,12024,Joop van den Ende,,,,,,,,,,,,,,,,,,Netherlands,person.public,USD-networth,"$1,200,000,000",,,12024.03,11963,,B.lion,,,,63,teacher,,,,,,,TV shows,Media & Entertainment,,
7351,12024,Ruben Vardanyan,,,,,,,,,,,,,,,,,,Armenia,person.public,USD-networth,"$1,200,000,000",,,12024.03,11952,,B.lion,,,,74,advisor,,,,,,,Investment banking,Finance & Investments,,
7352,12024,Sandro Veronesi,,,,,,,,,,,,,,,,,,Italy,person.public,USD-networth,"$1,200,000,000",,,12024.03,11937,,B.lion,,,,89,advisor,,,,,,,Fashion,Fashion & Retail,,
7353,12024,Thongma Vijitpongpun,,,,,,,,,,,,,,,,,,Thailand,person.public,USD-networth,"$1,200,000,000",,,12024.03,11959,,B.lion,,,,67,teacher,,,,,,,Real estate,Real Estate,,
7354,12024,Thomas von Koch,,,,,,,,,,,,,,,,,,Sweden,person.public,USD-networth,"$1,200,000,000",,,12024.03,11936,,B.lion,,,,90,advisor,,,,,,,Asset management,Finance & Investments,,
7355,12024,Wang Fuji,,,,,,,,,,,,,,,,,,China,person.public,USD-networth,"$1,200,000,000",,,12024.03,11961,12021,B.lion,,,,65,teacher,,,,,,,Pharmaceuticals,Healthcare,"Wang Fuji is the largest individual shareholder in Zhangzhou Pientzehuang Pharmaceutical, a pharmaceuticals supplier.
The company also provides healthcare, food and drinks and cosmetic products.
The company was founded on December 28, 1999 and is headquartered in Zhangzhou, China.",
7356,12024,Wang Shih-Chung,,,,,,,,,,,,,,,,,,Taiwan,person.public,USD-networth,"$1,200,000,000",,,12024.03,11971,,B.lion,,,,55,teacher,,,,,,,Pneumatic equipments,Manufacturing,,
7357,12024,Wang Xiaoshen,,,,,,,,,,,,,,,,,,China,person.public,USD-networth,"$1,200,000,000",,,12024.03,11968,,B.lion,,,,58,teacher,,,,,,,Lithium,Manufacturing,,
7358,12024,J. Wayne Weaver,,,,,,,,,,,,,,,,,,United States,person.public,USD-networth,"$1,200,000,000",,,12024.03,11945,,B.lion,,,,81,advisor,,,,,,,Shoes,Diversified,,
7359,12024,Drorit Wertheim,,,,,,,,,,,,,,,,,,Israel,person.public,USD-networth,"$1,200,000,000",,,12024.03,11955,,B.lion,,,,71,teacher,,,,,,,Coca Cola Israel,Food & Beverage,,
7360,12024,Cameron Winklevoss,,,,,,,,,,,,,,,,,,United States,person.public,USD-networth,"$1,200,000,000",,,12024.03,11958,,B.lion,,,,68,teacher,,,,,,,Cryptocurrency,Finance & Investments,,
7361,12024,Tyler Winklevoss,,,,,,,,,,,,,,,,,,United States,person.public,USD-networth,"$1,200,000,000",,,12024.03,11942,,B.lion,,,,84,advisor,,,,,,,Cryptocurrency,Finance & Investments,,
7362,12024,Wu Chung-yi,,,,,,,,,,,,,,,,,,Taiwan,person.public,USD-networth,"$1,200,000,000",,,12024.03,11950,,B.lion,,,,76,advisor,,,,,,,Manufacturing,Manufacturing,,
7363,12024,Eugene Wu,,,,,,,,,,,,,,,,,,Taiwan,person.public,USD-networth,"$1,200,000,000",,,12024.03,11954,,B.lion,,,,72,teacher,,,,,,,Finance,Finance & Investments,,
7364,12024,Wu Yonghua,,,,,,,,,,,,,,,,,,China,person.public,USD-networth,"$1,200,000,000",,,12024.03,11964,,B.lion,,,,62,teacher,,,,,,,Apparel,Fashion & Retail,,
7365,12024,Xia Xinde,,,,,,,,,,,,,,,,,,China,person.public,USD-networth,"$1,200,000,000",,,12024.03,11977,,B.lion,,,,49,teacher,,,,,,,Batteries,Manufacturing,,
7366,12024,Xiang Wenbo,,,,,,,,,,,,,,,,,,China,person.public,USD-networth,"$1,200,000,000",,,12024.03,11990,,B.lion,,,,36,householder,,,,,,,Manufacturing,Manufacturing,,
7367,12024,Xu Jin,,,,,,,,,,,,,,,,,,China,person.public,USD-networth,"$1,200,000,000",,,12024.03,11961,,B.lion,,,,65,teacher,,,,,,,Wine,Food & Beverage,,
7368,12024,Xu Shijun,,,,,,,,,,,,,,,,,,China,person.public,USD-networth,"$1,200,000,000",,,12024.03,11967,,B.lion,,,,59,teacher,,,,,,,Manufacturing,Manufacturing,,
7369,12024,Xu Wanmao,,,,,,,,,,,,,,,,,,China,person.public,USD-networth,"$1,200,000,000",,,12024.03,11946,,B.lion,,,,80,advisor,,,,,,,Education,Service,,
7370,12024,Xu Yuejuan,,,,,,,,,,,,,,,,,,China,person.public,USD-networth,"$1,200,000,000",,,12024.03,11972,,B.lion,,,,54,teacher,,,,,,,Petro Fibre,Manufacturing,,
7371,12024,Vadim Yakunin,,,,,,,,,,,,,,,,,,Russia,person.public,USD-networth,"$1,200,000,000",,,12024.03,11963,,B.lion,,,,63,teacher,,,,,,,Pharmacy,Healthcare,,
7372,12024,Yang Yunyun,,,,,,,,,,,,,,,,,,China,person.public,USD-networth,"$1,200,000,000",,,12024.03,11948,,B.lion,,,,78,advisor,,,,,,,Retail,Fashion & Retail,,
7373,12024,Matei Zaharia,,,,,,,,,,,,,,,,,,Romania,person.public,USD-networth,"$1,200,000,000",,,12024.03,11950,,B.lion,,,,76,advisor,,,,,,,Data analytics,Technology,,
7374,12024,Zan Shengda,,,,,,,,,,,,,,,,,,China,person.public,USD-networth,"$1,200,000,000",,,12024.03,11953,,B.lion,,,,73,advisor,,,,,,,Diversified,Diversified,,
7375,12024,Zhang Xuezheng,,,,,,,,,,,,,,,,,,China,person.public,USD-networth,"$1,200,000,000",,,12024.03,11988,,B.lion,,,,38,householder,,,,,,,Telecom,Technology,,
7376,12024,Zhang Yin,,,,,,,,,,,,,,,,,,China,person.public,USD-networth,"$1,200,000,000",,,12024.03,11967,,B.lion,,,,59,teacher,,,,,,,Paper manufacturing,Manufacturing,,
7377,12024,Zhao Ning,,,,,,,,,,,,,,,,,,United States,person.public,USD-networth,"$1,200,000,000",,,12024.03,11971,,B.lion,,,,55,teacher,,,,,,,Pharmaceuticals,Healthcare,,
7378,12024,Zhou Wen,,,,,,,,,,,,,,,,,,China,person.public,USD-networth,"$1,200,000,000",,,12024.03,11965,,B.lion,,,,61,teacher,,,,,,,Chemicals,Manufacturing,,
7379,12024,Zhu Xingliang,,,,,,,,,,,,,,,,,,China,person.public,USD-networth,"$1,200,000,000",,,12024.03,11958,,B.lion,,,,68,teacher,,,,,,,Construction,Construction & Engineering,,
7485,12024,Hari Krishan Agarwal,,,,,,,,,,,,,,,,,,India,person.public,USD-networth,"$1,100,000,000",,,12024.03,11973,,B.lion,,,,53,teacher,,,,,,,Sports shoes,Fashion & Retail,,
7486,12024,Farkhad Akhmedov,,,,,,,,,,,,,,,,,,Russia,person.public,USD-networth,"$1,100,000,000",,,12024.03,11936,,B.lion,,,,90,advisor,,,,,,,Investments,Energy,,
7487,12024,Prem Kumar Arora,,,,,,,,,,,,,,,,,,India,person.public,USD-networth,"$1,100,000,000",,,12024.03,11964,,B.lion,,,,62,teacher,,,,,,,Pharmaceuticals,Healthcare,,
7488,12024,Joseph Bae,,,,,,,,,,,,,,,,,,United States,person.public,USD-networth,"$1,100,000,000",,,12024.03,11966,,B.lion,,,,60,teacher,,,,,,,Private equity,Finance & Investments,,
7489,12024,Abigail Bennett,XX,,,,,,,,,,,,,,,,,United States,person.public,USD-networth,"$1,100,000,000",,,12024.03,11960,,B.lion,,,,66,teacher,,,,,,,Liquor,Food & Beverage,,
7490,12024,Sara Blakely,,,,,,,,,,,,,,,,,,United States,person.public,USD-networth,"$1,100,000,000",,,12024.03,11962,,B.lion,,,,64,teacher,,,,,,,Spanx,Fashion & Retail,,
7491,12024,Lloyd Blankfein,,,,,,,,,,,,,,,,,,United States,person.public,USD-networth,"$1,100,000,000",,,12024.03,11950,,B.lion,,,,76,advisor,,,,,,,Banking,Finance & Investments,,
7492,12024,Henadiy Boholyubov,,,,,,,,,,,,,,,,,,Ukraine,person.public,USD-networth,"$1,100,000,000",,,12024.03,11951,,B.lion,,,,75,advisor,,,,,,,"Banking, investments",Diversified,,
7493,12024,Stephane Bonvin,,,,,,,,,,,,,,,,,,Switzerland,person.public,USD-networth,"$1,100,000,000",,,12024.03,11946,,B.lion,,,,80,advisor,,,,,,,Real estate,Real Estate,,
7494,12024,Oleg Boyko,,,,,,,,,,,,,,,,,,Russia,person.public,USD-networth,"$1,100,000,000",,,12024.03,11942,,B.lion,,,,84,advisor,,,,,,,Diversified,Diversified,,
7495,12024,Ryan Breslow,,,,,,,,,,,,,,,,,,United States,person.public,USD-networth,"$1,100,000,000",,,12024.03,11962,,B.lion,,,,64,teacher,,,,,,,E-commerce software,Technology,,
7496,12024,Thomas Bruch,,,,,,,,,,,,,,,,,,Germany,person.public,USD-networth,"$1,100,000,000",,,12024.03,11937,,B.lion,,,,89,advisor,,,,,,,Retail,Fashion & Retail,,
7497,12024,Marina Budiman,,,,,,,,,,,,,,,,,,Indonesia,person.public,USD-networth,"$1,100,000,000",,,12024.03,11963,,B.lion,,,,63,teacher,,,,,,,Data centers,Technology,,
7498,12024,Pradip Burman,,,,,,,,,,,,,,,,,,India,person.public,USD-networth,"$1,100,000,000",,,12024.03,11977,,B.lion,,,,49,teacher,,,,,,,Consumer goods,Food & Beverage,,
7499,12024,Cai Hongbin,XY,,,,,,,,,self-made fortune,,,,,,,,China,person.public,USD-networth,"$1,100,000,000",,,12024.03,11975,12019,B.lion,,,,51,teacher,,,,,,,Pharmaceuticals,Healthcare,"Cai Hongbin's fortune comes from his stake in Jiangsu Hengrui Medicine.
Jiangsu Hengrui is one of China's largest pharmaceutical companies, employing more than 20,000 people.
Fellow Chinese billionaire Sun Piaoyang is Hengrui's chairman.",
7500,12024,Cao Kejian,,,,,,,,,,,,,,,,,,China,person.public,USD-networth,"$1,100,000,000",,,12024.03,11956,,B.lion,,,,70,teacher,,,,,,,Air compressors,Manufacturing,,
7501,12024,Giuliana Caprotti,,,,,,,,,,,,,,,,,,Italy,person.public,USD-networth,"$1,100,000,000",,,12024.03,11972,,B.lion,,,,54,teacher,,,,,,,Supermarkets,Food & Beverage,,
7502,12024,Marina Caprotti,,,,,,,,,,,,,,,,,,Italy,person.public,USD-networth,"$1,100,000,000",,,12024.03,11964,,B.lion,,,,62,teacher,,,,,,,Supermarkets,Food & Beverage,,
7503,12024,Chang Jing,,,,,,,,,,,,,,,,,,China,person.public,USD-networth,"$1,100,000,000",,,12024.03,11978,,B.lion,,,,48,householder,,,,,,,Technology,Technology,,
7504,12024,Chen Baohua,,,,,,,,,,,,,,,,,,China,person.public,USD-networth,"$1,100,000,000",,,12024.03,11956,,B.lion,,,,70,teacher,,,,,,,Pharmaceutical,Healthcare,,
7505,12024,Gang Chen,,,,,,,,,,,,,,,,,,China,person.public,USD-networth,"$1,100,000,000",,,12024.03,11956,,B.lion,,,,70,teacher,,,,,,,Solar energy,Energy,,
7506,12024,Liying Chen,,,,,,,,,,,,,,,,,,China,person.public,USD-networth,"$1,100,000,000",,,12024.03,11954,,B.lion,,,,72,teacher,,,,,,,Package delivery,Logistics,,
7507,12024,Tony Chen,,,,,,,,,,,,,,,,,,Taiwan,person.public,USD-networth,"$1,100,000,000",,,12024.03,11968,,B.lion,,,,58,teacher,,,,,,,Electronics,Technology,,
7508,12024,Chen Xueling,,,,,,,,,,,,,,,,,,China,person.public,USD-networth,"$1,100,000,000",,,12024.03,11943,,B.lion,,,,83,advisor,,,,,,,Stationery,Manufacturing,,
7509,12024,Cheng Lili,,,,,,,,,,,,,,,,,,China,person.public,USD-networth,"$1,100,000,000",,,12024.03,11970,,B.lion,,,,56,teacher,,,,,,,Poultry breeding,Food & Beverage,,
7510,12024,Cho Jyh-jer,XY,,,,,,,,,,,,,,,,,Taiwan,person.public,USD-networth,"$1,100,000,000",,,12024.03,11955,12021,B.lion,,,,71,teacher,,,,,,,Semiconductors,Technology,"Cho Jyh-jer retired as vice chairman at smartphone chipmaker MediaTek in 2015.
He joined the firm in 1997 as its president when it was spun off from his then employer, United Microelectronics.
The bulk of his wealth comes from his stake in MediaTek.",
7511,12024,Weili Dai,,,,,,,,,,,,,,,,,,United States,person.public,USD-networth,"$1,100,000,000",,,12024.03,11974,,B.lion,,,,52,teacher,,,,,,,Semiconductors,Technology,,
7512,12024,Carmen Daurella Aguilera,XX,,,,,,,,,,,,,,,,,Spain,person.public,USD-networth,"$1,100,000,000",,,12024.03,11962,,B.lion,,,,64,teacher,,,,,,,Coca-Cola bottler,Food & Beverage,"Carmen Daurella owns nearly 4% of bottling company Coca-Cola Europacific Partners, the largest independent Coke bottler by revenue.
Coca-Cola European Partners was formed in 2016 as a merger of Coke bottling companies from Spain, Germany and Coca-Cola Enterprises.
Coca-Cola partnered with the Daurella family of Spain in the early 1950s to create its first bottling plant in Barcelona.
Carmen Daurella's husband Mario Rotllant Sola is a member of the board of Coca-Cola European Partners.
Her cousin Sol Daurella, also a billionaire, is chair of Coca-Cola Europacific Partners",
7513,12024,Deng Yingzhong,,,,,,,,,,,,,,,,,,China,person.public,USD-networth,"$1,100,000,000",,,12024.03,11964,,B.lion,,,,62,teacher,,,,,,,Paper,Manufacturing,,
7514,12024,Shlomo Eliahu,,,,,,,,,,,,,,,,,,Israel,person.public,USD-networth,"$1,100,000,000",,,12024.03,11966,,B.lion,,,,60,teacher,,,,,,,Insurance,Finance & Investments,,
7515,12024,Henry Engelhardt,,,,,,,,,,,,,,,,,,United States,person.public,USD-networth,"$1,100,000,000",,,12024.03,11948,,B.lion,,,,78,advisor,,,,,,,Insurance,Finance & Investments,,
7516,12024,Gabriel Escarrer,,,,,,,,,,,,,,,,,,Spain,person.public,USD-networth,"$1,100,000,000",,,12024.03,11974,,B.lion,,,,52,teacher,,,,,,,Hotels,Service,,
7517,12024,Daniel Feffer,,,,,,,,,,,,,,,,,,Brazil,person.public,USD-networth,"$1,100,000,000",,,12024.03,11982,,B.lion,,,,44,householder,,,,,,,Pulp and paper,Manufacturing,,
7518,12024,Ruben Feffer,,,,,,,,,,,,,,,,,,Brazil,person.public,USD-networth,"$1,100,000,000",,,12024.03,11971,,B.lion,,,,55,teacher,,,,,,,Pulp and paper,Manufacturing,,
7519,12024,Gleb Fetisov,,,,,,,,,,,,,,,,,,Russia,person.public,USD-networth,"$1,100,000,000",,,12024.03,11966,,B.lion,,,,60,teacher,,,,,,,Investments,Telecom,,
7520,12024,Paul Fireman,,,,,,,,,,,,,,,,,,United States,person.public,USD-networth,"$1,100,000,000",,,12024.03,11957,,B.lion,,,,69,teacher,,,,,,,Reebok,Fashion & Retail,,
7521,12024,Robert Fisher,,,,,,,,,,,,,,,,,,United States,person.public,USD-networth,"$1,100,000,000",,,12024.03,11945,,B.lion,,,,81,advisor,,,,,,,Gap,Fashion & Retail,,
7522,12024,Bernd Freier,,,,,,,,,,,,,,,,,,Germany,person.public,USD-networth,"$1,100,000,000",,,12024.03,11983,,B.lion,,,,43,householder,,,,,,,Fashion retail,Fashion & Retail,,
7523,12024,Donald Friese,,,,,,,,,,,,,,,,,,United States,person.public,USD-networth,"$1,100,000,000",,,12024.03,11951,,B.lion,,,,75,advisor,,,,,,,Manufacturing,Manufacturing,,
7524,12024,Gan Zhongru,,,,,,,,,,,,,,,,,,China,person.public,USD-networth,"$1,100,000,000",,,12024.03,11975,,B.lion,,,,51,teacher,,,,,,,Pharmaceuticals,Healthcare,,
7525,12024,Rahul Gautam,,,,,,,,,,,,,,,,,,India,person.public,USD-networth,"$1,100,000,000",,,12024.03,11965,,B.lion,,,,61,teacher,,,,,,,Mattresses,Fashion & Retail,,
7526,12024,David Golub,XY,,,,,,,,,,,,,,,,,United States,person.public,USD-networth,"$1,100,000,000",,,12024.03,11963,,B.lion,,,,63,teacher,,,,,,,Private equity,Finance & Investments,,
7527,12024,Pavel Golubkov,,,,,,,,,,,,,,,,,,Russia,person.public,USD-networth,"$1,100,000,000",,,12024.03,11979,,B.lion,,,,47,householder,,,,,,,"Building, development",Real Estate,,
7528,12024,Cristina Green,XX,,,,,Philip Green (XY),,,,self-made fortune,,,,,,,,United Kingdom,person.public,USD-networth,"$1,100,000,000",,,12024.03,11972,,B.lion,,,,54,teacher,,,,,,,Fashion retail,Fashion & Retail,"Cristina Green and her husband Philip Green own the embattled retail empire Arcadia Group, which fell into bankruptcy during the Covid-19 pandemic.
The once thriving business was subsequently forced to sell most of its best-known brands, including Topshop, Top Man and Dorothy Perkins.
Outside of Arcadia, the Greens own three yachts worth about $140 million and nearly $40 million of real estate that Cristina was found to have bought through offshore firms.
The Greens have been vilified in Britain for their role in letting home retailer BHS collapse, which put pensions for 19,000 workers at risk in 2016.",
7529,12024,Philip Green,XY,,,,,Cristina Green (XX),,,,,,,,,,,,United Kingdom,person.public,USD-networth,"$1,100,000,000",,,12024.03,11947,,B.lion,,,,79,advisor,,,,,,,Fashion retail,Fashion & Retail,"Philip Green and his wife Cristina Green sit atop the embattled British retail empire Arcadia Group.
The once thriving business was forced to sell most of its best-known brands--including Topshop, Top Man and Dorothy Perkins--after it fell into bankruptcy in 2020.
The Greens have been vilified in Britain for their role in letting home retailer BHS collapse, which put pensions for 19,000 workers at risk in 2016.
Parliament voted to strip Green of his knighthood over a pension deficit scandal. However, he is still a knight; the vote was symbolic.
Parliament voted to strip Green of his knighthood over a pension deficit scandal. However, he is still a knight; the vote was symbolic.",
7530,12024,Said Gutseriev,,,,,,,,,,,,,,,,,,Russia,person.public,USD-networth,"$1,100,000,000",,,12024.03,11973,,B.lion,,,,53,teacher,,,,,,,"Retail, investments",Energy,,
7531,12024,Polys Haji-Ioannou,,,,,,,,,,,,,,,,,,Cyprus,person.public,USD-networth,"$1,100,000,000",,,12024.03,11948,,B.lion,,,,78,advisor,,,,,,,EasyJet,Service,,
7532,12024,He Zuxun,,,,,,,,,,,,,,,,,,China,person.public,USD-networth,"$1,100,000,000",,,12024.03,11966,,B.lion,,,,60,teacher,,,,,,,Pig breeding,Food & Beverage,,
7533,12024,Christian Herz,XY,,,,,,,,,,,,,,,,,Germany,person.public,USD-networth,"$1,100,000,000",,,12024.03,11965,12020,B.lion,,,,61,teacher,,,,,,,Coffee,Finance & Investments,"Christian Herz owns 45% of the private equity firm Mayfair SE, whose investments have included the sports apparel company Puma.
He is the grandson of Tchibo co-founder Max Herz, who built a fortune based on the importation and sale of coffee.
His father, Guenter, ran Tchibo for almost 35 years. The family also built a stake in skin-care company Beiersdorf, whose brands include Nivea.
Guenter and his sister, Daniela Herz-Schnoeckel, founded Mayfair after they were bought out of the family business in 2003.
As one of Mayfair's managing directors, Christian Herz is active in the shaping investment decisions.",
7534,12024,Michaela Herz,XX,Guenter Herz,,,,,,,,,,,,,,,,Germany,person.public,USD-networth,"$1,100,000,000",,,12024.03,11953,,B.lion,,,,73,advisor,,,,,,,Coffee,Finance & Investments,"Michaela Herz owns 45% of the private equity firm Mayfair SE, whose investments have included the sports apparel company Puma.
She is a granddaughter of Tchibo cofounder Max Herz, who built a fortune based on the import and sale of coffee.
Her father, Guenter, ran Tchibo for almost 35 years. The family also built a stake in skin-care company Beiersdorf, whose brands include Nivea.
Guenter and his sister, Daniela Herz-Schnoeckel, founded Mayfair after they sold their stake in the family business in 2003.
As one of Mayfair's managing directors, Michaela Herz is active in shaping investment decisions.",
7535,12024,David Hindawi,XY,,,,,,,,,,,,,,,,,United States,person.public,USD-networth,"$1,100,000,000",,,12024.03,11942,,B.lion,,,,84,advisor,,,,,,,Software,Technology,,
7536,12024,Huang Shan,,,,,,,,,,,,,,,,,,China,person.public,USD-networth,"$1,100,000,000",,,12024.03,11989,,B.lion,,,,37,householder,,,,,,,Software,Technology,,
7537,12024,Huang Xiaofen,,,,,,,,,,,,,,,,,,China,person.public,USD-networth,"$1,100,000,000",,,12024.03,11978,,B.lion,,,,48,householder,,,,,,,Printed circuit boards,Technology,,
7538,12024,Hiroshi Ishibashi,,,,,,,,,,,,,,,,,,Japan,person.public,USD-networth,"$1,100,000,000",,,12024.03,11951,,B.lion,,,,75,advisor,,,,,,,Tires,Automotive,,
7539,12024,Masayuki Ishihara,,,,,,,,,,,,,,,,,,Japan,person.public,USD-networth,"$1,100,000,000",,,12024.03,11977,,B.lion,,,,49,teacher,,,,,,,Pachinko machines,Gambling & Casinos,,
7540,12024,Chatchai Kaewbootta,,,,,,,,,,,,,,,,,,Thailand,person.public,USD-networth,"$1,100,000,000",,,12024.03,11943,,B.lion,,,,83,advisor,,,,,,,Auto loans,Finance & Investments,,
7541,12024,Nikhil Kamath,,,,,,,,,,,,,,,,,,India,person.public,USD-networth,"$1,100,000,000",,,12024.03,11971,,B.lion,,,,55,teacher,,,,,,,Financial services,Finance & Investments,,
7542,12024,Jonas Kamprad,,,,,,,,,,,,,,,,,,Sweden,person.public,USD-networth,"$1,100,000,000",,,12024.03,11942,,B.lion,,,,84,advisor,,,,,,,IKEA,Finance & Investments,,
7543,12024,Mathias Kamprad,,,,,,,,,,,,,,,,,,Sweden,person.public,USD-networth,"$1,100,000,000",,,12024.03,11970,,B.lion,,,,56,teacher,,,,,,,IKEA,Finance & Investments,,
7544,12024,Peter Kamprad,,,,,,,,,,,,,,,,,,Sweden,person.public,USD-networth,"$1,100,000,000",,,12024.03,11956,,B.lion,,,,70,teacher,,,,,,,IKEA,Finance & Investments,,
7545,12024,Fumio Kaneko,,,,,,,,,,,,,,,,,,Japan,person.public,USD-networth,"$1,100,000,000",,,12024.03,11963,,B.lion,,,,63,teacher,,,,,,,Waste management,Service,,
7546,12024,Sunjay Kapur,,,,,,,,,,,,,,,,,,United States,person.public,USD-networth,"$1,100,000,000",,,12024.03,11952,,B.lion,,,,74,advisor,,,,,,,Auto parts,Automotive,,
7547,12024,Ali Metin Kazanci,,,,,,,,,,,,,,,,,,Turkey,person.public,USD-networth,"$1,100,000,000",,,12024.03,11941,,B.lion,,,,85,advisor,,,,,,,Energy,Energy,,
7548,12024,Kangbao Ke,,,,,,,,,,,,,,,,,,China,person.public,USD-networth,"$1,100,000,000",,,12024.03,11956,,B.lion,,,,70,teacher,,,,,,,Retailing,Healthcare,,
7549,12024,Carsten Koerl,,,,,,,,,,,,,,,,,,Germany,person.public,USD-networth,"$1,100,000,000",,,12024.03,11971,,B.lion,,,,55,teacher,,,,,,,Sports data,Sports,,
7550,12024,Koo Bon-sik,,,,,,,,,,,,,,,,,,South Korea,person.public,USD-networth,"$1,100,000,000",,,12024.03,11943,,B.lion,,,,83,advisor,,,,,,,LG,Technology,,
7551,12024,Andrei Kosogov,,,,,,,,,,,,,,,,,,Russia,person.public,USD-networth,"$1,100,000,000",,,12024.03,11973,,B.lion,,,,53,teacher,,,,,,,Banking,Energy,,
7552,12024,Yogesh Kothari,,,,,,,,,,,,,,,,,,India,person.public,USD-networth,"$1,100,000,000",,,12024.03,11984,,B.lion,,,,42,householder,,,,,,,Specialty chemicals,Manufacturing,,
7553,12024,Arvind Lal,,,,,,,,,,,,,,,,,,India,person.public,USD-networth,"$1,100,000,000",,,12024.03,11966,,B.lion,,,,60,teacher,,,,,,,Medical diagnostics,Healthcare,,
7554,12024,Manuel Lao Hernández,,,,,,,,,,,,,,,,,,Spain,person.public,USD-networth,"$1,100,000,000",,,12024.03,11973,,B.lion,,,,53,teacher,,,,,,,Casinos,Gambling & Casinos,,
7555,12024,Lee Joong-keun,,,,,,,,,,,,,,,,,,South Korea,person.public,USD-networth,"$1,100,000,000",,,12024.03,11976,,B.lion,,,,50,teacher,,,,,,,"Construction, real estate",Construction & Engineering,,
7556,12024,Nancy Lerner,,,,,,,,,,,,,,,,,,United States,person.public,USD-networth,"$1,100,000,000",,,12024.03,11974,,B.lion,,,,52,teacher,,,,,,,"Banking, credit cards",Finance & Investments,,
7557,12024,Norma Lerner,,,,,,,,,,,,,,,,,,United States,person.public,USD-networth,"$1,100,000,000",,,12024.03,11975,,B.lion,,,,51,teacher,,,,,,,Banking,Finance & Investments,,
7558,12024,Randolph Lerner,,,,,,,,,,,,,,,,,,United States,person.public,USD-networth,"$1,100,000,000",,,12024.03,11967,,B.lion,,,,59,teacher,,,,,,,"Banking, credit cards",Finance & Investments,,
7559,12024,Lin Zhijun,,,,,,,,,,,,,,,,,,China,person.public,USD-networth,"$1,100,000,000",,,12024.03,11956,,B.lion,,,,70,teacher,,,,,,,Medical devices,Healthcare,,
7560,12024,Lin Zhixiong,,,,,,,,,,,,,,,,,,China,person.public,USD-networth,"$1,100,000,000",,,12024.03,11980,,B.lion,,,,46,householder,,,,,,,Medical devices,Healthcare,,
7561,12024,Jeffrey Lorberbaum,,,,,,,,,,,,,,,,,,United States,person.public,USD-networth,"$1,100,000,000",,,12024.03,11948,,B.lion,,,,78,advisor,,,,,,,Flooring,Manufacturing,,
7562,12024,Lu Rongfu,,,,,,,,,,,,,,,,,,China,person.public,USD-networth,"$1,100,000,000",,,12024.03,11980,,B.lion,,,,46,householder,,,,,,,Telecommunication,Telecom,,
7563,12024,Lyu Yixiong,,,,,,,,,,,,,,,,,,China,person.public,USD-networth,"$1,100,000,000",,,12024.03,11981,,B.lion,,,,45,householder,,,,,,,Cosmetics,Fashion & Retail,,
7564,12024,Soichiro Minami,,,,,,,,,,,,,,,,,,Japan,person.public,USD-networth,"$1,100,000,000",,,12024.03,11984,,B.lion,,,,42,householder,,,,,,,Internet and software,Technology,,
7565,12024,Pawan Munjal,,,,,,,,,,,,,,,,,,India,person.public,USD-networth,"$1,100,000,000",,,12024.03,11991,,B.lion,,,,35,householder,,,,,,,Two wheelers,Automotive,,
7566,12024,Renu Munjal,,,,,,,,,,,,,,,,,,India,person.public,USD-networth,"$1,100,000,000",,,12024.03,11926,,B.lion,,,,100,phantasim,,,,,,,Two wheelers,Automotive,,
7567,12024,Suman Munjal,,,,,,,,,,,,,,,,,,India,person.public,USD-networth,"$1,100,000,000",,,12024.03,11948,,B.lion,,,,78,advisor,,,,,,,Motorcycles,Automotive,,
7568,12024,Dmitry Nikolaev,,,,,,,,,,,,,,,,,,Russia,person.public,USD-networth,"$1,100,000,000",,,12024.03,11954,,B.lion,,,,72,teacher,,,,,,,Coal,Energy,,
7569,12024,Sjamsul Nursalim,,,,,,,,,,,,,,,,,,Indonesia,person.public,USD-networth,"$1,100,000,000",,,12024.03,11949,,B.lion,,,,77,advisor,,,,,,,"Tires, retail",Automotive,,
7570,12024,Adrian Paval,,,,,,,,,,,,,,,,,,Romania,person.public,USD-networth,"$1,100,000,000",,,12024.03,11960,,B.lion,,,,66,teacher,,,,,,,Retail,Fashion & Retail,,
7571,12024,Antonio Percassi,,,,,,,,,,,,,,,,,,Italy,person.public,USD-networth,"$1,100,000,000",,,12024.03,11979,,B.lion,,,,47,householder,,,,,,,"Real estate, diversified",Diversified,,
7572,12024,Kevin Plank,XY,,,,,,,,,,,,,,,,,United States,person.public,USD-networth,"$1,100,000,000",,,12024.03,11965,,B.lion,,,,61,teacher,,,,,,,Under Armour,Fashion & Retail,,
7573,12024,G.V. Prasad,,,,,,,,,,,,,,,,,,India,person.public,USD-networth,"$1,100,000,000",,,12024.03,11975,,B.lion,,,,51,teacher,,,,,,,Pharmaceuticals,Healthcare,,
7574,12024,Pu Zhongjie,,,,,,,,,,,,,,,,,,China,person.public,USD-networth,"$1,100,000,000",,,12024.03,11969,,B.lion,,,,57,teacher,,,,,,,Medical equipment,Healthcare,,
7575,12024,Rao Wei,,,,,,,,,,,,,,,,,,China,person.public,USD-networth,"$1,100,000,000",,,12024.03,11959,,B.lion,,,,67,teacher,,,,,,,Pharmaceuticals,Healthcare,,
7576,12024,Helena Revoredo,,,,,,,,,,,,,,,,,,Spain,person.public,USD-networth,"$1,100,000,000",,,12024.03,11952,,B.lion,,,,74,advisor,,,,,,,Security services,Service,,
7577,12024,Matthew Roszak,,,,,,,,,,,,,,,,,,United States,person.public,USD-networth,"$1,100,000,000",,,12024.03,11967,,B.lion,,,,59,teacher,,,,,,,Cryptocurrency,Finance & Investments,,
7578,12024,Paul Sciarra,,,,,,,,,,,,,,,,,,United States,person.public,USD-networth,"$1,100,000,000",,,12024.03,11960,,B.lion,,,,66,teacher,,,,,,,Pinterest,Technology,,
7579,12024,Rajesh Sharma,,,,,,,,,,,,,,,,,,India,person.public,USD-networth,"$1,100,000,000",,,12024.03,11957,,B.lion,,,,69,teacher,,,,,,,Finance,Finance & Investments,,
7580,12024,Dean Solon,,,,,,,,,,,,,,,,,,United States,person.public,USD-networth,"$1,100,000,000",,,12024.03,11968,,B.lion,,,,58,teacher,,,,,,,Solar systems,Energy,,
7581,12024,Michael Spencer,XY,,,,,,,,,,,,,,,,,United Kingdom,person.public,USD-networth,"$1,100,000,000",,,12024.03,11961,,B.lion,,,,65,teacher,,,,,,,Stock exchange,Finance & Investments,,
7582,12024,Joseph Steinberg,,,,,,,,,,,,,,,,,,United States,person.public,USD-networth,"$1,100,000,000",,,12024.03,11974,,B.lion,,,,52,teacher,,,,,,,Investments,Finance & Investments,,
7583,12024,Zachary Stern,,,,,,,,,,,,,,,,,,United States,person.public,USD-networth,"$1,100,000,000",,,12024.03,11966,,B.lion,,,,60,teacher,,,,,,,Liquor,Food & Beverage,,
7584,12024,Manny Stul,,,,,,,,,,,,,,,,,,Australia,person.public,USD-networth,"$1,100,000,000",,,12024.03,11956,,B.lion,,,,70,teacher,,,,,,,Toys,Manufacturing,,
7585,12024,Sun Hongjun,,,,,,,,,,,,,,,,,,China,person.public,USD-networth,"$1,100,000,000",,,12024.03,11958,,B.lion,,,,68,teacher,,,,,,,Semiconductors,Technology,,
7586,12024,Sun Weijie,,,,,,,,,,,,,,,,,,China,person.public,USD-networth,"$1,100,000,000",,,12024.03,11968,,B.lion,,,,58,teacher,,,,,,,Oilfield equipment,Manufacturing,,
7587,12024,Sehat Sutardja,,,,,,,,,,,,,,,,,,United States,person.public,USD-networth,"$1,100,000,000",,,12024.03,11964,,B.lion,,,,62,teacher,,,,,,,Semiconductors,Technology,,
7588,12024,Min-Liang Tan,,,,,,,,,,,,,,,,,,Singapore,person.public,USD-networth,"$1,100,000,000",,,12024.03,11945,,B.lion,,,,81,advisor,,,,,,,gaming,Media & Entertainment,,
7589,12024,Tan Yu Yeh,,,,,,,,,,,,,,,,,,Malaysia,person.public,USD-networth,"$1,100,000,000",,,12024.03,11972,,B.lion,,,,54,teacher,,,,,,,Retail,Fashion & Retail,,
7590,12024,Tang Aoqi,,,,,,,,,,,,,,,,,,China,person.public,USD-networth,"$1,100,000,000",,,12024.03,11968,,B.lion,,,,58,teacher,,,,,,,Auto parts,Automotive,,
7591,12024,Vonnarat Tangkaravakoon,,,,,,,,,,,,,,,,,,Thailand,person.public,USD-networth,"$1,100,000,000",,,12024.03,11969,,B.lion,,,,57,teacher,,,,,,,"Wire & cables, paints",Manufacturing,,
7592,12024,Tsao Ter-fung,,,,,,,,,,,,,,,,,,Taiwan,person.public,USD-networth,"$1,100,000,000",,,12024.03,11958,,B.lion,,,,68,teacher,,,,,,,Food,Food & Beverage,,
7593,12024,Tung Ching Sai,,,,,,,,,,,,,,,,,,China,person.public,USD-networth,"$1,100,000,000",,,12024.03,11945,,B.lion,,,,81,advisor,,,,,,,Manufacturing,Manufacturing,,
7594,12024,Arkady Volozh,,,,,,,,,,,,,,,,,,Russia,person.public,USD-networth,"$1,100,000,000",,,12024.03,11978,,B.lion,,,,48,householder,,,,,,,Search engine,Technology,,
7595,12024,Peter-Alexander Wacker,,,,,,,,,,,,,,,,,,Germany,person.public,USD-networth,"$1,100,000,000",,,12024.03,11954,,B.lion,,,,72,teacher,,,,,,,Chemicals,Manufacturing,,
7596,12024,Wan Long,,,,,,,,,,,,,,,,,,China,person.public,USD-networth,"$1,100,000,000",,,12024.03,11965,,B.lion,,,,61,teacher,,,,,,,Food,Food & Beverage,,
7597,12024,Wang Han,,,,,,,,,,,,,,,,,,China,person.public,USD-networth,"$1,100,000,000",,,12024.03,11979,,B.lion,,,,47,householder,,,,,,,Airline,Diversified,,
7598,12024,Lars Wingefors,,,,,,,,,,,,,,,,,,Sweden,person.public,USD-networth,"$1,100,000,000",,,12024.03,11956,,B.lion,,,,70,teacher,,,,,,,Video games,Media & Entertainment,,
7599,12024,Allan Wong,,,,,,,,,,,,,,,,,,Hong Kong,person.public,USD-networth,"$1,100,000,000",,,12024.03,11954,,B.lion,,,,72,teacher,,,,,,,Electronics,Manufacturing,,
7600,12024,Tiger Woods,,,,,,,,,,,,,,,,,,United States,person.public,USD-networth,"$1,100,000,000",,,12024.03,11986,,B.lion,,,,40,householder,,,,,,,Golf,Sports,,
7601,12024,Horst Wortmann,,,,,,,,,,,,,,,,,,Germany,person.public,USD-networth,"$1,100,000,000",,,12024.03,11968,,B.lion,,,,58,teacher,,,,,,,Footwear,Fashion & Retail,,
7602,12024,Wu Kaiting,,,,,,,,,,,,,,,,,,Hong Kong,person.public,USD-networth,"$1,100,000,000",,,12024.03,11931,,B.lion,,,,95,phantasim,,,,,,,Electronics,Telecom,,
7603,12024,Wu Li-gann,,,,,,,,,,,,,,,,,,Taiwan,person.public,USD-networth,"$1,100,000,000",,,12024.03,11949,,B.lion,,,,77,advisor,,,,,,,Electronic components,Manufacturing,,
7604,12024,Wu Xiangdong,,,,,,,,,,,,,,,,,,China,person.public,USD-networth,"$1,100,000,000",,,12024.03,11971,,B.lion,,,,55,teacher,,,,,,,Liquor,Food & Beverage,,
7605,12024,Xiu Laigui,,,,,,,,,,,,,,,,,,China,person.public,USD-networth,"$1,100,000,000",,,12024.03,11945,,B.lion,,,,81,advisor,,,,,,,Pharmaceuticals,Healthcare,,
7606,12024,Xu Jiangnan,,,,,,,,,,,,,,,,,,China,person.public,USD-networth,"$1,100,000,000",,,12024.03,11971,,B.lion,,,,55,teacher,,,,,,,Vitamins,Healthcare,,
7607,12024,Xue Jiping,,,,,,,,,,,,,,,,,,China,person.public,USD-networth,"$1,100,000,000",,,12024.03,11956,,B.lion,,,,70,teacher,,,,,,,Cable,Telecom,,
7608,12024,Yao Hsiao Tung,,,,,,,,,,,,,,,,,,Singapore,person.public,USD-networth,"$1,100,000,000",,,12024.03,11976,,B.lion,,,,50,teacher,,,,,,,Manufacturing,Manufacturing,,
7609,12024,Ye Qiongjiu,,,,,,,,,,,,,,,,,,China,person.public,USD-networth,"$1,100,000,000",,,12024.03,11964,,B.lion,,,,62,teacher,,,,,,,Software,Technology,,
7610,12024,Yanqiao Ye,,,,,,,,,,,,,,,,,,China,person.public,USD-networth,"$1,100,000,000",,,12024.03,11969,,B.lion,,,,57,teacher,,,,,,,Soy sauce,Food & Beverage,,
7611,12024,Yeh Kuo-I,,,,,,,,,,,,,,,,,,Taiwan,person.public,USD-networth,"$1,100,000,000",,,12024.03,11950,,B.lion,,,,76,advisor,,,,,,,Manufacturing,Manufacturing,,
7612,12024,Yu Faxiang,,,,,,,,,,,,,,,,,,China,person.public,USD-networth,"$1,100,000,000",,,12024.03,11946,,B.lion,,,,80,advisor,,,,,,,"Tourism, cultural industry",Media & Entertainment,,
7613,12024,Zeng Chaolin,,,,,,,,,,,,,,,,,,China,person.public,USD-networth,"$1,100,000,000",,,12024.03,11942,,B.lion,,,,84,advisor,,,,,,,Aluminium,Metals & Mining,,
7614,12024,Kapeng Zhang,,,,,,,,,,,,,,,,,,China,person.public,USD-networth,"$1,100,000,000",,,12024.03,11967,,B.lion,,,,59,teacher,,,,,,,Building materials,Construction & Engineering,,
7615,12024,Zhang Xuansong,,,,,,,,,,,,,,,,,,China,person.public,USD-networth,"$1,100,000,000",,,12024.03,11951,,B.lion,,,,75,advisor,,,,,,,Supermarkets,Fashion & Retail,,
7616,12024,Zhang Xuewu,,,,,,,,,,,,,,,,,,China,person.public,USD-networth,"$1,100,000,000",,,12024.03,11979,,B.lion,,,,47,householder,,,,,,,Snacks,Food & Beverage,,
7617,12024,Zhu Yiming,,,,,,,,,,,,,,,,,,China,person.public,USD-networth,"$1,100,000,000",,,12024.03,11955,,B.lion,,,,71,teacher,,,,,,,Semiconductors,Technology,,
7618,12024,Zhu Zhaojiang,,,,,,,,,,,,,,,,,,China,person.public,USD-networth,"$1,100,000,000",,,12024.03,11950,,B.lion,,,,76,advisor,,,,,,,Smartphones,Manufacturing,,
7619,12024,Zhuo Jun,,,,,,,,,,,,,,,,,,Hong Kong,person.public,USD-networth,"$1,100,000,000",,,12024.03,11965,,B.lion,,,,61,teacher,,,,,,,Printed circuit boards,Manufacturing,,
7743,12024,Manohar Lal Agarwal,,,,,,,,,,,,,,,,,,India,person.public,USD-networth,"$1,000,000,000",,,12024.03,11972,,B.lion,,,,54,teacher,,,,,,,Snacks,Food & Beverage,,
7744,12024,Christian Angermayer,,,,,,,,,,,,,,,,,,Germany,person.public,USD-networth,"$1,000,000,000",,,12024.03,11988,,B.lion,,,,38,householder,,,,,,,Investments,Finance & Investments,,
7745,12024,Ryuji Arai,,,,,,,,,,,,,,,,,,Japan,person.public,USD-networth,"$1,000,000,000",,,12024.03,11968,,B.lion,,,,58,teacher,,,,,,,Retail,Fashion & Retail,,
7746,12024,Anna Maria Braun,,,,,,,,,,,,,,,,,,Germany,person.public,USD-networth,"$1,000,000,000",,,12024.03,11973,,B.lion,,,,53,teacher,,,,,,,Medical technology,Healthcare,,
7747,12024,Johanna Braun,,,,,,,,,,,,,,,,,,Germany,person.public,USD-networth,"$1,000,000,000",,,12024.03,11946,,B.lion,,,,80,advisor,,,,,,,Medical technology,Healthcare,,
7748,12024,Karl Friedrich Braun,,,,,,,,,,,,,,,,,,Germany,person.public,USD-networth,"$1,000,000,000",,,12024.03,11947,,B.lion,,,,79,advisor,,,,,,,Medical technology,Healthcare,,
7749,12024,Ludwig Theodor Braun,,,,,,,,,,,,,,,,,,Germany,person.public,USD-networth,"$1,000,000,000",,,12024.03,11971,,B.lion,,,,55,teacher,,,,,,,Medical technology,Healthcare,,
7750,12024,Ana Maria Brescia Cafferata,,,,,,,,,,,,,,,,,,Peru,person.public,USD-networth,"$1,000,000,000",,,12024.03,11950,,B.lion,,,,76,advisor,,,,,,,"Mining, banking",Diversified,,
7751,12024,Jimmy Buffett,,,,,,,,,,,,,,,,,,United States,person.public,USD-networth,"$1,000,000,000",,,12024.03,11948,,B.lion,,,,78,advisor,,,,,,,"Entertainment, Margaritaville",Media & Entertainment,,
7752,12024,Hideyuki Busujima,,,,,,,,,,,,,,,,,,Japan,person.public,USD-networth,"$1,000,000,000",,,12024.03,11955,,B.lion,,,,71,teacher,,,,,,,Pachinko machines,Gambling & Casinos,,
7753,12024,Edouard Carmignac,,,,,,,,,,,,,,,,,,France,person.public,USD-networth,"$1,000,000,000",,,12024.03,11956,,B.lion,,,,70,teacher,,,,,,,Asset management,Finance & Investments,,
7754,12024,Chang Kuo-Ming,XY,Chang Yung Fa,,,,,,Taiwan,,,,,,,,,,Taiwan,person.public,USD-networth,"$1,000,000,000",,,12024.03,11951,,B.lion,,,,75,advisor,,,,,,,Transportation,Logistics,"Chang Kuo-Ming is the second son of shipping tycoon Chang Yung Fa, who died in 2016 at the age of 88.
In 1968 Yung Fa founded Evergreen Marine, now one of the world's largest transportation companies.
Brothers Kuo-Hua, Kuo-Ming and Kuo-Cheng also inherited stakes in EVA Airways and hotels in Taiwan, mainland China, Paris and Bangkok.",
7755,12024,Chen Jiancheng,,,,,,,,,,,,,,,,,,China,person.public,USD-networth,"$1,000,000,000",,,12024.03,11964,,B.lion,,,,62,teacher,,,,,,,Manufacturing,Manufacturing,,
7756,12024,Rui Chen,,,,,,,,,,,,,,,,,,China,person.public,USD-networth,"$1,000,000,000",,,12024.03,11971,,B.lion,,,,55,teacher,,,,,,,Online entertainment,Media & Entertainment,,
7757,12024,Chen Shiliang,,,,,,,,,,,,,,,,,,China,person.public,USD-networth,"$1,000,000,000",,,12024.03,11973,,B.lion,,,,53,teacher,,,,,,,Polyester,Manufacturing,,
7758,12024,Tianqiao Chen,,,,,,,,,,,,,,,,,,China,person.public,USD-networth,"$1,000,000,000",,,12024.03,11954,,B.lion,,,,72,teacher,,,,,,,Online games,Technology,,
7759,12024,Yuantai Chen,,,,,,,,,,,,,,,,,,China,person.public,USD-networth,"$1,000,000,000",,,12024.03,11965,,B.lion,,,,61,teacher,,,,,,,Batteries,Energy,,
7760,12024,Cheng Antares,,,,,,,,,,,,,,,,,,Hong Kong,person.public,USD-networth,"$1,000,000,000",,,12024.03,11947,,B.lion,,,,79,advisor,,,,,,,Liquor,Food & Beverage,,
7761,12024,Kochouseph Chittilappilly,,,,,,,,,,,,,,,,,,India,person.public,USD-networth,"$1,000,000,000",,,12024.03,11942,,B.lion,,,,84,advisor,,,,,,,Electrical appliances,Manufacturing,,
7762,12024,John Christodoulou,XY,,,,,,,,,,,,,,,,,United Kingdom,person.public,USD-networth,"$1,000,000,000",,,12024.03,11949,,B.lion,,,,77,advisor,,,,,,,Real estate,Real Estate,,
7763,12024,Pollyanna Chu,,,,,,,,,,,,,,,,,,Hong Kong,person.public,USD-networth,"$1,000,000,000",,,12024.03,11954,,B.lion,,,,72,teacher,,,,,,,"Financial services, property",Finance & Investments,,
7764,12024,Turgay Ciner,,,,,,,,,,,,,,,,,,Turkey,person.public,USD-networth,"$1,000,000,000",,,12024.03,11970,,B.lion,,,,56,teacher,,,,,,,Diversified,Diversified,,
7765,12024,Benoit Dageville,,,,,,,,,,,,,,,,,,United States,person.public,USD-networth,"$1,000,000,000",,,12024.03,11971,,B.lion,,,,55,teacher,,,,,,,Software,Technology,,
7766,12024,Mark Dixon,XY,,,,,,,,,,,,,,,,,United Kingdom,person.public,USD-networth,"$1,000,000,000",,,12024.03,11947,,B.lion,,,,79,advisor,,,,,,,Office real estate,Real Estate,,
7767,12024,Du Yulin,,,,,,,,,,,,,,,,,,China,person.public,USD-networth,"$1,000,000,000",,,12024.03,11952,,B.lion,,,,74,advisor,,,,,,,Software,Technology,,
7768,12024,Feng Yuxia,,,,,,,,,,,,,,,,,,China,person.public,USD-networth,"$1,000,000,000",,,12024.03,11964,,B.lion,,,,62,teacher,,,,,,,Pharmaceuticals,Healthcare,,
7769,12024,Benedicte Find,,,,,,,,,,,,,,,,,,Denmark,person.public,USD-networth,"$1,000,000,000",,,12024.03,11973,,B.lion,,,,53,teacher,,,,,,,Medical devices,Healthcare,,
7770,12024,William Fisher,,,,,,,,,,,,,,,,,,United States,person.public,USD-networth,"$1,000,000,000",,,12024.03,11989,,B.lion,,,,37,householder,,,,,,,Gap,Fashion & Retail,,
7771,12024,Gao Yunfeng,,,,,,,,,,,,,,,,,,China,person.public,USD-networth,"$1,000,000,000",,,12024.03,11970,,B.lion,,,,56,teacher,,,,,,,Industrial lasers,Manufacturing,,
7772,12024,Jianming Geng,,,,,,,,,,,,,,,,,,China,person.public,USD-networth,"$1,000,000,000",,,12024.03,11965,,B.lion,,,,61,teacher,,,,,,,Real estate,Real Estate,,
7773,12024,Sven Hagströmer,,,,,,,,,,,,,,,,,,Sweden,person.public,USD-networth,"$1,000,000,000",,,12024.03,11971,,B.lion,,,,55,teacher,,,,,,,Financial services,Finance & Investments,,
7774,12024,Clelia Haji-Ioannou,,,,,,,,,,,,,,,,,,Cyprus,person.public,USD-networth,"$1,000,000,000",,,12024.03,11961,,B.lion,,,,65,teacher,,,,,,,EasyJet,Service,,
7775,12024,Stelios Haji-Ioannou,,,,,,,,,,,,,,,,,,Cyprus,person.public,USD-networth,"$1,000,000,000",,,12024.03,11973,,B.lion,,,,53,teacher,,,,,,,EasyJet,Service,,
7776,12024,Hang Hong,,,,,,,,,,,,,,,,,,China,person.public,USD-networth,"$1,000,000,000",,,12024.03,11944,,B.lion,,,,82,advisor,,,,,,,Machinery,Manufacturing,,
7777,12024,He Yamin,,,,,,,,,,,,,,,,,,China,person.public,USD-networth,"$1,000,000,000",,,12024.03,11964,,B.lion,,,,62,teacher,,,,,,,Manufacturing,Manufacturing,,
7778,12024,Ghan Djoe Hiang,,,,,,,,,,,,,,,,,,Indonesia,person.public,USD-networth,"$1,000,000,000",,,12024.03,11953,,B.lion,,,,73,advisor,,,,,,,Coal,Energy,,
7779,12024,Hong Feng,,,,,,,,,,,,,,,,,,China,person.public,USD-networth,"$1,000,000,000",,,12024.03,11958,,B.lion,,,,68,teacher,,,,,,,Smartphones,Technology,,
7780,12024,Hong Seok-joh,,,,,,,,,,,,,,,,,,South Korea,person.public,USD-networth,"$1,000,000,000",,,12024.03,11954,,B.lion,,,,72,teacher,,,,,,,Convenience stores,Fashion & Retail,,
7781,12024,Hu Gengxi,,,,,,,,,,,,,,,,,,China,person.public,USD-networth,"$1,000,000,000",,,12024.03,11965,,B.lion,,,,61,teacher,,,,,,,Bio-Pharma,Healthcare,,
7782,12024,Danilo Iervolino,,,,,,,,,,,,,,,,,,Italy,person.public,USD-networth,"$1,000,000,000",,,12024.03,11979,,B.lion,,,,47,householder,,,,,,,Online universities,Technology,,
7783,12024,Hedda im Brahm-Droege,,,,,,,,,,,,,,,,,,Germany,person.public,USD-networth,"$1,000,000,000",,,12024.03,11956,,B.lion,,,,70,teacher,,,,,,,Investments,Finance & Investments,,
7784,12024,Inder Jaisinghani,,,,,,,,,,,,,,,,,,India,person.public,USD-networth,"$1,000,000,000",,,12024.03,11954,,B.lion,,,,72,teacher,,,,,,,Cables & wires,Manufacturing,,
7785,12024,LeBron James,,,,,,,,,,,,,,,,,,United States,person.public,USD-networth,"$1,000,000,000",,,12024.03,11986,,B.lion,,,,40,householder,,,,,,,Basketball,Sports,,
7786,12024,Johan Johannson,,,,,,,,,,,,,,,,,,Norway,person.public,USD-networth,"$1,000,000,000",,,12024.03,11968,,B.lion,,,,58,teacher,,,,,,,Grocery stores,Fashion & Retail,,
7787,12024,Morris Kahn,,,,,,,,,,,,,,,,,,Israel,person.public,USD-networth,"$1,000,000,000",,,12024.03,11931,,B.lion,,,,95,phantasim,,,,,,,Software,Technology,,
7788,12024,Ashok Kajaria,,,,,,,,,,,,,,,,,,India,person.public,USD-networth,"$1,000,000,000",,,12024.03,11949,,B.lion,,,,77,advisor,,,,,,,Tiles,Manufacturing,,
7789,12024,Marcelo Kalim,,,,,,,,,,,,,,,,,,Brazil,person.public,USD-networth,"$1,000,000,000",,,12024.03,11971,,B.lion,,,,55,teacher,,,,,,,Banking,Finance & Investments,,
7790,12024,Ken Kendrick,,,,,,,,,,,,,,,,,,United States,person.public,USD-networth,"$1,000,000,000",,,12024.03,11945,,B.lion,,,,81,advisor,,,,,,,"Banking, sports team",Sports,,
7791,12024,Brad Keywell,,,,,,,,,,,,,,,,,,United States,person.public,USD-networth,"$1,000,000,000",,,12024.03,11971,,B.lion,,,,55,teacher,,,,,,,"Software, investments",Technology,,
7792,12024,Muhammed Aziz Khan,,,,,,,,,,,,,,,,,,Bangladesh,person.public,USD-networth,"$1,000,000,000",,,12024.03,11956,,B.lion,,,,70,teacher,,,,,,,Power,Energy,,
7793,12024,Kim Jung-woong,,,,,,,,,,,,,,,,,,South Korea,person.public,USD-networth,"$1,000,000,000",,,12024.03,11976,,B.lion,,,,50,teacher,,,,,,,Cosmetics,Fashion & Retail,,
7794,12024,Ihor Kolomoyskyy,,,,,,,,,,,,,,,,,,Israel,person.public,USD-networth,"$1,000,000,000",,,12024.03,11964,,B.lion,,,,62,teacher,,,,,,,"Banking, investments",Diversified,,
7795,12024,Kong Jian Min,,,,,,,,,,,,,,,,,,China,person.public,USD-networth,"$1,000,000,000",,,12024.03,11969,,B.lion,,,,57,teacher,,,,,,,Real estate,Real Estate,,
7796,12024,Koo Bon-neung,,,,,,,,,,,,,,,,,,South Korea,person.public,USD-networth,"$1,000,000,000",,,12024.03,11950,,B.lion,,,,76,advisor,,,,,,,Electronics,Manufacturing,,
7797,12024,Michael Kum,XY,,,,,,,,,,,,,,,,,Singapore,person.public,USD-networth,"$1,000,000,000",,,12024.03,11946,,B.lion,,,,80,advisor,,,,,,,Hotels,Real Estate,,
7798,12024,Richard Kurtz,,,,,,,,,,,,,,,,,,United States,person.public,USD-networth,"$1,000,000,000",,,12024.03,11942,,B.lion,,,,84,advisor,,,,,,,Real estate,Real Estate,,
7799,12024,Lev Kvetnoi,,,,,,,,,,,,,,,,,,Russia,person.public,USD-networth,"$1,000,000,000",,,12024.03,11967,,B.lion,,,,59,teacher,,,,,,,Cement,Finance & Investments,,
7800,12024,Michiel Le Roux,,,,,,,,,,,,,,,,,,South Africa,person.public,USD-networth,"$1,000,000,000",,,12024.03,11951,,B.lion,,,,75,advisor,,,,,,,Banking,Finance & Investments,,
7801,12024,Li Wanqiang,,,,,,,,,,,,,,,,,,China,person.public,USD-networth,"$1,000,000,000",,,12024.03,11979,,B.lion,,,,47,householder,,,,,,,Smartphones,Technology,,
7802,12024,Liu Baolin,,,,,,,,,,,,,,,,,,China,person.public,USD-networth,"$1,000,000,000",,,12024.03,11955,,B.lion,,,,71,teacher,,,,,,,Pharmacies,Fashion & Retail,,
7803,12024,Loo Choon Yong,,,,,,,,,,,,,,,,,,Singapore,person.public,USD-networth,"$1,000,000,000",,,12024.03,11950,,B.lion,,,,76,advisor,,,,,,,Healthcare,Healthcare,,
7804,12024,Lu Yonghua,,,,,,,,,,,,,,,,,,China,person.public,USD-networth,"$1,000,000,000",,,12024.03,11965,,B.lion,,,,61,teacher,,,,,,,Electronics,Technology,,
7805,12024,Ma Xiuhui,,,,,,,,,,,,,,,,,,China,person.public,USD-networth,"$1,000,000,000",,,12024.03,11972,,B.lion,,,,54,teacher,,,,,,,LED lighting,Manufacturing,,
7806,12024,Apoorva Mehta,,,,,,,,,,,,,,,,,,Canada,person.public,USD-networth,"$1,000,000,000",,,12024.03,11988,,B.lion,,,,38,householder,,,,,,,Grocery delivery service,Technology,,
7807,12024,Gabriella Meister,XX,,,,,Siegfried Meister (XY),,,,,Modern-German,,,,,,,Germany,person.public,USD-networth,"$1,000,000,000",,,12024.03,11946,12018,B.lion,,,,80,advisor,,,,,,,Appliances,Manufacturing,"Gabriella Meister and her daughter Franziska Wuerbser, who is also a billionaire, are among four family heirs who inherited 63% of kitchen appliance manufacturer Rational AG.
Gabriella's late husband, Siegfried Meister, founded the company in 1973 and died in 2017, at age 78.
Rational has more than a 50% share of the global market for multifunctional food preparation appliances used in large-scale and commercial kitchens.
The company's products include ovens, steamers and grills.
Rational, which went public in 2000, has grown consistently without acquisitions, and prides itself on innovative, energy-efficient technology.
i guessed on her age as 7-years younger than her deceased husband.",
7808,12024,Ulrike Meister,,,,,,,,,,,,,,,,,,Germany,person.public,USD-networth,"$1,000,000,000",,,12024.03,11968,,B.lion,,,,58,teacher,,,,,,,Appliances,Manufacturing,,
7809,12024,Andrei Molchanov,,,,,,,,,,,,,,,,,,Russia,person.public,USD-networth,"$1,000,000,000",,,12024.03,11973,,B.lion,,,,53,teacher,,,,,,,Construction materials,Construction & Engineering,,
7810,12024,Fulvio Montipò,,,,,,,,,,,,,,,,,,Italy,person.public,USD-networth,"$1,000,000,000",,,12024.03,11946,,B.lion,,,,80,advisor,,,,,,,Hydraulic pumps,Manufacturing,,
7811,12024,Stanley Motta,,,,,,,,,,,,,,,,,,Panama,person.public,USD-networth,"$1,000,000,000",,,12024.03,11947,,B.lion,,,,79,advisor,,,,,,,Finance,Finance & Investments,,
7812,12024,Tyler Perry,,,,,,,,,,,,,,,,,,United States,person.public,USD-networth,"$1,000,000,000",,,12024.03,11971,,B.lion,,,,55,teacher,,,,,,,"Movies, television",Media & Entertainment,,
7813,12024,Réal Plourde,XY,,,,,,,,,,,,,,,,,Canada,person.public,USD-networth,"$1,000,000,000",,,12024.03,11955,,B.lion,,,,71,teacher,,,,,,,Convenience stores,Fashion & Retail,"Réal Plourde is a cofounder and board member of Alimentation Couche-Tard, the Canadian convenience store giant that owns the Circle K chain.
Couche-Tard does $63 billion in annual revenue across more than 14,000 stores.
The chain has made three other cofounders billionaires: former CEO Alain Bouchard, Richard Fortin and Jacques D'Amours.
Couche-Tard has ballooned by snatching up competitors, including Minnesota-based Holiday Stationstores for $1.6 billion in December 2017.
Plourde held a number of roles at the business, including chief operating officer and manager of technical services. From 2011 to 2014, he was chairman.",
7814,12024,Vera Rechulski Santo Domingo,,,,,,,,,,,,,,,,,,Brazil,person.public,USD-networth,"$1,000,000,000",,,12024.03,11950,,B.lion,,,,76,advisor,,,,,,,Beer,Food & Beverage,,
7815,12024,George Sakellaris,,,,,,,,,,,,,,,,,,United States,person.public,USD-networth,"$1,000,000,000",,,12024.03,11948,,B.lion,,,,78,advisor,,,,,,,Energy services,Energy,,
7816,12024,Eddy Kusnadi Sariaatmadja,,,,,,,,,,,,,,,,,,Indonesia,person.public,USD-networth,"$1,000,000,000",,,12024.03,11955,,B.lion,,,,71,teacher,,,,,,,"Media, tech",Media & Entertainment,,
7817,12024,Neerja Sethi,,,,,,,,,,,,,,,,,,United States,person.public,USD-networth,"$1,000,000,000",,,12024.03,11956,,B.lion,,,,70,teacher,,,,,,,"IT consulting, outsourcing",Technology,,
7818,12024,Scott Smith,,,,,,,,,,,,,,,,,,United States,person.public,USD-networth,"$1,000,000,000",,,12024.03,11951,,B.lion,,,,75,advisor,,,,,,,Cloud computing,Technology,,
7819,12024,Petter Stordalen,,,,,,,,,,,,,,,,,,Norway,person.public,USD-networth,"$1,000,000,000",,,12024.03,11964,,B.lion,,,,62,teacher,,,,,,,Hotels,Service,,
7820,12024,Ivan Streshinsky,,,,,,,,,,,,,,,,,,Russia,person.public,USD-networth,"$1,000,000,000",,,12024.03,11971,,B.lion,,,,55,teacher,,,,,,,"Metals, telecom",Diversified,,
7821,12024,Sergei Sudarikov,,,,,,,,,,,,,,,,,,Russia,person.public,USD-networth,"$1,000,000,000",,,12024.03,11973,,B.lion,,,,53,teacher,,,,,,,"Finance, development",Finance & Investments,,
7822,12024,Wijono Tanoko,,,,,,,,,,,,,,,,,,Indonesia,person.public,USD-networth,"$1,000,000,000",,,12024.03,11954,,B.lion,,,,72,teacher,,,,,,,Paints,Manufacturing,,
7823,12024,Haryanto Tjiptodihardjo,,,,,,,,,,,,,,,,,,Indonesia,person.public,USD-networth,"$1,000,000,000",,,12024.03,11965,,B.lion,,,,61,teacher,,,,,,,Manufacturing,Manufacturing,,
7824,12024,David Tran,XY,,,,,,,,,,,,,,,,,United States,person.public,USD-networth,"$1,000,000,000",,,12024.03,11947,,B.lion,,,,79,advisor,,,,,,,Hot sauce,Food & Beverage,,
7825,12024,Kenzo Tsujimoto,,,,,,,,,,,,,,,,,,Japan,person.public,USD-networth,"$1,000,000,000",,,12024.03,11942,,B.lion,,,,84,advisor,,,,,,,Video games,Media & Entertainment,,
7826,12024,Murat Vargi,,,,,,,,,,,,,,,,,,Turkey,person.public,USD-networth,"$1,000,000,000",,,12024.03,11949,,B.lion,,,,77,advisor,,,,,,,Telecom,Telecom,,
7827,12024,Shigefumi Wada,,,,,,,,,,,,,,,,,,Japan,person.public,USD-networth,"$1,000,000,000",,,12024.03,11954,,B.lion,,,,72,teacher,,,,,,,Software,Technology,,
7828,12024,Wan Feng,,,,,,,,,,,,,,,,,,China,person.public,USD-networth,"$1,000,000,000",,,12024.03,11970,,B.lion,,,,56,teacher,,,,,,,Medical equipment,Healthcare,,
7829,12024,Wang Jianfeng,,,,,,,,,,,,,,,,,,China,person.public,USD-networth,"$1,000,000,000",,,12024.03,11971,,B.lion,,,,55,teacher,,,,,,,Auto parts,Automotive,,
7830,12024,Masaru Wasami,,,,,,,,,,,,,,,,,,Japan,person.public,USD-networth,"$1,000,000,000",,,12024.03,11947,,B.lion,,,,79,advisor,,,,,,,Logistics,Logistics,,
7831,12024,V. Prem Watsa,,,,,,,,,,,,,,,,,,Canada,person.public,USD-networth,"$1,000,000,000",,,12024.03,11952,,B.lion,,,,74,advisor,,,,,,,"Insurance, investments",Finance & Investments,,
7832,12024,Wen Pengcheng,,,,,,,,,,,,,,,,,,China,person.public,USD-networth,"$1,000,000,000",,,12024.03,11964,,B.lion,,,,62,teacher,,,,,,,Agribusiness,Food & Beverage,,
7833,12024,Toto Wolff,,,,,,,,,,,,,,,,,,Austria,person.public,USD-networth,"$1,000,000,000",,,12024.03,11973,,B.lion,,,,53,teacher,,,,,,,Sports,Sports,,
7834,12024,Franziska Wuerbser,,,,,,,,,,,,,,,,,,Germany,person.public,USD-networth,"$1,000,000,000",,,12024.03,11989,,B.lion,,,,37,householder,,,,,,,Kitchen appliances,Manufacturing,,
7835,12024,Xie Bingzheng,,,,,,,,,,,,,,,,,,China,person.public,USD-networth,"$1,000,000,000",,,12024.03,11970,,B.lion,,,,56,teacher,,,,,,,Apparel,Fashion & Retail,,
7836,12024,Xu Gang,,,,,,,,,,,,,,,,,,China,person.public,USD-networth,"$1,000,000,000",,,12024.03,11965,,B.lion,,,,61,teacher,,,,,,,Chemicals,Manufacturing,,
7837,12024,Yan Junxu,,,,,,,,,,,,,,,,,,China,person.public,USD-networth,"$1,000,000,000",,,12024.03,11971,,B.lion,,,,55,teacher,,,,,,,Manufacturing,Manufacturing,,
7838,12024,Yi Xianzhong,,,,,,,,,,,,,,,,,,China,person.public,USD-networth,"$1,000,000,000",,,12024.03,11961,,B.lion,,,,65,teacher,,,,,,,Pharmaceuticals,Healthcare,,
7839,12024,Yu Rong,,,,,,,,,,,,,,,,,,China,person.public,USD-networth,"$1,000,000,000",,,12024.03,11973,,B.lion,,,,53,teacher,,,,,,,Health clinics,Healthcare,,
7840,12024,"Richard Yuengling, Jr.",,,,,,,,,,,,,,,,,,United States,person.public,USD-networth,"$1,000,000,000",,,12024.03,11944,,B.lion,,,,82,advisor,,,,,,,Beer,Food & Beverage,,
7841,12024,Zhang Gongyun,,,,,,,,,,,,,,,,,,China,person.public,USD-networth,"$1,000,000,000",,,12024.03,11964,,B.lion,,,,62,teacher,,,,,,,Tyre manufacturing machinery,Manufacturing,,
7842,12024,Zhang Guiping,,,,,,,,,,,,,,,,,,China,person.public,USD-networth,"$1,000,000,000",,,12024.03,11953,,B.lion,,,,73,advisor,,,,,,,Real estate,Real Estate,,
7843,12024,Inigo Zobel,,,,,,,,,,,,,,,,,,Philippines,person.public,USD-networth,"$1,000,000,000",,,12024.03,11958,,B.lion,,,,68,teacher,,,,,,,Diversified,Diversified,,
7844,12024,Albert II,XY,"Rainier III, Prince of Monaco",Grace Kelly,Albert Alexandre Louis Pierre Grimaldi,,Charlene Wittstock (XX),,Monaco,,,,,,Prince of Monaco,,,,Monaco,person.public,USD-networth,"$1,000,000,000",,4,12024.03,11958,12005,B.lion,,,,68,teacher,,,,,,,"Royalty, Various enterprises, including Société des bains de mer de Monaco and casinos.","Royalty, Diversified",,
7845,12024,El Chapo Guzman,XY,,,El Chapo Guzman,,,,Mexico,,,,,,,,,,Mexico,person.public,USD-networth,"$1,000,000,000",,,12024.03,,,B.lion,,,,12026,phantasim,,,,,,,"drug lord, drug-trafficing",Organized Crime,El Chapo Guzman is a Mexican drug lord who formed the Sinaloa Cartel. The criminal organization was named the Mexican Pacific coast state of Sinaloa where it was formed. El Chapo became Mexico’s top drug king in 2003 and was considered the most powerful trafficker in the world.,