rank-number,rank-year,index-name_en-US,rank-value,patron-source,patron-industry,lastseen-country
3328,12024,Pankaj Patel,"$4,800,000,000",Pharmaceuticals,Healthcare,India
3329,12024,Horst Julius Pudwill,"$4,800,000,000",Manufacturing,Manufacturing,Germany
3330,12024,Yu Yong,"$4,800,000,000",Mining,Finance & Investments,China
3364,12024,Maria Fernanda Amorim,"$4,700,000,000","Energy, investments",Diversified,Portugal
3365,12024,Gayle Benson,"$4,700,000,000",New Orleans Saints,Sports,United States
3366,12024,Jason Chang,"$4,700,000,000",Electronics,Technology,Singapore
3367,12024,Ali Erdemoglu,"$4,700,000,000",Carpet,Manufacturing,Turkey
3368,12024,Andre Esteves,"$4,700,000,000",Banking,Finance & Investments,Brazil
3369,12024,Carlo Fidani,"$4,700,000,000",Real estate,Real Estate,Canada
3370,12024,Hong Ra-hee,"$4,700,000,000",Samsung,Technology,South Korea
3371,12024,Li Gaiteng,"$4,700,000,000",Hair dryers,Manufacturing,China
3372,12024,Thomas Secunda,"$4,700,000,000",Bloomberg LP,Media & Entertainment,United States
3373,12024,Song Zuowen,"$4,700,000,000","Aluminum, diversified",Diversified,China
3374,12024,Tim Sweeney,"$4,700,000,000",Video games,Media & Entertainment,United States
3407,12024,Bert Beveridge,"$4,600,000,000",Vodka,Food & Beverage,United States
3408,12024,Mark Cuban,"$4,600,000,000","Online media, Dallas Mavericks",Media & Entertainment,United States
3409,12024,Charles Dolan,"$4,600,000,000",Cable television,Media & Entertainment,United States
3410,12024,Jack Dorsey,"$4,600,000,000","Twitter, Square",Technology,United States
3411,12024,Fan Hongwei,"$4,600,000,000",Petrochemicals,Energy,China
3412,12024,Vladimir Kim,"$4,600,000,000",Mining,Metals & Mining,Kazakhstan
3413,12024,"Andre Koo, Sr.","$4,600,000,000",Financial services,Finance & Investments,Taiwan
3414,12024,Ronald Lauder,"$4,600,000,000",Estee Lauder,Fashion & Retail,United States
3415,12024,Li Chunan,"$4,600,000,000",Solar wafers and modules,Manufacturing,China
3416,12024,Forrest Li,"$4,600,000,000",Gaming,Media & Entertainment,Singapore
3417,12024,Richard Li,"$4,600,000,000",Telecom,Telecom,Hong Kong
3418,12024,Doug Meijer,"$4,600,000,000",Supermarkets,Fashion & Retail,United States
3419,12024,Hank Meijer,"$4,600,000,000",Supermarkets,Fashion & Retail,United States
3420,12024,Mark Meijer,"$4,600,000,000",Supermarkets,Fashion & Retail,United States
3421,12024,Issad Rebrab,"$4,600,000,000",Food,Food & Beverage,Algeria
3422,12024,Fred Smith,"$4,600,000,000",FedEx,Logistics,United States
3423,12024,Barry Sternlicht,"$4,600,000,000",Private equity,Finance & Investments,United States
3424,12024,Maximilian Viessmann,"$4,600,000,000","Heating, cooling equipment",Manufacturing,Germany
3425,12024,Russ Weiner,"$4,600,000,000",Energy drinks,Food & Beverage,United States
3426,12024,Xue Min,"$4,600,000,000",Healthcare,Healthcare,China
3464,12024,Juan Domingo Beckmann Legorreta,"$4,500,000,000",Tequila,Food & Beverage,Mexico
3465,12024,Dietmar Hopp,"$4,500,000,000",Software,Technology,Germany
3466,12024,Jiang Bin,"$4,500,000,000",Acoustic components,Technology,China
3467,12024,Joseph Liemandt,"$4,500,000,000",Software,Technology,United States
3468,12024,Theo Mueller,"$4,500,000,000",Dairy,Food & Beverage,Germany
3469,12024,N.R. Narayana Murthy,"$4,500,000,000",Software services,Technology,India
3470,12024,Odd Reitan,"$4,500,000,000","Retail, real estate",Fashion & Retail,Norway
3471,12024,Marc Rowan,"$4,500,000,000",Private equity,Finance & Investments,United States
3472,12024,Hussain Sajwani,"$4,500,000,000",Real estate,Real Estate,United Arab Emirates
3473,12024,David Velez,"$4,500,000,000",Fintech,Finance & Investments,Colombia
3474,12024,Xu Jinfu,"$4,500,000,000",Chemicals,Manufacturing,China
3475,12024,Samuel Yin,"$4,500,000,000",Retail,Diversified,Taiwan
3476,12024,You Xiaoping,"$4,500,000,000",Polyurethanes,Manufacturing,China
3509,12024,Stéphane Bancel,"$4,400,000,000","Biotech, vaccines",Healthcare,France
3510,12024,Margot Birmingham Perot,"$4,400,000,000","Computer services, real estate",Technology,United States
3511,12024,Neal Blue,"$4,400,000,000",Defense,Manufacturing,United States
3513,12024,Rafael Del Pino,"$4,400,000,000",Construction,Construction & Engineering,Spain
3514,12024,Peter Grogg,"$4,400,000,000",Biochemicals,Healthcare,Switzerland
3515,12024,Christian Haub,"$4,400,000,000",Retail,Fashion & Retail,Germany
3516,12024,Mangal Prabhat Lodha,"$4,400,000,000",Real estate,Real Estate,India
3517,12024,Jeffrey Lurie,"$4,400,000,000",Philadelphia Eagles,Sports,United States
3518,12024,Joe Mansueto,"$4,400,000,000",Investment research,Finance & Investments,United States
3519,12024,Qian Dongqi,"$4,400,000,000",Home-cleaning robots,Manufacturing,China
3520,12024,Mikhail Shelkov,"$4,400,000,000",Titanium,Metals & Mining,Russia
3558,12024,Patrick Drahi,"$4,300,000,000",Telecom,Telecom,France
3559,12024,Behdad Eghbali,"$4,300,000,000",Private equity,Finance & Investments,United States
3560,12024,Juan Carlos Escotet,"$4,300,000,000",Banking,Finance & Investments,Venezuela
3561,12024,Jose E. Feliciano,"$4,300,000,000",Private equity,Finance & Investments,United States
3562,12024,Hu Kaijun,"$4,300,000,000",Pharmaceuticals,Healthcare,China
3563,12024,Johnelle Hunt,"$4,300,000,000",Trucking,Logistics,United States
3564,12024,Marian Ilitch,"$4,300,000,000",Little Caesars Pizza,Food & Beverage,United States
3565,12024,Daryl Katz,"$4,300,000,000",Pharmacies,Diversified,Canada
3566,12024,Andrei Kozitsyn,"$4,300,000,000",Metals,Metals & Mining,Russia
3567,12024,Timur Kulibaev,"$4,300,000,000",Banking,Finance & Investments,Kazakhstan
3568,12024,Dinara Kulibaeva,"$4,300,000,000",Banking,Finance & Investments,Kazakhstan
3569,12024,Ian Livingstone,"$4,300,000,000",Real estate,Real Estate,United Kingdom
3570,12024,Richard Livingstone,"$4,300,000,000",Real estate,Real Estate,United Kingdom
3571,12024,Gwendolyn Sontheim Meyer,"$4,300,000,000",Cargill,Food & Beverage,United States
3572,12024,Jay Paul,"$4,300,000,000",Real estate,Real Estate,United States
3573,12024,Pham Nhat Vuong,"$4,300,000,000",Diversified,Diversified,Vietnam
3574,12024,Jon Stryker,"$4,300,000,000",Medical equipment,Healthcare,United States
3575,12024,Daniel Tsai,"$4,300,000,000",Finance,Finance & Investments,Taiwan
3576,12024,Richard Tsai,"$4,300,000,000",Finance,Finance & Investments,Taiwan
3577,12024,Frank Wang,"$4,300,000,000",Drones,Technology,China
3578,12024,Wang Junshi,"$4,300,000,000",Solar inverters,Manufacturing,China
3579,12024,Wang Wenjing,"$4,300,000,000",Business software,Technology,China
3580,12024,Herbert Wertheim,"$4,300,000,000",Investments,Finance & Investments,United States
3610,12024,Shari Arison,"$4,200,000,000",Carnival Cruises,Service,Israel
3611,12024,Pyotr Aven,"$4,200,000,000","Oil, banking, telecom",Finance & Investments,Russia
3612,12024,Chan Laiwa,"$4,200,000,000",Real estate,Real Estate,China
3613,12024,Chen Hua,"$4,200,000,000",Real estate,Real Estate,China
3614,12024,Thomas Hagen,"$4,200,000,000",Insurance,Finance & Investments,United States
3615,12024,"Rupert Johnson, Jr.","$4,200,000,000",Franklin Templeton,Finance & Investments,United States
3616,12024,Dewi Kam,"$4,200,000,000",Coal,Energy,Indonesia
3617,12024,Min Kao,"$4,200,000,000",Navigation equipment,Technology,United States
3618,12024,Marc Ladreit de Lacharriere,"$4,200,000,000",Finance,Finance & Investments,France
3619,12024,Eric Lefkofsky,"$4,200,000,000","Groupon, investments",Technology,United States
3620,12024,Lin Bin,"$4,200,000,000",Smartphones,Technology,United States
3621,12024,Lin Li,"$4,200,000,000",Investments,Finance & Investments,China
3622,12024,Michael Moritz,"$4,200,000,000",Venture capital,Technology,United States
3623,12024,Jean (Gigi) Pritzker,"$4,200,000,000","Hotels, investments",Service,United States
3624,12024,E. Joe Shoen,"$4,200,000,000",U-Haul,Automotive,United States
3625,12024,Jeff Skoll,"$4,200,000,000",EBay,Technology,United States
3626,12024,Lynsi Snyder,"$4,200,000,000",In-N-Out Burger,Food & Beverage,United States
3627,12024,Djoko Susanto,"$4,200,000,000",Supermarkets,Fashion & Retail,Indonesia
3628,12024,Tahir,"$4,200,000,000",Diversified,Diversified,Indonesia
3629,12024,Peter Thiel,"$4,200,000,000","Facebook, investments",Finance & Investments,United States
3687,12024,Andrej Babis,"$4,100,000,000",Agriculture,Food & Beverage,Czech Republic
3688,12024,Danielle Bellon,"$4,100,000,000",Food services,Service,France
3689,12024,Hubert Burda,"$4,100,000,000",Publishing,Media & Entertainment,Germany
3690,12024,Nick Caporella,"$4,100,000,000",Beverages,Food & Beverage,United States
3691,12024,John Catsimatidis,"$4,100,000,000","Oil, real estate",Energy,United States
3692,12024,Scott Cook,"$4,100,000,000",Software,Technology,United States
3693,12024,Luca Garavoglia,"$4,100,000,000",Spirits,Food & Beverage,Italy
3694,12024,Antti Herlin,"$4,100,000,000","Elevators, escalators",Manufacturing,Finland
3695,12024,Hong Jie,"$4,100,000,000",Paint,Manufacturing,China
3696,12024,"Jeremy Jacobs, Sr.","$4,100,000,000",Food service,Service,United States
3697,12024,Igor Kesaev,"$4,100,000,000","Tobacco distribution, retail",Fashion & Retail,Russia
3698,12024,Mary Alice Dorrance Malone,"$4,100,000,000",Campbell Soup,Food & Beverage,United States
3699,12024,Joao Moreira Salles,"$4,100,000,000","Banking, minerals",Diversified,Brazil
3700,12024,Walther Moreira Salles Junior,"$4,100,000,000","Banking, minerals",Finance & Investments,Brazil
3701,12024,Arturo Moreno,"$4,100,000,000","Billboards, Los Angeles Angels",Sports,United States
3702,12024,Peter Spuhler,"$4,100,000,000",Train cars,Manufacturing,Switzerland
3703,12024,Donald Sterling,"$4,100,000,000",Real estate,Real Estate,United States
3704,12024,Kerry Stokes,"$4,100,000,000","Construction equipment, media",Diversified,Australia
3705,12024,Ken Xie,"$4,100,000,000",Cybersecurity,Technology,United States
3706,12024,Xie Liangzhi,"$4,100,000,000",Biotech,Healthcare,China
,,David Packard,"$4,000,000,000",Hewlett-Packard ,Technology,United States
3742,12024,Sid Bass,"$4,000,000,000","Oil, investments",Energy,United States
3743,12024,Ben Chestnut,"$4,000,000,000",Email marketing,Technology,United States
3744,12024,Elisabeth DeLuca,"$4,000,000,000",Subway,Food & Beverage,United States
3745,12024,Guo Guangchang,"$4,000,000,000",Conglomerate,Diversified,China
3746,12024,Vinod Rai Gupta,"$4,000,000,000",Electrical equipment,Manufacturing,India
3747,12024,John Henry,"$4,000,000,000",Sports,Sports,United States
3748,12024,Travis Kalanick,"$4,000,000,000",Uber,Technology,United States
3749,12024,Koon Poh Keong,"$4,000,000,000",Aluminum,Manufacturing,Malaysia
3750,12024,Dan Kurzius,"$4,000,000,000",Email marketing,Technology,United States
3751,12024,Paul Lee,"$4,000,000,000",Battery separators,Manufacturing,United States
3752,12024,Tobi Lutke,"$4,000,000,000",E-commerce,Technology,Canada
3753,12024,Gail Miller,"$4,000,000,000",Car dealerships,Automotive,United States
3754,12024,Rajan Mittal,"$4,000,000,000",Telecom,Telecom,India
3755,12024,Rakesh Mittal,"$4,000,000,000",Telecom,Telecom,India
3756,12024,Isaac Perlmutter,"$4,000,000,000",Marvel comics,Media & Entertainment,United States
3757,12024,"Bernard Saul, II.","$4,000,000,000","Banking, real estate",Finance & Investments,United States
3758,12024,Shaul Shani,"$4,000,000,000",Telecom,Telecom,Israel
3759,12024,Steven Spielberg,"$4,000,000,000",Movies,Media & Entertainment,United States
3760,12024,Jerzy Starak,"$4,000,000,000",Pharmaceuticals,Healthcare,Poland
3761,12024,Torbjorn Tornqvist,"$4,000,000,000",Oil trading,Energy,Sweden
3762,12024,Rufino Vigil Gonzalez,"$4,000,000,000",Steel,Metals & Mining,Mexico
3763,12024,Zhang Daocai,"$4,000,000,000",Valves,Diversified,China
3764,12024,Hans-Adam II,"$4,000,000,000",Holdings in the Prince of Liechtenstein Foundation.,"Royalty, Diversified",Liechtenstein
3765,12024,Henri,"$4,000,000,000",grand duchy,"Royalty, Diversified", Luxembourg
3806,12024,Juergen Blickle,"$3,900,000,000",Auto parts,Manufacturing,Germany
3807,12024,"Austen Cargill, II.","$3,900,000,000",Cargill,Food & Beverage,United States
3808,12024,"James Cargill, II.","$3,900,000,000",Cargill,Food & Beverage,United States
3809,12024,Vanich Chaiyawan,"$3,900,000,000","Insurance, beverages",Finance & Investments,Thailand
3810,12024,Chen Dongsheng,"$3,900,000,000",Insurance,Finance & Investments,China
3811,12024,Mong-Koo Chung,"$3,900,000,000",Hyundai,Automotive,South Korea
3812,12024,Kenneth Dart,"$3,900,000,000",Investments,Finance & Investments,Belize
3813,12024,Giuseppe De'Longhi,"$3,900,000,000",Coffee makers,Fashion & Retail,Italy
3814,12024,Guenther Fielmann,"$3,900,000,000",Optometry,Healthcare,Germany
3815,12024,W. Herbert Hunt,"$3,900,000,000",Oil,Energy,United States
3816,12024,James Irsay,"$3,900,000,000",Indianapolis Colts,Sports,United States
3817,12024,Somurai Jaruphnit,"$3,900,000,000",Diversified,Diversified,Thailand
3818,12024,Marianne Liebmann,"$3,900,000,000",Cargill,Food & Beverage,United States
3819,12024,Jorge Moll Filho,"$3,900,000,000",Hospitals,Healthcare,Brazil
3820,12024,Fernando Roberto Moreira Salles,"$3,900,000,000","Banking, minerals",Diversified,Brazil
3821,12024,Pedro Moreira Salles,"$3,900,000,000","Banking, minerals",Diversified,Brazil
3822,12024,Gabe Newell,"$3,900,000,000",Videogames,Gambling & Casinos,United States
3823,12024,Alfred Oetker,"$3,900,000,000",Consumer goods,Fashion & Retail,Germany
3824,12024,Carl Ferdinand Oetker,"$3,900,000,000",Consumer goods,Fashion & Retail,Germany
3825,12024,Julia Oetker,"$3,900,000,000",Consumer goods,Fashion & Retail,Germany
3826,12024,Ruan Hongliang,"$3,900,000,000",Glass,Manufacturing,China
3827,12024,Mark Stevens,"$3,900,000,000",Venture capital,Finance & Investments,United States
3828,12024,Tsai Hong-tu,"$3,900,000,000",Finance,Finance & Investments,Taiwan
3829,12024,Nusli Wadia,"$3,900,000,000",Consumer goods,Food & Beverage,India
3830,12024,Wu Yiling,"$3,900,000,000",Pharmaceuticals,Healthcare,China
3831,12024,Yu Renrong,"$3,900,000,000",Semiconductors,Manufacturing,China
3832,12024,Zhu Baoguo,"$3,900,000,000",Pharmaceuticals,Healthcare,China
3881,12024,Rahul Bhatia,"$3,800,000,000",Aviation,Service,India
3882,12024,Francesco Gaetano Caltagirone,"$3,800,000,000","Cement, diversified",Construction & Engineering,Italy
3883,12024,Barry Diller,"$3,800,000,000",Online media,Media & Entertainment,United States
3884,12024,Wesley Edens,"$3,800,000,000",Investments,Finance & Investments,United States
3885,12024,Stephen Feinberg,"$3,800,000,000",Private equity,Finance & Investments,United States
3886,12024,Rakesh Gangwal,"$3,800,000,000",Airline,Service,United States
3887,12024,Joseph Grendys,"$3,800,000,000",Poultry processing,Food & Beverage,United States
3888,12024,Martha Ingram,"$3,800,000,000","Book distribution, transportation",Media & Entertainment,United States
3889,12024,Li Xiang,"$3,800,000,000",Electric vehicles,Automotive,China
3890,12024,"H. Ross Perot, Jr.","$3,800,000,000",Real estate,Real Estate,United States
3891,12024,Chandru Raheja,"$3,800,000,000",Real estate,Real Estate,India
3892,12024,Trevor Rees-Jones,"$3,800,000,000",Oil & gas,Energy,United States
3893,12024,Yasumitsu Shigeta,"$3,800,000,000",Mobile phone retailer,Telecom,Japan
3894,12024,Su Qingcan,"$3,800,000,000",Healthcare,Healthcare,China
3895,12024,Tsai Cheng-ta,"$3,800,000,000",Finance,Finance & Investments,Taiwan
3896,12024,Steven Udvar-Hazy,"$3,800,000,000",Aircraft leasing,Service,United States
3897,12024,Elizabeth Uihlein,"$3,800,000,000",Packaging materials,Manufacturing,United States
3898,12024,Richard Uihlein,"$3,800,000,000",Packaging materials,Manufacturing,United States
3947,12024,Hayes Barnard,"$3,700,000,000",Fintech,Finance & Investments,United States
3948,12024,William Berkley,"$3,700,000,000",Insurance,Finance & Investments,United States
3949,12024,Charles Cohen,"$3,700,000,000",Real estate,Real Estate,United States
3950,12024,Yakir Gabay,"$3,700,000,000",Real estate,Real Estate,Cyprus
3951,12024,Huang Li,"$3,700,000,000",Imaging systems,Technology,China
3952,12024,Brad Jacobs,"$3,700,000,000",Logistics,Logistics,United States
3953,12024,Ji Qi,"$3,700,000,000","Hotels, motels",Real Estate,China
3954,12024,Jason Jiang,"$3,700,000,000",Advertising,Media & Entertainment,Singapore
3955,12024,Jim Kavanaugh,"$3,700,000,000",IT provider,Technology,United States
3956,12024,Richard LeFrak,"$3,700,000,000",Real estate,Real Estate,United States
3957,12024,Mikhail Lomtadze,"$3,700,000,000",Fintech,Finance & Investments,Georgia
3958,12024,Tom Morris,"$3,700,000,000",Retail,Fashion & Retail,United Kingdom
3959,12024,Shigenobu Nagamori,"$3,700,000,000",Motors,Manufacturing,Japan
3960,12024,Daniel Och,"$3,700,000,000",Hedge funds,Finance & Investments,United States
3961,12024,Horst Paulmann,"$3,700,000,000",Retail,Fashion & Retail,Chile
3962,12024,Anthony Pritzker,"$3,700,000,000","Hotels, investments",Service,United States
3963,12024,John Sall,"$3,700,000,000",Software,Technology,United States
3964,12024,Howard Schultz,"$3,700,000,000",Starbucks,Food & Beverage,United States
3965,12024,Richard Schulze,"$3,700,000,000",Best Buy,Fashion & Retail,United States
3966,12024,Yitzhak Tshuva,"$3,700,000,000",Real estate,Real Estate,Israel
3967,12024,Wang Yanqing,"$3,700,000,000",Electrical equipment,Manufacturing,China
4010,12024,Rajiv Bajaj,"$3,600,000,000",Diversified,Diversified,India
4011,12024,Sanjiv Bajaj,"$3,600,000,000",Diversified,Diversified,India
4012,12024,Leonid Boguslavsky,"$3,600,000,000",Venture capital,Finance & Investments,Canada
4013,12024,Jim Coulter,"$3,600,000,000",Private equity,Finance & Investments,United States
4014,12024,Nicolas D'Ieteren,"$3,600,000,000","Auto parts, distribution",Automotive,Belgium
4015,12024,Beatriz Davila de Santo Domingo,"$3,600,000,000",Beer,Food & Beverage,Colombia
4016,12024,Bob Gaglardi,"$3,600,000,000",Hotels,Real Estate,Canada
4017,12024,Jaime Gilinski Bacal,"$3,600,000,000",Banking,Finance & Investments,Colombia
4018,12024,Pansy Ho,"$3,600,000,000",Casinos,Gambling & Casinos,Hong Kong
4019,12024,Alan Howard,"$3,600,000,000",Hedge funds,Finance & Investments,United Kingdom
4020,12024,Huang Yi,"$3,600,000,000",Car dealerships,Automotive,Hong Kong
4021,12024,Peter Kellogg,"$3,600,000,000",Investments,Finance & Investments,United States
4022,12024,Vyacheslav Kim,"$3,600,000,000",Fintech,Finance & Investments,Kazakhstan
4023,12024,Josh Kushner,"$3,600,000,000",Venture capital,Finance & Investments,United States
4024,12024,Samuel Tak Lee,"$3,600,000,000",Real estate,Real Estate,Hong Kong
4025,12024,Edwin Leong,"$3,600,000,000",Real estate,Real Estate,Hong Kong
4026,12024,"Stephen Mandel, Jr.","$3,600,000,000",Hedge funds,Finance & Investments,United States
4027,12024,Mohamed Mansour,"$3,600,000,000",Diversified,Diversified,Egypt
4028,12024,Masahiro Miki,"$3,600,000,000",Shoes,Fashion & Retail,Japan
4029,12024,Masahiro Noda,"$3,600,000,000",Software,Technology,Japan
4030,12024,Cliff Obrecht,"$3,600,000,000",Software,Technology,Australia
4031,12024,Melanie Perkins,"$3,600,000,000",Software,Technology,Australia
4032,12024,J.B. Pritzker,"$3,600,000,000","Hotels, investments",Finance & Investments,United States
4033,12024,Juan Roig,"$3,600,000,000",Supermarkets,Fashion & Retail,Spain
4034,12024,Jerry Speyer,"$3,600,000,000",Real estate,Real Estate,United States
4035,12024,Lawrence Stroll,"$3,600,000,000",Fashion investments,Fashion & Retail,Canada
4036,12024,Tung Chee Chen,"$3,600,000,000",Shipping,Logistics,Hong Kong
4037,12024,Wang Junlin,"$3,600,000,000",Liquor,Food & Beverage,China
4038,12024,Xia Zuoquan,"$3,600,000,000","Automobiles, batteries",Automotive,China
4039,12024,Zeng Fangqin,"$3,600,000,000",Smartphone components,Technology,Hong Kong
4040,12024,Zhang Jian,"$3,600,000,000","Electric bikes, scooters",Manufacturing,China
4088,12024,Rocco Basilico,"$3,500,000,000",Eyeglasses,Fashion & Retail,Italy
4089,12024,Maurizio Billi,"$3,500,000,000",Generic drugs,Healthcare,Brazil
4090,12024,Chen Fashu,"$3,500,000,000",Investments,Finance & Investments,China
4091,12024,Giuseppe Crippa,"$3,500,000,000",Microchip testing,Manufacturing,Italy
4092,12024,Daniel D'Aniello,"$3,500,000,000",Private equity,Finance & Investments,United States
4093,12024,Claudio Del Vecchio,"$3,500,000,000",Eyeglasses,Fashion & Retail,Italy
4094,12024,Clemente Del Vecchio,"$3,500,000,000",Eyeglases,Fashion & Retail,Italy
4095,12024,Leonardo Maria Del Vecchio,"$3,500,000,000",Eyeglasses,Fashion & Retail,Italy
4096,12024,Luca Del Vecchio,"$3,500,000,000",Eyeglasses,Fashion & Retail,Italy
4097,12024,Marisa Del Vecchio,"$3,500,000,000",Eyeglasses,Fashion & Retail,Italy
4098,12024,Paola Del Vecchio,"$3,500,000,000",Eyeglasses,Fashion & Retail,Italy
4099,12024,Walter P.J. Droege,"$3,500,000,000",Investing,Finance & Investments,Germany
4100,12024,Fan Daidi,"$3,500,000,000",Skincare,Fashion & Retail,China
4101,12024,Peter Gassner,"$3,500,000,000",Software,Technology,United States
4102,12024,Mikhail Gutseriev,"$3,500,000,000","Oil, coal, real estate",Energy,Russia
4103,12024,Patrick Lee,"$3,500,000,000",Paper,Manufacturing,Hong Kong
4104,12024,Leng Youbin,"$3,500,000,000",Infant formula,Food & Beverage,China
4105,12024,Daniel Loeb,"$3,500,000,000",Hedge funds,Finance & Investments,United States
4106,12024,Margarita Louis-Dreyfus,"$3,500,000,000",Commodities,Food & Beverage,Switzerland
4107,12024,Prasert Prasarttong-Osoth,"$3,500,000,000",Hospitals,Healthcare,Thailand
4108,12024,Ira Rennert,"$3,500,000,000",Investments,Finance & Investments,United States
4109,12024,Dirk Rossmann,"$3,500,000,000",Drugstores,Fashion & Retail,Germany
4110,12024,Arkady Rotenberg,"$3,500,000,000","Construction, pipes, banking",Construction & Engineering,Russia
4111,12024,Remo Ruffini,"$3,500,000,000",Winter jackets,Fashion & Retail,Italy
4112,12024,Karin Sartorius-Herbst,"$3,500,000,000",Biopharmaceuticals,Healthcare,Germany
4113,12024,Vivek Chaand Sehgal,"$3,500,000,000",Auto parts,Automotive,Australia
4114,12024,Scott Shleifer,"$3,500,000,000",Private equity,Finance & Investments,United States
4115,12024,Thomas Siebel,"$3,500,000,000",Business software,Technology,United States
4116,12024,Wim van der Leegte,"$3,500,000,000",Manufacturing,Manufacturing,Netherlands
4117,12024,Xiao Yongming,"$3,500,000,000",Fertilizer,Diversified,China
4118,12024,Michael Xie,"$3,500,000,000",Cybersecurity,Technology,United States
4119,12024,Yang Shaopeng,"$3,500,000,000",Shipping,Logistics,China
4120,12024,Nicoletta Zampillo,"$3,500,000,000",Eyeglasses,Fashion & Retail,Italy
4121,12024,Barry Zekelman,"$3,500,000,000",Steel,Manufacturing,Canada
4167,12024,William Ackman,"$3,400,000,000",Hedge funds,Finance & Investments,United States
4168,12024,Somphote Ahunai,"$3,400,000,000",Renewable energy,Energy,Thailand
4169,12024,Igor Altushkin,"$3,400,000,000",Metals,Metals & Mining,Russia
4170,12024,Ramon Ang,"$3,400,000,000",Diversified,Food & Beverage,Philippines
4171,12024,Acharya Balkrishna,"$3,400,000,000",Consumer goods,Food & Beverage,India
4172,12024,Markus Blocher,"$3,400,000,000",Chemicals,Manufacturing,Switzerland
4173,12024,Richard Branson,"$3,400,000,000",Virgin,Diversified,United Kingdom
4174,12024,Cho Jung-ho,"$3,400,000,000",Finance,Finance & Investments,South Korea
4175,12024,Alessandra Garavoglia,"$3,400,000,000",Spirits,Food & Beverage,Italy
4176,12024,Laurence Graff,"$3,400,000,000",Diamond jewelry,Fashion & Retail,United Kingdom
4177,12024,"Amos Hostetter, Jr.","$3,400,000,000",Cable television,Media & Entertainment,United States
4178,12024,Robert Johnson,"$3,400,000,000","Johnson & Johnson, sports",Sports,United States
4179,12024,Steven Klinsky,"$3,400,000,000",Investments,Finance & Investments,United States
4180,12024,William Lauder,"$3,400,000,000",Estee Lauder,Fashion & Retail,United States
4181,12024,John Middleton,"$3,400,000,000",Tobacco,Food & Beverage,United States
4182,12024,Hiroshi Mikitani,"$3,400,000,000",Online retail,Fashion & Retail,Japan
4183,12024,Bob Parsons,"$3,400,000,000",Web hosting,Technology,United States
4184,12024,J. Joe Ricketts,"$3,400,000,000",TD Ameritrade,Finance & Investments,United States
4185,12024,Herb Simon,"$3,400,000,000",Real estate,Real Estate,United States
4186,12024,Leena Tewari,"$3,400,000,000",Pharmaceuticals,Healthcare,India
4187,12024,Stefan von Holtzbrinck,"$3,400,000,000",Publishing,Media & Entertainment,Germany
4188,12024,Hans Peter Wild,"$3,400,000,000",Flavorings,Food & Beverage,Switzerland
4189,12024,Wu Guanjiang,"$3,400,000,000",Pharmaceuticals,Healthcare,China
4190,12024,Yi Zheng,"$3,400,000,000",Software,Technology,China
4191,12024,Eric Yuan,"$3,400,000,000",Zoom Video Communications,Technology,United States
4192,12024,Charles Zegar,"$3,400,000,000",Bloomberg LP,Media & Entertainment,United States
4249,12024,Sofie Kirk Kristiansen,"$3,300,000,000",Lego,Manufacturing,Denmark
4250,12024,Thomas Kirk Kristiansen,"$3,300,000,000",Lego,Manufacturing,Denmark
4251,12024,Mohed Altrad,"$3,300,000,000","Scaffolding, cement mixers",Construction & Engineering,France
4252,12024,John Arnold,"$3,300,000,000",Hedge funds,Finance & Investments,United States
4253,12024,Bill Austin,"$3,300,000,000",Hearing aids,Manufacturing,United States
4254,12024,Chen Shibin,"$3,300,000,000",Quartz products,Manufacturing,China
4255,12024,Bennett Dorrance,"$3,300,000,000",Campbell Soup,Food & Beverage,United States
4256,12024,Walter Faria,"$3,300,000,000",Beer,Food & Beverage,Brazil
4257,12024,Walter Frey,"$3,300,000,000",Car dealerships,Automotive,Switzerland
4258,12024,Fu Liquan,"$3,300,000,000",Surveillance equipment,Technology,China
4259,12024,John Gandel,"$3,300,000,000",Shopping malls,Real Estate,Australia
4260,12024,Peter Gilgan,"$3,300,000,000",Homebuilding,Construction & Engineering,Canada
4261,12024,Kwek Leng Beng,"$3,300,000,000",Diversified,Diversified,Singapore
4262,12024,Pablo Legorreta,"$3,300,000,000",Investments,Finance & Investments,United States
4263,12024,Arnon Milchan,"$3,300,000,000",Movie making,Media & Entertainment,Israel
4264,12024,Akio Nitori,"$3,300,000,000",Home furnishings,Fashion & Retail,Japan
4265,12024,Julio Ponce Lerou,"$3,300,000,000",Fertilizer,Metals & Mining,Chile
4266,12024,Rodger Riney,"$3,300,000,000",Discount brokerage,Finance & Investments,United States
4267,12024,Phil Ruffin,"$3,300,000,000","Casinos, real estate",Diversified,United States
4268,12024,Naguib Sawiris,"$3,300,000,000",Telecom,Telecom,Egypt
4269,12024,Shen Neil,"$3,300,000,000",Venture capital,Finance & Investments,Hong Kong
4270,12024,Gil Shwed,"$3,300,000,000",Software,Technology,Israel
4271,12024,Stephen Smith,"$3,300,000,000",Finance and investments,Finance & Investments,Canada
4272,12024,Nik Storonsky,"$3,300,000,000",Fintech,Finance & Investments,United Kingdom
4273,12024,Jeffrey Talpins,"$3,300,000,000",Hedge fund,Finance & Investments,United States
4274,12024,Carl Thoma,"$3,300,000,000",Investments,Finance & Investments,United States
4275,12024,Todd Wanek,"$3,300,000,000",Furniture,Manufacturing,United States
4276,12024,Xue Hua,"$3,300,000,000",Agribusiness,Manufacturing,China
4277,12024,Takao Yasuda,"$3,300,000,000",Retail,Fashion & Retail,Japan
4325,12024,Karen Virginia Beckmann Legoretta,"$3,200,000,000",Tequila,Food & Beverage,Mexico
4326,12024,Giuliana Benetton,"$3,200,000,000","Fashion retail, investments",Fashion & Retail,Italy
4327,12024,Luciano Benetton,"$3,200,000,000","Fashion retail, investments",Fashion & Retail,Italy
4328,12024,Arun Bharat Ram,"$3,200,000,000",Chemicals,Manufacturing,India
4329,12024,Ron Burkle,"$3,200,000,000","Supermarkets, investments",Finance & Investments,United States
4330,12024,Chen Kaixuan,"$3,200,000,000",Household chemicals,Manufacturing,China
4331,12024,Brunello Cucinelli,"$3,200,000,000",Fashion,Fashion & Retail,Italy
4332,12024,Antonio Del Valle Ruiz,"$3,200,000,000",Chemicals,Manufacturing,Mexico
4333,12024,Gustavo Denegri,"$3,200,000,000",Biotech,Healthcare,Italy
4334,12024,Dong Jinggui,"$3,200,000,000",Electric scooters,Automotive,China
4335,12024,Charles Ergen,"$3,200,000,000",Satellite TV,Media & Entertainment,United States
4336,12024,David Filo,"$3,200,000,000",Yahoo,Technology,United States
4337,12024,Lindsay Fox,"$3,200,000,000","Logistics, real estate",Logistics,Australia
4338,12024,Sergei Galitsky,"$3,200,000,000",Retail,Fashion & Retail,Russia
4339,12024,Senapathy Gopalakrishnan,"$3,200,000,000",Software services,Technology,India
4340,12024,Luciano Hang,"$3,200,000,000",Department stores,Fashion & Retail,Brazil
4341,12024,Michael Hintze,"$3,200,000,000",Investment,Finance & Investments,Australia
4342,12024,Hu Baifan,"$3,200,000,000",Pharmaceuticals,Healthcare,China
4343,12024,Hamilton James,"$3,200,000,000",Investments,Finance & Investments,United States
4344,12024,Lee Boo-jin,"$3,200,000,000",Samsung,Technology,South Korea
4345,12024,Li Liangbin,"$3,200,000,000",Lithium,Manufacturing,China
4346,12024,Liang Feng,"$3,200,000,000",Manufacturing,Manufacturing,China
4347,12024,Samir Mehta,"$3,200,000,000","Pharmaceuticals, power",Healthcare,India
4348,12024,Sudhir Mehta,"$3,200,000,000","Pharmaceuticals, power",Healthcare,India
4349,12024,Aristotelis Mistakidis,"$3,200,000,000","Mining, commodities",Metals & Mining,Greece
4351,12024,Roger Penske,"$3,200,000,000",Cars,Automotive,United States
4352,12024,Ravi Pillai,"$3,200,000,000",Construction,Construction & Engineering,India
4353,12024,David Rubenstein,"$3,200,000,000",Private equity,Finance & Investments,United States
4354,12024,Hilton Schlosberg,"$3,200,000,000",Energy drinks,Food & Beverage,United Kingdom
4355,12024,Klaus-Peter Schulenberg,"$3,200,000,000",Ticketing service,Service,Germany
4356,12024,Lynn Schusterman,"$3,200,000,000","Oil & gas, investments",Energy,United States
4357,12024,Isabella Seràgnoli,"$3,200,000,000",Packaging,Manufacturing,Italy
4358,12024,Shen Guojun,"$3,200,000,000",Retail,Fashion & Retail,China
4359,12024,Warren Stephens,"$3,200,000,000",Investment banking,Finance & Investments,United States
4360,12024,Pat Stryker,"$3,200,000,000",Medical equipment,Healthcare,United States
4361,12024,Roman Trotsenko,"$3,200,000,000","Transport, engineering, real estate",Logistics,Russia
4362,12024,Harald Tschira,"$3,200,000,000",Software,Technology,Germany
4363,12024,Udo Tschira,"$3,200,000,000",Software,Technology,Germany
4364,12024,Vincent Viola,"$3,200,000,000",Electronic trading,Finance & Investments,United States
4365,12024,Wu Shaoxun,"$3,200,000,000",Wine,Food & Beverage,China
4366,12024,Steve Wynn,"$3,200,000,000","Casinos, hotels",Gambling & Casinos,United States
4367,12024,Jon Yarbrough,"$3,200,000,000",Video games,Gambling & Casinos,United States
4368,12024,Zhou Bajin,"$3,200,000,000",Auto parts,Manufacturing,China
4410,12024,Cho Tak Wong,"$3,100,000,000",Auto parts,Manufacturing,Hong Kong
4411,12024,John Coates,"$3,100,000,000",Online gambling,Gambling & Casinos,United Kingdom
4412,12024,Ryan Cohen,"$3,100,000,000",Investments,Finance & Investments,Canada
4413,12024,Deng Wen,"$3,100,000,000",Flavorings,Food & Beverage,China
4414,12024,Gurbachan Singh Dhingra,"$3,100,000,000",Paints,Manufacturing,India
4415,12024,Kuldip Singh Dhingra,"$3,100,000,000",Paints,Manufacturing,India
4416,12024,Martin Ebner,"$3,100,000,000",Investments,Finance & Investments,Switzerland
4417,12024,Charles Edelstenne,"$3,100,000,000",Aviation,Manufacturing,France
4418,12024,Sergei Gordeev,"$3,100,000,000",Real estate,Real Estate,Russia
4419,12024,Jeff T. Green,"$3,100,000,000",Digital advertising,Media & Entertainment,United States
4420,12024,Reed Hastings,"$3,100,000,000",Netflix,Technology,United States
4421,12024,Bertil Hult,"$3,100,000,000",Education,Service,Sweden
4422,12024,Miguel Krigsner,"$3,100,000,000",Cosmetics,Fashion & Retail,Brazil
4423,12024,Kuok Khoon Hong,"$3,100,000,000",Palm oil,Manufacturing,Singapore
4424,12024,Aerin Lauder,"$3,100,000,000",Estee Lauder,Fashion & Retail,United States
4425,12024,Sheldon Lavin,"$3,100,000,000",Meat processing,Food & Beverage,United States
4426,12024,Yin Yee Lee,"$3,100,000,000",Glass,Manufacturing,China
4427,12024,Vladimir Litvinenko,"$3,100,000,000",Chemical industry,Manufacturing,Russia
4428,12024,Daniel Mate,"$3,100,000,000","Mining, commodities",Metals & Mining,Spain
4429,12024,Ravi Modi,"$3,100,000,000",Readymade garments,Fashion & Retail,India
4430,12024,Farhad Moshiri,"$3,100,000,000",Diversified,Diversified,United Kingdom
4431,12024,Jonathan Nelson,"$3,100,000,000",Private equity,Finance & Investments,United States
4432,12024,Or Wai Sheun,"$3,100,000,000",Real estate,Real Estate,Hong Kong
4433,12024,Katharina Otto-Bernstein,"$3,100,000,000",Real estate,Real Estate,Germany
4434,12024,Sergei Popov,"$3,100,000,000",Banking,Finance & Investments,Russia
4435,12024,Penny Pritzker,"$3,100,000,000","Hotels, investments",Finance & Investments,United States
4436,12024,Theodore Rachmat,"$3,100,000,000",Diversified,Diversified,Indonesia
4437,12024,Renzo Rosso,"$3,100,000,000",Fashion,Fashion & Retail,Italy
4438,12024,Friede Springer,"$3,100,000,000",Publishing,Media & Entertainment,Germany
4439,12024,Rita Tong Liu,"$3,100,000,000",Real estate,Real Estate,Hong Kong
4440,12024,Timur Turlov,"$3,100,000,000",Stock brokerage,Finance & Investments,Kazakhstan
4441,12024,Frank VanderSloot,"$3,100,000,000","Nutrition, wellness products",Fashion & Retail,United States
4442,12024,Yoo Jung-hyun,"$3,100,000,000",Online games,Media & Entertainment,South Korea
4504,12024,Abdulla bin Ahmad Al Ghurair,"$3,000,000,000",Diversified,Diversified,United Arab Emirates
4505,12024,Semahat Sevim Arsel,"$3,000,000,000",Diversified,Diversified,Turkey
4506,12024,Nicolas Berggruen,"$3,000,000,000","Real estate, investments",Real Estate,United States
4507,12024,George Bishop,"$3,000,000,000",Oil & gas,Energy,United States
4508,12024,Norman Braman,"$3,000,000,000","Art, car dealerships",Automotive,United States
4509,12024,Eva Maria Bucher-Haefner,"$3,000,000,000","Software, investments",Technology,Switzerland
4510,12024,Cai Dongchen,"$3,000,000,000",Pharmaceuticals,Healthcare,China
4511,12024,Jean-Pierre Cayard,"$3,000,000,000",Spirits,Food & Beverage,France
4512,12024,Chan Tan Ching-fen,"$3,000,000,000",Real estate,Real Estate,Hong Kong
4513,12024,Todd Christopher,"$3,000,000,000",Hair care products,Fashion & Retail,United States
4514,12024,Chu Mang Yee,"$3,000,000,000",Real estate,Real Estate,China
4515,12024,"William Conway, Jr.","$3,000,000,000",Private equity,Finance & Investments,United States
4516,12024,Jean Coutu,"$3,000,000,000",Drugstores,Fashion & Retail,Canada
4517,12024,Catheline Perier D'Ieteren,"$3,000,000,000","Auto parts, distribution",Automotive,Belgium
4518,12024,"Edward DeBartolo, Jr.","$3,000,000,000",Shopping centers,Real Estate,United States
4519,12024,Stephen Deckoff,"$3,000,000,000",Private equity,Finance & Investments,United States
4520,12024,Feng Hailiang,"$3,000,000,000","Copper, education",Metals & Mining,China
4521,12024,"Ernest Garcia, II.","$3,000,000,000",Used cars,Automotive,United States
4522,12024,Sam Goi,"$3,000,000,000",Frozen foods,Food & Beverage,Singapore
4523,12024,Carlos Hank Rhon,"$3,000,000,000",Banking,Diversified,Mexico
4524,12024,Susan Carol Holland,"$3,000,000,000",Hearing aids,Manufacturing,Italy
4525,12024,Hui Ka Yan,"$3,000,000,000",Real estate,Real Estate,China
4526,12024,Vivek Jain,"$3,000,000,000",Chemicals,Manufacturing,India
4527,12024,Friedrich Knapp,"$3,000,000,000",Fashion retail,Fashion & Retail,Germany
4528,12024,Egor Kulkov,"$3,000,000,000",Pharmaceuticals,Healthcare,Russia
4529,12024,Lin Ming-hsiung,"$3,000,000,000",Supermarkets,Fashion & Retail,Taiwan
4530,12024,Lin Xiucheng,"$3,000,000,000",Electronics,Technology,China
4531,12024,Harsh Mariwala,"$3,000,000,000",Consumer goods,Food & Beverage,India
4532,12024,Gilles Martin,"$3,000,000,000",Laboratory services,Healthcare,France
4533,12024,Maja Oeri,"$3,000,000,000",Pharmaceuticals,Healthcare,Switzerland
4534,12024,John Paulson,"$3,000,000,000",Hedge funds,Finance & Investments,United States
4535,12024,Ajay Piramal,"$3,000,000,000",Pharmaceuticals,Healthcare,India
4536,12024,Qiu Guanghe,"$3,000,000,000",Fashion retail,Fashion & Retail,China
4537,12024,Stephen Rubin,"$3,000,000,000",Sports apparel,Fashion & Retail,United Kingdom
4538,12024,Robert Sands,"$3,000,000,000",Liquor,Food & Beverage,United States
4539,12024,Erik Selin,"$3,000,000,000",Real estate,Real Estate,Sweden
4540,12024,Shi Yonghong,"$3,000,000,000",Restaurants,Food & Beverage,China
4541,12024,Martua Sitorus,"$3,000,000,000",Palm oil,Manufacturing,Indonesia
4542,12024,Sun Guangxin,"$3,000,000,000",Diversified,Diversified,China
4543,12024,Sukanto Tanoto,"$3,000,000,000",Diversified,Diversified,Indonesia
4544,12024,Sunny Varkey,"$3,000,000,000",Education,Service,India
4545,12024,Gang Ye,"$3,000,000,000",Gaming,Media & Entertainment,Singapore
4546,12024,Ye Xiaoping,"$3,000,000,000",Pharmaceuticals,Healthcare,China
4547,12024,Zhang Lei,"$3,000,000,000",Investments,Finance & Investments,China
4548,12024,Zhu Gongshan,"$3,000,000,000",Solar panel materials,Manufacturing,China
4594,12024,Isak Andic,"$2,900,000,000",Fashion retail,Fashion & Retail,Spain
4595,12024,Alberto Bombassei,"$2,900,000,000",Automotive brakes,Automotive,Italy
4596,12024,Cao Longxiang,"$2,900,000,000",Pharmaceuticals,Healthcare,China
4597,12024,"Roy Carroll, II.","$2,900,000,000",Real estate,Real Estate,United States
4598,12024,John Caudwell,"$2,900,000,000",Mobile phones,Telecom,United Kingdom
4599,12024,James Clark,"$2,900,000,000","Netscape, investments",Technology,United States
4600,12024,Jacques D'Amours,"$2,900,000,000",Convenience stores,Fashion & Retail,Canada
4601,12024,John Paul DeJoria,"$2,900,000,000","Hair products, tequila",Fashion & Retail,United States
4602,12024,Bernard Ecclestone,"$2,900,000,000",Formula One,Sports,United Kingdom
4603,12024,Michael Federmann,"$2,900,000,000","Defense, hotels",Technology,Israel
4604,12024,Kenneth Feld,"$2,900,000,000",Live entertainment,Media & Entertainment,United States
4605,12024,Gu Yuhua,"$2,900,000,000",Furniture,Manufacturing,China
4606,12024,Otto Happel,"$2,900,000,000",Engineering,Construction & Engineering,Germany
4607,12024,Gudrun Heine,"$2,900,000,000",Medical devices,Healthcare,Germany
4608,12024,Donald Horton,"$2,900,000,000",Homebuilding,Real Estate,United States
4609,12024,Zarakh Iliev,"$2,900,000,000",Real estate,Real Estate,Russia
4610,12024,Ipek Kirac,"$2,900,000,000",Diversified,Diversified,Turkey
4611,12024,Lee Seo-hyun,"$2,900,000,000",Samsung,Technology,South Korea
4612,12024,Li Jianquan,"$2,900,000,000",Consumer products,Healthcare,Hong Kong
4613,12024,Li Li,"$2,900,000,000",Healthcare,Healthcare,China
4614,12024,Li Xiaohua,"$2,900,000,000",Packaging,Manufacturing,China
4615,12024,Liu Xiaodong,"$2,900,000,000",Flavorings,Manufacturing,China
4616,12024,Martin Lorentzon,"$2,900,000,000",Spotify,Technology,Sweden
4617,12024,Ronald McAulay,"$2,900,000,000",Energy,Energy,Hong Kong
4618,12024,Erwin Franz Mueller,"$2,900,000,000",Drugstores,Fashion & Retail,Germany
4619,12024,Georg Nemetschek,"$2,900,000,000",Software,Technology,Germany
4620,12024,God Nisanov,"$2,900,000,000",Real estate,Real Estate,Russia
4621,12024,Vikas Oberoi,"$2,900,000,000",Real estate,Real Estate,India
4622,12024,Gregorio Perez Companc,"$2,900,000,000",Oil & gas,Energy,Argentina
4623,12024,Sebastian Piñera,"$2,900,000,000",Investments,Finance & Investments,Chile
4624,12024,Arvind Poddar,"$2,900,000,000",Tires,Automotive,India
4625,12024,Alexey Repik,"$2,900,000,000",Pharmaceuticals,Healthcare,Russia
4626,12024,Haim Saban,"$2,900,000,000","TV network, investments",Media & Entertainment,United States
4627,12024,Rodney Sacks,"$2,900,000,000",Energy drinks,Food & Beverage,United States
4628,12024,Karthik Sarma,"$2,900,000,000",Hedge fund,Finance & Investments,India
4629,12024,Sybill Storz,"$2,900,000,000",Medical devices,Healthcare,Germany
4630,12024,Daniel Sundheim,"$2,900,000,000",Hedge funds,Finance & Investments,United States
4631,12024,"William Wrigley, Jr.","$2,900,000,000",Chewing gum,Food & Beverage,United States
4632,12024,Zhang Wenzhong,"$2,900,000,000",Supermarkets,Fashion & Retail,China
4633,12024,Zhou Jianping,"$2,900,000,000",Fashion retail,Fashion & Retail,China
4693,12024,Joy Alukkas,"$2,800,000,000",Jewelry,Fashion & Retail,India
4694,12024,An Kang,"$2,800,000,000",Pharmaceuticals,Healthcare,China
4695,12024,Garrett Camp,"$2,800,000,000",Uber,Technology,Canada
4696,12024,Chen Lip Keong,"$2,800,000,000","Casinos, property, energy",Gambling & Casinos,Malaysia
4697,12024,Choo Chong Ngen,"$2,800,000,000",Hotels,Real Estate,Singapore
4698,12024,Euisun Chung,"$2,800,000,000",Hyundai,Automotive,South Korea
4699,12024,Smita Crishna-Godrej,"$2,800,000,000",Consumer goods,Diversified,India
4700,12024,Eleanor Butt Crook,"$2,800,000,000",Supermarkets,Fashion & Retail,United States
4701,12024,Du Jiangtao,"$2,800,000,000",Chemicals,Manufacturing,China
4702,12024,Lorenzo Fertitta,"$2,800,000,000","Casinos, mixed martial arts",Sports,United States
4703,12024,Sebastian Glaser,"$2,800,000,000",Sensor technology,Technology,Germany
4704,12024,Adi Godrej,"$2,800,000,000",Consumer goods,Diversified,India
4705,12024,Jamshyd Godrej,"$2,800,000,000",Diversified,Diversified,India
4706,12024,Lee Yeow Chor,"$2,800,000,000","Palm oil, property",Real Estate,Malaysia
4707,12024,Li Weiguo,"$2,800,000,000",Construction materials,Manufacturing,China
4708,12024,Dmitry Mazepin,"$2,800,000,000",Chemicals,Manufacturing,Russia
4709,12024,"Drayton McLane, Jr.","$2,800,000,000","Walmart, logistics",Fashion & Retail,United States
4710,12024,Najib Mikati,"$2,800,000,000",Telecom,Telecom,Lebanon
4711,12024,Taha Mikati,"$2,800,000,000",Telecom,Telecom,Lebanon
4712,12024,Akira Mori,"$2,800,000,000",Real estate,Real Estate,Japan
4713,12024,Rishad Naoroji,"$2,800,000,000",Consumer goods,Diversified,India
4714,12024,Philip Niarchos,"$2,800,000,000",Art collection,Diversified,Greece
4715,12024,Nandan Nilekani,"$2,800,000,000",Software services,Technology,India
4716,12024,Benjamin Otto,"$2,800,000,000",Retail,Fashion & Retail,Germany
4717,12024,Maren Otto,"$2,800,000,000","Retail, real estate",Diversified,Germany
4718,12024,Ranjan Pai,"$2,800,000,000",Education,Service,India
4719,12024,Madhukar Parekh,"$2,800,000,000",Adhesives,Manufacturing,India
4720,12024,Sean Parker,"$2,800,000,000",Facebook,Technology,United States
4721,12024,Stewart Rahr,"$2,800,000,000",Drug distribution,Healthcare,United States
4722,12024,Su Hua,"$2,800,000,000",Video streaming,Media & Entertainment,China
4723,12024,Sun Shoukuan,"$2,800,000,000","Metals, coal",Manufacturing,China
4724,12024,Tseng Cheng,"$2,800,000,000",Petrochemicals,Manufacturing,Taiwan
4725,12024,Tung Chee Hwa,"$2,800,000,000",Shipping,Logistics,Hong Kong
4726,12024,Meg Whitman,"$2,800,000,000",EBay,Technology,United States
4727,12024,Wong Luen Hei,"$2,800,000,000",Building materials,Manufacturing,China
4728,12024,Ye Chenghai,"$2,800,000,000",Pharmaceuticals,Healthcare,Hong Kong
4729,12024,Zhu Xingming,"$2,800,000,000",Electrical equipment,Manufacturing,China
4805,12024,Jose Joao Abdalla Filho,"$2,700,000,000",Investments,Finance & Investments,Brazil
4806,12024,Juan Abello,"$2,700,000,000",Investments,Finance & Investments,Spain
4807,12024,Suhail Bahwan,"$2,700,000,000",Diversified,Diversified,Oman
4808,12024,Madhur Bajaj,"$2,700,000,000",Diversified,Diversified,India
4809,12024,Niraj Bajaj,"$2,700,000,000",Diversified,Diversified,India
4810,12024,Shekhar Bajaj,"$2,700,000,000",Diversified,Diversified,India
4811,12024,Harindarpal Banga,"$2,700,000,000",Commodities,Finance & Investments,India
4812,12024,Ulrike Baro,"$2,700,000,000",Biopharmaceuticals,Healthcare,Germany
4813,12024,Anne Beaufour,"$2,700,000,000",Pharmaceuticals,Healthcare,France
4814,12024,Henri Beaufour,"$2,700,000,000",Pharmaceuticals,Healthcare,France
4815,12024,Andrei Bokarev,"$2,700,000,000","Metals, mining",Manufacturing,Russia
4816,12024,Jack Cowin,"$2,700,000,000",Fast food,Food & Beverage,Australia
4817,12024,Glenn Dubin,"$2,700,000,000",Hedge funds,Finance & Investments,United States
4818,12024,N. Murray Edwards,"$2,700,000,000",Oil & gas,Energy,Canada
4819,12024,"Frank Fertitta, III.","$2,700,000,000","Casinos, mixed martial arts",Sports,United States
4820,12024,Abhay Firodia,"$2,700,000,000",Automobiles,Automotive,India
4821,12024,Bruce Flatt,"$2,700,000,000",Money management,Finance & Investments,Canada
4822,12024,Miguel Fluxa Rossello,"$2,700,000,000",Hotels,Service,Spain
4823,12024,Robert Friedland,"$2,700,000,000",Mining,Metals & Mining,United States
4824,12024,Alexander Frolov,"$2,700,000,000","Mining, steel",Metals & Mining,Russia
4825,12024,Nadir Godrej,"$2,700,000,000",Consumer goods,Diversified,India
4826,12024,Maggie Hardy,"$2,700,000,000",Building materials,Service,United States
4827,12024,Nithin Kamath,"$2,700,000,000",Financial services,Finance & Investments,India
4828,12024,Samvel Karapetyan,"$2,700,000,000",Real estate,Construction & Engineering,Russia
4829,12024,Kei Hoi Pang,"$2,700,000,000",Real estate,Real Estate,China
4830,12024,Mustafa Rahmi Koc,"$2,700,000,000",Diversified,Diversified,Turkey
4831,12024,Yuri Kovalchuk,"$2,700,000,000","Banking, insurance, media",Finance & Investments,Russia
4832,12024,Geoffrey Kwok,"$2,700,000,000",Real estate,Real Estate,Hong Kong
4833,12024,Jonathan Kwok,"$2,700,000,000",Real Estate,Real Estate,Hong Kong
4834,12024,Hans Langer,"$2,700,000,000",3D printing,Manufacturing,Germany
4835,12024,Frank Laukien,"$2,700,000,000",Scientific equipment,Manufacturing,United States
4836,12024,Maritsa Lazari,"$2,700,000,000",Real estate,Real Estate,United Kingdom
4837,12024,Angela Leong,"$2,700,000,000",Casinos,Real Estate,Hong Kong
4838,12024,Li Zhongchu,"$2,700,000,000",Software,Technology,China
4839,12024,Liang Yunchao,"$2,700,000,000",Nutritional supplements,Food & Beverage,China
4840,12024,Vincent McMahon,"$2,700,000,000",Entertainment,Sports,United States
4841,12024,Patrice Motsepe,"$2,700,000,000",Mining,Metals & Mining,South Africa
4842,12024,Denis O'Brien,"$2,700,000,000",Telecom,Telecom,Ireland
4843,12024,Timm Oberwelland,"$2,700,000,000",Candy,Food & Beverage,Germany
4844,12024,Dan Olsson,"$2,700,000,000",Diversified,Diversified,Sweden
4845,12024,Yuji Otsuka,"$2,700,000,000","Copy machines, software",Technology,Japan
4846,12024,Pan Dong,"$2,700,000,000",Consumer goods,Fashion & Retail,Canada
4847,12024,Karsanbhai Patel,"$2,700,000,000",Consumer goods,Diversified,India
4848,12024,Richard Peery,"$2,700,000,000",Real estate,Real Estate,United States
4849,12024,Gianfelice Rocca,"$2,700,000,000",Pipe Manufacturing,Metals & Mining,Italy
4850,12024,Paolo Rocca,"$2,700,000,000",Pipe Manufacturing,Metals & Mining,Italy
4851,12024,Wayne Rothbaum,"$2,700,000,000",Biotech investing,Healthcare,United States
4852,12024,Jeff Rothschild,"$2,700,000,000",Facebook,Technology,United States
4853,12024,Raj Sardana,"$2,700,000,000",Technology services,Technology,United States
4854,12024,Christiane Schoeller,"$2,700,000,000",Publishing,Media & Entertainment,Germany
4855,12024,Salil Singhal,"$2,700,000,000",Agrochemicals,Manufacturing,India
4856,12024,Alexander Skorobogatko,"$2,700,000,000","Real estate, airport",Logistics,Russia
4857,12024,Evan Spiegel,"$2,700,000,000",Snapchat,Technology,United States
4858,12024,Glen Taylor,"$2,700,000,000",Printing,Service,United States
4859,12024,Thomas Tull,"$2,700,000,000","Movies, investments",Media & Entertainment,United States
4860,12024,Bulat Utemuratov,"$2,700,000,000","Mining, banking, hotels",Metals & Mining,Kazakhstan
4861,12024,Gustav Magnar Witzoe,"$2,700,000,000",Fish farming,Food & Beverage,Norway
4862,12024,Wong Man Li,"$2,700,000,000",Furniture,Manufacturing,Hong Kong
4863,12024,Wu Guangming,"$2,700,000,000",Medical equipment,Healthcare,China
4864,12024,Zhu Yi,"$2,700,000,000",Pharmaceuticals,Healthcare,China
4865,12024,Carlos Lehder,"$2,700,000,000","drug lord, drug-trafficing",Organized Crime,United States
4929,12024,Ben Ashkenazy,"$2,600,000,000",Real estate,Real Estate,United States
4930,12024,Felix Baker,"$2,600,000,000",Biotech investing,Finance & Investments,United States
4931,12024,Julian Baker,"$2,600,000,000",Investing,Finance & Investments,United States
4932,12024,David Baszucki,"$2,600,000,000",Online games,Media & Entertainment,United States
4933,12024,Joesley Batista,"$2,600,000,000",Beef processing,Food & Beverage,Brazil
4934,12024,Wesley Batista,"$2,600,000,000",Beef packing,Food & Beverage,Brazil
4935,12024,Yvonne Bauer,"$2,600,000,000","Magazines, media",Media & Entertainment,Germany
4936,12024,Miriam Baumann-Blocher,"$2,600,000,000",Chemicals,Manufacturing,Switzerland
4937,12024,Cen Junda,"$2,600,000,000",Pharmaceuticals,Healthcare,China
4938,12024,Richard Chandler,"$2,600,000,000",Investments,Finance & Investments,New Zealand
4939,12024,Chen Zhiping,"$2,600,000,000",E-cigarettes,Manufacturing,China
4940,12024,Fernando Chico Pardo,"$2,600,000,000",Airport management,Service,Mexico
4941,12024,Ray Davis,"$2,600,000,000",Pipelines,Energy,United States
4942,12024,Maria Del Pino,"$2,600,000,000",Construction,Construction & Engineering,Spain
4943,12024,Deng Weiming,"$2,600,000,000",Battery components,Manufacturing,China
4944,12024,"John Dorrance, III.","$2,600,000,000",Campbell Soup,Food & Beverage,Ireland
4945,12024,Carl Douglas,"$2,600,000,000",Investments,Diversified,Sweden
4946,12024,Eric Douglas,"$2,600,000,000",Investments,Diversified,Sweden
4947,12024,Fiona Geminder,"$2,600,000,000",Manufacturing,Manufacturing,Australia
4948,12024,Stewart Horejsi,"$2,600,000,000",Berkshire Hathaway,Finance & Investments,United States
4949,12024,Hou Juncheng,"$2,600,000,000",Cosmetics,Healthcare,China
4950,12024,Huang Zhenda,"$2,600,000,000",Construction,Construction & Engineering,China
4951,12024,Dmitry Kamenshchik,"$2,600,000,000",Airport,Service,Russia
4952,12024,Alicia Koplowitz,"$2,600,000,000","Construction, investments",Finance & Investments,Spain
4953,12024,Adam Kwok,"$2,600,000,000",Real estate,Real Estate,Hong Kong
4954,12024,Henry Laufer,"$2,600,000,000",Hedge funds,Finance & Investments,United States
4955,12024,Louis Le Duff,"$2,600,000,000",Bakeries,Food & Beverage,France
4956,12024,Mark Leonard,"$2,600,000,000",Software,Technology,Canada
4957,12024,Li Guoqiang,"$2,600,000,000",Auto dealerships,Automotive,China
4958,12024,Li Yongxin,"$2,600,000,000",Education,Service,China
4959,12024,Peter Lim,"$2,600,000,000",Investments,Finance & Investments,Singapore
4960,12024,Lu Weiding,"$2,600,000,000",Diversified,Diversified,China
4961,12024,Sergio Mantegazza,"$2,600,000,000",Travel,Service,Switzerland
4962,12024,Hans Melchers,"$2,600,000,000","Chemicals, investments",Finance & Investments,Netherlands
4963,12024,C. Dean Metropoulos,"$2,600,000,000",Investments,Food & Beverage,United States
4964,12024,Hans Georg Naeder,"$2,600,000,000",Prosthetics,Manufacturing,Germany
4965,12024,Falguni Nayar,"$2,600,000,000",Retailing,Fashion & Retail,India
4966,12024,James Packer,"$2,600,000,000",Investments,Finance & Investments,Australia
4967,12024,Alexander Ponomarenko,"$2,600,000,000","Real estate, airport",Logistics,Russia
4968,12024,Nicholas Pritzker,"$2,600,000,000","Hotels, investments",Finance & Investments,United States
4969,12024,Alejandro Santo Domingo,"$2,600,000,000",Beer,Food & Beverage,United States
4970,12024,Steven Sarowitz,"$2,600,000,000",Payroll software,Technology,United States
4971,12024,Maria-Elisabeth Schaeffler-Thumann,"$2,600,000,000",Auto parts,Automotive,Germany
4973,12024,Dieter Schnabel,"$2,600,000,000",Chemicals,Manufacturing,Germany
4974,12024,Michael S. Smith,"$2,600,000,000",Liquefied natural gas,Energy,United States
4975,12024,Julia Thiele-Schuerhoff,"$2,600,000,000","Brakes, investments",Manufacturing,Germany
4976,12024,John Tyson,"$2,600,000,000",Food processing,Food & Beverage,United States
4977,12024,Anna Katharina Viessmann,"$2,600,000,000",Heating and cooling equipment,Manufacturing,Germany
4978,12024,Jurgen Wirtgen,"$2,600,000,000",Construction Vehicles,Construction & Engineering,Germany
4979,12024,Stefan Wirtgen,"$2,600,000,000",Construction Vehicles,Construction & Engineering,Germany
4980,12024,Zhao Lixin,"$2,600,000,000",Electronics,Technology,China
4981,12024,Zhou Hongyi,"$2,600,000,000",Security software,Technology,China
5056,12024,S. Daniel Abraham,"$2,500,000,000",Slim-Fast,Food & Beverage,United States
5057,12024,Bill Alfond,"$2,500,000,000",Shoes,Fashion & Retail,United States
5058,12024,Susan Alfond,"$2,500,000,000",Shoes,Fashion & Retail,United States
5059,12024,Ted Alfond,"$2,500,000,000",Shoes,Fashion & Retail,United States
5060,12024,Riley Bechtel,"$2,500,000,000","Engineering, construction",Construction & Engineering,United States
5061,12024,Thor Bjorgolfsson,"$2,500,000,000",Investments,Diversified,Iceland
5062,12024,Charles Bronfman,"$2,500,000,000",Liquor,Food & Beverage,Canada
5063,12024,Vivek Chand Burman,"$2,500,000,000",Consumer goods,Food & Beverage,India
5064,12024,Herb Chambers,"$2,500,000,000",Car dealerships,Automotive,United States
5065,12024,Cheng Yixiao,"$2,500,000,000",Video streaming app,Media & Entertainment,China
5066,12024,Andrew Cherng,"$2,500,000,000",Fast food,Food & Beverage,United States
5067,12024,Peggy Cherng,"$2,500,000,000",Fast food,Food & Beverage,United States
5068,12024,Leon G. Cooperman,"$2,500,000,000",Hedge funds,Finance & Investments,United States
5069,12024,Yadu Hari Dalmia,"$2,500,000,000",Cement,Manufacturing,India
5070,12024,Henry Davis,"$2,500,000,000",Beef processing,Food & Beverage,United States
5071,12024,Oleg Deripaska,"$2,500,000,000","Aluminum, utilities",Metals & Mining,Russia
5072,12024,Sergey Dmitriev,"$2,500,000,000",Software,Technology,Cyprus
5073,12024,Joseph Edelman,"$2,500,000,000",Hedge funds,Finance & Investments,United States
5074,12024,Sandeep Engineer,"$2,500,000,000",Plastic pipes,Manufacturing,India
5075,12024,Alceu Elias Feldmann,"$2,500,000,000",Fertilizer,Energy,Brazil
5076,12024,Serge Godin,"$2,500,000,000",Information technology,Technology,Canada
5077,12024,Alec Gores,"$2,500,000,000",Private equity,Finance & Investments,United States
5078,12024,Bill Haslam,"$2,500,000,000",Gas stations,Fashion & Retail,United States
5079,12024,J. Tomilson Hill,"$2,500,000,000",Investments,Finance & Investments,United States
5081,12024,Baba Kalyani,"$2,500,000,000",Engineering,Automotive,India
5082,12024,Saban Cemil Kazanci,"$2,500,000,000",Energy,Energy,Turkey
5083,12024,Brad Kelley,"$2,500,000,000",Tobacco,Real Estate,United States
5084,12024,Wolfgang Leitner,"$2,500,000,000",Engineering,Construction & Engineering,Austria
5085,12024,Li Hongxin,"$2,500,000,000",Paper & related products,Manufacturing,China
5086,12024,Lin Chen-hai,"$2,500,000,000",Real estate,Real Estate,Taiwan
5087,12024,Lu Yiwen,"$2,500,000,000",Jewelry,Fashion & Retail,China
5088,12024,Prayudh Mahagitsiri,"$2,500,000,000","Coffee, shipping",Food & Beverage,Thailand
5089,12024,Willy Michel,"$2,500,000,000",Medical devices,Healthcare,Switzerland
5090,12024,Lachhman Das Mittal,"$2,500,000,000",Tractors,Automotive,India
5091,12024,Bobby Murphy,"$2,500,000,000",Snapchat,Technology,United States
5092,12024,Tomas Olivo Lopez,"$2,500,000,000",Shopping centers,Real Estate,Spain
5093,12024,Eren Ozmen,"$2,500,000,000",Aerospace,Manufacturing,United States
5094,12024,John Pritzker,"$2,500,000,000","Hotels, investments",Finance & Investments,United States
5095,12024,Qiu Minxiu,"$2,500,000,000",Semiconductors,Technology,China
5096,12024,Ferit Faik Sahenk,"$2,500,000,000",Diversified,Diversified,Turkey
5097,12024,Wenrong Shen,"$2,500,000,000",Steel production,Metals & Mining,China
5098,12024,Shi Yuzhu,"$2,500,000,000","Online games, investments",Diversified,China
5099,12024,Jeff Sutton,"$2,500,000,000",Real estate,Real Estate,United States
5100,12024,"Henry Sy, Jr.","$2,500,000,000",Diversified,Diversified,Philippines
5101,12024,Andrew Tan,"$2,500,000,000",Diversified,Diversified,Philippines
5102,12024,Arvind Tiku,"$2,500,000,000","Oil & gas, investments",Energy,India
5103,12024,Byron Trott,"$2,500,000,000",Investments,Finance & Investments,United States
5105,12024,Peter Unger,"$2,500,000,000",Auto repair,Automotive,Germany
5106,12024,Roger Wang,"$2,500,000,000",Retail,Fashion & Retail,United States
5107,12024,Oprah Winfrey,"$2,500,000,000",TV shows,Media & Entertainment,United States
5108,12024,Wu Zhigang,"$2,500,000,000",Bakery chain,Food & Beverage,China
5109,12024,Xie Weitong,"$2,500,000,000",Cobalt,Metals & Mining,Taiwan
5110,12024,Ye Guofu,"$2,500,000,000",Retail,Fashion & Retail,China
5175,12024,Marijke Mars,"$2,400,000,000","Candy, pet food",Food & Beverage,United States
5176,12024,Pamela Mars,"$2,400,000,000","Candy, pet food",Food & Beverage,United States
5177,12024,Valerie Mars,"$2,400,000,000","Candy, pet food",Food & Beverage,United States
5178,12024,Victoria Mars,"$2,400,000,000","Candy, pet food",Food & Beverage,United States
5179,12024,Brian Acton,"$2,400,000,000",WhatsApp,Technology,United States
5180,12024,Abdulla Al Futtaim,"$2,400,000,000","Auto dealers, investments",Automotive,United Arab Emirates
5181,12024,Edward Bass,"$2,400,000,000","Oil, investments",Energy,United States
5182,12024,Koos Bekker,"$2,400,000,000","Media, investments",Media & Entertainment,South Africa
5183,12024,Otto Philipp Braun,"$2,400,000,000",Medical technology,Healthcare,Germany
5184,12024,Chen Tei-fu,"$2,400,000,000",Herbal products,Fashion & Retail,Taiwan
5185,12024,Abilio dos Santos Diniz,"$2,400,000,000",Retail,Fashion & Retail,Brazil
5186,12024,Marcel Erni,"$2,400,000,000",Private equity,Finance & Investments,Switzerland
5187,12024,Doris Fisher,"$2,400,000,000",Gap,Fashion & Retail,United States
5188,12024,Gerald Ford,"$2,400,000,000",Banking,Finance & Investments,United States
5189,12024,Bernard Fraisse,"$2,400,000,000",Pharmaceuticals,Healthcare,France
5190,12024,Alfred Gantner,"$2,400,000,000",Private equity,Finance & Investments,Switzerland
5191,12024,Paul Gauselmann,"$2,400,000,000",Gambling,Gambling & Casinos,Germany
5192,12024,Mitchell Goldhar,"$2,400,000,000",Real estate,Real Estate,Canada
5193,12024,Peter Hargreaves,"$2,400,000,000",Financial services,Finance & Investments,United Kingdom
5194,12024,Hua Xuande,"$2,400,000,000",Pharmaceuticals,Healthcare,China
5195,12024,Kwek Leng Kee,"$2,400,000,000",Diversified,Diversified,Singapore
5196,12024,Catherine Lozick,"$2,400,000,000",Valve manufacturing,Manufacturing,United States
5197,12024,Kalanithi Maran,"$2,400,000,000",Media,Media & Entertainment,India
5198,12024,Jed McCaleb,"$2,400,000,000",Cryptocurrency,Finance & Investments,United States
5199,12024,Fatih Ozmen,"$2,400,000,000",Aerospace,Manufacturing,United States
5200,12024,Pan Laican,"$2,400,000,000",Soy sauce,Food & Beverage,China
5201,12024,Tor Peterson,"$2,400,000,000",Commodities,Metals & Mining,United States
5202,12024,Daniel Pritzker,"$2,400,000,000","Hotels, investments",Finance & Investments,United States
5203,12024,Qi Jinxing,"$2,400,000,000",Real estate,Real Estate,China
5204,12024,Qiu Jianping,"$2,400,000,000",Hand tools,Manufacturing,China
5205,12024,Rajan Raheja,"$2,400,000,000",Diversified,Diversified,India
5206,12024,Matthias Reinhart,"$2,400,000,000",Financial services,Finance & Investments,Switzerland
5207,12024,Arnout Schuijff,"$2,400,000,000",Payments software,Technology,Netherlands
5208,12024,Hans Sy,"$2,400,000,000",Diversified,Diversified,Philippines
5209,12024,Herbert Sy,"$2,400,000,000",Diversified,Diversified,Philippines
5210,12024,Lucio Tan,"$2,400,000,000",Diversified,Diversified,Philippines
5211,12024,Tsai Ming-kai,"$2,400,000,000",Semiconductors,Technology,Taiwan
5212,12024,Ted Turner,"$2,400,000,000",Cable television,Media & Entertainment,United States
5213,12024,David Walentas,"$2,400,000,000",Real estate,Real Estate,United States
5214,12024,Urs Wietlisbach,"$2,400,000,000",Private equity,Finance & Investments,Switzerland
5215,12024,Jerry Yang,"$2,400,000,000",Yahoo,Technology,United States
5216,12024,Yang Jianliang,"$2,400,000,000",Machinery,Manufacturing,China
5217,12024,Yang Weidong,"$2,400,000,000",Chemicals,Manufacturing,China
5218,12024,Mortimer Zuckerman,"$2,400,000,000","Real estate, media",Real Estate,United States
5282,12024,John Armitage,"$2,300,000,000",Hedge funds,Finance & Investments,Ireland
5283,12024,Lee Bass,"$2,300,000,000","Oil, investments",Energy,United States
5284,12024,John Bicket,"$2,300,000,000",Sensor systems,Technology,United States
5285,12024,Sanjit Biswas,"$2,300,000,000",Sensor systems,Technology,United States
5286,12024,Timothy Boyle,"$2,300,000,000",Columbia Sportswear,Fashion & Retail,United States
5287,12024,Morris Chang,"$2,300,000,000",Semiconductors,Technology,Taiwan
5288,12024,Chao Teng-hsiung,"$2,300,000,000",Real estate,Real Estate,Taiwan
5289,12024,Samuel Chen,"$2,300,000,000",Investments,Finance & Investments,Taiwan
5290,12024,Chu Lam Yiu,"$2,300,000,000",Flavorings,Manufacturing,Hong Kong
5291,12024,K. Dinesh,"$2,300,000,000",Software services,Technology,India
5292,12024,James Duff,"$2,300,000,000","Tires, diversified",Diversified,United States
5293,12024,Thomas Duff,"$2,300,000,000","Tires, diversified",Diversified,United States
5294,12024,Daniel Ek,"$2,300,000,000",Spotify,Technology,Sweden
5295,12024,John Fisher,"$2,300,000,000",Gap,Fashion & Retail,United States
5296,12024,Georg Haub,"$2,300,000,000",Retail,Fashion & Retail,Germany
5297,12024,Erman Ilicak,"$2,300,000,000",Construction,Construction & Engineering,Turkey
5298,12024,Justin Ishbia,"$2,300,000,000",Private equity,Finance & Investments,United States
5299,12024,Long Jiang,"$2,300,000,000",Manufacturing,Technology,China
5300,12024,Bruce Karsh,"$2,300,000,000",Private equity,Finance & Investments,United States
5301,12024,Bom Kim,"$2,300,000,000",Online retailing,Technology,United States
5302,12024,Lai Jianping,"$2,300,000,000",Soy sauce,Food & Beverage,China
5303,12024,Lam Kong,"$2,300,000,000",Pharmaceuticals,Healthcare,China
5304,12024,Stephen Lansdown,"$2,300,000,000",Financial services,Finance & Investments,Guernsey
5305,12024,Kevin David Lehmann,"$2,300,000,000",Drugstores,Fashion & Retail,Germany
5306,12024,Li Haiyan,"$2,300,000,000",Restaurants,Food & Beverage,China
5307,12024,Li Hua,"$2,300,000,000",Financial services,Finance & Investments,China
5308,12024,Lim Kok Thay,"$2,300,000,000",Casinos,Gambling & Casinos,Malaysia
5309,12024,Kishore Mariwala,"$2,300,000,000",Consumer goods,Food & Beverage,India
5310,12024,Clayton Mathile,"$2,300,000,000",Pet food,Food & Beverage,United States
5311,12024,Mi Enhua,"$2,300,000,000",Retail,Fashion & Retail,China
5312,12024,Vadim Moshkovich,"$2,300,000,000","Agriculture, land",Food & Beverage,Russia
5313,12024,David Murdock,"$2,300,000,000","Dole, real estate",Food & Beverage,United States
5314,12024,David Nahmad,"$2,300,000,000",Art collection,Fashion & Retail,Monaco
5315,12024,Lirio Parisotto,"$2,300,000,000",Investments,Finance & Investments,Brazil
5316,12024,Augusto Perfetti,"$2,300,000,000",Candy,Food & Beverage,"Lugano, Switzerland"
5317,12024,Giorgio Perfetti,"$2,300,000,000",Candy,Food & Beverage,"Lugano, Switzerland"
5318,12024,Alberto Prada,"$2,300,000,000",Luxury goods,Fashion & Retail,Italy
5319,12024,Marina Prada,"$2,300,000,000",Luxury goods,Fashion & Retail,Italy
5320,12024,Filiz Sahenk,"$2,300,000,000",Diversified,Diversified,Turkey
5321,12024,Richard Sands,"$2,300,000,000",Liquor,Food & Beverage,United States
5322,12024,Stephan Schmidheiny,"$2,300,000,000",Investments,Finance & Investments,Switzerland
5323,12024,Alberto Siccardi,"$2,300,000,000",Medical devices,Healthcare,Switzerland
5324,12024,Stefan Soloviev,"$2,300,000,000","Real estate, grains",Real Estate,United States
5325,12024,Tang Yiu,"$2,300,000,000",Fashion retail,Fashion & Retail,Hong Kong
5326,12024,Tian Ming,"$2,300,000,000",Measuring instruments,Technology,China
5327,12024,T.Y. Tsai,"$2,300,000,000",Finance,Finance & Investments,Taiwan
5328,12024,Jayshree Ullal,"$2,300,000,000",Computer networking,Technology,United States
5329,12024,Georg von Opel,"$2,300,000,000","Real estate, investments",Finance & Investments,Switzerland
5330,12024,Lang Walker,"$2,300,000,000",Real estate,Real Estate,Australia
5331,12024,Wang Xicheng,"$2,300,000,000",Tires,Manufacturing,China
5332,12024,Wang Zhenhua,"$2,300,000,000",Real estate,Real Estate,China
5333,12024,Paul-Heinz Wesjohann,"$2,300,000,000",Chicken processing,Food & Beverage,Germany
5334,12024,Xie Bingkun,"$2,300,000,000",Pearlescent pigments,Fashion & Retail,China
5335,12024,Xu Shugen,"$2,300,000,000","Construction, mining machinery",Manufacturing,China
5336,12024,Christoph Zeller,"$2,300,000,000",Dental materials,Healthcare,Liechtenstein
5337,12024,Zhang Jingzhang,"$2,300,000,000",Precision machinery,Manufacturing,China
5396,12024,George Argyros,"$2,200,000,000","Real estate, investments",Real Estate,United States
5397,12024,Brian Armstrong,"$2,200,000,000",Cryptocurrency,Finance & Investments,United States
5398,12024,Albert Avdolyan,"$2,200,000,000","Oil, mining",Energy,Russia
5399,12024,Sezai Bacaksiz,"$2,200,000,000",Diversified,Diversified,Turkey
5400,12024,Aneel Bhusri,"$2,200,000,000",Business software,Technology,United States
5401,12024,Brett Blundy,"$2,200,000,000","Retail, agribusiness",Fashion & Retail,Australia
5402,12024,J. Hyatt Brown,"$2,200,000,000",Insurance,Finance & Investments,United States
5403,12024,Chen Jinxia,"$2,200,000,000",Investments,Finance & Investments,China
5404,12024,Chen Xueli,"$2,200,000,000",Pharmaceuticals,Healthcare,China
5405,12024,Dermot Desmond,"$2,200,000,000",Finance,Finance & Investments,Ireland
5406,12024,Dong Wei,"$2,200,000,000",Pharmaceuticals,Healthcare,China
5407,12024,Tom Ford,"$2,200,000,000",Fashion,Fashion & Retail,United States
5408,12024,Fu Guangming,"$2,200,000,000",Poultry,Food & Beverage,China
5409,12024,Noam Gottesman,"$2,200,000,000",Hedge funds,Finance & Investments,United States
5410,12024,Jeffrey Gundlach,"$2,200,000,000",Investments,Finance & Investments,United States
5411,12024,Hao Hong,"$2,200,000,000",Pharmaceuticals,Healthcare,United States
5412,12024,Shmuel Harlap,"$2,200,000,000",Automotive,Automotive,Israel
5413,12024,Hans-Werner Hector,"$2,200,000,000",SAP,Technology,Germany
5414,12024,Lutz Mario Helmig,"$2,200,000,000",Hospitals,Healthcare,Germany
5415,12024,Huang Chulong,"$2,200,000,000",Real estate,Real Estate,Canada
5416,12024,Thomas James,"$2,200,000,000",Finance,Finance & Investments,United States
5417,12024,James Jannard,"$2,200,000,000",Sunglasses,Fashion & Retail,United States
5418,12024,Willis Johnson,"$2,200,000,000",Damaged cars,Automotive,United States
5419,12024,Lai Shixian,"$2,200,000,000",Sports apparel,Fashion & Retail,China
5420,12024,Chris Larsen,"$2,200,000,000",Cryptocurrency,Finance & Investments,United States
5421,12024,Solomon Lew,"$2,200,000,000",Retail,Fashion & Retail,Australia
5422,12024,Liang Xinjun,"$2,200,000,000",Conglomerate,Diversified,Singapore
5423,12024,Harald Link,"$2,200,000,000",Diversified,Diversified,Thailand
5424,12024,Max Lytvyn,"$2,200,000,000",Software,Technology,Canada
5425,12024,Igor Makarov,"$2,200,000,000",Investments,Energy,Cyprus
5426,12024,Howard Marks,"$2,200,000,000",Private equity,Finance & Investments,United States
5427,12024,Charles Munger,"$2,200,000,000",Berkshire Hathaway,Finance & Investments,United States
5428,12024,Adam Neumann,"$2,200,000,000",WeWork,Real Estate,Israel
5429,12024,Thi Phuong Thao Nguyen,"$2,200,000,000",Airlines,Diversified,Vietnam
5430,12024,Ni Yongpei,"$2,200,000,000",Beverages,Food & Beverage,China
5431,12024,Heloise Pratt,"$2,200,000,000","Manufacturing, investment",Manufacturing,Australia
5432,12024,Qi Xiangdong,"$2,200,000,000",Software,Technology,China
5433,12024,Phillip T. (Terry) Ragon,"$2,200,000,000",Health IT,Technology,United States
5434,12024,Prathap Reddy,"$2,200,000,000",Healthcare,Healthcare,India
5435,12024,Jerry Reinsdorf,"$2,200,000,000",Sports teams,Sports,United States
5436,12024,Chad Richison,"$2,200,000,000",Payroll processing,Technology,United States
5437,12024,"Karl Scheufele, III.","$2,200,000,000",Jewelry,Fashion & Retail,Switzerland
5438,12024,Alice Schwartz,"$2,200,000,000",Biotech,Healthcare,United States
5439,12024,Alex Shevchenko,"$2,200,000,000",Software,Technology,Canada
5440,12024,Kavitark Ram Shriram,"$2,200,000,000","Venture capital, Google",Technology,United States
5441,12024,Jeffrey Soffer,"$2,200,000,000",Real estate,Real Estate,United States
5442,12024,William Stone,"$2,200,000,000",Software,Technology,United States
5443,12024,Henry Swieca,"$2,200,000,000",Hedge funds,Finance & Investments,United States
5444,12024,Harley Sy,"$2,200,000,000",Diversified,Diversified,Philippines
5445,12024,Teresita Sy-Coson,"$2,200,000,000",Diversified,Diversified,Philippines
5446,12024,Katsumi Tada,"$2,200,000,000",Real estate,Real Estate,Japan
5447,12024,Tang Jinkui,"$2,200,000,000","Textiles, petrochemicals",Manufacturing,China
5448,12024,Tang Xiao'ou,"$2,200,000,000",Software,Technology,Hong Kong
5449,12024,Lottie Tham,"$2,200,000,000",H&M,Fashion & Retail,Sweden
5450,12024,Shamsheer Vayalil,"$2,200,000,000",Healthcare,Healthcare,India
5451,12024,Radha Vembu,"$2,200,000,000",Business software,Technology,India
5452,12024,Wang Wenmo,"$2,200,000,000",Sports apparel,Fashion & Retail,China
5453,12024,Wang Zhenghua,"$2,200,000,000",Budget airline,Service,China
5454,12024,David Wertheim,"$2,200,000,000",Coca-Cola Israel,Food & Beverage,Israel
5455,12024,Wu Kai,"$2,200,000,000",Batteries,Energy,China
5456,12024,Xu Yingzhuo,"$2,200,000,000",Agribusiness,Food & Beverage,China
5457,12024,Yeung Kin-man,"$2,200,000,000",Electronics,Manufacturing,Hong Kong
5458,12024,Huijiao Yu,"$2,200,000,000",Package delivery,Logistics,China
5459,12024,Oren Zeev,"$2,200,000,000",Investments,Finance & Investments,Israel
5460,12024,Clayton Zekelman,"$2,200,000,000",Steel,Manufacturing,Canada
5461,12024,Zhao Fenggang,"$2,200,000,000",Batteries,Energy,China
5534,12024,Alex Beard,"$2,100,000,000","Mining, commodities",Metals & Mining,United Kingdom
5535,12024,Travis Boersma,"$2,100,000,000",Coffee,Food & Beverage,United States
5536,12024,Martin Bouygues,"$2,100,000,000","Construction, media",Construction & Engineering,France
5537,12024,Olivier Bouygues,"$2,100,000,000","Construction, media",Construction & Engineering,France
5538,12024,William Boyd,"$2,100,000,000","Casinos, banking",Gambling & Casinos,United States
5539,12024,Anand Burman,"$2,100,000,000",Consumer goods,Food & Beverage,India
5540,12024,Cao Ji,"$2,100,000,000",Manufacturing,Manufacturing,China
5541,12024,Bruce Cheng,"$2,100,000,000",Electronics,Technology,Taiwan
5542,12024,Chi Yufeng,"$2,100,000,000",Software,Technology,China
5543,12024,Daniel Chiu,"$2,100,000,000",Oil & gas,Energy,Hong Kong
5544,12024,Beda Diethelm,"$2,100,000,000",Hearing aids,Healthcare,Switzerland
5545,12024,Domenico Dolce,"$2,100,000,000",Luxury goods,Fashion & Retail,Italy
5546,12024,Ralph Dommermuth,"$2,100,000,000",Internet service provider,Technology,Germany
5547,12024,Georgi Domuschiev,"$2,100,000,000","Animal health, investments",Diversified,Bulgaria
5548,12024,Kiril Domuschiev,"$2,100,000,000","Animal health, investments",Diversified,Bulgaria
5549,12024,Bob Ell,"$2,100,000,000",Real estate,Real Estate,Australia
5550,12024,Paul Foster,"$2,100,000,000",Oil refining,Energy,United States
5551,12024,Stefano Gabbana,"$2,100,000,000",Luxury goods,Fashion & Retail,Italy
5552,12024,Gao Xingjiang,"$2,100,000,000",Steel,Manufacturing,China
5553,12024,Gordon Getty,"$2,100,000,000",Getty Oil,Energy,United States
5554,12024,Kamal Ghaffarian,"$2,100,000,000","Space, energy",Energy,United States
5555,12024,Dennis Gillings,"$2,100,000,000",Clinical trials,Healthcare,United Kingdom
5556,12024,Harsh Goenka,"$2,100,000,000",Diversified,Diversified,India
5557,12024,Sanjiv Goenka,"$2,100,000,000",Diversified,Diversified,India
5558,12024,Jane Goldman,"$2,100,000,000",Real estate,Real Estate,United States
5559,12024,Stein Erik Hagen,"$2,100,000,000",Consumer goods,Fashion & Retail,Norway
5560,12024,Bahaa Hariri,"$2,100,000,000","Real estate, investments",Real Estate,Lebanon
5561,12024,Hortensia Herrero,"$2,100,000,000",Supermarkets,Fashion & Retail,Spain
5562,12024,Douglas Hsu,"$2,100,000,000",Diversified,Diversified,Taiwan
5563,12024,Huang Min,"$2,100,000,000",Machinery,Manufacturing,China
5564,12024,Jared Isaacman,"$2,100,000,000",Payment processing,Technology,United States
5565,12024,Eugene Kaspersky,"$2,100,000,000",Software,Technology,Russia
5566,12024,Artem Khachatryan,"$2,100,000,000",Retail,Fashion & Retail,Russia
5567,12024,Andrei Krivenko,"$2,100,000,000",Retail,Food & Beverage,Russia
5568,12024,Thomas Kwok,"$2,100,000,000",Real estate,Real Estate,Hong Kong
5569,12024,Lam Wai-ying,"$2,100,000,000",Smartphone screens,Manufacturing,Hong Kong
5570,12024,Marc Lasry,"$2,100,000,000",Hedge funds,Finance & Investments,United States
5571,12024,Christian Latouche,"$2,100,000,000",Accounting services,Finance & Investments,France
5572,12024,Theodore Leonsis,"$2,100,000,000",Sports teams,Sports,United States
5573,12024,Lin Chang Su-O,"$2,100,000,000",Real estate,Real Estate,Taiwan
5574,12024,Liu Chengyu,"$2,100,000,000",Power supply equipment,Manufacturing,China
5575,12024,Sergey Lomakin,"$2,100,000,000",Retail,Fashion & Retail,Russia
5576,12024,Daniel Lubetzky,"$2,100,000,000",Snack bars,Food & Beverage,United States
5577,12024,Melissa Ma,"$2,100,000,000",Internet search,Technology,China
5578,12024,Anand Mahindra,"$2,100,000,000",Diversified,Diversified,India
5579,12024,Rafique Malik,"$2,100,000,000",Footwear,Fashion & Retail,India
5580,12024,Katarina Martinson,"$2,100,000,000",Investments,Diversified,Sweden
5581,12024,Kiran Mazumdar-Shaw,"$2,100,000,000",Biopharmaceuticals,Healthcare,India
5582,12024,Nirmal Minda,"$2,100,000,000",Auto parts,Automotive,India
5583,12024,Mu Rongjun,"$2,100,000,000",E-commerce,Technology,China
5584,12024,Eugene Murtagh,"$2,100,000,000",Building materials,Manufacturing,Ireland
5585,12024,Alexander Nesis,"$2,100,000,000","Metals, banking, fertilizers",Finance & Investments,Russia
5586,12024,Ni Zugen,"$2,100,000,000",Appliances,Manufacturing,China
5587,12024,Florentino Perez,"$2,100,000,000",Construction,Construction & Engineering,Spain
5588,12024,Victor Pinchuk,"$2,100,000,000","Steel pipes, diversified",Metals & Mining,Ukraine
5589,12024,Leonid Radvinsky,"$2,100,000,000",E-commerce,Technology,United States
5590,12024,Raveendran Byju,"$2,100,000,000",Education technology,Technology,India
5591,12024,P.P. Reddy,"$2,100,000,000",Infrastructure,Construction & Engineering,India
5592,12024,Richard Saghian,"$2,100,000,000",Fast fashion,Fashion & Retail,United States
5593,12024,Shi Yifeng,"$2,100,000,000",Medical cosmetics,Healthcare,China
5594,12024,Thaksin Shinawatra,"$2,100,000,000",Investments,Finance & Investments,Thailand
5595,12024,Shu Ping,"$2,100,000,000",Restaurants,Food & Beverage,Singapore
5596,12024,Timothy Springer,"$2,100,000,000",Biotech,Healthcare,United States
5597,12024,Venu Srinivasan,"$2,100,000,000",Two-wheelers,Automotive,India
5598,12024,Edward Stack,"$2,100,000,000",Dick's Sporting Goods,Fashion & Retail,United States
5599,12024,Sun Mengquan,"$2,100,000,000",Edible oil,Food & Beverage,China
5600,12024,Alexander Svetakov,"$2,100,000,000",Real estate,Finance & Investments,Russia
5601,12024,Torsten Toeller,"$2,100,000,000",Pet food,Fashion & Retail,Germany
5602,12024,Barbara Tyson,"$2,100,000,000",Food processing,Food & Beverage,United States
5603,12024,Hamdi Ulukaya,"$2,100,000,000",Greek yogurt,Food & Beverage,Turkey
5604,12024,Wang Linpeng,"$2,100,000,000",Furniture retailing,Construction & Engineering,China
5605,12024,Wei Ing-Chou,"$2,100,000,000","Food, beverages",Food & Beverage,Taiwan
5606,12024,Wei Yin-Chun,"$2,100,000,000","Food, beverages",Food & Beverage,Taiwan
5607,12024,Wei Yin-Heng,"$2,100,000,000","Food, beverages",Food & Beverage,Taiwan
5608,12024,Wei Ying-Chiao,"$2,100,000,000","Food, beverages",Food & Beverage,Taiwan
5609,12024,Elaine Wynn,"$2,100,000,000","Casinos, hotels",Gambling & Casinos,United States
5610,12024,Xu Xudong,"$2,100,000,000",Auto parts,Automotive,China
5611,12024,Michael Ying,"$2,100,000,000",Retail,Fashion & Retail,Hong Kong
5612,12024,Yu Qibing,"$2,100,000,000",Glass,Manufacturing,China
5613,12024,Yuan Fugen,"$2,100,000,000",Metal processing,Manufacturing,China
5614,12024,Zhang Ning,"$2,100,000,000",Chemicals,Manufacturing,Canada
5615,12024,Zhao Tao,"$2,100,000,000",Pharmaceuticals,Healthcare,Singapore
,,Griselda Blanco,"$2,000,000,000","drug lord, drug-trafficing, cocaine",Organized Crime,Colombia
5700,12024,Anu Aga,"$2,000,000,000",Engineering,Construction & Engineering,India
5701,12024,Mohamed Al Fayed,"$2,000,000,000","Retail, investments",Fashion & Retail,Egypt
5702,12024,Andrey Andreev,"$2,000,000,000",Online dating,Technology,United Kingdom
5703,12024,Michael Ashcroft,"$2,000,000,000",Security,Finance & Investments,United Kingdom
5704,12024,Pavel Baudis,"$2,000,000,000",Software,Technology,Czech Republic
5705,12024,Wilhelm Beier,"$2,000,000,000",Pharmaceuticals,Healthcare,Germany
5706,12024,Cao Jianwei,"$2,000,000,000",Semiconductors,Manufacturing,China
5707,12024,Chen Huwen,"$2,000,000,000",Stationery,Manufacturing,China
5708,12024,Phongthep Chiaravanont,"$2,000,000,000",Diversified,Diversified,Thailand
5709,12024,Dou Zhenggang,"$2,000,000,000","Energy, chemicals",Diversified,China
5710,12024,Maria Franca Fissolo,"$2,000,000,000","Nutella, chocolates",Food & Beverage,Italy
5711,12024,William Franke,"$2,000,000,000",Low-cost airlines,Diversified,United States
5712,12024,Mario Germano Giuliani,"$2,000,000,000",Pharmaceuticals,Healthcare,Switzerland
5713,12024,Amy Goldman Fowler,"$2,000,000,000",Real estate,Real Estate,United States
5714,12024,John Hancock,"$2,000,000,000",Mining,Metals & Mining,Australia
5715,12024,Hu Yangzhong,"$2,000,000,000",Technology,Technology,China
5716,12024,Huang Dawen,"$2,000,000,000",Silicon,Manufacturing,Hong Kong
5717,12024,Huang Qiaoling,"$2,000,000,000",Amusement parks,Media & Entertainment,China
5718,12024,Rajiv Jain,"$2,000,000,000",Finance,Finance & Investments,United States
5720,12024,Diane Kemper,"$2,000,000,000",Real estate,Real Estate,United States
5721,12024,Shlomo Kramer,"$2,000,000,000","Software, investments",Technology,Israel
5722,12024,Heikki Kyostila,"$2,000,000,000",Dental products,Healthcare,Finland
5723,12024,Martin Lau,"$2,000,000,000",E-commerce,Technology,Hong Kong
5724,12024,Li Min,"$2,000,000,000",Semiconductor,Technology,China
5725,12024,Liang Rubo,"$2,000,000,000",TikTok,Technology,China
5726,12024,Liang Zhaoxian,"$2,000,000,000",Appliances,Manufacturing,China
5727,12024,Lin Fanlian,"$2,000,000,000","Energy, real estate",Energy,China
5728,12024,Aloke Lohia,"$2,000,000,000",Petrochemicals,Manufacturing,India
5729,12024,Bill Malhotra,"$2,000,000,000",Real estate,Real Estate,Canada
5730,12024,Alexander Mamut,"$2,000,000,000",Investments,Finance & Investments,Russia
5731,12024,Craig McCaw,"$2,000,000,000",Telecom,Telecom,United States
5732,12024,Nan Cunhui,"$2,000,000,000",Power equipment,Manufacturing,China
5733,12024,Nie Tengyun,"$2,000,000,000",Logistics,Service,China
5734,12024,Oei Hong Leong,"$2,000,000,000",Investments,Finance & Investments,Singapore
5735,12024,Clive Palmer,"$2,000,000,000",Mining,Metals & Mining,Australia
5736,12024,Matthew Prince,"$2,000,000,000",Cybersecurity,Technology,United States
5737,12024,Linda Pritzker,"$2,000,000,000","Hotels, investments",Service,United States
5738,12024,P.V. Krishna Reddy,"$2,000,000,000",Infrastructure,Construction & Engineering,India
5739,12024,Bianca Rinehart,"$2,000,000,000",Mining,Metals & Mining,Australia
5740,12024,Ginia Rinehart,"$2,000,000,000",Mining,Metals & Mining,Australia
5741,12024,T. Denny Sanford,"$2,000,000,000","Banking, credit cards",Finance & Investments,United States
5742,12024,Bhadresh Shah,"$2,000,000,000",Engineering,Manufacturing,India
5743,12024,Zygmunt Solorz,"$2,000,000,000",TV broadcasting,Media & Entertainment,Poland
5744,12024,Michal Strnad,"$2,000,000,000",Defense Contracting,Manufacturing,Czech Republic
5745,12024,Sylvia Stroeher,"$2,000,000,000",Cosmetics,Fashion & Retail,Germany
5746,12024,Otto Toto Sugiri,"$2,000,000,000",Data centers,Technology,Indonesia
5747,12024,Larry Tanenbaum,"$2,000,000,000",Sports,Sports,Canada
5748,12024,Wichai Thongtang,"$2,000,000,000",Investments,Finance & Investments,Thailand
5750,12024,Hope Welker,"$2,000,000,000",Mining,Metals & Mining,Australia
5751,12024,William Young,"$2,000,000,000",Plastics,Manufacturing,United States
5752,12024,Ales Zavoral,"$2,000,000,000",E-commerce,Fashion & Retail,Czech Republic
5753,12024,Zhang Fan,"$2,000,000,000",Touch screens,Technology,China
5754,12024,Zhang Shilong,"$2,000,000,000",Semiconductor,Technology,China
5755,12024,Zhang Wanzhen,"$2,000,000,000",Electronics components,Manufacturing,China
5756,12024,Zhao Hongfei,"$2,000,000,000",Software,Technology,China
5757,12024,Zhou Jian,"$2,000,000,000",Solar energy equipment,Energy,China
5758,12024,Zhu Yiwen,"$2,000,000,000",Healthcare,Healthcare,China
5759,12024,Mohammed VI,"$2,000,000,000",Investments in SNI and Siger Holdings.,"Royalty, Diversified",Morocco
5760,12024,Felipe VI,"$2,000,000,000","Oil, real estate","Royalty, Diversified",Spain
5761,12024,Tamim bin Hamad Al Thani,"$2,000,000,000","Royalty, Diversified","Royalty, Diversified",Qatar
5762,12024,Willem-Alexander,"$2,000,000,000","Royalty, Diversified","Royalty, Diversified",Netherlands
5763,12024,Adnan Khashoggi,"$2,000,000,000",racketeering,Grey Business,Saudi Arabia
5850,12024,Roberto Angelini Rossi,"$1,900,000,000","Forestry, mining",Diversified,Chile
5851,12024,Mika Anttonen,"$1,900,000,000",Oil & gas,Energy,Finland
5852,12024,David Blitzer,"$1,900,000,000",Sports,Sports,United States
5853,12024,Julio Bozano,"$1,900,000,000",Banking,Finance & Investments,Brazil
5854,12024,Nikolai Buinov,"$1,900,000,000","Oil, gas",Energy,Russia
5855,12024,Nicola Bulgari,"$1,900,000,000",Luxury goods,Fashion & Retail,Italy
5856,12024,"Howard Butt, III.","$1,900,000,000",Supermarkets,Fashion & Retail,United States
5857,12024,Stephen Butt,"$1,900,000,000",Supermarkets,Fashion & Retail,United States
5858,12024,Jianxing Che,"$1,900,000,000",Furniture retailing,Fashion & Retail,China
5859,12024,Chen Huxiong,"$1,900,000,000",Stationery,Manufacturing,China
5860,12024,Chen Qiongxiang,"$1,900,000,000",Batteries,Energy,China
5861,12024,Chen Zhisong,"$1,900,000,000",Communication equipment,Technology,China
5862,12024,Manas Chiaravanond,"$1,900,000,000",Diversified,Diversified,Thailand
5863,12024,Prathip Chiravanond,"$1,900,000,000",Diversified,Diversified,Thailand
5864,12024,Alexandra Daitch,"$1,900,000,000",Cargill,Food & Beverage,United States
5865,12024,Sol Daurella,"$1,900,000,000",Coca-Cola bottler,Food & Beverage,Spain
5866,12024,Mark Davis,"$1,900,000,000",Las Vegas Raiders,Sports,United States
5867,12024,James Dinan,"$1,900,000,000",Hedge funds,Finance & Investments,United States
5868,12024,Dong Fan,"$1,900,000,000",Medical devices,Healthcare,China
5869,12024,Fritz Draexlmaier,"$1,900,000,000",Auto parts,Automotive,Germany
5870,12024,Bulent Eczacibasi,"$1,900,000,000","Pharmaceuticals, diversified",Diversified,Turkey
5871,12024,Faruk Eczacibasi,"$1,900,000,000","Pharmaceuticals, diversified",Diversified,Turkey
5872,12024,Eduardo Eurnekian,"$1,900,000,000","Airports, investments",Diversified,Argentina
5873,12024,David Fong,"$1,900,000,000",Real estate,Real Estate,Hong Kong
5874,12024,Guo Zhenyu,"$1,900,000,000",Cosmetics,Fashion & Retail,Canada
5875,12024,Surjit Kumar Gupta,"$1,900,000,000",Electrical equipment,Manufacturing,India
5876,12024,Caroline Hagen Kjos,"$1,900,000,000",Conglomerate,Diversified,Norway
5877,12024,Roberto Hernandez Ramirez,"$1,900,000,000","Banking, investments",Finance & Investments,Mexico
5878,12024,Reid Hoffman,"$1,900,000,000",LinkedIn,Technology,United States
5879,12024,Hu Rongda,"$1,900,000,000",Chemicals,Manufacturing,China
5880,12024,"B. Wayne Hughes, Jr.","$1,900,000,000",Storage facilities,Real Estate,United States
5881,12024,Hui Wing Mau,"$1,900,000,000",Real estate,Real Estate,Hong Kong
5882,12024,Scott Kapnick,"$1,900,000,000",Private equity,Finance & Investments,United States
5883,12024,Richard Kayne,"$1,900,000,000",Investments,Finance & Investments,United States
5884,12024,Dominika Kulczyk,"$1,900,000,000",Diversified,Finance & Investments,Poland
5885,12024,Edward Lampert,"$1,900,000,000",Sears,Finance & Investments,United States
5886,12024,Somsri Lamsam,"$1,900,000,000",Diversified,Diversified,Thailand
5887,12024,James Leprino,"$1,900,000,000",Cheese,Food & Beverage,United States
5888,12024,David Lichtenstein,"$1,900,000,000",Real estate,Real Estate,United States
5889,12024,Lin Dingqiang,"$1,900,000,000",Real estate,Real Estate,Hong Kong
5890,12024,Sarah MacMillan,"$1,900,000,000",Cargill,Food & Beverage,United States
5891,12024,Strive Masiyiwa,"$1,900,000,000",Telecom,Telecom,Zimbabwe
5892,12024,Robert Miller,"$1,900,000,000",Retail,Fashion & Retail,United Kingdom
5893,12024,Simon Nixon,"$1,900,000,000",Price comparison website,Technology,United Kingdom
5894,12024,Kentaro Ogawa,"$1,900,000,000",Restaurants,Food & Beverage,Japan
5895,12024,Ajay Parekh,"$1,900,000,000",Adhesives,Manufacturing,India
5896,12024,Narendrakumar Parekh,"$1,900,000,000",Adhesives,Manufacturing,India
5897,12024,Jennifer Pritzker,"$1,900,000,000","Hotels, investments",Finance & Investments,United States
5898,12024,G. Rajendran,"$1,900,000,000",Jewellery,Fashion & Retail,India
5899,12024,Ren Jianhua,"$1,900,000,000",Kitchen appliances,Manufacturing,China
5900,12024,Larry Robbins,"$1,900,000,000",Hedge funds,Finance & Investments,United States
5901,12024,Dwight Schar,"$1,900,000,000","Homebuilding, NFL team",Construction & Engineering,United States
5902,12024,Shao Jianxiong,"$1,900,000,000",Photovoltaics,Energy,China
5903,12024,Shao Qinxiang,"$1,900,000,000",Diversified,Manufacturing,China
5904,12024,Hua Shen,"$1,900,000,000",Semiconductors,Technology,United States
5905,12024,Shi Wen-long,"$1,900,000,000",Plastics,Manufacturing,Taiwan
5906,12024,Peter Sondakh,"$1,900,000,000",Investments,Finance & Investments,Indonesia
5907,12024,Lucy Stitzer,"$1,900,000,000",Cargill,Food & Beverage,United States
5908,12024,Elizabeth Sy,"$1,900,000,000",Diversified,Diversified,Philippines
5909,12024,Hermanto Tanoko,"$1,900,000,000",Paints,Manufacturing,Indonesia
5910,12024,Mehmet Sinan Tara,"$1,900,000,000",Construction,Construction & Engineering,Turkey
5911,12024,Masateru Uno,"$1,900,000,000",Drugstores,Fashion & Retail,Japan
5912,12024,Vardis Vardinoyannis,"$1,900,000,000",Oil and gas,Energy,Greece
5913,12024,Jitendra Virwani,"$1,900,000,000",Real estate,Real Estate,India
5914,12024,Wang Chaobin,"$1,900,000,000",Real estate,Real Estate,China
5915,12024,Wang Ren-sheng,"$1,900,000,000",Retail,Fashion & Retail,Taiwan
5916,12024,Charlotte Colket Weber,"$1,900,000,000",Campbell Soup,Food & Beverage,United States
5917,12024,Xie Juhua,"$1,900,000,000",Pharmaceuticals,Healthcare,China
5918,12024,Xu Chuanhua,"$1,900,000,000","Chemicals, logistics",Manufacturing,China
5919,12024,Gavril Yushvaev,"$1,900,000,000","Precious metals, real estate",Finance & Investments,Russia
5920,12024,Zhang Hongwei,"$1,900,000,000","Oil, banking",Diversified,China
5921,12024,Anita Zucker,"$1,900,000,000",Chemicals,Manufacturing,United States
5996,12024,Cameron Adams,"$1,800,000,000",Software,Technology,Australia
5997,12024,Will Adderley,"$1,800,000,000",Home furnishings,Fashion & Retail,United Kingdom
5998,12024,Faisal Bin Qassim Al Thani,"$1,800,000,000","Hotels, diversified",Diversified,Qatar
5999,12024,Leslie Alexander,"$1,800,000,000",Sports team,Sports,United States
6000,12024,Masaaki Arai,"$1,800,000,000",Home sales,Real Estate,Japan
6001,12024,Sabrina Benetton,"$1,800,000,000","Fashion retail, investments",Fashion & Retail,Italy
6002,12024,Sanjeev Bikhchandani,"$1,800,000,000",Internet,Technology,India
6003,12024,O. Francis Biondi,"$1,800,000,000",Hedge funds,Finance & Investments,United States
6004,12024,Alejandro Bulgheroni,"$1,800,000,000",Oil & gas,Energy,Argentina
6005,12024,R.G. Chandramogan,"$1,800,000,000",Dairy,Food & Beverage,India
6006,12024,Binod Chaudhary,"$1,800,000,000",Diversified,Diversified,Nepal
6007,12024,Parker Conrad,"$1,800,000,000",Software,Technology,United States
6008,12024,Tim Cook,"$1,800,000,000",Apple,Technology,United States
6009,12024,Mark Coombs,"$1,800,000,000",Finance,Finance & Investments,United Kingdom
6010,12024,John de Mol,"$1,800,000,000",TV programs,Media & Entertainment,Netherlands
6011,12024,D. Leopoldo Del Pino,"$1,800,000,000",Construction,Construction & Engineering,Spain
6012,12024,Diao Zhizhong,"$1,800,000,000",Software,Technology,China
6013,12024,Robert Duggan,"$1,800,000,000",Pharmaceuticals,Healthcare,United States
6014,12024,James France,"$1,800,000,000","Nascar, racing",Sports,United States
6016,12024,Jayme Garfinkel,"$1,800,000,000",Insurance,Finance & Investments,Brazil
6017,12024,Christopher Goldsbury,"$1,800,000,000",Salsa,Food & Beverage,United States
6018,12024,Yusuf Hamied,"$1,800,000,000",Pharmaceuticals,Healthcare,India
6019,12024,Brian Higgins,"$1,800,000,000",Hedge funds,Finance & Investments,United States
6020,12024,Wei Huang,"$1,800,000,000",Real estate,Real Estate,China
6021,12024,Jiang Yintai,"$1,800,000,000",Auto parts,Automotive,China
6022,12024,Jin Lei,"$1,800,000,000",Pharmaceuticals,Healthcare,China
6023,12024,Jin Lei,"$1,800,000,000",Medical equipment,Healthcare,China
6024,12024,Valentin Kipyatkov,"$1,800,000,000",Software,Technology,Cyprus
6025,12024,Koo Kwang-mo,"$1,800,000,000",LG,Diversified,South Korea
6026,12024,George Kurtz,"$1,800,000,000",Security software,Technology,United States
6027,12024,Joe Lacob,"$1,800,000,000",Golden State Warriors,Sports,United States
6028,12024,Joe Lau,"$1,800,000,000","Blockchain, technology",Technology,United States
6029,12024,Louise Lindh,"$1,800,000,000",Investments,Diversified,Sweden
6030,12024,Luo Yangyong,"$1,800,000,000",Mining,Metals & Mining,China
6031,12024,Joao Roberto Marinho,"$1,800,000,000",Media,Media & Entertainment,Brazil
6032,12024,Jose Roberto Marinho,"$1,800,000,000",Media,Media & Entertainment,Brazil
6033,12024,Roberto Irineu Marinho,"$1,800,000,000",Media,Media & Entertainment,Brazil
6034,12024,Gary Michelson,"$1,800,000,000",Medical patents,Healthcare,United States
6035,12024,Robert G. Miller,"$1,800,000,000",Electronics components,Technology,Canada
6036,12024,David Mindus,"$1,800,000,000",Real estate,Real Estate,Sweden
6037,12024,Adriaan Mol,"$1,800,000,000",Fintech,Technology,Netherlands
6038,12024,Mofatraj Munot,"$1,800,000,000",Real estate,Real Estate,India
6039,12024,Ezra Nahmad,"$1,800,000,000",Art,Finance & Investments,Monaco
6040,12024,Satyanarayan Nuwal,"$1,800,000,000",Industrial explosives,Manufacturing,India
6041,12024,Maike Oberwelland-Height,"$1,800,000,000",Candy,Food & Beverage,Germany
6042,12024,Nihat Ozdemir,"$1,800,000,000",Diversified,Diversified,Turkey
6043,12024,Benjamin Zhengmin Pan,"$1,800,000,000",Electronics,Technology,China
6044,12024,Pierre Karl Péladeau,"$1,800,000,000",Media,Media & Entertainment,Canada
6045,12024,Ronald Perelman,"$1,800,000,000",Leveraged buyouts,Finance & Investments,United States
6046,12024,Olivier Pomel,"$1,800,000,000",Cloud computing,Technology,France
6047,12024,Krit Ratanarak,"$1,800,000,000","Media, real estate",Media & Entertainment,Thailand
6048,12024,Vinod Saraf,"$1,800,000,000",Chemicals,Manufacturing,India
6049,12024,Karin Schick,"$1,800,000,000",Information technology,Technology,Germany
6050,12024,Anatoly Sedykh,"$1,800,000,000",Steel pipes,Metals & Mining,Russia
6051,12024,Shao Genhuo,"$1,800,000,000",Agribusiness,Food & Beverage,China
6052,12024,Shen Xiqiang,"$1,800,000,000",Chemical,Energy,China
6053,12024,S.D. Shibulal,"$1,800,000,000",Software services,Technology,India
6054,12024,Suh Kyung-bae,"$1,800,000,000",Cosmetics,Fashion & Retail,South Korea
6055,12024,Bambang Sutantio,"$1,800,000,000",Dairy & consumer products,Food & Beverage,Indonesia
6056,12024,Sze Man Bok,"$1,800,000,000",Hygiene products,Manufacturing,China
6057,12024,Jim Thompson,"$1,800,000,000",Logistics,Logistics,United Kingdom
6058,12024,Tran Dinh Long,"$1,800,000,000",Steel,Manufacturing,Vietnam
6059,12024,Alan Trefler,"$1,800,000,000",Software,Technology,United States
6060,12024,Riaz Valani,"$1,800,000,000",E-cigarettes,Finance & Investments,United States
6061,12024,Pieter van der Does,"$1,800,000,000",Payments software,Technology,Netherlands
6062,12024,Martin Viessmann,"$1,800,000,000",Heating and cooling equipment,Manufacturing,Germany
6063,12024,Nikil Viswanathan,"$1,800,000,000",Blockchain technology,Technology,United States
6064,12024,Todd Wagner,"$1,800,000,000",Online media,Media & Entertainment,United States
6065,12024,Evan Williams,"$1,800,000,000",Twitter,Technology,United States
6066,12024,Kie Chie Wong,"$1,800,000,000",Investments,Metals & Mining,Malaysia
6067,12024,Thomas Wu,"$1,800,000,000",Finance,Finance & Investments,Taiwan
6068,12024,Wu Yingming,"$1,800,000,000",Batteries,Energy,China
6069,12024,Amy Wyss,"$1,800,000,000",Medical equipment,Healthcare,United States
6070,12024,Yan Zhi,"$1,800,000,000",Real estate,Real Estate,China
6071,12024,Yoshiaki Yoshida,"$1,800,000,000",cosmetics,Fashion & Retail,Japan
6072,12024,Alan Zekelman,"$1,800,000,000",Steel,Manufacturing,Canada
6073,12024,Zhang Li,"$1,800,000,000",Real estate,Real Estate,China
6175,12024,Amy Adams Strunk,"$1,700,000,000",Tennessee Titans,Sports,United States
6177,12024,Giovanni Arvedi,"$1,700,000,000",Steel,Metals & Mining,Italy
6178,12024,Lesley Bamberger,"$1,700,000,000",Real estate,Real Estate,Netherlands
6179,12024,Bang Si-hyuk,"$1,700,000,000",Entertainment,Media & Entertainment,South Korea
6180,12024,David Booth,"$1,700,000,000",Mutual funds,Finance & Investments,United States
6181,12024,Jim Breyer,"$1,700,000,000",Venture capital,Technology,United States
6182,12024,Chen Kaichen,"$1,700,000,000",Household chemicals,Manufacturing,China
6183,12024,Kommer Damen,"$1,700,000,000",Shipbuilding,Manufacturing,Netherlands
6184,12024,Carl DeSantis,"$1,700,000,000",Energy drink,Food & Beverage,United States
6185,12024,Marek Dospiva,"$1,700,000,000",Investments,Finance & Investments,Czech Republic
6186,12024,Keith Dunleavy,"$1,700,000,000",Health IT,Healthcare,United States
6187,12024,John Elkann,"$1,700,000,000","FIAT, investments",Finance & Investments,Italy
6188,12024,Francois Feuillet,"$1,700,000,000","Motorhomes, RVs",Automotive,France
6189,12024,Yasuhiro Fukushima,"$1,700,000,000",Video games,Media & Entertainment,Japan
6190,12024,Mario Gabelli,"$1,700,000,000",Money management,Finance & Investments,United States
6191,12024,Rolf Gerling,"$1,700,000,000",Insurance,Finance & Investments,Germany
6192,12024,John Goff,"$1,700,000,000",Real estate,Real Estate,United States
6193,12024,Alexandre Grendene Bartelle,"$1,700,000,000",Shoes,Fashion & Retail,Brazil
6194,12024,Gerry Harvey,"$1,700,000,000",Retail,Fashion & Retail,Australia
6195,12024,He Zhaoxi,"$1,700,000,000",Software,Technology,China
6196,12024,William Heinecke,"$1,700,000,000",Hotels,Real Estate,Thailand
6197,12024,Jay Hennick,"$1,700,000,000",Real estate finance,Finance & Investments,Canada
6198,12024,Ilkka Herlin,"$1,700,000,000","Elevators, escalators",Manufacturing,Finland
6199,12024,Asok Kumar Hiranandani,"$1,700,000,000",Real estate,Real Estate,Singapore
6200,12024,Hal Jackman,"$1,700,000,000","Insurance, investments",Finance & Investments,Canada
6201,12024,Pavan Jain,"$1,700,000,000",Chemicals,Manufacturing,India
6202,12024,Keeree Kanjanapas,"$1,700,000,000",Transportation,Real Estate,Thailand
6203,12024,Osman Kibar,"$1,700,000,000",Biotech,Healthcare,United States
6204,12024,Kim Chang-soo,"$1,700,000,000",Apparel,Fashion & Retail,South Korea
6205,12024,Kim Jung-min,"$1,700,000,000",Online gaming,Media & Entertainment,South Korea
6206,12024,Kim Jung-youn,"$1,700,000,000",Online gaming,Media & Entertainment,South Korea
6207,12024,Mustafa Kucuk,"$1,700,000,000",Fashion retail,Fashion & Retail,Turkey
6208,12024,Christopher Kwok,"$1,700,000,000",Real estate,Real Estate,Hong Kong
6209,12024,Edward Kwok,"$1,700,000,000",Real estate,Real Estate,Hong Kong
6210,12024,Lai Jianfa,"$1,700,000,000",Express delivery,Logistics,China
6211,12024,Lau Cho Kun,"$1,700,000,000","Palm oil, property",Diversified,Malaysia
6212,12024,Alexis Lê-Quôc,"$1,700,000,000",Cloud computing,Technology,United States
6213,12024,Lei Jufang,"$1,700,000,000",Pharmaceuticals,Healthcare,China
6214,12024,James Leininger,"$1,700,000,000",Medical products,Healthcare,United States
6215,12024,Li Xuhui,"$1,700,000,000",Soy sauce,Food & Beverage,China
6216,12024,Jimmy John Liautaud,"$1,700,000,000",Sandwich chain,Food & Beverage,United States
6217,12024,Lin Lairong,"$1,700,000,000",Iron ore mining,Metals & Mining,China
6218,12024,Lu Di,"$1,700,000,000",Drones,Technology,China
6220,12024,Duncan MacMillan,"$1,700,000,000",Bloomberg LP,Finance & Investments,United States
6221,12024,Yusaku Maezawa,"$1,700,000,000",Online retail,Technology,Japan
6222,12024,Ilson Mateus,"$1,700,000,000",Supermarkets,Fashion & Retail,Brazil
6223,12024,Meng Qingshan,"$1,700,000,000",Chemicals,Manufacturing,China
6224,12024,Alberto Palatchi,"$1,700,000,000",Wedding dresses,Fashion & Retail,Spain
6225,12024,Mrudula Parekh,"$1,700,000,000",Adhesives,Manufacturing,India
6226,12024,Dragos Paval,"$1,700,000,000",Retail,Fashion & Retail,Romania
6227,12024,Jorge Perez,"$1,700,000,000",Real estate,Real Estate,United States
6228,12024,Dmitry Pumpyansky,"$1,700,000,000",Steel pipes,Metals & Mining,Russia
6229,12024,Ren Jinsheng,"$1,700,000,000",Pharmaceutical,Healthcare,China
6230,12024,Brian Roberts,"$1,700,000,000",Comcast,Media & Entertainment,United States
6231,12024,"Joe Rogers, Jr.","$1,700,000,000",Waffle House,Food & Beverage,United States
6232,12024,Ruan Shuilong,"$1,700,000,000",Chemicals,Manufacturing,China
6233,12024,Paul Saville,"$1,700,000,000",Homebuilder,Real Estate,United States
6234,12024,Ivan Savvidis,"$1,700,000,000",Agribusiness,Diversified,Russia
6235,12024,Keiichi Shibahara,"$1,700,000,000",Healthcare,Healthcare,Japan
6236,12024,Rajju Shroff,"$1,700,000,000",Agrochemicals,Manufacturing,India
6237,12024,Sun Huaiqing,"$1,700,000,000",Cosmetics,Fashion & Retail,China
6238,12024,Alain Taravella,"$1,700,000,000",Real estate development,Real Estate,France
6239,12024,Jonathan Tisch,"$1,700,000,000","Insurance, NFL team",Diversified,United States
6240,12024,Kenneth Tuchman,"$1,700,000,000",Call centers,Service,United States
6241,12024,Wang Chou-hsiong,"$1,700,000,000",Footwear,Manufacturing,Taiwan
6242,12024,Wang Minwen,"$1,700,000,000",Semiconductor,Technology,China
6243,12024,Tom Werner,"$1,700,000,000",Sports teams,Sports,United States
6244,12024,Stephen Winn,"$1,700,000,000",Real estate services,Real Estate,United States
6245,12024,Ian Wood,"$1,700,000,000",Energy services,Energy,United Kingdom
6246,12024,Wu Lanlan,"$1,700,000,000",Packaging,Manufacturing,China
6247,12024,Xu Bingzhong,"$1,700,000,000",Bars,Food & Beverage,China
6248,12024,Yang Xuegang,"$1,700,000,000",Coking,Manufacturing,China
6249,12024,Vladimir Yevtushenkov,"$1,700,000,000","Telecom, investments",Telecom,Russia
6250,12024,David Zalik,"$1,700,000,000",Financial technology,Technology,United States
6251,12024,Zhang Xiaojuan,"$1,700,000,000",Logistics,Logistics,China
6252,12024,Zheng Xiaodong,"$1,700,000,000",Manufacturing,Manufacturing,China
6253,12024,Zhong Ruonong,"$1,700,000,000",Electronics,Manufacturing,China
6356,12024,Noubar Afeyan,"$1,600,000,000",Biotech,Healthcare,United States
6357,12024,Syed Mokhtar AlBukhary,"$1,600,000,000","Engineering, automotive",Construction & Engineering,Malaysia
6358,12024,"Herbert Allen, Jr.","$1,600,000,000",Investment banking,Finance & Investments,United States
6359,12024,Vasily Anisimov,"$1,600,000,000",Real estate,Metals & Mining,Croatia
6360,12024,Clifford Asness,"$1,600,000,000",Money management,Finance & Investments,United States
6361,12024,Louis Bacon,"$1,600,000,000",Hedge funds,Finance & Investments,United States
6362,12024,Bai Baokun,"$1,600,000,000",Hardware,Manufacturing,China
6363,12024,Alex Birkenstock,"$1,600,000,000",Shoes,Fashion & Retail,Germany
6364,12024,Christian Birkenstock,"$1,600,000,000",Shoes,Fashion & Retail,Germany
6365,12024,Josef Boquoi,"$1,600,000,000",Frozen foods,Food & Beverage,Germany
6366,12024,Cai Huabo,"$1,600,000,000",Electronics,Technology,China
6367,12024,Chen Tianshi,"$1,600,000,000",Semiconductors,Technology,China
6368,12024,Chen Yung-tai,"$1,600,000,000",Real estate,Real Estate,Taiwan
6369,12024,Chey Tae-won,"$1,600,000,000","Oil, semiconductor",Technology,South Korea
6370,12024,Ivan Chrenko,"$1,600,000,000",Real estate,Real Estate,Slovakia
6371,12024,Robert Clark,"$1,600,000,000",Construction,Construction & Engineering,United States
6372,12024,Jack Cockwell,"$1,600,000,000","Real estate, private equity",Finance & Investments,Canada
6373,12024,Tench Coxe,"$1,600,000,000",Venture capital,Finance & Investments,United States
6374,12024,Jim Crane,"$1,600,000,000","Logistics, baseball",Sports,United States
6375,12024,Norbert Dentressangle,"$1,600,000,000","Transport, logistics",Logistics,France
6376,12024,Jamie Dimon,"$1,600,000,000",Banking,Finance & Investments,United States
6377,12024,Daniel Dines,"$1,600,000,000",Software,Technology,Romania
6378,12024,Alfredo Egydio Arruda Villela Filho,"$1,600,000,000",Banking,Finance & Investments,Brazil
6379,12024,Gary Fegel,"$1,600,000,000","Commodities, investments",Metals & Mining,Switzerland
6380,12024,"William Foley, II.","$1,600,000,000",Financial services,Finance & Investments,United States
6381,12024,Richard Fortin,"$1,600,000,000",Convinience stores,Fashion & Retail,Canada
6382,12024,Gao Yi,"$1,600,000,000",Pharmaceuticals,Healthcare,China
6383,12024,Giammaria Giuliani,"$1,600,000,000",Pharmaceuticals,Healthcare,Switzerland
6384,12024,Bill Gross,"$1,600,000,000",Investments,Finance & Investments,United States
6385,12024,Sue Gross,"$1,600,000,000",Investments,Finance & Investments,United States
6386,12024,Irving Grousbeck,"$1,600,000,000","Telecommunication, sports",Sports,United States
6387,12024,Timothy Headington,"$1,600,000,000","Oil & gas, investments",Energy,United States
6388,12024,Ilona Herlin,"$1,600,000,000","Elevators, escalators",Manufacturing,Finland
6389,12024,David Hoffmann,"$1,600,000,000","Executive search, investments",Diversified,United States
6390,12024,Stanley Hubbard,"$1,600,000,000",DirecTV,Media & Entertainment,United States
6391,12024,Hui Lin Chit,"$1,600,000,000",Hygiene products,Manufacturing,China
6392,12024,Tianjiang Jia,"$1,600,000,000",Non-ferrous metals,Metals & Mining,China
6393,12024,Zhaobai Jiang,"$1,600,000,000",Real estate,Real Estate,China
6394,12024,Sergei Katsiev,"$1,600,000,000","Retail, wholesale",Fashion & Retail,Russia
6395,12024,Kim Jae-young,"$1,600,000,000",Online games,Media & Entertainment,South Korea
6396,12024,Randal J. Kirk,"$1,600,000,000",Pharmaceuticals,Healthcare,United States
6397,12024,William Koch,"$1,600,000,000","Oil, investments",Energy,United States
6398,12024,Pyotr Kondrashev,"$1,600,000,000",Investments,Manufacturing,Russia
6399,12024,Eiichi Kuriwada,"$1,600,000,000",Package delivery,Logistics,Japan
6401,12024,Anthony Langley,"$1,600,000,000",Manufacturing,Diversified,United Kingdom
6402,12024,Marianna Latsis,"$1,600,000,000","Banking, shipping",Diversified,Greece
6403,12024,Lee Yeow Seng,"$1,600,000,000","Palm oil, property",Real Estate,Malaysia
6404,12024,Li Sze Lim,"$1,600,000,000",Real estate,Real Estate,Hong Kong
6405,12024,Li Wa,"$1,600,000,000",Real estate,Real Estate,Hong Kong
6406,12024,Li Weiwei,"$1,600,000,000",Online games,Technology,China
6407,12024,Liang Qin,"$1,600,000,000",Semiconductor devices,Technology,China
6408,12024,Vincent Lo,"$1,600,000,000",Real estate,Real Estate,Hong Kong
6409,12024,Terence (Terry) Matthews,"$1,600,000,000",Telecom,Telecom,Canada
6410,12024,Jim McKelvey,"$1,600,000,000",Mobile payments,Technology,United States
6411,12024,P.N.C. Menon,"$1,600,000,000",Real estate,Real Estate,Oman
6412,12024,Massimo Moratti,"$1,600,000,000",Oil refinery,Energy,Italy
6413,12024,Liora Ofer,"$1,600,000,000",Investments,Finance & Investments,Israel
6414,12024,Stefan Pierer,"$1,600,000,000",Automotive,Automotive,Austria
6415,12024,Andreas Pohl,"$1,600,000,000",Mutual funds,Finance & Investments,Germany
6416,12024,"Reinfried Pohl, Jr.","$1,600,000,000",Mutual funds,Finance & Investments,Germany
6417,12024,Michael Polsky,"$1,600,000,000",Electric power,Energy,United States
6418,12024,Francisco Jose Riberas Mera,"$1,600,000,000","Steel, autoparts",Manufacturing,Spain
6419,12024,Juan Maria Riberas Mera,"$1,600,000,000","Steel, investments",Metals & Mining,Spain
6420,12024,Andres Santo Domingo,"$1,600,000,000",Beer,Food & Beverage,United States
6421,12024,Sathien Sathientham,"$1,600,000,000",energy drinks,Food & Beverage,Thailand
6422,12024,Shang Xiaobo,"$1,600,000,000",Manufacturing,Manufacturing,China
6423,12024,Yuri Shefler,"$1,600,000,000",Alcohol,Food & Beverage,Russia
6424,12024,Evgeny (Eugene) Shvidler,"$1,600,000,000","Metals, investments",Metals & Mining,United States
6425,12024,Ryan Smith,"$1,600,000,000",Cloud computing,Technology,United States
6426,12024,Zakhar Smushkin,"$1,600,000,000","Pulp and paper, diversified",Diversified,Russia
6427,12024,Peter Sperling,"$1,600,000,000",Education,Service,United States
6428,12024,Laurie Tisch,"$1,600,000,000","Insurance, NFL team",Diversified,United States
6429,12024,Steven Tisch,"$1,600,000,000",Insurance,Diversified,United States
6430,12024,Michael Tojner,"$1,600,000,000","Batteries, investments",Manufacturing,Austria
6432,12024,Tseng Sing-ai,"$1,600,000,000",Petrochemicals,Manufacturing,Taiwan
6433,12024,Sekar Vembu,"$1,600,000,000",Business software,Technology,India
6434,12024,Chris Wallin,"$1,600,000,000",Mining,Energy,Australia
6435,12024,Wang Changtian,"$1,600,000,000","TV, movie production",Media & Entertainment,China
6436,12024,Wang Ning,"$1,600,000,000",Toys,Media & Entertainment,China
6437,12024,Scott Watterson,"$1,600,000,000",Fitness equipment,Technology,United States
6438,12024,Dan Wilks,"$1,600,000,000",Natural gas,Energy,United States
6439,12024,Alan Wilson,"$1,600,000,000",Retailing,Fashion & Retail,Australia
6440,12024,Bruce Wilson,"$1,600,000,000",Retailing,Fashion & Retail,Australia
6441,12024,John Wilson,"$1,600,000,000",Retailing,Fashion & Retail,Australia
6442,12024,Anthony Wood,"$1,600,000,000",Roku,Technology,United States
6443,12024,Wu Ying,"$1,600,000,000",Materials,Manufacturing,China
6444,12024,Wu Yulan,"$1,600,000,000",Pharmaceuticals,Healthcare,China
6445,12024,Wu Zhongyi,"$1,600,000,000",electronics,Technology,China
6446,12024,Xiang Guangming,"$1,600,000,000",Waste disposal,Manufacturing,China
6447,12024,Xue Xiangdong,"$1,600,000,000",Software,Technology,China
6448,12024,George Yancopoulos,"$1,600,000,000",Pharmaceuticals,Healthcare,United States
6449,12024,Steven Meng Yang,"$1,600,000,000",Electronics,Technology,China
6450,12024,Ye Fan,"$1,600,000,000",Auto dealerships,Automotive,China
6451,12024,Yi Dasheng,"$1,600,000,000",Conglomerate,Diversified,China
6452,12024,Yu Lili,"$1,600,000,000",Electronic components,Manufacturing,China
6453,12024,Zeng Kaitian,"$1,600,000,000",Online games,Technology,China
6454,12024,Zhang Xuexin,"$1,600,000,000",Aluminum,Metals & Mining,China
6455,12024,Zhang Yubai,"$1,600,000,000",Wine,Food & Beverage,China
6456,12024,Fredrik Österberg,"$1,600,000,000",Gambling products,Gambling & Casinos,Sweden
6544,12024,Shiv Kishan Agrawal,"$1,500,000,000",Snacks,Food & Beverage,India
6545,12024,Aziz Akhannouch,"$1,500,000,000","Petroleum, diversified",Diversified,Morocco
6546,12024,Hamdi Akin,"$1,500,000,000",Diversified,Diversified,Turkey
6547,12024,Nerio Alessandri,"$1,500,000,000",Gym equipment,Manufacturing,Italy
6548,12024,Alexandra Andresen,"$1,500,000,000",Investments,Diversified,Norway
6549,12024,Katharina Andresen,"$1,500,000,000",Investments,Diversified,Norway
6550,12024,Patricia Angelini Rossi,"$1,500,000,000","Forestry, mining",Diversified,Chile
6551,12024,Mori Arkin,"$1,500,000,000",Pharmaceuticals,Healthcare,Israel
6552,12024,Barbara Benetton,"$1,500,000,000","Fashion retail, investments",Fashion & Retail,Italy
6553,12024,Angela Bennett,"$1,500,000,000",Mining,Metals & Mining,Australia
6554,12024,Zadik Bino,"$1,500,000,000","Banking, oil",Diversified,Israel
6555,12024,Paolo Bulgari,"$1,500,000,000",Luxury goods,Fashion & Retail,Italy
6556,12024,Saket Burman,"$1,500,000,000",Consumer goods,Food & Beverage,United Kingdom
6557,12024,Ahmet Calik,"$1,500,000,000","Energy, banking, construction",Diversified,Turkey
6558,12024,Safra Catz,"$1,500,000,000",Software,Technology,United States
6559,12024,Chang Kuo-Hua,"$1,500,000,000","Shipping, airlines",Logistics,Taiwan
6560,12024,Chu Jian,"$1,500,000,000",Manufacturing,Manufacturing,China
6561,12024,Sandor Csanyi,"$1,500,000,000","Finance, real estate",Diversified,Hungary
6562,12024,Ana Lucia de Mattos Barretto Villela,"$1,500,000,000",Banking,Finance & Investments,Brazil
6563,12024,Federico De Nora,"$1,500,000,000",Electrodes,Manufacturing,Italy
6564,12024,Bharat Desai,"$1,500,000,000",IT consulting,Technology,United States
6565,12024,Mohammed Dewji,"$1,500,000,000",Diversified,Diversified,Tanzania
6566,12024,Egon Durban,"$1,500,000,000",Private equity,Finance & Investments,United States
6567,12024,Fu Mingkang,"$1,500,000,000",Manufacturing,Manufacturing,China
6568,12024,Alan Gerry,"$1,500,000,000",Cable television,Media & Entertainment,United States
6569,12024,Philippe Ginestet,"$1,500,000,000",Retail stores,Fashion & Retail,France
6570,12024,G. Gnanalingam,"$1,500,000,000",Ports,Logistics,Malaysia
6571,12024,Esther Grether,"$1,500,000,000",Art collection,Fashion & Retail,Switzerland
6572,12024,Gu Wei,"$1,500,000,000",Consumer electronics,Manufacturing,China
6573,12024,Patrick Hanrahan,"$1,500,000,000",Software,Technology,United States
6574,12024,Kenneth Hao,"$1,500,000,000",Private equity,Finance & Investments,United States
6575,12024,Jaroslav Hascak,"$1,500,000,000",Investments,Finance & Investments,Slovakia
6576,12024,He Zhenggang,"$1,500,000,000",Chemicals,Manufacturing,China
6577,12024,Niranjan Hiranandani,"$1,500,000,000",Real estate,Real Estate,India
6578,12024,Ho Hung Anh,"$1,500,000,000","Consumer products, banking",Finance & Investments,Vietnam
6579,12024,Archie Hwang,"$1,500,000,000",Semiconductors,Technology,Taiwan
6580,12024,Peter Jackson,"$1,500,000,000","Movies, digital effects",Media & Entertainment,New Zealand
6581,12024,Stephen Jarislowsky,"$1,500,000,000",Money management,Finance & Investments,Canada
6582,12024,Rajeev Juneja,"$1,500,000,000",Phamaceuticals,Healthcare,India
6583,12024,Ramesh Juneja,"$1,500,000,000",Pharmaceuticals,Healthcare,India
6584,12024,Ke Xiping,"$1,500,000,000",Investments,Diversified,China
6585,12024,Kim Jun-ki,"$1,500,000,000",Diversified,Diversified,South Korea
6586,12024,Sidney Kimmel,"$1,500,000,000",Retail,Fashion & Retail,United States
6587,12024,Jim Koch,"$1,500,000,000",Beer,Food & Beverage,United States
6588,12024,Raj Kumar,"$1,500,000,000","Real estate, hotels",Real Estate,Singapore
6589,12024,Spiro Latsis,"$1,500,000,000","Banking, shipping",Diversified,Greece
6590,12024,Peter Leibinger,"$1,500,000,000",Machine tools,Manufacturing,Germany
6591,12024,Regine Leibinger,"$1,500,000,000",Machine tools,Manufacturing,Germany
6592,12024,Nicola Leibinger-Kammueller,"$1,500,000,000",Manufacturing,Manufacturing,Germany
6593,12024,Li Jianli,"$1,500,000,000",Lithium-ion battery cap,Manufacturing,China
6594,12024,Li Jiaquan,"$1,500,000,000",Chemicals,Manufacturing,China
6595,12024,Li Rucheng,"$1,500,000,000",Apparel,Fashion & Retail,China
6596,12024,Li Shui-po,"$1,500,000,000",Stainless steel products,Manufacturing,Taiwan
6597,12024,Scott Lin,"$1,500,000,000",Optical components,Technology,Taiwan
6598,12024,Liu Xiucai,"$1,500,000,000",Chemicals,Manufacturing,United States
6599,12024,Lu Zhongfang,"$1,500,000,000",Education,Automotive,China
6600,12024,Lu Zongjun,"$1,500,000,000",Logistics,Logistics,China
6601,12024,Youssef Mansour,"$1,500,000,000",Diversified,Diversified,Egypt
6602,12024,Bruce Mathieson,"$1,500,000,000",Hotels,Real Estate,Australia
6603,12024,Romano Minozzi,"$1,500,000,000","Utilities, diversified",Diversified,Italy
6604,12024,Greg Mondre,"$1,500,000,000",Private equity,Finance & Investments,United States
6605,12024,Mario Moretti Polegato,"$1,500,000,000",Shoes,Fashion & Retail,Italy
6606,12024,Robert Mouawad,"$1,500,000,000",Fine jewelry,Service,Lebanon
6607,12024,Jerry Moyes,"$1,500,000,000",Transportation,Logistics,United States
6608,12024,John Ocampo,"$1,500,000,000",Semiconductors,Technology,United States
6609,12024,Stefan Olsson,"$1,500,000,000",Diversified,Diversified,Sweden
6610,12024,Rubens Ometto Silveira Mello,"$1,500,000,000","Sugar, ethanol",Energy,Brazil
6611,12024,Anne Marie See Pastor,"$1,500,000,000",Finance,Finance & Investments,Peru
6612,12024,George Pastor,"$1,500,000,000",Finance,Finance & Investments,Peru
6613,12024,Nelson Peltz,"$1,500,000,000",Investments,Finance & Investments,United States
6614,12024,David Peñaloza Alanís,"$1,500,000,000",Toll roads,Construction & Engineering,Mexico
6615,12024,Karl-Johan Persson,"$1,500,000,000",H&M,Fashion & Retail,Sweden
6616,12024,Mike Repole,"$1,500,000,000",Sports drink,Food & Beverage,United States
6617,12024,Duke Reyes,"$1,500,000,000",Beer distribution,Food & Beverage,United States
6618,12024,Kishin RK,"$1,500,000,000","Real estate, hotels",Real Estate,Singapore
6619,12024,Carlos Rodriguez-Pastor,"$1,500,000,000",Finance,Finance & Investments,Peru
6620,12024,Christopher Rokos,"$1,500,000,000",Hedge fund,Finance & Investments,United Kingdom
6621,12024,John Ruiz,"$1,500,000,000",Healthcare services,Service,United States
6622,12024,Sheryl Sandberg,"$1,500,000,000",Facebook,Technology,United States
6623,12024,Amnon Shashua,"$1,500,000,000",Automotive technology,Automotive,Israel
6624,12024,Ben Silbermann,"$1,500,000,000",Social media,Media & Entertainment,United States
6625,12024,Ron Sim,"$1,500,000,000",retail,Fashion & Retail,Singapore
6626,12024,Leonid Simanovsky,"$1,500,000,000",Investments,Finance & Investments,Russia
6627,12024,Basudeo Singh,"$1,500,000,000",Pharmaceuticals,Healthcare,India
6628,12024,Frank Slootman,"$1,500,000,000",Software,Technology,United States
6629,12024,Terry Snow,"$1,500,000,000","Airports, real estate",Real Estate,Australia
6630,12024,Axel Stawski,"$1,500,000,000",Real estate,Real Estate,United States
6631,12024,Thomas Steyer,"$1,500,000,000",Hedge funds,Finance & Investments,United States
6632,12024,Sergei Studennikov,"$1,500,000,000","Liquor stores, supermarkets",Fashion & Retail,Russia
6633,12024,Su Suyu,"$1,500,000,000","Utilities, real estate",Real Estate,China
6634,12024,Kevin Systrom,"$1,500,000,000",Instagram,Technology,United States
6635,12024,Tan Lili,"$1,500,000,000",Feed,Food & Beverage,China
6636,12024,Tang Binsen,"$1,500,000,000",Beverages,Food & Beverage,China
6637,12024,Tang Rui,"$1,500,000,000",Semiconductors,Technology,China
6638,12024,Prachak Tangkaravakoon,"$1,500,000,000",Paints,Manufacturing,Thailand
6639,12024,Jeff Tangney,"$1,500,000,000",Healthcare IT,Healthcare,United States
6640,12024,Yuequn Tao,"$1,500,000,000",Contact Lens,Fashion & Retail,China
6641,12024,David Teoh,"$1,500,000,000",Telecom,Telecom,Australia
6642,12024,Carmen Thyssen,"$1,500,000,000","Investments, art",Manufacturing,Spain
6643,12024,Tran Ba Duong,"$1,500,000,000",Automotive,Automotive,Vietnam
6644,12024,Kenny Troutt,"$1,500,000,000",Telecom,Telecom,United States
6645,12024,Jens von Bahr,"$1,500,000,000",Gambling products,Gambling & Casinos,Sweden
6646,12024,Wang Junmin,"$1,500,000,000",Pharmaceuticals,Healthcare,China
6647,12024,Weng Xianding,"$1,500,000,000",Medical devices,Healthcare,China
6648,12024,Farris Wilks,"$1,500,000,000",Natural gas,Energy,United States
6649,12024,Gordon Wu,"$1,500,000,000",Real estate,Real Estate,Hong Kong
6650,12024,Xiong Wu,"$1,500,000,000",Software,Technology,China
6651,12024,Xu Zhenhua,"$1,500,000,000",Online games,Media & Entertainment,China
6652,12024,Xu Zhihan,"$1,500,000,000",Electronics,Technology,China
6653,12024,Yang Tingdong,"$1,500,000,000",Brewery,Food & Beverage,China
6654,12024,Michael Minhong Yu,"$1,500,000,000",Education,Service,China
6655,12024,Justin Yuan,"$1,500,000,000",Online games,Media & Entertainment,China
6656,12024,Zhang Bangxin,"$1,500,000,000",Education,Service,China
6657,12024,Zhang Hong,"$1,500,000,000",Solar,Energy,China
6658,12024,Zhou Zongwen,"$1,500,000,000",Jewelry,Fashion & Retail,China
6755,12024,Antti Aarnio-Wihuri,"$1,400,000,000",Diversified,Diversified,Finland
6756,12024,Alberto Alcocer,"$1,400,000,000",Investments,Finance & Investments,Spain
6757,12024,Nigel Austin,"$1,400,000,000",Retail,Fashion & Retail,Australia
6758,12024,Binny Bansal,"$1,400,000,000",Flipkart,Technology,India
6759,12024,Girdhari Lal Bawri,"$1,400,000,000",Pharmaceuticals,Healthcare,India
6760,12024,John Bloor,"$1,400,000,000","Real estate, manufacturing",Diversified,United Kingdom
6761,12024,Vladimir Bogdanov,"$1,400,000,000",Oil,Energy,Russia
6762,12024,Amit Burman,"$1,400,000,000",Consumer goods,Food & Beverage,India
6763,12024,Cai Jianyong,"$1,400,000,000",Nickel,Metals & Mining,China
6764,12024,Steve Case,"$1,400,000,000",AOL,Technology,United States
6765,12024,Chen Wenyuan,"$1,400,000,000",Testing equipment,Technology,China
6766,12024,Chua Thian Poh,"$1,400,000,000",Real estate,Real Estate,Singapore
6767,12024,Sasson Dayan,"$1,400,000,000",Banking,Finance & Investments,Brazil
6768,12024,Chris Ellison,"$1,400,000,000",Mining,Metals & Mining,Australia
6769,12024,John Farber,"$1,400,000,000",Chemicals,Manufacturing,United States
6770,12024,J. Christopher Flowers,"$1,400,000,000",Investments,Finance & Investments,United States
6771,12024,Reinold Geiger,"$1,400,000,000",Beauty products,Fashion & Retail,Austria
6772,12024,Ali Ghodsi,"$1,400,000,000",Data analytics,Technology,Sweden
6773,12024,Lance Gokongwei,"$1,400,000,000",Diversified,Diversified,Philippines
6774,12024,Guan Yihong,"$1,400,000,000",Restaurant,Food & Beverage,China
6775,12024,Rajinder Gupta,"$1,400,000,000","Textiles, paper",Manufacturing,India
6776,12024,Torstein Hagen,"$1,400,000,000",Cruises,Service,Norway
6777,12024,Ayman Hariri,"$1,400,000,000","Construction, investments",Construction & Engineering,Lebanon
6778,12024,Alfredo Harp Helu,"$1,400,000,000","Banking, investments",Finance & Investments,Mexico
6779,12024,He Xiaopeng,"$1,400,000,000",Electric vehicles,Automotive,China
6780,12024,Christoph Henkel,"$1,400,000,000",Consumer goods,Fashion & Retail,Germany
6781,12024,Daniel Hirschfeld,"$1,400,000,000",Fashion retail,Fashion & Retail,United States
6782,12024,Drew Houston,"$1,400,000,000",Cloud storage service,Technology,United States
6783,12024,Huang Jinxiang,"$1,400,000,000",Chemicals,Manufacturing,China
6784,12024,Rameshchandra Jain,"$1,400,000,000",Textiles,Manufacturing,India
6785,12024,Ke Zunhong,"$1,400,000,000",Pharmaceuticals,Healthcare,China
6786,12024,Kim Taek-jin,"$1,400,000,000",Online games,Media & Entertainment,South Korea
6787,12024,Koh Wee Meng,"$1,400,000,000","Real estate, hotels",Real Estate,Singapore
6788,12024,Sergei Kolesnikov,"$1,400,000,000",Building materials,Manufacturing,Russia
6789,12024,Hemendra Kothari,"$1,400,000,000",Financial services,Finance & Investments,India
6790,12024,Sebastian Kulczyk,"$1,400,000,000",Diversified,Finance & Investments,Poland
6791,12024,Kwee Liong Keng,"$1,400,000,000",Real estate,Real Estate,Singapore
6792,12024,Kwee Liong Phing,"$1,400,000,000",Real estate,Real Estate,Singapore
6793,12024,Kwee Liong Seen,"$1,400,000,000",Real estate,Real Estate,Singapore
6794,12024,Kwee Liong Tek,"$1,400,000,000",Real estate,Real Estate,Singapore
6795,12024,Kwek Leng Keow,"$1,400,000,000",Diversified,Diversified,Singapore
6796,12024,Kwek Leng Peck,"$1,400,000,000",Diversified,Diversified,Singapore
6797,12024,Raymond Kwok,"$1,400,000,000",Real estate,Real Estate,Hong Kong
6798,12024,Lee Ho-jin,"$1,400,000,000",Diversified,Diversified,South Korea
6799,12024,Michael Lee-Chin,"$1,400,000,000",Mutual funds,Finance & Investments,Canada
6800,12024,Manfredi Lefebvre d'Ovidio,"$1,400,000,000",Cruises,Service,Italy
6801,12024,Bernard Lewis,"$1,400,000,000",Fashion retailer,Fashion & Retail,United Kingdom
6802,12024,Li Jinyang,"$1,400,000,000",Mining,Metals & Mining,China
6803,12024,William Li,"$1,400,000,000",Electric vehicles,Automotive,China
6804,12024,Jenny Lindén Urnes,"$1,400,000,000",Powdered metal,Manufacturing,Sweden
6805,12024,Liu Fangyi,"$1,400,000,000",Medical equipment,Healthcare,China
6806,12024,K.C. Liu,"$1,400,000,000",Manufacturing,Technology,Taiwan
6807,12024,Liu Ming Chung,"$1,400,000,000",Paper,Manufacturing,Brazil
6808,12024,Anatoly Lomakin,"$1,400,000,000",Investments,Metals & Mining,Russia
6809,12024,Brandt Louie,"$1,400,000,000",Drugstores,Food & Beverage,Canada
6810,12024,Lucia Maggi,"$1,400,000,000",Agribusiness,Diversified,Brazil
6811,12024,Gary Magness,"$1,400,000,000","Cable TV, investments",Media & Entertainment,United States
6812,12024,Mao Lixiang,"$1,400,000,000",Cooking appliances,Technology,China
6813,12024,David McMurtry,"$1,400,000,000",Manufacturing,Manufacturing,United Kingdom
6814,12024,Deepak Mehta,"$1,400,000,000",Chemicals,Manufacturing,India
6815,12024,Miao Shouliang,"$1,400,000,000",Real estate,Real Estate,China
6816,12024,Miao Yongjun,"$1,400,000,000",Clinical diagnostics,Healthcare,China
6817,12024,Yoshiko Mori,"$1,400,000,000",Real estate,Real Estate,Japan
6818,12024,Marius Nacht,"$1,400,000,000",Software,Technology,Israel
6819,12024,Tadako Nakatani,"$1,400,000,000",Medical diagnostic equipment,Healthcare,Japan
6820,12024,Vadim Novinsky,"$1,400,000,000",Steel,Metals & Mining,Ukraine
6821,12024,Niti Osathanugrah,"$1,400,000,000","Energy drinks,investments",Finance & Investments,Thailand
6822,12024,Gretel Packer,"$1,400,000,000",Investments,Finance & Investments,Australia
6823,12024,Pan Longquan,"$1,400,000,000",Manufacturing,Manufacturing,China
6824,12024,Pan Shiyi,"$1,400,000,000",Real estate,Real Estate,China
6825,12024,David Paul,"$1,400,000,000",Medical devices,Healthcare,United States
6826,12024,Tom Persson,"$1,400,000,000",H&M,Fashion & Retail,Sweden
6827,12024,Qian Jinghong,"$1,400,000,000",Electric scooters,Automotive,China
6828,12024,Qin Long,"$1,400,000,000",Tire,Manufacturing,China
6829,12024,M.Satyanarayana Reddy,"$1,400,000,000",Pharmaceuticals,Healthcare,India
6830,12024,Mochtar Riady,"$1,400,000,000",Diversified,Diversified,Indonesia
6832,12024,Boris Rotenberg,"$1,400,000,000","Construction, pipes, chemicals",Construction & Engineering,Russia
6833,12024,Subhash Runwal,"$1,400,000,000",Real estate,Real Estate,India
6834,12024,Igor Rybakov,"$1,400,000,000",Building materials,Manufacturing,Russia
6835,12024,Carlos Sanchez,"$1,400,000,000",Generic drugs,Healthcare,Brazil
6836,12024,Martin Selig,"$1,400,000,000",Real estate,Real Estate,United States
6837,12024,Airat Shaimiev,"$1,400,000,000","Refinery, chemicals",Energy,Russia
6838,12024,Radik Shaimiev,"$1,400,000,000","Refinery, chemicals",Energy,Russia
6839,12024,Nobutoshi Shimamura,"$1,400,000,000",Retail,Fashion & Retail,Japan
6840,12024,Jared Smith,"$1,400,000,000",Cloud computing,Technology,United States
6841,12024,Charlotte Soderstrom,"$1,400,000,000",H&M,Fashion & Retail,Sweden
6842,12024,Anand Surana,"$1,400,000,000",Pharmaceuticals,Healthcare,India
6843,12024,Dilip Surana,"$1,400,000,000",Pharmaceuticals,Healthcare,India
6844,12024,Wilma Tisch,"$1,400,000,000",Diversified,Finance & Investments,United States
6845,12024,Wang Jianyi,"$1,400,000,000",Fiber optic cables,Technology,China
6846,12024,Wang Jilei,"$1,400,000,000",Logistics,Logistics,China
6847,12024,Shuifu Wang,"$1,400,000,000",Manufacturing,Manufacturing,China
6848,12024,Wang Yanqing,"$1,400,000,000",Carbon fiber products,Manufacturing,China
6849,12024,Wang Zelong,"$1,400,000,000",Chemicals,Metals & Mining,China
6850,12024,Werner O. Weber,"$1,400,000,000",Electronic components,Manufacturing,Switzerland
6851,12024,Anne Werninghaus,"$1,400,000,000",Industrial machinery,Manufacturing,Brazil
6852,12024,"Alfred West, Jr.","$1,400,000,000",Money management,Finance & Investments,United States
6853,12024,Wu Bo,"$1,400,000,000",Machinery,Manufacturing,China
6854,12024,Wu Chaoqun,"$1,400,000,000",Chemicals,Manufacturing,China
6855,12024,Swift Xie,"$1,400,000,000",Drones,Technology,China
6856,12024,Xu Guozhong,"$1,400,000,000",Motors,Manufacturing,China
6857,12024,Yao Kuizhang,"$1,400,000,000",Beverages,Food & Beverage,China
6858,12024,Yu Peidi,"$1,400,000,000",Real estate,Real Estate,Hong Kong
6859,12024,Yuan Liping,"$1,400,000,000",Pharmaceuticals,Healthcare,Canada
6860,12024,Zhang Chuanwei,"$1,400,000,000",Machinery,Manufacturing,China
6861,12024,Zhang Keqiang,"$1,400,000,000",Real estate,Real Estate,China
6862,12024,Zhang Xin,"$1,400,000,000",Real estate,Real Estate,China
6863,12024,Zhang Xinghai,"$1,400,000,000",Machinery,Manufacturing,China
6864,12024,Zheng Jianjiang,"$1,400,000,000",Electrical equipment,Manufacturing,China
6865,12024,Zhong Sheng Jian,"$1,400,000,000",Real estate,Real Estate,Singapore
6866,12024,Zhou Chengjian,"$1,400,000,000",Fashion retail,Fashion & Retail,China
6867,12024,Boris Zingarevich,"$1,400,000,000","Pulp and paper, diversified",Diversified,Russia
6985,12024,A. Jayson Adair,"$1,300,000,000",Damaged cars,Automotive,United States
6986,12024,Soegiarto Adikoesoemo,"$1,300,000,000",Chemicals,Logistics,Indonesia
6987,12024,Rajendra Agarwal,"$1,300,000,000",Pharmaceuticals,Healthcare,India
6988,12024,Chirayu Amin,"$1,300,000,000",Pharmaceuticals,Healthcare,India
6989,12024,Anant Asavabhokhin,"$1,300,000,000",Real estate,Real Estate,Thailand
6990,12024,Roman Avdeev,"$1,300,000,000","Banking, development",Finance & Investments,Russia
6991,12024,Ziv Aviram,"$1,300,000,000",Automotive technology,Automotive,Israel
6992,12024,Sachin Bansal,"$1,300,000,000",Flipkart,Fashion & Retail,India
6993,12024,Kiki Barki,"$1,300,000,000",Coal,Energy,Indonesia
6994,12024,Elena Baturina,"$1,300,000,000","Investments, real estate",Construction & Engineering,Russia
6995,12024,Banwari Lal Bawri,"$1,300,000,000",Pharmaceuticals,Healthcare,India
6996,12024,Othman Benjelloun,"$1,300,000,000","Banking, insurance",Finance & Investments,Morocco
6997,12024,Hari Bhartia,"$1,300,000,000",Diversified,Diversified,India
6998,12024,Shyam Bhartia,"$1,300,000,000","Pharmaceuticals, food",Healthcare,India
6999,12024,Stewart Butterfield,"$1,300,000,000",Messaging software,Technology,Canada
7000,12024,Cai Mingtong,"$1,300,000,000",Electronic components,Technology,China
7001,12024,Anthony Casalena,"$1,300,000,000",Software,Technology,United States
7002,12024,Chang Jianming,"$1,300,000,000",Industrial equipment,Manufacturing,China
7003,12024,Richard Chang,"$1,300,000,000","Real estate, electronics",Real Estate,Taiwan
7004,12024,Chen Xuehua,"$1,300,000,000",Minerals processing,Metals & Mining,China
7005,12024,Chen Yin,"$1,300,000,000",Power tools,Manufacturing,China
7006,12024,Chin Jong Hwa,"$1,300,000,000",Auto parts,Automotive,Taiwan
7007,12024,Marcelo Claure,"$1,300,000,000",Cell phone distribution,Telecom,United States
7008,12024,Alberto Cortina,"$1,300,000,000",Investments,Finance & Investments,Spain
7009,12024,Eduardo Costantini,"$1,300,000,000",Real estate,Real Estate,Argentina
7010,12024,Wenjun Dai,"$1,300,000,000",Food,Food & Beverage,China
7011,12024,Anand Deshpande,"$1,300,000,000",Technology,Technology,India
7012,12024,Aydin Dogan,"$1,300,000,000",Media,Media & Entertainment,Turkey
7013,12024,Annalisa Doris,"$1,300,000,000",Financial services,Finance & Investments,Italy
7014,12024,Massimo Doris,"$1,300,000,000",Financial services,Finance & Investments,Italy
7015,12024,Weimin Du,"$1,300,000,000",Vaccines,Healthcare,China
7016,12024,Timothy Dunn,"$1,300,000,000",Energy,Energy,United States
7017,12024,Keiko Erikawa,"$1,300,000,000",Video games,Media & Entertainment,Japan
7018,12024,Yoichi Erikawa,"$1,300,000,000",Video games,Media & Entertainment,Japan
7019,12024,Philip Fayer,"$1,300,000,000",Online payments,Finance & Investments,Canada
7020,12024,Marvy Finger,"$1,300,000,000",Real estate,Real Estate,United States
7021,12024,Simona Giorgetta,"$1,300,000,000",Chemical products,Construction & Engineering,Italy
7022,12024,Joel Greenberg,"$1,300,000,000","Trading, investments",Finance & Investments,United States
7023,12024,He Zhiping,"$1,300,000,000",Investments,Finance & Investments,China
7024,12024,Heikki Herlin,"$1,300,000,000","Elevators, escalators",Manufacturing,Finland
7025,12024,Hoi Kin Hong,"$1,300,000,000",Real estate,Real Estate,Macau
7026,12024,Lillyn Teh Li Hua,"$1,300,000,000",Finance,Finance & Investments,Malaysia
7027,12024,Gregg Hymowitz,"$1,300,000,000",Asset management,Finance & Investments,United States
7028,12024,Mitchell Jacobson,"$1,300,000,000",Industrial equipment,Service,United States
7029,12024,Anurang Jain,"$1,300,000,000",Auto parts,Manufacturing,India
7030,12024,Jiang Guiting,"$1,300,000,000",Manufacturing,Manufacturing,China
7031,12024,Jin Xin,"$1,300,000,000",Manufacturing,Manufacturing,China
7032,12024,Conni Jonsson,"$1,300,000,000",Asset management,Finance & Investments,Sweden
7033,12024,George Joseph,"$1,300,000,000",Insurance,Finance & Investments,United States
7034,12024,Laurent Junique,"$1,300,000,000",Call centers,Technology,France
7035,12024,Zbigniew Juroszek,"$1,300,000,000","Real estate, gambling",Diversified,Poland
7036,12024,Alexander Karp,"$1,300,000,000",Software firm,Technology,United States
7037,12024,Joe Kiani,"$1,300,000,000",Medical devices,Healthcare,United States
7038,12024,Seth Klarman,"$1,300,000,000",Investments,Finance & Investments,United States
7039,12024,Kagemasa Kozuki,"$1,300,000,000",Video games,Technology,Japan
7040,12024,Michael Krasny,"$1,300,000,000",Retail,Technology,United States
7041,12024,Eduard Kucera,"$1,300,000,000",Software,Technology,Czech Republic
7042,12024,Kristo Käärmann,"$1,300,000,000","Payments, banking",Finance & Investments,Estonia
7043,12024,Gary Lauder,"$1,300,000,000",Estée Lauder,Fashion & Retail,United States
7044,12024,Lee Hae-jin,"$1,300,000,000",Internet,Technology,South Korea
7045,12024,Art Levinson,"$1,300,000,000","Genentech, Apple",Diversified,United States
7046,12024,Li Denghai,"$1,300,000,000",Seed production,Food & Beverage,China
7047,12024,Fengluan Li,"$1,300,000,000","Steel, diversified",Diversified,China
7048,12024,Li Yongqing,"$1,300,000,000",Petro Firbe,Manufacturing,China
7049,12024,Li Zhigang,"$1,300,000,000",Machinery,Manufacturing,China
7050,12024,Liu Gexin,"$1,300,000,000",Pharmaceuticals,Healthcare,China
7051,12024,Itamar Locks,"$1,300,000,000",Agribusiness,Food & Beverage,Brazil
7052,12024,Lu Hongyan,"$1,300,000,000",Online games,Media & Entertainment,China
7053,12024,Lv Jianming,"$1,300,000,000",Medical equipment,Healthcare,Hong Kong
7054,12024,Blairo Maggi,"$1,300,000,000",Agribusiness,Food & Beverage,Brazil
7055,12024,Yasseen Mansour,"$1,300,000,000",Diversified,Diversified,Egypt
7056,12024,Charlwin Mao,"$1,300,000,000",E-commerce,Fashion & Retail,China
7057,12024,George Marcus,"$1,300,000,000",Real estate,Real Estate,United States
7058,12024,Yves-Loic Martin,"$1,300,000,000",Laboratory services,Healthcare,France
7059,12024,Carsten Maschmeyer,"$1,300,000,000",Finance services,Finance & Investments,Germany
7060,12024,Lillian Teh Li Ming,"$1,300,000,000",Banking,Finance & Investments,Malaysia
7061,12024,Martin Moller Nielsen,"$1,300,000,000",Aircraft leasing,Logistics,Denmark
7062,12024,Jahm Najafi,"$1,300,000,000",Investments,Finance & Investments,United States
7063,12024,Randal Nardone,"$1,300,000,000","Investments, energy",Finance & Investments,United States
7064,12024,Nguyen Dang Quang,"$1,300,000,000","Consumer products, banking",Food & Beverage,Vietnam
7065,12024,Kazuo Okada,"$1,300,000,000",Casinos,Gambling & Casinos,Japan
7066,12024,John Oyler,"$1,300,000,000",Biotech,Healthcare,United States
7067,12024,William Teh Lee Pang,"$1,300,000,000",Banking,Finance & Investments,Malaysia
7068,12024,George Pedersen,"$1,300,000,000",Defense contractor,Manufacturing,United States
7069,12024,Qu Miranda,"$1,300,000,000",E-commerce,Fashion & Retail,China
7070,12024,Jupally Rameshwar Rao,"$1,300,000,000",Real estate,Real Estate,India
7071,12024,G. M. Rao,"$1,300,000,000",Infrastructure,Logistics,India
7072,12024,P.V. Ramprasad Reddy,"$1,300,000,000",Pharmaceuticals,Healthcare,India
7073,12024,Satish Reddy,"$1,300,000,000",Pharmaceuticals,Healthcare,India
7074,12024,Fernando Roig,"$1,300,000,000",Supermarkets,Fashion & Retail,Spain
7075,12024,Igor Rotenberg,"$1,300,000,000","Investments, real estate",Diversified,Russia
7076,12024,Seifeddin Rustamov,"$1,300,000,000",Chemicals,Manufacturing,Russia
7077,12024,Deniz Sahenk,"$1,300,000,000",Diversified,Diversified,Turkey
7078,12024,Nobutada Saji,"$1,300,000,000",Beverages,Food & Beverage,Japan
7079,12024,Hajime Satomi,"$1,300,000,000","Video games, pachinko",Gambling & Casinos,Japan
7080,12024,James Scapa,"$1,300,000,000",Software,Technology,United States
7081,12024,Stephan Schnabel,"$1,300,000,000",Chemicals,Manufacturing,Germany
7082,12024,Devi Shetty,"$1,300,000,000",Healthcare,Healthcare,India
7083,12024,Albert Shigaboutdinov,"$1,300,000,000","Refinery, chemicals",Diversified,Russia
7084,12024,Diona Teh Li Shian,"$1,300,000,000",Banking,Finance & Investments,Malaysia
7085,12024,Denis Shtengelov,"$1,300,000,000","Food, retail",Food & Beverage,Russia
7086,12024,Song Fei,"$1,300,000,000",Machinery,Manufacturing,China
7087,12024,Hal Steinbrenner,"$1,300,000,000",Sports,Sports,United States
7088,12024,Jessica Steinbrenner,"$1,300,000,000",Sports,Sports,United States
7089,12024,Jennifer Steinbrenner Swindal,"$1,300,000,000",Sports,Sports,United States
7090,12024,Konstantin Strukov,"$1,300,000,000","Gold, coal mining",Metals & Mining,Russia
7091,12024,Rustem Sulteev,"$1,300,000,000","Refinery, chemicals",Energy,Russia
7092,12024,Clemens Toennies,"$1,300,000,000",Meat processing,Food & Beverage,Germany
7093,12024,Robert Toennies,"$1,300,000,000",Meat processing,Food & Beverage,Germany
7094,12024,John Van Lieshout,"$1,300,000,000",Real estate,Real Estate,Australia
7095,12024,Pongsak Viddayakorn,"$1,300,000,000",Hospitals,Healthcare,Thailand
7096,12024,Wang Jianguo,"$1,300,000,000",Retail,Fashion & Retail,China
7097,12024,Junjin Wang,"$1,300,000,000",Airline,Service,China
7098,12024,Wang Mingwang,"$1,300,000,000",Electronics components,Manufacturing,China
7099,12024,Wei Lidong,"$1,300,000,000",Software,Technology,China
7100,12024,Myron Wentz,"$1,300,000,000",Health products,Fashion & Retail,St. Kitts and Nevis
7101,12024,Wu Xiaoge,"$1,300,000,000",Battery components,Manufacturing,China
7102,12024,Wu Xushun,"$1,300,000,000",Internet,Diversified,China
7103,12024,Xiong Xiaochuan,"$1,300,000,000",Medical devices,Healthcare,China
7104,12024,Xu Shaochun,"$1,300,000,000",Software,Technology,China
7105,12024,Yan Jane,"$1,300,000,000",Software,Technology,China
7106,12024,Zeng Chaoyi,"$1,300,000,000",Aluminum products,Manufacturing,China
7107,12024,Peng Zhao,"$1,300,000,000",Online recruitment,Service,China
7108,12024,Zhao Tongtong,"$1,300,000,000",Hotels,Service,Canada
7109,12024,Kostyantin Zhevago,"$1,300,000,000",Mining,Metals & Mining,Ukraine
7110,12024,Zong Yanmin,"$1,300,000,000",Semiconductor materials,Manufacturing,China
7234,12024,Sanjay Agarwal,"$1,200,000,000",Banking,Finance & Investments,India
7235,12024,Hamad bin Jassim bin Jaber Al Thani,"$1,200,000,000",Investments,Finance & Investments,Qatar
7236,12024,Joao Alves de Queiroz Filho,"$1,200,000,000",Pharmaceuticals,Diversified,Brazil
7237,12024,Jose Maria Aristrain,"$1,200,000,000",Steel,Metals & Mining,Spain
7238,12024,Michael Arougheti,"$1,200,000,000",Finance,Finance & Investments,United States
7239,12024,Tope Awotona,"$1,200,000,000",Software,Technology,United States
7240,12024,Mehmet Aydinlar,"$1,200,000,000",Hospitals,Healthcare,Turkey
7241,12024,Danna Azrieli,"$1,200,000,000",Real estate,Real Estate,Israel
7242,12024,Naomi Azrieli,"$1,200,000,000",Real estate,Real Estate,Canada
7243,12024,Sharon Azrieli,"$1,200,000,000",Real estate,Real Estate,Canada
7244,12024,Bai Houshan,"$1,200,000,000",Lithium battery,Energy,China
7245,12024,Thomas Bailey,"$1,200,000,000",Money management,Finance & Investments,United States
7246,12024,Bernhard Braun-Luedicke,"$1,200,000,000",Medical technology,Healthcare,Germany
7247,12024,Eva Maria Braun-Luedicke,"$1,200,000,000",Medical technology,Healthcare,Germany
7248,12024,Friederike Braun-Luedicke,"$1,200,000,000",Medical technology,Healthcare,Germany
7249,12024,Jeffrey Cheah,"$1,200,000,000","Property, healthcare",Real Estate,Malaysia
7250,12024,Chen Xianbao,"$1,200,000,000",Food,Food & Beverage,China
7251,12024,Cheng Xianfeng,"$1,200,000,000",Pharmaceuticals,Healthcare,China
7252,12024,Chung Yong-jin,"$1,200,000,000",Retail,Fashion & Retail,South Korea
7253,12024,Darwin Deason,"$1,200,000,000",Software,Service,United States
7254,12024,Diego Della Valle,"$1,200,000,000",Shoes,Fashion & Retail,Italy
7255,12024,Ashwin Desai,"$1,200,000,000",Specialty chemicals,Manufacturing,India
7256,12024,Richard Desmond,"$1,200,000,000",Publishing,Media & Entertainment,United Kingdom
7257,12024,Ding Shui Po,"$1,200,000,000","Sneakers, sportswear",Fashion & Retail,China
7258,12024,Sefik Yilmaz Dizdar,"$1,200,000,000",Fashion retail,Fashion & Retail,Turkey
7259,12024,Mathias Doepfner,"$1,200,000,000",Media,Media & Entertainment,Germany
7260,12024,Farhad Ebrahimi,"$1,200,000,000",Solar panels,Manufacturing,United States
7261,12024,Jose Roberto Ermirio de Moraes,"$1,200,000,000",Diversified,Diversified,Brazil
7262,12024,Jose Ermirio de Moraes Neto,"$1,200,000,000",Diversified,Diversified,Brazil
7263,12024,Fang Hongbo,"$1,200,000,000",Home appliances,Manufacturing,China
7264,12024,David Feffer,"$1,200,000,000",Pulp and paper,Manufacturing,Brazil
7265,12024,Zsolt Felcsuti,"$1,200,000,000",Manufacturing,Manufacturing,Hungary
7266,12024,Ben Francis,"$1,200,000,000",Fitness clothing,Fashion & Retail,United Kingdom
7267,12024,Gary Friedman,"$1,200,000,000",Furniture retail,Fashion & Retail,United States
7268,12024,Dan Gertler,"$1,200,000,000",Mining,Metals & Mining,Israel
7269,12024,Balkrishan Goenka,"$1,200,000,000",Textiles,Manufacturing,India
7270,12024,Lawrence Golub,"$1,200,000,000",Private equity,Finance & Investments,United States
7271,12024,Saroj Rani Gupta,"$1,200,000,000",Steel tubes,Manufacturing,India
7272,12024,Anthony Hall,"$1,200,000,000",Technology,Technology,Australia
7273,12024,Fahed Hariri,"$1,200,000,000","Construction, investments",Construction & Engineering,Lebanon
7274,12024,Richard Hayne,"$1,200,000,000",Urban Outfitters,Fashion & Retail,United States
7275,12024,Michael Heine,"$1,200,000,000",Financial services,Finance & Investments,Australia
7276,12024,Orion Hindawi,"$1,200,000,000",Software,Technology,United States
7277,12024,Lawrence Ho,"$1,200,000,000",Casinos,Gambling & Casinos,Hong Kong
7278,12024,Huang Guanlin,"$1,200,000,000","Textiles, apparel",Fashion & Retail,China
7279,12024,Sam Hupert,"$1,200,000,000",Technology,Technology,Australia
7280,12024,Mohammed Ibrahim,"$1,200,000,000",Communications,Telecom,United Kingdom
7281,12024,Shirley Kao,"$1,200,000,000",Food & beverage retailing,Food & Beverage,Taiwan
7282,12024,David Kaplan,"$1,200,000,000",Finance,Finance & Investments,United States
7283,12024,Kim Kardashian,"$1,200,000,000","Shapewear, cosmetics, reality TV",Fashion & Retail,United States
7284,12024,Ke Guihua,"$1,200,000,000",Auto parts,Manufacturing,China
7285,12024,Ke Yunfeng,"$1,200,000,000",Retailing,Healthcare,China
7286,12024,Alexander Klyachin,"$1,200,000,000",Real estate,Real Estate,Russia
7287,12024,Christine Knauf,"$1,200,000,000",Building materials,Manufacturing,Germany
7288,12024,Karl Knauf,"$1,200,000,000",Building materials,Manufacturing,Germany
7289,12024,Suresh Krishna,"$1,200,000,000",Auto parts,Automotive,India
7290,12024,Guy Laliberté,"$1,200,000,000",Cirque du Soleil,Media & Entertainment,Canada
7291,12024,Lee Su-jin,"$1,200,000,000",Hospitality,Technology,South Korea
7292,12024,Li Guoqing,"$1,200,000,000",Petro Fibre,Manufacturing,China
7293,12024,Li Li,"$1,200,000,000",Pharmaceuticals,Healthcare,China
7294,12024,Li Ruiqiang,"$1,200,000,000",Medical services,Healthcare,China
7295,12024,Zhen Li,"$1,200,000,000",Lithium batteries,Manufacturing,China
7296,12024,Liang Guangwei,"$1,200,000,000",Conglomerate,Manufacturing,China
7297,12024,Liu Ming Hui,"$1,200,000,000",Natural gas distribution,Energy,China
7298,12024,Frederic Luddy,"$1,200,000,000",Software,Technology,United States
7299,12024,"Cargill MacMillan, III.","$1,200,000,000",Cargill,Food & Beverage,United States
7300,12024,John MacMillan,"$1,200,000,000",Cargill,Food & Beverage,United States
7301,12024,Martha MacMillan,"$1,200,000,000",Cargill,Food & Beverage,United States
7302,12024,William MacMillan,"$1,200,000,000",Cargill,Food & Beverage,United States
7303,12024,Keshub Mahindra,"$1,200,000,000",Diversified,Diversified,India
7304,12024,Mao Zhongwu,"$1,200,000,000",Manufacturing,Manufacturing,China
7305,12024,Jorge Mas,"$1,200,000,000",Construction,Construction & Engineering,United States
7306,12024,Lorinc Meszaros,"$1,200,000,000",Diversified,Diversified,Hungary
7307,12024,Jeffrey Michael,"$1,200,000,000",Data management,Technology,United States
7308,12024,Alan Miller,"$1,200,000,000",Healthcare services,Healthcare,United States
7309,12024,Ulrich Mommert,"$1,200,000,000",Lighting,Automotive,Austria
7310,12024,Neide Helena de Moraes,"$1,200,000,000",Diversified,Diversified,Brazil
7311,12024,Scott Nuttall,"$1,200,000,000",Private equity,Finance & Investments,United States
7312,12024,Kailashchandra Nuwal,"$1,200,000,000",Industrial explosives,Manufacturing,India
7313,12024,Axel Oberwelland,"$1,200,000,000",Candy,Food & Beverage,Germany
7314,12024,Jonathan Oringer,"$1,200,000,000",Stock photos,Technology,United States
7315,12024,Vitaly Orlov,"$1,200,000,000",Fisheries,Food & Beverage,Russia
7316,12024,Jose Isaac Peres,"$1,200,000,000",Shopping malls,Real Estate,Brazil
7317,12024,Markus Persson,"$1,200,000,000",Computer games,Media & Entertainment,Sweden
7318,12024,Mark Pincus,"$1,200,000,000",Online games,Technology,United States
7319,12024,Murdaya Poo,"$1,200,000,000",Diversified,Diversified,Indonesia
7320,12024,Forrest Preston,"$1,200,000,000",Health care,Healthcare,United States
7321,12024,Qian Ying,"$1,200,000,000",Pig breeding,Food & Beverage,China
7322,12024,Jimmy Rane,"$1,200,000,000",Lumber,Manufacturing,United States
7323,12024,Andrei Rappoport,"$1,200,000,000",Investments,Finance & Investments,Russia
7324,12024,Hugo Ribeiro,"$1,200,000,000",Agribusiness,Food & Beverage,Brazil
7325,12024,Bennett Rosenthal,"$1,200,000,000",Finance,Finance & Investments,United States
7326,12024,Atul Ruia,"$1,200,000,000",Real estate,Real Estate,India
7327,12024,Thomas Sandell,"$1,200,000,000",Hedge funds,Finance & Investments,Sweden
7328,12024,Francesco Saputo,"$1,200,000,000",Cheese,Food & Beverage,Canada
7329,12024,Dhruv Sawhney,"$1,200,000,000","Engineering, sugar",Construction & Engineering,India
7330,12024,Gerald Schwartz,"$1,200,000,000",Finance,Finance & Investments,Canada
7331,12024,Antonio Luiz Seabra,"$1,200,000,000",Cosmetics,Fashion & Retail,Brazil
7332,12024,Eric Ya Shen,"$1,200,000,000",Online apparel retail,Technology,China
7333,12024,Sytse 'Sid' Sijbrandij,"$1,200,000,000",Software,Technology,Netherlands
7334,12024,Alexander Sixt,"$1,200,000,000",Car rentals,Automotive,Germany
7335,12024,Konstantin Sixt,"$1,200,000,000",Car rentals,Automotive,Germany
7336,12024,Edwin Soeryadjaya,"$1,200,000,000","Coal, investments",Energy,Indonesia
7337,12024,Abhay Soi,"$1,200,000,000",Healthcare,Healthcare,India
7338,12024,Mike Speiser,"$1,200,000,000",Software,Technology,United States
7339,12024,Marco Squinzi,"$1,200,000,000",Chemical products,Construction & Engineering,Italy
7340,12024,Veronica Squinzi,"$1,200,000,000",Chemical products,Construction & Engineering,Italy
7341,12024,Michael Steinhardt,"$1,200,000,000",Hedge funds,Finance & Investments,United States
7342,12024,Ion Stoica,"$1,200,000,000",Data analytics,Technology,Romania
7343,12024,Eddy Sugianto,"$1,200,000,000",Coal,Metals & Mining,Indonesia
7344,12024,Luc Tack,"$1,200,000,000","Textile, chemicals",Manufacturing,Belgium
7345,12024,Tony Tan Caktiong,"$1,200,000,000",Food,Food & Beverage,Philippines
7346,12024,Tang Xiuguo,"$1,200,000,000",Manufacturing,Manufacturing,China
7347,12024,Sam Tarascio,"$1,200,000,000",Real estate,Real Estate,Australia
7348,12024,Lina Tombolato,"$1,200,000,000",Financial services,Finance & Investments,Italy
7349,12024,Ching Bor Tung,"$1,200,000,000",Manufacturing,Manufacturing,China
7350,12024,Joop van den Ende,"$1,200,000,000",TV shows,Media & Entertainment,Netherlands
7351,12024,Ruben Vardanyan,"$1,200,000,000",Investment banking,Finance & Investments,Armenia
7352,12024,Sandro Veronesi,"$1,200,000,000",Fashion,Fashion & Retail,Italy
7353,12024,Thongma Vijitpongpun,"$1,200,000,000",Real estate,Real Estate,Thailand
7354,12024,Thomas von Koch,"$1,200,000,000",Asset management,Finance & Investments,Sweden
7355,12024,Wang Fuji,"$1,200,000,000",Pharmaceuticals,Healthcare,China
7356,12024,Wang Shih-Chung,"$1,200,000,000",Pneumatic equipments,Manufacturing,Taiwan
7357,12024,Wang Xiaoshen,"$1,200,000,000",Lithium,Manufacturing,China
7358,12024,J. Wayne Weaver,"$1,200,000,000",Shoes,Diversified,United States
7359,12024,Drorit Wertheim,"$1,200,000,000",Coca Cola Israel,Food & Beverage,Israel
7360,12024,Cameron Winklevoss,"$1,200,000,000",Cryptocurrency,Finance & Investments,United States
7361,12024,Tyler Winklevoss,"$1,200,000,000",Cryptocurrency,Finance & Investments,United States
7362,12024,Wu Chung-yi,"$1,200,000,000",Manufacturing,Manufacturing,Taiwan
7363,12024,Eugene Wu,"$1,200,000,000",Finance,Finance & Investments,Taiwan
7364,12024,Wu Yonghua,"$1,200,000,000",Apparel,Fashion & Retail,China
7365,12024,Xia Xinde,"$1,200,000,000",Batteries,Manufacturing,China
7366,12024,Xiang Wenbo,"$1,200,000,000",Manufacturing,Manufacturing,China
7367,12024,Xu Jin,"$1,200,000,000",Wine,Food & Beverage,China
7368,12024,Xu Shijun,"$1,200,000,000",Manufacturing,Manufacturing,China
7369,12024,Xu Wanmao,"$1,200,000,000",Education,Service,China
7370,12024,Xu Yuejuan,"$1,200,000,000",Petro Fibre,Manufacturing,China
7371,12024,Vadim Yakunin,"$1,200,000,000",Pharmacy,Healthcare,Russia
7372,12024,Yang Yunyun,"$1,200,000,000",Retail,Fashion & Retail,China
7373,12024,Matei Zaharia,"$1,200,000,000",Data analytics,Technology,Romania
7374,12024,Zan Shengda,"$1,200,000,000",Diversified,Diversified,China
7375,12024,Zhang Xuezheng,"$1,200,000,000",Telecom,Technology,China
7376,12024,Zhang Yin,"$1,200,000,000",Paper manufacturing,Manufacturing,China
7377,12024,Zhao Ning,"$1,200,000,000",Pharmaceuticals,Healthcare,United States
7378,12024,Zhou Wen,"$1,200,000,000",Chemicals,Manufacturing,China
7379,12024,Zhu Xingliang,"$1,200,000,000",Construction,Construction & Engineering,China
7485,12024,Hari Krishan Agarwal,"$1,100,000,000",Sports shoes,Fashion & Retail,India
7486,12024,Farkhad Akhmedov,"$1,100,000,000",Investments,Energy,Russia
7487,12024,Prem Kumar Arora,"$1,100,000,000",Pharmaceuticals,Healthcare,India
7488,12024,Joseph Bae,"$1,100,000,000",Private equity,Finance & Investments,United States
7489,12024,Abigail Bennett,"$1,100,000,000",Liquor,Food & Beverage,United States
7490,12024,Sara Blakely,"$1,100,000,000",Spanx,Fashion & Retail,United States
7491,12024,Lloyd Blankfein,"$1,100,000,000",Banking,Finance & Investments,United States
7492,12024,Henadiy Boholyubov,"$1,100,000,000","Banking, investments",Diversified,Ukraine
7493,12024,Stephane Bonvin,"$1,100,000,000",Real estate,Real Estate,Switzerland
7494,12024,Oleg Boyko,"$1,100,000,000",Diversified,Diversified,Russia
7495,12024,Ryan Breslow,"$1,100,000,000",E-commerce software,Technology,United States
7496,12024,Thomas Bruch,"$1,100,000,000",Retail,Fashion & Retail,Germany
7497,12024,Marina Budiman,"$1,100,000,000",Data centers,Technology,Indonesia
7498,12024,Pradip Burman,"$1,100,000,000",Consumer goods,Food & Beverage,India
7499,12024,Cai Hongbin,"$1,100,000,000",Pharmaceuticals,Healthcare,China
7500,12024,Cao Kejian,"$1,100,000,000",Air compressors,Manufacturing,China
7501,12024,Giuliana Caprotti,"$1,100,000,000",Supermarkets,Food & Beverage,Italy
7502,12024,Marina Caprotti,"$1,100,000,000",Supermarkets,Food & Beverage,Italy
7503,12024,Chang Jing,"$1,100,000,000",Technology,Technology,China
7504,12024,Chen Baohua,"$1,100,000,000",Pharmaceutical,Healthcare,China
7505,12024,Gang Chen,"$1,100,000,000",Solar energy,Energy,China
7506,12024,Liying Chen,"$1,100,000,000",Package delivery,Logistics,China
7507,12024,Tony Chen,"$1,100,000,000",Electronics,Technology,Taiwan
7508,12024,Chen Xueling,"$1,100,000,000",Stationery,Manufacturing,China
7509,12024,Cheng Lili,"$1,100,000,000",Poultry breeding,Food & Beverage,China
7510,12024,Cho Jyh-jer,"$1,100,000,000",Semiconductors,Technology,Taiwan
7511,12024,Weili Dai,"$1,100,000,000",Semiconductors,Technology,United States
7512,12024,Carmen Daurella Aguilera,"$1,100,000,000",Coca-Cola bottler,Food & Beverage,Spain
7513,12024,Deng Yingzhong,"$1,100,000,000",Paper,Manufacturing,China
7514,12024,Shlomo Eliahu,"$1,100,000,000",Insurance,Finance & Investments,Israel
7515,12024,Henry Engelhardt,"$1,100,000,000",Insurance,Finance & Investments,United States
7516,12024,Gabriel Escarrer,"$1,100,000,000",Hotels,Service,Spain
7517,12024,Daniel Feffer,"$1,100,000,000",Pulp and paper,Manufacturing,Brazil
7518,12024,Ruben Feffer,"$1,100,000,000",Pulp and paper,Manufacturing,Brazil
7519,12024,Gleb Fetisov,"$1,100,000,000",Investments,Telecom,Russia
7520,12024,Paul Fireman,"$1,100,000,000",Reebok,Fashion & Retail,United States
7521,12024,Robert Fisher,"$1,100,000,000",Gap,Fashion & Retail,United States
7522,12024,Bernd Freier,"$1,100,000,000",Fashion retail,Fashion & Retail,Germany
7523,12024,Donald Friese,"$1,100,000,000",Manufacturing,Manufacturing,United States
7524,12024,Gan Zhongru,"$1,100,000,000",Pharmaceuticals,Healthcare,China
7525,12024,Rahul Gautam,"$1,100,000,000",Mattresses,Fashion & Retail,India
7526,12024,David Golub,"$1,100,000,000",Private equity,Finance & Investments,United States
7527,12024,Pavel Golubkov,"$1,100,000,000","Building, development",Real Estate,Russia
7528,12024,Cristina Green,"$1,100,000,000",Fashion retail,Fashion & Retail,United Kingdom
7529,12024,Philip Green,"$1,100,000,000",Fashion retail,Fashion & Retail,United Kingdom
7530,12024,Said Gutseriev,"$1,100,000,000","Retail, investments",Energy,Russia
7531,12024,Polys Haji-Ioannou,"$1,100,000,000",EasyJet,Service,Cyprus
7532,12024,He Zuxun,"$1,100,000,000",Pig breeding,Food & Beverage,China
7533,12024,Christian Herz,"$1,100,000,000",Coffee,Finance & Investments,Germany
7534,12024,Michaela Herz,"$1,100,000,000",Coffee,Finance & Investments,Germany
7535,12024,David Hindawi,"$1,100,000,000",Software,Technology,United States
7536,12024,Huang Shan,"$1,100,000,000",Software,Technology,China
7537,12024,Huang Xiaofen,"$1,100,000,000",Printed circuit boards,Technology,China
7538,12024,Hiroshi Ishibashi,"$1,100,000,000",Tires,Automotive,Japan
7539,12024,Masayuki Ishihara,"$1,100,000,000",Pachinko machines,Gambling & Casinos,Japan
7540,12024,Chatchai Kaewbootta,"$1,100,000,000",Auto loans,Finance & Investments,Thailand
7541,12024,Nikhil Kamath,"$1,100,000,000",Financial services,Finance & Investments,India
7542,12024,Jonas Kamprad,"$1,100,000,000",IKEA,Finance & Investments,Sweden
7543,12024,Mathias Kamprad,"$1,100,000,000",IKEA,Finance & Investments,Sweden
7544,12024,Peter Kamprad,"$1,100,000,000",IKEA,Finance & Investments,Sweden
7545,12024,Fumio Kaneko,"$1,100,000,000",Waste management,Service,Japan
7546,12024,Sunjay Kapur,"$1,100,000,000",Auto parts,Automotive,United States
7547,12024,Ali Metin Kazanci,"$1,100,000,000",Energy,Energy,Turkey
7548,12024,Kangbao Ke,"$1,100,000,000",Retailing,Healthcare,China
7549,12024,Carsten Koerl,"$1,100,000,000",Sports data,Sports,Germany
7550,12024,Koo Bon-sik,"$1,100,000,000",LG,Technology,South Korea
7551,12024,Andrei Kosogov,"$1,100,000,000",Banking,Energy,Russia
7552,12024,Yogesh Kothari,"$1,100,000,000",Specialty chemicals,Manufacturing,India
7553,12024,Arvind Lal,"$1,100,000,000",Medical diagnostics,Healthcare,India
7554,12024,Manuel Lao Hernández,"$1,100,000,000",Casinos,Gambling & Casinos,Spain
7555,12024,Lee Joong-keun,"$1,100,000,000","Construction, real estate",Construction & Engineering,South Korea
7556,12024,Nancy Lerner,"$1,100,000,000","Banking, credit cards",Finance & Investments,United States
7557,12024,Norma Lerner,"$1,100,000,000",Banking,Finance & Investments,United States
7558,12024,Randolph Lerner,"$1,100,000,000","Banking, credit cards",Finance & Investments,United States
7559,12024,Lin Zhijun,"$1,100,000,000",Medical devices,Healthcare,China
7560,12024,Lin Zhixiong,"$1,100,000,000",Medical devices,Healthcare,China
7561,12024,Jeffrey Lorberbaum,"$1,100,000,000",Flooring,Manufacturing,United States
7562,12024,Lu Rongfu,"$1,100,000,000",Telecommunication,Telecom,China
7563,12024,Lyu Yixiong,"$1,100,000,000",Cosmetics,Fashion & Retail,China
7564,12024,Soichiro Minami,"$1,100,000,000",Internet and software,Technology,Japan
7565,12024,Pawan Munjal,"$1,100,000,000",Two wheelers,Automotive,India
7566,12024,Renu Munjal,"$1,100,000,000",Two wheelers,Automotive,India
7567,12024,Suman Munjal,"$1,100,000,000",Motorcycles,Automotive,India
7568,12024,Dmitry Nikolaev,"$1,100,000,000",Coal,Energy,Russia
7569,12024,Sjamsul Nursalim,"$1,100,000,000","Tires, retail",Automotive,Indonesia
7570,12024,Adrian Paval,"$1,100,000,000",Retail,Fashion & Retail,Romania
7571,12024,Antonio Percassi,"$1,100,000,000","Real estate, diversified",Diversified,Italy
7572,12024,Kevin Plank,"$1,100,000,000",Under Armour,Fashion & Retail,United States
7573,12024,G.V. Prasad,"$1,100,000,000",Pharmaceuticals,Healthcare,India
7574,12024,Pu Zhongjie,"$1,100,000,000",Medical equipment,Healthcare,China
7575,12024,Rao Wei,"$1,100,000,000",Pharmaceuticals,Healthcare,China
7576,12024,Helena Revoredo,"$1,100,000,000",Security services,Service,Spain
7577,12024,Matthew Roszak,"$1,100,000,000",Cryptocurrency,Finance & Investments,United States
7578,12024,Paul Sciarra,"$1,100,000,000",Pinterest,Technology,United States
7579,12024,Rajesh Sharma,"$1,100,000,000",Finance,Finance & Investments,India
7580,12024,Dean Solon,"$1,100,000,000",Solar systems,Energy,United States
7581,12024,Michael Spencer,"$1,100,000,000",Stock exchange,Finance & Investments,United Kingdom
7582,12024,Joseph Steinberg,"$1,100,000,000",Investments,Finance & Investments,United States
7583,12024,Zachary Stern,"$1,100,000,000",Liquor,Food & Beverage,United States
7584,12024,Manny Stul,"$1,100,000,000",Toys,Manufacturing,Australia
7585,12024,Sun Hongjun,"$1,100,000,000",Semiconductors,Technology,China
7586,12024,Sun Weijie,"$1,100,000,000",Oilfield equipment,Manufacturing,China
7587,12024,Sehat Sutardja,"$1,100,000,000",Semiconductors,Technology,United States
7588,12024,Min-Liang Tan,"$1,100,000,000",gaming,Media & Entertainment,Singapore
7589,12024,Tan Yu Yeh,"$1,100,000,000",Retail,Fashion & Retail,Malaysia
7590,12024,Tang Aoqi,"$1,100,000,000",Auto parts,Automotive,China
7591,12024,Vonnarat Tangkaravakoon,"$1,100,000,000","Wire & cables, paints",Manufacturing,Thailand
7592,12024,Tsao Ter-fung,"$1,100,000,000",Food,Food & Beverage,Taiwan
7593,12024,Tung Ching Sai,"$1,100,000,000",Manufacturing,Manufacturing,China
7594,12024,Arkady Volozh,"$1,100,000,000",Search engine,Technology,Russia
7595,12024,Peter-Alexander Wacker,"$1,100,000,000",Chemicals,Manufacturing,Germany
7596,12024,Wan Long,"$1,100,000,000",Food,Food & Beverage,China
7597,12024,Wang Han,"$1,100,000,000",Airline,Diversified,China
7598,12024,Lars Wingefors,"$1,100,000,000",Video games,Media & Entertainment,Sweden
7599,12024,Allan Wong,"$1,100,000,000",Electronics,Manufacturing,Hong Kong
7601,12024,Horst Wortmann,"$1,100,000,000",Footwear,Fashion & Retail,Germany
7602,12024,Wu Kaiting,"$1,100,000,000",Electronics,Telecom,Hong Kong
7603,12024,Wu Li-gann,"$1,100,000,000",Electronic components,Manufacturing,Taiwan
7604,12024,Wu Xiangdong,"$1,100,000,000",Liquor,Food & Beverage,China
7605,12024,Xiu Laigui,"$1,100,000,000",Pharmaceuticals,Healthcare,China
7606,12024,Xu Jiangnan,"$1,100,000,000",Vitamins,Healthcare,China
7607,12024,Xue Jiping,"$1,100,000,000",Cable,Telecom,China
7608,12024,Yao Hsiao Tung,"$1,100,000,000",Manufacturing,Manufacturing,Singapore
7609,12024,Ye Qiongjiu,"$1,100,000,000",Software,Technology,China
7610,12024,Yanqiao Ye,"$1,100,000,000",Soy sauce,Food & Beverage,China
7611,12024,Yeh Kuo-I,"$1,100,000,000",Manufacturing,Manufacturing,Taiwan
7612,12024,Yu Faxiang,"$1,100,000,000","Tourism, cultural industry",Media & Entertainment,China
7613,12024,Zeng Chaolin,"$1,100,000,000",Aluminium,Metals & Mining,China
7614,12024,Kapeng Zhang,"$1,100,000,000",Building materials,Construction & Engineering,China
7615,12024,Zhang Xuansong,"$1,100,000,000",Supermarkets,Fashion & Retail,China
7616,12024,Zhang Xuewu,"$1,100,000,000",Snacks,Food & Beverage,China
7617,12024,Zhu Yiming,"$1,100,000,000",Semiconductors,Technology,China
7618,12024,Zhu Zhaojiang,"$1,100,000,000",Smartphones,Manufacturing,China
7619,12024,Zhuo Jun,"$1,100,000,000",Printed circuit boards,Manufacturing,Hong Kong
7743,12024,Manohar Lal Agarwal,"$1,000,000,000",Snacks,Food & Beverage,India
7744,12024,Christian Angermayer,"$1,000,000,000",Investments,Finance & Investments,Germany
7745,12024,Ryuji Arai,"$1,000,000,000",Retail,Fashion & Retail,Japan
7746,12024,Anna Maria Braun,"$1,000,000,000",Medical technology,Healthcare,Germany
7747,12024,Johanna Braun,"$1,000,000,000",Medical technology,Healthcare,Germany
7748,12024,Karl Friedrich Braun,"$1,000,000,000",Medical technology,Healthcare,Germany
7749,12024,Ludwig Theodor Braun,"$1,000,000,000",Medical technology,Healthcare,Germany
7750,12024,Ana Maria Brescia Cafferata,"$1,000,000,000","Mining, banking",Diversified,Peru
7752,12024,Hideyuki Busujima,"$1,000,000,000",Pachinko machines,Gambling & Casinos,Japan
7753,12024,Edouard Carmignac,"$1,000,000,000",Asset management,Finance & Investments,France
7754,12024,Chang Kuo-Ming,"$1,000,000,000",Transportation,Logistics,Taiwan
7755,12024,Chen Jiancheng,"$1,000,000,000",Manufacturing,Manufacturing,China
7756,12024,Rui Chen,"$1,000,000,000",Online entertainment,Media & Entertainment,China
7757,12024,Chen Shiliang,"$1,000,000,000",Polyester,Manufacturing,China
7758,12024,Tianqiao Chen,"$1,000,000,000",Online games,Technology,China
7759,12024,Yuantai Chen,"$1,000,000,000",Batteries,Energy,China
7760,12024,Cheng Antares,"$1,000,000,000",Liquor,Food & Beverage,Hong Kong
7761,12024,Kochouseph Chittilappilly,"$1,000,000,000",Electrical appliances,Manufacturing,India
7762,12024,John Christodoulou,"$1,000,000,000",Real estate,Real Estate,United Kingdom
7763,12024,Pollyanna Chu,"$1,000,000,000","Financial services, property",Finance & Investments,Hong Kong
7764,12024,Turgay Ciner,"$1,000,000,000",Diversified,Diversified,Turkey
7765,12024,Benoit Dageville,"$1,000,000,000",Software,Technology,United States
7766,12024,Mark Dixon,"$1,000,000,000",Office real estate,Real Estate,United Kingdom
7767,12024,Du Yulin,"$1,000,000,000",Software,Technology,China
7768,12024,Feng Yuxia,"$1,000,000,000",Pharmaceuticals,Healthcare,China
7769,12024,Benedicte Find,"$1,000,000,000",Medical devices,Healthcare,Denmark
7770,12024,William Fisher,"$1,000,000,000",Gap,Fashion & Retail,United States
7771,12024,Gao Yunfeng,"$1,000,000,000",Industrial lasers,Manufacturing,China
7772,12024,Jianming Geng,"$1,000,000,000",Real estate,Real Estate,China
7773,12024,Sven Hagströmer,"$1,000,000,000",Financial services,Finance & Investments,Sweden
7774,12024,Clelia Haji-Ioannou,"$1,000,000,000",EasyJet,Service,Cyprus
7775,12024,Stelios Haji-Ioannou,"$1,000,000,000",EasyJet,Service,Cyprus
7776,12024,Hang Hong,"$1,000,000,000",Machinery,Manufacturing,China
7777,12024,He Yamin,"$1,000,000,000",Manufacturing,Manufacturing,China
7778,12024,Ghan Djoe Hiang,"$1,000,000,000",Coal,Energy,Indonesia
7779,12024,Hong Feng,"$1,000,000,000",Smartphones,Technology,China
7780,12024,Hong Seok-joh,"$1,000,000,000",Convenience stores,Fashion & Retail,South Korea
7781,12024,Hu Gengxi,"$1,000,000,000",Bio-Pharma,Healthcare,China
7782,12024,Danilo Iervolino,"$1,000,000,000",Online universities,Technology,Italy
7783,12024,Hedda im Brahm-Droege,"$1,000,000,000",Investments,Finance & Investments,Germany
7784,12024,Inder Jaisinghani,"$1,000,000,000",Cables & wires,Manufacturing,India
7786,12024,Johan Johannson,"$1,000,000,000",Grocery stores,Fashion & Retail,Norway
7787,12024,Morris Kahn,"$1,000,000,000",Software,Technology,Israel
7788,12024,Ashok Kajaria,"$1,000,000,000",Tiles,Manufacturing,India
7789,12024,Marcelo Kalim,"$1,000,000,000",Banking,Finance & Investments,Brazil
7790,12024,Ken Kendrick,"$1,000,000,000","Banking, sports team",Sports,United States
7791,12024,Brad Keywell,"$1,000,000,000","Software, investments",Technology,United States
7792,12024,Muhammed Aziz Khan,"$1,000,000,000",Power,Energy,Bangladesh
7793,12024,Kim Jung-woong,"$1,000,000,000",Cosmetics,Fashion & Retail,South Korea
7794,12024,Ihor Kolomoyskyy,"$1,000,000,000","Banking, investments",Diversified,Israel
7795,12024,Kong Jian Min,"$1,000,000,000",Real estate,Real Estate,China
7796,12024,Koo Bon-neung,"$1,000,000,000",Electronics,Manufacturing,South Korea
7797,12024,Michael Kum,"$1,000,000,000",Hotels,Real Estate,Singapore
7798,12024,Richard Kurtz,"$1,000,000,000",Real estate,Real Estate,United States
7799,12024,Lev Kvetnoi,"$1,000,000,000",Cement,Finance & Investments,Russia
7800,12024,Michiel Le Roux,"$1,000,000,000",Banking,Finance & Investments,South Africa
7801,12024,Li Wanqiang,"$1,000,000,000",Smartphones,Technology,China
7802,12024,Liu Baolin,"$1,000,000,000",Pharmacies,Fashion & Retail,China
7803,12024,Loo Choon Yong,"$1,000,000,000",Healthcare,Healthcare,Singapore
7804,12024,Lu Yonghua,"$1,000,000,000",Electronics,Technology,China
7805,12024,Ma Xiuhui,"$1,000,000,000",LED lighting,Manufacturing,China
7806,12024,Apoorva Mehta,"$1,000,000,000",Grocery delivery service,Technology,Canada
7807,12024,Gabriella Meister,"$1,000,000,000",Appliances,Manufacturing,Germany
7808,12024,Ulrike Meister,"$1,000,000,000",Appliances,Manufacturing,Germany
7809,12024,Andrei Molchanov,"$1,000,000,000",Construction materials,Construction & Engineering,Russia
7810,12024,Fulvio Montipò,"$1,000,000,000",Hydraulic pumps,Manufacturing,Italy
7811,12024,Stanley Motta,"$1,000,000,000",Finance,Finance & Investments,Panama
7812,12024,Tyler Perry,"$1,000,000,000","Movies, television",Media & Entertainment,United States
7813,12024,Réal Plourde,"$1,000,000,000",Convenience stores,Fashion & Retail,Canada
7814,12024,Vera Rechulski Santo Domingo,"$1,000,000,000",Beer,Food & Beverage,Brazil
7815,12024,George Sakellaris,"$1,000,000,000",Energy services,Energy,United States
7816,12024,Eddy Kusnadi Sariaatmadja,"$1,000,000,000","Media, tech",Media & Entertainment,Indonesia
7817,12024,Neerja Sethi,"$1,000,000,000","IT consulting, outsourcing",Technology,United States
7818,12024,Scott Smith,"$1,000,000,000",Cloud computing,Technology,United States
7819,12024,Petter Stordalen,"$1,000,000,000",Hotels,Service,Norway
7820,12024,Ivan Streshinsky,"$1,000,000,000","Metals, telecom",Diversified,Russia
7821,12024,Sergei Sudarikov,"$1,000,000,000","Finance, development",Finance & Investments,Russia
7822,12024,Wijono Tanoko,"$1,000,000,000",Paints,Manufacturing,Indonesia
7823,12024,Haryanto Tjiptodihardjo,"$1,000,000,000",Manufacturing,Manufacturing,Indonesia
7824,12024,David Tran,"$1,000,000,000",Hot sauce,Food & Beverage,United States
7825,12024,Kenzo Tsujimoto,"$1,000,000,000",Video games,Media & Entertainment,Japan
7826,12024,Murat Vargi,"$1,000,000,000",Telecom,Telecom,Turkey
7827,12024,Shigefumi Wada,"$1,000,000,000",Software,Technology,Japan
7828,12024,Wan Feng,"$1,000,000,000",Medical equipment,Healthcare,China
7829,12024,Wang Jianfeng,"$1,000,000,000",Auto parts,Automotive,China
7830,12024,Masaru Wasami,"$1,000,000,000",Logistics,Logistics,Japan
7831,12024,V. Prem Watsa,"$1,000,000,000","Insurance, investments",Finance & Investments,Canada
7832,12024,Wen Pengcheng,"$1,000,000,000",Agribusiness,Food & Beverage,China
7834,12024,Franziska Wuerbser,"$1,000,000,000",Kitchen appliances,Manufacturing,Germany
7835,12024,Xie Bingzheng,"$1,000,000,000",Apparel,Fashion & Retail,China
7836,12024,Xu Gang,"$1,000,000,000",Chemicals,Manufacturing,China
7837,12024,Yan Junxu,"$1,000,000,000",Manufacturing,Manufacturing,China
7838,12024,Yi Xianzhong,"$1,000,000,000",Pharmaceuticals,Healthcare,China
7839,12024,Yu Rong,"$1,000,000,000",Health clinics,Healthcare,China
7840,12024,"Richard Yuengling, Jr.","$1,000,000,000",Beer,Food & Beverage,United States
7841,12024,Zhang Gongyun,"$1,000,000,000",Tyre manufacturing machinery,Manufacturing,China
7842,12024,Zhang Guiping,"$1,000,000,000",Real estate,Real Estate,China
7843,12024,Inigo Zobel,"$1,000,000,000",Diversified,Diversified,Philippines
7844,12024,Albert II,"$1,000,000,000","Royalty, Various enterprises, including Société des bains de mer de Monaco and casinos.","Royalty, Diversified",Monaco
7845,12024,El Chapo Guzman,"$1,000,000,000","drug lord, drug-trafficing",Organized Crime,Mexico
